<?xml version="1.0" encoding="UTF-8"?>
<?xml-stylesheet type="text/xsl" href="HQMFreader.xsl"?>
<QualityMeasureDocument xmlns:xsi="http://www.w3.org/2001/XMLSchema-instance" xmlns="urn:hl7-org:v3">
         
      <!--
         **************************************************************   
         Measure Header Section
         **************************************************************
      --><typeId root="2.16.840.1.113883.1.3" extension="POQM_HD000001"/>
   <id root="73EC4A14-B49B-4793-8469-37A4BA1967D9"/>
   <code code="57024-2" codeSystem="2.16.840.1.113883.6.1" displayName="Health Quality Measure Document"/>
   <title>Oncology Breast Cancer:  Hormonal Therapy for Stage IC-IIIC Estrogen Receptor/Progesterone Receptor (ER/PR) Positive Breast Cancer (NQF 0387)</title>
   <text>Percentage of female patients aged 18 years and older with Stage IC through IIIC, ER or PR positive breast cancer who were prescribed tamoxifen or aromatase inhibitor (AI) during the 12-month reporting period</text>
   <statusCode code="completed"/>
   <setId root="5A6D5F80-37B5-45A2-96A4-8B8FFC3229FF"/>
   <versionNumber value="1"/>
   <author typeCode="AUT">
      <assignedPerson classCode="ASSIGNED">
         <representedOrganization classCode="ORG" determinerCode="INSTANCE">
            <id root="2.16.840.1.113883.3.526"/>
            <name>American Medical Association - Physician Consortium for Performance Improvement</name>
            <contactParty classCode="CON" nullFlavor="UNK"/>
         </representedOrganization>
      </assignedPerson>
   </author>
   <custodian>
      <assignedPerson classCode="ASSIGNED">
         <representedOrganization classCode="ORG" determinerCode="INSTANCE">
            <id root="2.16.840.1.113883.3.526"/>
            <name>American Medical Association - Physician Consortium for Performance Improvement</name>
            <contactParty classCode="CON" nullFlavor="UNK"/>
         </representedOrganization>
      </assignedPerson>
   </custodian>
   <verifier typeCode="VRF">
      <assignedPerson classCode="ASSIGNED">
         <representedOrganization classCode="ORG" determinerCode="INSTANCE">
            <id root="2.16.840.1.113883.3.560"/>
            <name>National Quality Forum</name>
            <contactParty classCode="CON" nullFlavor="UNK"/>
         </representedOrganization>
      </assignedPerson>
   </verifier>
   <subjectOf>
      <measureAttribute>
         <code code="COPY" codeSystem="2.16.840.1.113883.5.4" displayName="Copyright"/>
         <value xsi:type="ED" mediaType="text/plain">© 2010 American Medical Association. All Rights Reserved</value>
      </measureAttribute>
   </subjectOf>
   <subjectOf>
      <measureAttribute>
         <code code="MSRSCORE" codeSystem="2.16.840.1.113883.5.4" displayName="Measure scoring"/>
         <value xsi:type="CD" code="PROPOR" codeSystem="2.16.840.1.113883.5.1063" displayName="Proportion"/>
      </measureAttribute>
   </subjectOf>
   <subjectOf>
      <measureAttribute>
         <code code="MSRTYPE" codeSystem="2.16.840.1.113883.5.4" displayName="Measure type"/>
         <value xsi:type="CD" code="PROCESS" codeSystem="2.16.840.1.113883.5.1063" displayName="Process"/>
      </measureAttribute>
   </subjectOf>
   <subjectOf>
      <measureAttribute>
         <code code="STRAT" codeSystem="2.16.840.1.113883.5.4" displayName="Stratification"/>
         <value xsi:type="ED" mediaType="text/plain">None</value>
      </measureAttribute>
   </subjectOf>
   <subjectOf>
      <measureAttribute>
         <code code="MSRADJ" codeSystem="2.16.840.1.113883.5.4" displayName="Risk Adjustment"/>
         <value xsi:type="ED" mediaType="text/plain">None</value>
      </measureAttribute>
   </subjectOf>
   <subjectOf>
      <measureAttribute>
         <code code="MSRAGG" codeSystem="2.16.840.1.113883.5.4" displayName="Data Aggregation"/>
         <value xsi:type="ED" mediaType="text/plain"/>
      </measureAttribute>
   </subjectOf>
   <subjectOf>
      <measureAttribute>
         <code code="RAT" codeSystem="2.16.840.1.113883.5.4" displayName="Rationale"/>
         <value xsi:type="ED" mediaType="text/plain">Despite evidence suggesting the role of adjuvant endocrine therapy in lowering the risk of tumor recurrence, many female patients who should be receiving this therapy are not. 

This measure assesses whether patients with a certain stage of breast cancer (IC through IIIC) and ER/PR+ are currently receiving the therapy. 

There are allowable medical, patient, and system reasons to document instances in which a woman with stage IC through IIIC, ER/PR+ may not be a candidate for the therapy.</value>
      </measureAttribute>
   </subjectOf>
   <subjectOf>
      <measureAttribute>
         <code code="CRS" codeSystem="2.16.840.1.113883.3.560" displayName="Clinical Recommendation Statement"/>
         <value xsi:type="ED" mediaType="text/plain">Adjuvant therapy for postmenopausal women with hormone receptor–positive breast cancer should include an aromatase inhibitor in order to lower the risk of tumor recurrence. Aromatase inhibitors are appropriate as initial treatment for women with contraindications to tamoxifen. For all other postmenopausal women, treatment options include 5 years of aromatase inhibitors treatment or sequential therapy consisting of tamoxifen (for either 2 to 3 years or 5 years) followed by aromatase inhibitors for 2 to 3, or 5 years (ASCO guidelines include narrative rankings) (ASCO). 

Patients intolerant of aromatase inhibitors should receive tamoxifen. Women with hormone receptor–negative tumors should not receive adjuvant endocrine therapy (ASCO guidelines include narrative rankings) (ASCO). 

Patients with invasive breast cancers that are estrogen or progesterone receptor positive should be considered for adjuvant endocrine therapy regardless of patient age, lymph node status, or whether or not adjuvant chemotherapy is to be administered (Category 2A) (NCCN). 

The most firmly established adjuvant endocrine therapy is tamoxifen for both premenopausal and postmenopausal women. Prospective, randomized trials demonstrate that the optimal duration of tamoxifen appears to be five years. In patients receiving both tamoxifen and chemotherapy, chemotherapy should be given first, followed by sequential tamoxifen. Several studies have evaluated aromatase inhibitors in the treatment of postmenopausal women with early-stage breast cancer (Category 2A) (NCCN).</value>
      </measureAttribute>
   </subjectOf>
   <subjectOf>
      <measureAttribute>
         <code code="IDUR" codeSystem="2.16.840.1.113883.3.560" displayName="Improvement notation"/>
         <value xsi:type="ED" mediaType="text/plain">Higher score indicates better quality</value>
      </measureAttribute>
   </subjectOf>
   <subjectOf>
      <measureAttribute>
         <templateId root="2.16.840.1.113883.3.560.1.74"/>
         <id root="AAA5AFC6-78CD-410B-B20C-CFBAB3EBA350"/>
         <code code="MSRTP" displayName="Measurement period" codeSystem="2.16.840.1.113883.3.560"/>
         <value xsi:type="EXPR_PQ" value="12" unit="m">
            <expression mediaType="text/plain">measureEndDate - measureStartDate</expression>
         </value>
      </measureAttribute>
   </subjectOf>
   <subjectOf>
      <localVariableName>measureStartDate</localVariableName>
      <measureAttribute>
         <templateId root="2.16.840.1.113883.3.560.1.75"/>
         <id root="02ECAC18-B864-4216-B152-4E5DF2971ADF"/>
         <code code="MSRSD" displayName="Measurement start date" codeSystem="2.16.840.1.113883.3.560"/>
         <value xsi:type="TS" value="00000101"/>
      </measureAttribute>
   </subjectOf>
   <subjectOf>
      <localVariableName>measureEndDate</localVariableName>
      <measureAttribute>
         <templateId root="2.16.840.1.113883.3.560.1.75"/>
         <id root="F139219E-33C6-4F8C-9FAC-165C6591624B"/>
         <code code="MSRED" displayName="Measurement end date" codeSystem="2.16.840.1.113883.3.560"/>
         <value xsi:type="TS" value="00001231"/>
      </measureAttribute>
   </subjectOf>
   <subjectOf>
      <measureAttribute>
         <code code="MSRMD" codeSystem="2.16.840.1.113883.3.560" displayName="Measurement duration"/>
         <value xsi:type="ED" mediaType="text/plain">12 month(s)</value>
      </measureAttribute>
   </subjectOf>
   <subjectOf>
      <measureAttribute>
         <code code="REF" codeSystem="2.16.840.1.113883.5.4" displayName="Reference"/>
         <value xsi:type="ED" mediaType="text/plain">Winer EP, Hudis C, Burstein HJ, et al. American Society of Clinical Oncology technology assessment on the use of aromatase inhibitors as adjuvant therapy for postmenopausal women with hormone receptor-positive breast cancer: status report 2004. J Clin Oncol. 2005 Jan 20;23(3):619-29. Available at: http://www.asco.org.</value>
      </measureAttribute>
   </subjectOf>
   <subjectOf>
      <measureAttribute>
         <code code="REF" codeSystem="2.16.840.1.113883.5.4" displayName="Reference"/>
         <value xsi:type="ED" mediaType="text/plain">National Comprehensive Cancer Network (NCCN). Clinical Practice Guidelines in Oncology: Breast Cancer. Version 1, 2007. Available at: http://www.nccn.org/professionals/physician_gls/PDF/breast.pdf.</value>
      </measureAttribute>
   </subjectOf>
   <subjectOf>
      <measureAttribute>
         <code code="DEF" codeSystem="2.16.840.1.113883.3.560" displayName="Definition"/>
         <value xsi:type="ED" mediaType="text/plain" nullFlavor="NI"/>
      </measureAttribute>
   </subjectOf>
   <subjectOf>
      <measureAttribute>
         <code code="GUIDE" codeSystem="2.16.840.1.113883.5.4" displayName="Guidance"/>
         <value xsi:type="ED" mediaType="text/plain"/>
      </measureAttribute>
   </subjectOf>
   <componentOf>
      <qualityMeasureSet classCode="ACT">
         <id root="B1EB421F-C28C-453C-8DEE-7C6EFE318EB1"/>
         <title>CLINICAL QUALITY MEASURE SET 2011-2012</title>
      </qualityMeasureSet>
   </componentOf>
         
      <!--
         **************************************************************   
         Population Criteria Section
         **************************************************************
      --><component typeCode="COMP">
      <section>
         <code code="57026-7" codeSystem="2.16.840.1.113883.6.1" displayName="Population criteria"/>
         <title>Population criteria</title>
         <text>
            <list>
               <item>
                  <content styleCode="Bold">Initial Patient Population =</content>
                  <list>
                     <item>AND: "Patient characteristic: birth date"  &gt;= 18 year(s) starts before start of "Measurement period"</item>
                     <item>AND: <list>
                           <item>OR: "Diagnosis active: Breast Cancer"</item>
                           <item>OR: "Diagnosis inactive: Breast Cancer History"</item>
                           <item> starts before or during  ("Encounter: Encounter Office Visit" during "Measurement period")</item>
                        </list>
                     </item>
                     <item>AND:  &gt;= 2 count(s) of<list>
                           <item>AND: "Encounter: Encounter Office Visit" during "Measurement period"</item>
                        </list>
                     </item>
                  </list>
               </item>
               <item>
                  <content styleCode="Bold">Denominator =</content>
                  <list>
                     <item>AND: "Initial Patient Population"</item>
                     <item>AND: <list>
                           <item>AND: "Patient characteristic: Gender Female (value: '10174')"</item>
                           <item> starts before or during  ("Encounter: Encounter Office Visit" during "Measurement period")</item>
                        </list>
                     </item>
                     <item>AND: <list>
                           <item>AND: "Procedure result: Breast Cancer Stage IC-IIIC"</item>
                           <item>AND: "Procedure result: Breast Cancer ER or PR Positive"</item>
                           <item> starts before or during  ("Encounter: Encounter Office Visit" during "Measurement period")</item>
                        </list>
                     </item>
                  </list>
               </item>
               <item>
                  <content styleCode="Bold">Numerator =</content>
                  <list>
                     <item>AND: <list>
                           <item>OR: "Medication ordered: Tamoxifen or Aromatase Inhibitor Therapy"</item>
                           <item>OR: "Medication active: Tamoxifen or Aromatase Inhibitor Therapy"</item>
                           <item> during "Measurement period"</item>
                        </list>
                     </item>
                  </list>
               </item>
               <item>
                  <content styleCode="Bold">Exclusions =</content>
                  <list>
                     <item>OR: <list>
                           <item>OR: <list>
                                 <item>OR: "Medication ordered not done: System reason" for "Tamoxifen or Aromatase Inhibitor Therapy RxNorm Code List"</item>
                                 <item>OR: "Medication ordered not done: Patient reason" for "Tamoxifen or Aromatase Inhibitor Therapy RxNorm Code List"</item>
                                 <item>OR: "Medication ordered not done: Medical reason" for "Tamoxifen or Aromatase Inhibitor Therapy RxNorm Code List"</item>
                              </list>
                           </item>
                           <item>OR: <list>
                                 <item>OR: "Medication active not done: System reason" for "Tamoxifen or Aromatase Inhibitor Therapy RxNorm Code List"</item>
                                 <item>OR: "Medication active not done: Patient reason" for "Tamoxifen or Aromatase Inhibitor Therapy RxNorm Code List"</item>
                                 <item>OR: "Medication active not done: Medical reason" for "Tamoxifen or Aromatase Inhibitor Therapy RxNorm Code List"</item>
                              </list>
                           </item>
                           <item> during "Measurement period"</item>
                        </list>
                     </item>
                     <item>OR: <list>
                           <item>OR: "Medication intolerance: Tamoxifen or Aromatase Inhibitor Therapy"</item>
                           <item>OR: "Medication adverse effects: Tamoxifen or Aromatase Inhibitor Therapy"</item>
                           <item>OR: "Medication allergy: Tamoxifen or Aromatase Inhibitor Therapy"</item>
                           <item>OR: "Medication active: Gonadotropin-releasing hormone analogue medication"</item>
                           <item>OR: "Procedure performed: Bilateral Oophorectomy"</item>
                           <item>OR: "Procedure performed: Radiation Therapy"</item>
                           <item>OR: "Procedure performed: Chemotherapy"</item>
                           <item>OR: "Diagnosis active: Metastatic Sites Common to Breast Cancer"</item>
                           <item> starts before or during  ("Encounter: Encounter Office Visit" during "Measurement period")</item>
                        </list>
                     </item>
                  </list>
               </item>
            </list>
         </text><!--
            **************************************************************   
            Population Criteria Section: exceptions 
            **************************************************************
      -->
         <entry typeCode="DRIV">
            <observation classCode="OBS" moodCode="EVN.CRT" isCriterionInd="true">
               <id root="13B1DE9A-44EF-450D-A91E-17513A2B1767"/>
               <code code="ASSERTION" codeSystem="2.16.840.1.113883.5.4"/>
               <value xsi:type="CD" code="DENEXCEP" codeSystem="2.16.840.1.113883.5.1063" codeSystemName="HL7 Observation Value" displayName="Denominator Exception"/><!--  top and/or -->
               <sourceOf typeCode="PRCN">
                  <conjunctionCode code="OR"/>
                  <act classCode="ACT" moodCode="EVN" isCriterionInd="true">
                     <sourceOf typeCode="PRCN">
                        <conjunctionCode code="OR"/>
                        <act classCode="ACT" moodCode="EVN" isCriterionInd="true">
                           <sourceOf typeCode="PRCN">
                              <conjunctionCode code="OR"/>
                              <act classCode="ACT" moodCode="EVN" isCriterionInd="true" actionNegationInd="true"><!-- medication ordered pattern -->
                                 <templateId root="2.16.840.1.113883.3.560.1.78"/>
                                 <id root="3D88F530-A31D-4085-8FCE-DF254CE09AFF"/>
                                 <code code="10160-0" displayName="Medications" codeSystem="2.16.840.1.113883.6.1"/>
                                 <sourceOf typeCode="COMP">
                                    <substanceAdministration classCode="SBADM" moodCode="RQO" isCriterionInd="true">
                                       <title>Medication ordered not done: System reason</title>
                                       <participant typeCode="CSM">
                                          <roleParticipant classCode="MANU">
                                             <playingMaterial classCode="MMAT" determinerCode="KIND">
                                                <code code="2.16.840.1.113883.3.526.02.285" displayName="Tamoxifen or Aromatase Inhibitor Therapy RxNorm Code List"/>
                                             </playingMaterial>
                                          </roleParticipant>
                                       </participant>
                                       <sourceOf typeCode="RSON">
                                          <observation classCode="OBS" moodCode="EVN" isCriterionInd="true">
                                             <code code="ASSERTION" codeSystem="2.16.840.1.113883.5.4"/>
                                             <value xsi:type="CD" code="2.16.840.1.113883.3.526.02.310" displayName="Tamoxifen or Aromatase Inhibitor Therapy RxNorm Code List"/>
                                          </observation>
                                       </sourceOf>
                                    </substanceAdministration>
                                 </sourceOf>
                              </act>
                           </sourceOf>
                           <sourceOf typeCode="PRCN">
                              <conjunctionCode code="OR"/>
                              <act classCode="ACT" moodCode="EVN" isCriterionInd="true" actionNegationInd="true"><!-- medication ordered pattern -->
                                 <templateId root="2.16.840.1.113883.3.560.1.78"/>
                                 <id root="3D88F530-A31D-4085-8FCE-DF254CE09AFF"/>
                                 <code code="10160-0" displayName="Medications" codeSystem="2.16.840.1.113883.6.1"/>
                                 <sourceOf typeCode="COMP">
                                    <substanceAdministration classCode="SBADM" moodCode="RQO" isCriterionInd="true">
                                       <title>Medication ordered not done: Patient reason</title>
                                       <participant typeCode="CSM">
                                          <roleParticipant classCode="MANU">
                                             <playingMaterial classCode="MMAT" determinerCode="KIND">
                                                <code code="2.16.840.1.113883.3.526.02.285" displayName="Tamoxifen or Aromatase Inhibitor Therapy RxNorm Code List"/>
                                             </playingMaterial>
                                          </roleParticipant>
                                       </participant>
                                       <sourceOf typeCode="RSON">
                                          <observation classCode="OBS" moodCode="EVN" isCriterionInd="true">
                                             <code code="ASSERTION" codeSystem="2.16.840.1.113883.5.4"/>
                                             <value xsi:type="CD" code="2.16.840.1.113883.3.526.02.311" displayName="Tamoxifen or Aromatase Inhibitor Therapy RxNorm Code List"/>
                                          </observation>
                                       </sourceOf>
                                    </substanceAdministration>
                                 </sourceOf>
                              </act>
                           </sourceOf>
                           <sourceOf typeCode="PRCN">
                              <conjunctionCode code="OR"/>
                              <act classCode="ACT" moodCode="EVN" isCriterionInd="true" actionNegationInd="true"><!-- medication ordered pattern -->
                                 <templateId root="2.16.840.1.113883.3.560.1.78"/>
                                 <id root="3D88F530-A31D-4085-8FCE-DF254CE09AFF"/>
                                 <code code="10160-0" displayName="Medications" codeSystem="2.16.840.1.113883.6.1"/>
                                 <sourceOf typeCode="COMP">
                                    <substanceAdministration classCode="SBADM" moodCode="RQO" isCriterionInd="true">
                                       <title>Medication ordered not done: Medical reason</title>
                                       <participant typeCode="CSM">
                                          <roleParticipant classCode="MANU">
                                             <playingMaterial classCode="MMAT" determinerCode="KIND">
                                                <code code="2.16.840.1.113883.3.526.02.285" displayName="Tamoxifen or Aromatase Inhibitor Therapy RxNorm Code List"/>
                                             </playingMaterial>
                                          </roleParticipant>
                                       </participant>
                                       <sourceOf typeCode="RSON">
                                          <observation classCode="OBS" moodCode="EVN" isCriterionInd="true">
                                             <code code="ASSERTION" codeSystem="2.16.840.1.113883.5.4"/>
                                             <value xsi:type="CD" code="2.16.840.1.113883.3.526.02.313" displayName="Tamoxifen or Aromatase Inhibitor Therapy RxNorm Code List"/>
                                          </observation>
                                       </sourceOf>
                                    </substanceAdministration>
                                 </sourceOf>
                              </act>
                           </sourceOf>
                        </act>
                     </sourceOf>
                     <sourceOf typeCode="PRCN">
                        <conjunctionCode code="OR"/>
                        <act classCode="ACT" moodCode="EVN" isCriterionInd="true">
                           <sourceOf typeCode="PRCN">
                              <conjunctionCode code="OR"/>
                              <act classCode="ACT" moodCode="EVN" isCriterionInd="true" actionNegationInd="true"><!-- medication active pattern -->
                                 <templateId root="2.16.840.1.113883.3.560.1.113"/>
                                 <id root="F9FA5A28-5A33-4776-80F8-7428948F3707"/>
                                 <code code="10160-0" displayName="Medications" codeSystem="2.16.840.1.113883.6.1"/>
                                 <sourceOf typeCode="COMP">
                                    <substanceAdministration classCode="SBADM" moodCode="EVN" isCriterionInd="true">
                                       <title>Medication active not done: System reason</title>
                                       <participant typeCode="CSM">
                                          <roleParticipant classCode="MANU">
                                             <playingMaterial classCode="MMAT" determinerCode="KIND">
                                                <code code="2.16.840.1.113883.3.526.02.285" displayName="Tamoxifen or Aromatase Inhibitor Therapy RxNorm Code List"/>
                                             </playingMaterial>
                                          </roleParticipant>
                                       </participant>
                                       <sourceOf typeCode="REFR">
                                          <observation classCode="OBS" moodCode="EVN" isCriterionInd="true">
                                             <code code="33999-4" displayName="Status" codeSystem="2.16.840.1.113883.6.1"/>
                                             <value xsi:type="CD" code="55561003" displayName="Active" codeSystem="2.16.840.1.113883.6.96"/>
                                          </observation>
                                       </sourceOf>
                                       <sourceOf typeCode="RSON">
                                          <observation classCode="OBS" moodCode="EVN" isCriterionInd="true">
                                             <code code="ASSERTION" codeSystem="2.16.840.1.113883.5.4"/>
                                             <value xsi:type="CD" code="2.16.840.1.113883.3.526.02.310" displayName="Tamoxifen or Aromatase Inhibitor Therapy RxNorm Code List"/>
                                          </observation>
                                       </sourceOf>
                                    </substanceAdministration>
                                 </sourceOf>
                              </act>
                           </sourceOf>
                           <sourceOf typeCode="PRCN">
                              <conjunctionCode code="OR"/>
                              <act classCode="ACT" moodCode="EVN" isCriterionInd="true" actionNegationInd="true"><!-- medication active pattern -->
                                 <templateId root="2.16.840.1.113883.3.560.1.113"/>
                                 <id root="F9FA5A28-5A33-4776-80F8-7428948F3707"/>
                                 <code code="10160-0" displayName="Medications" codeSystem="2.16.840.1.113883.6.1"/>
                                 <sourceOf typeCode="COMP">
                                    <substanceAdministration classCode="SBADM" moodCode="EVN" isCriterionInd="true">
                                       <title>Medication active not done: Patient reason</title>
                                       <participant typeCode="CSM">
                                          <roleParticipant classCode="MANU">
                                             <playingMaterial classCode="MMAT" determinerCode="KIND">
                                                <code code="2.16.840.1.113883.3.526.02.285" displayName="Tamoxifen or Aromatase Inhibitor Therapy RxNorm Code List"/>
                                             </playingMaterial>
                                          </roleParticipant>
                                       </participant>
                                       <sourceOf typeCode="REFR">
                                          <observation classCode="OBS" moodCode="EVN" isCriterionInd="true">
                                             <code code="33999-4" displayName="Status" codeSystem="2.16.840.1.113883.6.1"/>
                                             <value xsi:type="CD" code="55561003" displayName="Active" codeSystem="2.16.840.1.113883.6.96"/>
                                          </observation>
                                       </sourceOf>
                                       <sourceOf typeCode="RSON">
                                          <observation classCode="OBS" moodCode="EVN" isCriterionInd="true">
                                             <code code="ASSERTION" codeSystem="2.16.840.1.113883.5.4"/>
                                             <value xsi:type="CD" code="2.16.840.1.113883.3.526.02.311" displayName="Tamoxifen or Aromatase Inhibitor Therapy RxNorm Code List"/>
                                          </observation>
                                       </sourceOf>
                                    </substanceAdministration>
                                 </sourceOf>
                              </act>
                           </sourceOf>
                           <sourceOf typeCode="PRCN">
                              <conjunctionCode code="OR"/>
                              <act classCode="ACT" moodCode="EVN" isCriterionInd="true" actionNegationInd="true"><!-- medication active pattern -->
                                 <templateId root="2.16.840.1.113883.3.560.1.113"/>
                                 <id root="F9FA5A28-5A33-4776-80F8-7428948F3707"/>
                                 <code code="10160-0" displayName="Medications" codeSystem="2.16.840.1.113883.6.1"/>
                                 <sourceOf typeCode="COMP">
                                    <substanceAdministration classCode="SBADM" moodCode="EVN" isCriterionInd="true">
                                       <title>Medication active not done: Medical reason</title>
                                       <participant typeCode="CSM">
                                          <roleParticipant classCode="MANU">
                                             <playingMaterial classCode="MMAT" determinerCode="KIND">
                                                <code code="2.16.840.1.113883.3.526.02.285" displayName="Tamoxifen or Aromatase Inhibitor Therapy RxNorm Code List"/>
                                             </playingMaterial>
                                          </roleParticipant>
                                       </participant>
                                       <sourceOf typeCode="REFR">
                                          <observation classCode="OBS" moodCode="EVN" isCriterionInd="true">
                                             <code code="33999-4" displayName="Status" codeSystem="2.16.840.1.113883.6.1"/>
                                             <value xsi:type="CD" code="55561003" displayName="Active" codeSystem="2.16.840.1.113883.6.96"/>
                                          </observation>
                                       </sourceOf>
                                       <sourceOf typeCode="RSON">
                                          <observation classCode="OBS" moodCode="EVN" isCriterionInd="true">
                                             <code code="ASSERTION" codeSystem="2.16.840.1.113883.5.4"/>
                                             <value xsi:type="CD" code="2.16.840.1.113883.3.526.02.313" displayName="Tamoxifen or Aromatase Inhibitor Therapy RxNorm Code List"/>
                                          </observation>
                                       </sourceOf>
                                    </substanceAdministration>
                                 </sourceOf>
                              </act>
                           </sourceOf>
                        </act>
                     </sourceOf>
                     <sourceOf typeCode="DURING">
                        <observation classCode="OBS" moodCode="EVN" isCriterionInd="true">
                           <id root="AAA5AFC6-78CD-410B-B20C-CFBAB3EBA350"/>
                           <title>Measurement period</title>
                        </observation>
                     </sourceOf>
                  </act>
               </sourceOf>
               <sourceOf typeCode="PRCN">
                  <conjunctionCode code="OR"/>
                  <act classCode="ACT" moodCode="EVN" isCriterionInd="true">
                     <sourceOf typeCode="PRCN">
                        <conjunctionCode code="OR"/>
                        <act classCode="ACT" moodCode="EVN" isCriterionInd="true"><!-- medication intolerance pattern -->
                           <templateId root="2.16.840.1.113883.3.560.1.15"/>
                           <id root="BE383FD0-94BF-43E8-B100-E4535B1EB3A5"/>
                           <code code="48765-2" displayName="Allergies, adverse reactions, alerts" codeSystem="2.16.840.1.113883.6.1"/>
                           <sourceOf typeCode="COMP">
                              <observation classCode="OBS" moodCode="EVN" isCriterionInd="true">
                                 <code code="59037007" codeSystem="2.16.840.1.113883.6.96" displayName="Drug intolerance"/>
                                 <title>Medication intolerance: Tamoxifen or Aromatase Inhibitor Therapy</title>
                                 <participant typeCode="CSM">
                                    <roleParticipant classCode="MANU">
                                       <playingMaterial classCode="MMAT" determinerCode="KIND">
                                          <code code="2.16.840.1.113883.3.526.02.285" displayName="Tamoxifen or Aromatase Inhibitor Therapy RxNorm Code List"/>
                                       </playingMaterial>
                                    </roleParticipant>
                                 </participant>
                              </observation>
                           </sourceOf>
                        </act>
                     </sourceOf>
                     <sourceOf typeCode="PRCN">
                        <conjunctionCode code="OR"/>
                        <act classCode="ACT" moodCode="EVN" isCriterionInd="true"><!-- medication adverse effects pattern -->
                           <templateId root="2.16.840.1.113883.3.560.1.7"/>
                           <id root="2C70FEC9-3E16-476D-B1BC-CB6BEC9E051E"/>
                           <code code="48765-2" displayName="Allergies, adverse reactions, alerts" codeSystem="2.16.840.1.113883.6.1"/>
                           <sourceOf typeCode="COMP">
                              <observation classCode="OBS" moodCode="EVN" isCriterionInd="true">
                                 <code code="419511003" codeSystem="2.16.840.1.113883.6.96" displayName="Drug adverse effect"/>
                                 <title>Medication adverse effects: Tamoxifen or Aromatase Inhibitor Therapy</title>
                                 <participant typeCode="CSM">
                                    <roleParticipant classCode="MANU">
                                       <playingMaterial classCode="MMAT" determinerCode="KIND">
                                          <code code="2.16.840.1.113883.3.526.02.285" displayName="Tamoxifen or Aromatase Inhibitor Therapy RxNorm Code List"/>
                                       </playingMaterial>
                                    </roleParticipant>
                                 </participant>
                              </observation>
                           </sourceOf>
                        </act>
                     </sourceOf>
                     <sourceOf typeCode="PRCN">
                        <conjunctionCode code="OR"/>
                        <act classCode="ACT" moodCode="EVN" isCriterionInd="true"><!-- medication allergy pattern -->
                           <templateId root="2.16.840.1.113883.3.560.1.1"/>
                           <id root="24CEAC5C-7E87-4E36-B054-8A13F388D545"/>
                           <code code="48765-2" displayName="Allergies, adverse reactions, alerts" codeSystem="2.16.840.1.113883.6.1"/>
                           <sourceOf typeCode="COMP">
                              <observation classCode="OBS" moodCode="EVN" isCriterionInd="true">
                                 <code code="416098002" codeSystem="2.16.840.1.113883.6.96" displayName="Drug allergy"/>
                                 <title>Medication allergy: Tamoxifen or Aromatase Inhibitor Therapy</title>
                                 <participant typeCode="CSM">
                                    <roleParticipant classCode="MANU">
                                       <playingMaterial classCode="MMAT" determinerCode="KIND">
                                          <code code="2.16.840.1.113883.3.526.02.285" displayName="Tamoxifen or Aromatase Inhibitor Therapy RxNorm Code List"/>
                                       </playingMaterial>
                                    </roleParticipant>
                                 </participant>
                              </observation>
                           </sourceOf>
                        </act>
                     </sourceOf>
                     <sourceOf typeCode="PRCN">
                        <conjunctionCode code="OR"/>
                        <act classCode="ACT" moodCode="EVN" isCriterionInd="true"><!-- medication active pattern -->
                           <templateId root="2.16.840.1.113883.3.560.1.13"/>
                           <id root="F73C35DC-34DF-4162-9A8C-6D86430BE765"/>
                           <code code="10160-0" displayName="Medications" codeSystem="2.16.840.1.113883.6.1"/>
                           <sourceOf typeCode="COMP">
                              <substanceAdministration classCode="SBADM" moodCode="EVN" isCriterionInd="true">
                                 <title>Medication active: Gonadotropin-releasing hormone analogue medication</title>
                                 <participant typeCode="CSM">
                                    <roleParticipant classCode="MANU">
                                       <playingMaterial classCode="MMAT" determinerCode="KIND">
                                          <code code="2.16.840.1.113883.3.526.02.467" displayName="Gonadotropin-releasing hormone analogue medication  Code List"/>
                                       </playingMaterial>
                                    </roleParticipant>
                                 </participant>
                                 <sourceOf typeCode="REFR">
                                    <observation classCode="OBS" moodCode="EVN" isCriterionInd="true">
                                       <code code="33999-4" displayName="Status" codeSystem="2.16.840.1.113883.6.1"/>
                                       <value xsi:type="CD" code="55561003" displayName="Active" codeSystem="2.16.840.1.113883.6.96"/>
                                    </observation>
                                 </sourceOf>
                              </substanceAdministration>
                           </sourceOf>
                        </act>
                     </sourceOf>
                     <sourceOf typeCode="PRCN">
                        <conjunctionCode code="OR"/>
                        <act classCode="ACT" moodCode="EVN" isCriterionInd="true"><!-- procedure performed pattern -->
                           <templateId root="2.16.840.1.113883.3.560.1.6"/>
                           <id root="724F72B8-DAC4-4AE5-86F4-E8C25C671D61"/>
                           <code code="47519-4" displayName="Procedures" codeSystem="2.16.840.1.113883.6.1"/>
                           <sourceOf typeCode="COMP">
                              <procedure classCode="PROC" moodCode="EVN" isCriterionInd="true">
                                 <code code="2.16.840.1.113883.3.526.03.471" displayName="Bilateral Oophorectomy Code List GROUPING"/>
                                 <title>Procedure performed: Bilateral Oophorectomy</title>
                              </procedure>
                           </sourceOf>
                        </act>
                     </sourceOf>
                     <sourceOf typeCode="PRCN">
                        <conjunctionCode code="OR"/>
                        <act classCode="ACT" moodCode="EVN" isCriterionInd="true"><!-- procedure performed pattern -->
                           <templateId root="2.16.840.1.113883.3.560.1.6"/>
                           <id root="D585AAC0-DABF-4EE5-B0E8-F0157A81C8E9"/>
                           <code code="47519-4" displayName="Procedures" codeSystem="2.16.840.1.113883.6.1"/>
                           <sourceOf typeCode="COMP">
                              <procedure classCode="PROC" moodCode="EVN" isCriterionInd="true">
                                 <code code="2.16.840.1.113883.3.526.03.482" displayName="Radiation Therapy Code List GROUPING"/>
                                 <title>Procedure performed: Radiation Therapy</title>
                              </procedure>
                           </sourceOf>
                        </act>
                     </sourceOf>
                     <sourceOf typeCode="PRCN">
                        <conjunctionCode code="OR"/>
                        <act classCode="ACT" moodCode="EVN" isCriterionInd="true"><!-- procedure performed pattern -->
                           <templateId root="2.16.840.1.113883.3.560.1.6"/>
                           <id root="34B9D553-A819-4BEC-80B6-2E3FC5C6978C"/>
                           <code code="47519-4" displayName="Procedures" codeSystem="2.16.840.1.113883.6.1"/>
                           <sourceOf typeCode="COMP">
                              <procedure classCode="PROC" moodCode="EVN" isCriterionInd="true">
                                 <code code="2.16.840.1.113883.3.526.03.485" displayName="Chemotherapy Code List GROUPING"/>
                                 <title>Procedure performed: Chemotherapy</title>
                              </procedure>
                           </sourceOf>
                        </act>
                     </sourceOf>
                     <sourceOf typeCode="PRCN">
                        <conjunctionCode code="OR"/>
                        <act classCode="ACT" moodCode="EVN" isCriterionInd="true"><!-- diagnosis active pattern -->
                           <templateId root="2.16.840.1.113883.3.560.1.2"/>
                           <id root="AFC9F700-A0EA-440F-9257-C12E9393876F"/>
                           <code code="11450-4" displayName="Problem" codeSystem="2.16.840.1.113883.6.1"/>
                           <sourceOf typeCode="COMP">
                              <observation classCode="OBS" moodCode="EVN" isCriterionInd="true">
                                 <code code="55607006" codeSystem="2.16.840.1.113883.6.96" displayName="Problem"/>
                                 <title>Diagnosis active: Metastatic Sites Common to Breast Cancer</title>
                                 <value xsi:type="CD" code="2.16.840.1.113883.3.526.03.447" displayName="Metastatic Sites Common to Breast Cancer Code List GROUPING"/>
                                 <sourceOf typeCode="REFR">
                                    <observation classCode="OBS" moodCode="EVN" isCriterionInd="true">
                                       <code code="33999-4" codeSystem="2.16.840.1.113883.6.1" displayName="Status"/>
                                       <value xsi:type="CD" code="55561003" displayName="active" codeSystem="2.16.840.1.113883.6.96"/>
                                    </observation>
                                 </sourceOf>
                              </observation>
                           </sourceOf>
                        </act>
                     </sourceOf>
                     <sourceOf typeCode="EAS" inversionInd="true">
                        <act classCode="ACT" moodCode="EVN" isCriterionInd="true"><!-- encounter pattern -->
                           <templateId root="2.16.840.1.113883.3.560.1.4"/>
                           <id root="1713CE74-0CDA-4224-81E4-75D98F637F13"/>
                           <code code="46240-8" displayName="Encounter list" codeSystem="2.16.840.1.113883.6.1"/>
                           <sourceOf typeCode="COMP">
                              <encounter classCode="ENC" moodCode="EVN" isCriterionInd="true">
                                 <code code="2.16.840.1.113883.3.526.02.114" displayName="Encounter Office Visit CPT Code List"/>
                                 <title>Encounter: Encounter Office Visit</title>
                                 <sourceOf typeCode="DURING">
                                    <observation classCode="OBS" moodCode="EVN">
                                       <id root="AAA5AFC6-78CD-410B-B20C-CFBAB3EBA350"/>
                                       <title>Measurement period</title>
                                    </observation>
                                 </sourceOf>
                              </encounter>
                           </sourceOf>
                        </act>
                     </sourceOf>
                  </act>
               </sourceOf>
            </observation>
         </entry><!--
            **************************************************************   
            Population Criteria Section: numerator 
            **************************************************************
      -->
         <entry typeCode="DRIV">
            <observation classCode="OBS" moodCode="EVN.CRT" isCriterionInd="true">
               <id root="566F88A7-B93B-4B10-8EC9-83695DE6F5EB"/>
               <code code="ASSERTION" codeSystem="2.16.840.1.113883.5.4"/>
               <value xsi:type="CD" code="NUMER" codeSystem="2.16.840.1.113883.5.1063" codeSystemName="HL7 Observation Value" displayName="Numerator"/><!--  top and/or -->
               <sourceOf typeCode="PRCN">
                  <conjunctionCode code="AND"/>
                  <act classCode="ACT" moodCode="EVN" isCriterionInd="true">
                     <sourceOf typeCode="PRCN">
                        <conjunctionCode code="OR"/>
                        <act classCode="ACT" moodCode="EVN" isCriterionInd="true"><!-- medication ordered pattern -->
                           <templateId root="2.16.840.1.113883.3.560.1.17"/>
                           <id root="3D88F530-A31D-4085-8FCE-DF254CE09AFF"/>
                           <code code="10160-0" displayName="Medications" codeSystem="2.16.840.1.113883.6.1"/>
                           <sourceOf typeCode="COMP">
                              <substanceAdministration classCode="SBADM" moodCode="RQO" isCriterionInd="true">
                                 <title>Medication ordered: Tamoxifen or Aromatase Inhibitor Therapy</title>
                                 <participant typeCode="CSM">
                                    <roleParticipant classCode="MANU">
                                       <playingMaterial classCode="MMAT" determinerCode="KIND">
                                          <code code="2.16.840.1.113883.3.526.02.285" displayName="Tamoxifen or Aromatase Inhibitor Therapy RxNorm Code List"/>
                                       </playingMaterial>
                                    </roleParticipant>
                                 </participant>
                              </substanceAdministration>
                           </sourceOf>
                        </act>
                     </sourceOf>
                     <sourceOf typeCode="PRCN">
                        <conjunctionCode code="OR"/>
                        <act classCode="ACT" moodCode="EVN" isCriterionInd="true"><!-- medication active pattern -->
                           <templateId root="2.16.840.1.113883.3.560.1.13"/>
                           <id root="F9FA5A28-5A33-4776-80F8-7428948F3707"/>
                           <code code="10160-0" displayName="Medications" codeSystem="2.16.840.1.113883.6.1"/>
                           <sourceOf typeCode="COMP">
                              <substanceAdministration classCode="SBADM" moodCode="EVN" isCriterionInd="true">
                                 <title>Medication active: Tamoxifen or Aromatase Inhibitor Therapy</title>
                                 <participant typeCode="CSM">
                                    <roleParticipant classCode="MANU">
                                       <playingMaterial classCode="MMAT" determinerCode="KIND">
                                          <code code="2.16.840.1.113883.3.526.02.285" displayName="Tamoxifen or Aromatase Inhibitor Therapy RxNorm Code List"/>
                                       </playingMaterial>
                                    </roleParticipant>
                                 </participant>
                                 <sourceOf typeCode="REFR">
                                    <observation classCode="OBS" moodCode="EVN" isCriterionInd="true">
                                       <code code="33999-4" displayName="Status" codeSystem="2.16.840.1.113883.6.1"/>
                                       <value xsi:type="CD" code="55561003" displayName="Active" codeSystem="2.16.840.1.113883.6.96"/>
                                    </observation>
                                 </sourceOf>
                              </substanceAdministration>
                           </sourceOf>
                        </act>
                     </sourceOf>
                     <sourceOf typeCode="DURING">
                        <observation classCode="OBS" moodCode="EVN" isCriterionInd="true">
                           <id root="AAA5AFC6-78CD-410B-B20C-CFBAB3EBA350"/>
                           <title>Measurement period</title>
                        </observation>
                     </sourceOf>
                  </act>
               </sourceOf>
            </observation>
         </entry><!--
            **************************************************************   
            Population Criteria Section: denominator 
            **************************************************************
      -->
         <entry typeCode="DRIV">
            <observation classCode="OBS" moodCode="EVN.CRT" isCriterionInd="true">
               <id root="C2466F48-5ACC-4EA5-8A6F-42B2CC798EBE"/>
               <code code="ASSERTION" codeSystem="2.16.840.1.113883.5.4"/>
               <value xsi:type="CD" code="DENOM" codeSystem="2.16.840.1.113883.5.1063" codeSystemName="HL7 Observation Value" displayName="Denominator"/><!--  top and/or -->
               <sourceOf typeCode="PRCN">
                  <conjunctionCode code="AND"/>
                  <observation classCode="OBS" moodCode="EVN" isCriterionInd="true">
                     <id root="B7254935-A095-461C-A17A-FDB609BEF3BE"/>
                     <title>Initial Patient Population</title>
                  </observation>
               </sourceOf>
               <sourceOf typeCode="PRCN">
                  <conjunctionCode code="AND"/>
                  <act classCode="ACT" moodCode="EVN" isCriterionInd="true">
                     <sourceOf typeCode="PRCN">
                        <conjunctionCode code="AND"/>
                        <act classCode="ACT" moodCode="EVN" isCriterionInd="true"><!-- patient characteristic pattern -->
                           <templateId root="2.16.840.1.113883.3.560.1.1001"/>
                           <id root="65E37543-B93B-4B4C-8927-5C652DE7F746"/>
                           <code code="ASSERTION" codeSystem="2.16.840.1.113883.5.4"/>
                           <sourceOf typeCode="COMP">
                              <observation classCode="OBS" moodCode="EVN" isCriterionInd="true">
                                 <code code="ASSERTION" codeSystem="2.16.840.1.113883.5.4"/>
                                 <title>Patient characteristic: Gender Female (value: '10174')</title>
                                 <value xsi:type="CD" code="2.16.840.1.113883.3.526.02.862" displayName="Gender Female HL7 Code List"/>
                              </observation>
                           </sourceOf>
                        </act>
                     </sourceOf>
                     <sourceOf typeCode="EAS" inversionInd="true">
                        <act classCode="ACT" moodCode="EVN" isCriterionInd="true"><!-- encounter pattern -->
                           <templateId root="2.16.840.1.113883.3.560.1.4"/>
                           <id root="1713CE74-0CDA-4224-81E4-75D98F637F13"/>
                           <code code="46240-8" displayName="Encounter list" codeSystem="2.16.840.1.113883.6.1"/>
                           <sourceOf typeCode="COMP">
                              <encounter classCode="ENC" moodCode="EVN" isCriterionInd="true">
                                 <code code="2.16.840.1.113883.3.526.02.114" displayName="Encounter Office Visit CPT Code List"/>
                                 <title>Encounter: Encounter Office Visit</title>
                                 <sourceOf typeCode="DURING">
                                    <observation classCode="OBS" moodCode="EVN">
                                       <id root="AAA5AFC6-78CD-410B-B20C-CFBAB3EBA350"/>
                                       <title>Measurement period</title>
                                    </observation>
                                 </sourceOf>
                              </encounter>
                           </sourceOf>
                        </act>
                     </sourceOf>
                  </act>
               </sourceOf>
               <sourceOf typeCode="PRCN">
                  <conjunctionCode code="AND"/>
                  <act classCode="ACT" moodCode="EVN" isCriterionInd="true">
                     <sourceOf typeCode="PRCN">
                        <conjunctionCode code="AND"/>
                        <act classCode="ACT" moodCode="EVN" isCriterionInd="true"><!-- procedure result pattern -->
                           <templateId root="2.16.840.1.113883.3.560.1.63"/>
                           <id root="31C21CE1-BC7A-4EF1-9D0C-D3BB234FF311"/>
                           <code code="47519-4" displayName="Procedures" codeSystem="2.16.840.1.113883.6.1"/>
                           <sourceOf typeCode="COMP">
                              <procedure classCode="PROC" moodCode="EVN" isCriterionInd="true">
                                 <code code="2.16.840.1.113883.3.526.02.283" displayName="Breast Cancer Stage IC-IIIC SNOMED-CT Code List"/>
                                 <title>Procedure result: Breast Cancer Stage IC-IIIC</title>
                              </procedure>
                           </sourceOf>
                        </act>
                     </sourceOf>
                     <sourceOf typeCode="PRCN">
                        <conjunctionCode code="AND"/>
                        <act classCode="ACT" moodCode="EVN" isCriterionInd="true"><!-- procedure result pattern -->
                           <templateId root="2.16.840.1.113883.3.560.1.63"/>
                           <id root="42AFA8F0-616A-4823-9D2F-6F85D7BEB566"/>
                           <code code="47519-4" displayName="Procedures" codeSystem="2.16.840.1.113883.6.1"/>
                           <sourceOf typeCode="COMP">
                              <procedure classCode="PROC" moodCode="EVN" isCriterionInd="true">
                                 <code code="2.16.840.1.113883.3.526.02.284" displayName="Breast Cancer ER or PR Positive SNOMED-CT Code List"/>
                                 <title>Procedure result: Breast Cancer ER or PR Positive</title>
                              </procedure>
                           </sourceOf>
                        </act>
                     </sourceOf>
                     <sourceOf typeCode="EAS" inversionInd="true">
                        <act classCode="ACT" moodCode="EVN" isCriterionInd="true"><!-- encounter pattern -->
                           <templateId root="2.16.840.1.113883.3.560.1.4"/>
                           <id root="1713CE74-0CDA-4224-81E4-75D98F637F13"/>
                           <code code="46240-8" displayName="Encounter list" codeSystem="2.16.840.1.113883.6.1"/>
                           <sourceOf typeCode="COMP">
                              <encounter classCode="ENC" moodCode="EVN" isCriterionInd="true">
                                 <code code="2.16.840.1.113883.3.526.02.114" displayName="Encounter Office Visit CPT Code List"/>
                                 <title>Encounter: Encounter Office Visit</title>
                                 <sourceOf typeCode="DURING">
                                    <observation classCode="OBS" moodCode="EVN">
                                       <id root="AAA5AFC6-78CD-410B-B20C-CFBAB3EBA350"/>
                                       <title>Measurement period</title>
                                    </observation>
                                 </sourceOf>
                              </encounter>
                           </sourceOf>
                        </act>
                     </sourceOf>
                  </act>
               </sourceOf>
            </observation>
         </entry><!--
            **************************************************************   
            Population Criteria Section: population 
            **************************************************************
      -->
         <entry typeCode="DRIV">
            <observation classCode="OBS" moodCode="EVN.CRT" isCriterionInd="true">
               <id root="B7254935-A095-461C-A17A-FDB609BEF3BE"/>
               <code code="ASSERTION" codeSystem="2.16.840.1.113883.5.4"/>
               <value xsi:type="CD" code="IPP" codeSystem="2.16.840.1.113883.5.1063" codeSystemName="HL7 Observation Value" displayName="Initial Patient Population"/><!--  top and/or -->
               <sourceOf typeCode="PRCN">
                  <conjunctionCode code="AND"/>
                  <act classCode="ACT" moodCode="EVN" isCriterionInd="true"><!-- patient characteristic pattern -->
                     <templateId root="2.16.840.1.113883.3.560.1.25"/>
                     <id root="286B4E8E-9A5F-4A06-9D53-65F7D5106271"/>
                     <code code="45970-1" displayName="Demographics" codeSystem="2.16.840.1.113883.6.1"/>
                     <sourceOf typeCode="COMP">
                        <observation classCode="OBS" moodCode="EVN" isCriterionInd="true">
                           <code code="2.16.840.1.113883.3.526.02.8" displayName="birth date HL7 Code List"/>
                           <title>Patient characteristic: birth date</title>
                           <sourceOf typeCode="SBS">
                              <pauseQuantity xsi:type="IVL_PQ">
                                 <low value="18" unit="a" inclusive="true"/>
                              </pauseQuantity>
                              <observation classCode="OBS" moodCode="EVN">
                                 <id root="AAA5AFC6-78CD-410B-B20C-CFBAB3EBA350"/>
                                 <title>Measurement period</title>
                              </observation>
                           </sourceOf>
                        </observation>
                     </sourceOf>
                  </act>
               </sourceOf>
               <sourceOf typeCode="PRCN">
                  <conjunctionCode code="AND"/>
                  <act classCode="ACT" moodCode="EVN" isCriterionInd="true">
                     <sourceOf typeCode="PRCN">
                        <conjunctionCode code="OR"/>
                        <act classCode="ACT" moodCode="EVN" isCriterionInd="true"><!-- diagnosis active pattern -->
                           <templateId root="2.16.840.1.113883.3.560.1.2"/>
                           <id root="82B2E374-378E-4818-87E2-16ADA22C3734"/>
                           <code code="11450-4" displayName="Problem" codeSystem="2.16.840.1.113883.6.1"/>
                           <sourceOf typeCode="COMP">
                              <observation classCode="OBS" moodCode="EVN" isCriterionInd="true">
                                 <code code="55607006" codeSystem="2.16.840.1.113883.6.96" displayName="Problem"/>
                                 <title>Diagnosis active: Breast Cancer</title>
                                 <value xsi:type="CD" code="2.16.840.1.113883.3.526.03.389" displayName="Breast Cancer Code List GROUPING"/>
                                 <sourceOf typeCode="REFR">
                                    <observation classCode="OBS" moodCode="EVN" isCriterionInd="true">
                                       <code code="33999-4" codeSystem="2.16.840.1.113883.6.1" displayName="Status"/>
                                       <value xsi:type="CD" code="55561003" displayName="active" codeSystem="2.16.840.1.113883.6.96"/>
                                    </observation>
                                 </sourceOf>
                              </observation>
                           </sourceOf>
                        </act>
                     </sourceOf>
                     <sourceOf typeCode="PRCN">
                        <conjunctionCode code="OR"/>
                        <act classCode="ACT" moodCode="EVN" isCriterionInd="true"><!-- diagnosis inactive pattern -->
                           <templateId root="2.16.840.1.113883.3.560.1.23"/>
                           <id root="648B2D81-94B2-433B-80F4-450E149C83B1"/>
                           <code code="11450-4" displayName="Problem" codeSystem="2.16.840.1.113883.6.1"/>
                           <sourceOf typeCode="COMP">
                              <observation classCode="OBS" moodCode="EVN" isCriterionInd="true">
                                 <code code="55607006" codeSystem="2.16.840.1.113883.6.96" displayName="Problem"/>
                                 <title>Diagnosis inactive: Breast Cancer History</title>
                                 <value xsi:type="CD" code="2.16.840.1.113883.3.526.03.390" displayName="Breast Cancer History Code List GROUPING"/>
                                 <sourceOf typeCode="REFR">
                                    <observation classCode="OBS" moodCode="EVN" isCriterionInd="true">
                                       <code code="33999-4" codeSystem="2.16.840.1.113883.6.1" displayName="Status"/>
                                       <value xsi:type="CD" code="73425007" displayName="inactive" codeSystem="2.16.840.1.113883.6.96"/>
                                    </observation>
                                 </sourceOf>
                              </observation>
                           </sourceOf>
                        </act>
                     </sourceOf>
                     <sourceOf typeCode="EAS" inversionInd="true">
                        <act classCode="ACT" moodCode="EVN" isCriterionInd="true"><!-- encounter pattern -->
                           <templateId root="2.16.840.1.113883.3.560.1.4"/>
                           <id root="1713CE74-0CDA-4224-81E4-75D98F637F13"/>
                           <code code="46240-8" displayName="Encounter list" codeSystem="2.16.840.1.113883.6.1"/>
                           <sourceOf typeCode="COMP">
                              <encounter classCode="ENC" moodCode="EVN" isCriterionInd="true">
                                 <code code="2.16.840.1.113883.3.526.02.114" displayName="Encounter Office Visit CPT Code List"/>
                                 <title>Encounter: Encounter Office Visit</title>
                                 <sourceOf typeCode="DURING">
                                    <observation classCode="OBS" moodCode="EVN">
                                       <id root="AAA5AFC6-78CD-410B-B20C-CFBAB3EBA350"/>
                                       <title>Measurement period</title>
                                    </observation>
                                 </sourceOf>
                              </encounter>
                           </sourceOf>
                        </act>
                     </sourceOf>
                  </act>
               </sourceOf>
               <sourceOf typeCode="PRCN">
                  <conjunctionCode code="AND"/>
                  <act classCode="ACT" moodCode="EVN" isCriterionInd="true">
                     <repeatNumber>
                        <low value="2" inclusive="true"/>
                     </repeatNumber>
                     <sourceOf typeCode="PRCN">
                        <conjunctionCode code="AND"/>
                        <act classCode="ACT" moodCode="EVN" isCriterionInd="true"><!-- encounter pattern -->
                           <templateId root="2.16.840.1.113883.3.560.1.4"/>
                           <id root="1713CE74-0CDA-4224-81E4-75D98F637F13"/>
                           <code code="46240-8" displayName="Encounter list" codeSystem="2.16.840.1.113883.6.1"/>
                           <sourceOf typeCode="COMP">
                              <encounter classCode="ENC" moodCode="EVN" isCriterionInd="true">
                                 <code code="2.16.840.1.113883.3.526.02.114" displayName="Encounter Office Visit CPT Code List"/>
                                 <title>Encounter: Encounter Office Visit</title>
                                 <sourceOf typeCode="DURING">
                                    <observation classCode="OBS" moodCode="EVN">
                                       <id root="AAA5AFC6-78CD-410B-B20C-CFBAB3EBA350"/>
                                       <title>Measurement period</title>
                                    </observation>
                                 </sourceOf>
                              </encounter>
                           </sourceOf>
                        </act>
                     </sourceOf>
                  </act>
               </sourceOf>
            </observation>
         </entry>
      </section>
   </component>
         
      <!--
         ******************************************   
         Data Criteria Section
         ******************************************
      --><component typeCode="COMP">
      <section>
         <code code="57025-9" codeSystem="2.16.840.1.113883.6.1" displayName="Data criteria (QDS Data Elements)"/>
         <title>Data criteria (QDS Data Elements)</title>
         <text>
            <list>
               <item>
                  <content>"Diagnosis active: Breast Cancer"</content> using "Breast Cancer Code List GROUPING (2.16.840.1.113883.3.526.03.389)"</item>
               <item>
                  <content>"Diagnosis active: Metastatic Sites Common to Breast Cancer"</content> using "Metastatic Sites Common to Breast Cancer Code List GROUPING (2.16.840.1.113883.3.526.03.447)"</item>
               <item>
                  <content>"Diagnosis inactive: Breast Cancer History"</content> using "Breast Cancer History Code List GROUPING (2.16.840.1.113883.3.526.03.390)"</item>
               <item>
                  <content>"Encounter: Encounter Office Visit"</content> using "Encounter Office Visit CPT Code List (2.16.840.1.113883.3.526.02.114)"</item>
               <item>
                  <content>"Medication active: Gonadotropin-releasing hormone analogue medication"</content> using "Gonadotropin-releasing hormone analogue medication Code List (2.16.840.1.113883.3.526.02.467)"</item>
               <item>
                  <content>"Medication active: Tamoxifen or Aromatase Inhibitor Therapy"</content> using "Tamoxifen or Aromatase Inhibitor Therapy RxNorm Code List (2.16.840.1.113883.3.526.02.285)"</item>
               <item>
                  <content>"Medication active not done: Medical reason"</content> using "Medical reason HL7 Code List (2.16.840.1.113883.3.526.02.313)"</item>
               <item>
                  <content>"Medication active not done: Patient reason"</content> using "Patient reason HL7 Code List (2.16.840.1.113883.3.526.02.311)"</item>
               <item>
                  <content>"Medication active not done: System reason"</content> using "System reason HL7 Code List (2.16.840.1.113883.3.526.02.310)"</item>
               <item>
                  <content>"Medication adverse effects: Tamoxifen or Aromatase Inhibitor Therapy"</content> using "Tamoxifen or Aromatase Inhibitor Therapy RxNorm Code List (2.16.840.1.113883.3.526.02.285)"</item>
               <item>
                  <content>"Medication allergy: Tamoxifen or Aromatase Inhibitor Therapy"</content> using "Tamoxifen or Aromatase Inhibitor Therapy RxNorm Code List (2.16.840.1.113883.3.526.02.285)"</item>
               <item>
                  <content>"Medication intolerance: Tamoxifen or Aromatase Inhibitor Therapy"</content> using "Tamoxifen or Aromatase Inhibitor Therapy RxNorm Code List (2.16.840.1.113883.3.526.02.285)"</item>
               <item>
                  <content>"Medication ordered: Tamoxifen or Aromatase Inhibitor Therapy"</content> using "Tamoxifen or Aromatase Inhibitor Therapy RxNorm Code List (2.16.840.1.113883.3.526.02.285)"</item>
               <item>
                  <content>"Medication ordered not done: Medical reason"</content> using "Medical reason HL7 Code List (2.16.840.1.113883.3.526.02.313)"</item>
               <item>
                  <content>"Medication ordered not done: Patient reason"</content> using "Patient reason HL7 Code List (2.16.840.1.113883.3.526.02.311)"</item>
               <item>
                  <content>"Medication ordered not done: System reason"</content> using "System reason HL7 Code List (2.16.840.1.113883.3.526.02.310)"</item>
               <item>
                  <content>"Patient characteristic: birth date" (age)</content> using "birth date HL7 Code List (2.16.840.1.113883.3.526.02.8)"</item>
               <item>
                  <content>"Patient characteristic: Gender Female"</content> using "Gender Female HL7 Code List (2.16.840.1.113883.3.526.02.862)"</item>
               <item>
                  <content>"Procedure performed: Bilateral Oophorectomy"</content> using "Bilateral Oophorectomy Code List GROUPING (2.16.840.1.113883.3.526.03.471)"</item>
               <item>
                  <content>"Procedure performed: Chemotherapy"</content> using "Chemotherapy Code List GROUPING (2.16.840.1.113883.3.526.03.485)"</item>
               <item>
                  <content>"Procedure performed: Radiation Therapy"</content> using "Radiation Therapy Code List GROUPING (2.16.840.1.113883.3.526.03.482)"</item>
               <item>
                  <content>"Procedure result: Breast Cancer ER or PR Positive"</content> using "Breast Cancer ER or PR Positive SNOMED-CT Code List (2.16.840.1.113883.3.526.02.284)"</item>
               <item>
                  <content>"Procedure result: Breast Cancer Stage IC-IIIC"</content> using "Breast Cancer Stage IC-IIIC SNOMED-CT Code List (2.16.840.1.113883.3.526.02.283)"</item>
            </list>
         </text>
         <entry typeCode="DRIV">
            <act classCode="ACT" moodCode="EVN" isCriterionInd="true"><!-- procedure performed pattern -->
               <templateId root="2.16.840.1.113883.3.560.1.6"/>
               <id root="724F72B8-DAC4-4AE5-86F4-E8C25C671D61"/>
               <code code="47519-4" displayName="Procedures" codeSystem="2.16.840.1.113883.6.1"/>
               <sourceOf typeCode="COMP">
                  <procedure classCode="PROC" moodCode="EVN" isCriterionInd="true">
                     <code code="2.16.840.1.113883.3.526.03.471" displayName="Bilateral Oophorectomy Code List GROUPING"/>
                     <title>Procedure performed: Bilateral Oophorectomy</title>
                  </procedure>
               </sourceOf>
            </act>
         </entry>
         <entry typeCode="DRIV">
            <act classCode="ACT" moodCode="EVN" isCriterionInd="true"><!-- patient characteristic pattern -->
               <templateId root="2.16.840.1.113883.3.560.1.25"/>
               <id root="286B4E8E-9A5F-4A06-9D53-65F7D5106271"/>
               <code code="45970-1" displayName="Demographics" codeSystem="2.16.840.1.113883.6.1"/>
               <sourceOf typeCode="COMP">
                  <observation classCode="OBS" moodCode="EVN" isCriterionInd="true">
                     <code code="2.16.840.1.113883.3.526.02.8" displayName="birth date HL7 Code List"/>
                     <title>Patient characteristic: birth date</title>
                  </observation>
               </sourceOf>
            </act>
         </entry>
         <entry typeCode="DRIV">
            <act classCode="ACT" moodCode="EVN" isCriterionInd="true"><!-- diagnosis active pattern -->
               <templateId root="2.16.840.1.113883.3.560.1.2"/>
               <id root="82B2E374-378E-4818-87E2-16ADA22C3734"/>
               <code code="11450-4" displayName="Problem" codeSystem="2.16.840.1.113883.6.1"/>
               <sourceOf typeCode="COMP">
                  <observation classCode="OBS" moodCode="EVN" isCriterionInd="true">
                     <code code="55607006" codeSystem="2.16.840.1.113883.6.96" displayName="Problem"/>
                     <title>Diagnosis active: Breast Cancer</title>
                     <value xsi:type="CD" code="2.16.840.1.113883.3.526.03.389" displayName="Breast Cancer Code List GROUPING"/>
                     <sourceOf typeCode="REFR">
                        <observation classCode="OBS" moodCode="EVN" isCriterionInd="true">
                           <code code="33999-4" codeSystem="2.16.840.1.113883.6.1" displayName="Status"/>
                           <value xsi:type="CD" code="55561003" displayName="active" codeSystem="2.16.840.1.113883.6.96"/>
                        </observation>
                     </sourceOf>
                  </observation>
               </sourceOf>
            </act>
         </entry>
         <entry typeCode="DRIV">
            <act classCode="ACT" moodCode="EVN" isCriterionInd="true"><!-- procedure result pattern -->
               <templateId root="2.16.840.1.113883.3.560.1.63"/>
               <id root="42AFA8F0-616A-4823-9D2F-6F85D7BEB566"/>
               <code code="47519-4" displayName="Procedures" codeSystem="2.16.840.1.113883.6.1"/>
               <sourceOf typeCode="COMP">
                  <procedure classCode="PROC" moodCode="EVN" isCriterionInd="true">
                     <code code="2.16.840.1.113883.3.526.02.284" displayName="Breast Cancer ER or PR Positive SNOMED-CT Code List"/>
                     <title>Procedure result: Breast Cancer ER or PR Positive</title>
                  </procedure>
               </sourceOf>
            </act>
         </entry>
         <entry typeCode="DRIV">
            <act classCode="ACT" moodCode="EVN" isCriterionInd="true"><!-- diagnosis inactive pattern -->
               <templateId root="2.16.840.1.113883.3.560.1.23"/>
               <id root="648B2D81-94B2-433B-80F4-450E149C83B1"/>
               <code code="11450-4" displayName="Problem" codeSystem="2.16.840.1.113883.6.1"/>
               <sourceOf typeCode="COMP">
                  <observation classCode="OBS" moodCode="EVN" isCriterionInd="true">
                     <code code="55607006" codeSystem="2.16.840.1.113883.6.96" displayName="Problem"/>
                     <title>Diagnosis inactive: Breast Cancer History</title>
                     <value xsi:type="CD" code="2.16.840.1.113883.3.526.03.390" displayName="Breast Cancer History Code List GROUPING"/>
                     <sourceOf typeCode="REFR">
                        <observation classCode="OBS" moodCode="EVN" isCriterionInd="true">
                           <code code="33999-4" codeSystem="2.16.840.1.113883.6.1" displayName="Status"/>
                           <value xsi:type="CD" code="73425007" displayName="inactive" codeSystem="2.16.840.1.113883.6.96"/>
                        </observation>
                     </sourceOf>
                  </observation>
               </sourceOf>
            </act>
         </entry>
         <entry typeCode="DRIV">
            <act classCode="ACT" moodCode="EVN" isCriterionInd="true"><!-- procedure result pattern -->
               <templateId root="2.16.840.1.113883.3.560.1.63"/>
               <id root="31C21CE1-BC7A-4EF1-9D0C-D3BB234FF311"/>
               <code code="47519-4" displayName="Procedures" codeSystem="2.16.840.1.113883.6.1"/>
               <sourceOf typeCode="COMP">
                  <procedure classCode="PROC" moodCode="EVN" isCriterionInd="true">
                     <code code="2.16.840.1.113883.3.526.02.283" displayName="Breast Cancer Stage IC-IIIC SNOMED-CT Code List"/>
                     <title>Procedure result: Breast Cancer Stage IC-IIIC</title>
                  </procedure>
               </sourceOf>
            </act>
         </entry>
         <entry typeCode="DRIV">
            <act classCode="ACT" moodCode="EVN" isCriterionInd="true"><!-- procedure performed pattern -->
               <templateId root="2.16.840.1.113883.3.560.1.6"/>
               <id root="34B9D553-A819-4BEC-80B6-2E3FC5C6978C"/>
               <code code="47519-4" displayName="Procedures" codeSystem="2.16.840.1.113883.6.1"/>
               <sourceOf typeCode="COMP">
                  <procedure classCode="PROC" moodCode="EVN" isCriterionInd="true">
                     <code code="2.16.840.1.113883.3.526.03.485" displayName="Chemotherapy Code List GROUPING"/>
                     <title>Procedure performed: Chemotherapy</title>
                  </procedure>
               </sourceOf>
            </act>
         </entry>
         <entry typeCode="DRIV">
            <act classCode="ACT" moodCode="EVN" isCriterionInd="true"><!-- encounter pattern -->
               <templateId root="2.16.840.1.113883.3.560.1.4"/>
               <id root="1713CE74-0CDA-4224-81E4-75D98F637F13"/>
               <code code="46240-8" displayName="Encounter list" codeSystem="2.16.840.1.113883.6.1"/>
               <sourceOf typeCode="COMP">
                  <encounter classCode="ENC" moodCode="EVN" isCriterionInd="true">
                     <code code="2.16.840.1.113883.3.526.02.114" displayName="Encounter Office Visit CPT Code List"/>
                     <title>Encounter: Encounter Office Visit</title>
                  </encounter>
               </sourceOf>
            </act>
         </entry>
         <entry typeCode="DRIV">
            <act classCode="ACT" moodCode="EVN" isCriterionInd="true"><!-- patient characteristic pattern -->
               <templateId root="2.16.840.1.113883.3.560.1.1001"/>
               <id root="65E37543-B93B-4B4C-8927-5C652DE7F746"/>
               <code code="ASSERTION" codeSystem="2.16.840.1.113883.5.4"/>
               <sourceOf typeCode="COMP">
                  <observation classCode="OBS" moodCode="EVN" isCriterionInd="true">
                     <code code="ASSERTION" codeSystem="2.16.840.1.113883.5.4"/>
                     <title>Patient characteristic: Gender Female</title>
                     <value xsi:type="CD" code="2.16.840.1.113883.3.526.02.862" displayName="Gender Female HL7 Code List"/>
                  </observation>
               </sourceOf>
            </act>
         </entry>
         <entry typeCode="DRIV">
            <act classCode="ACT" moodCode="EVN" isCriterionInd="true"><!-- medication active pattern -->
               <templateId root="2.16.840.1.113883.3.560.1.13"/>
               <id root="F73C35DC-34DF-4162-9A8C-6D86430BE765"/>
               <code code="10160-0" displayName="Medications" codeSystem="2.16.840.1.113883.6.1"/>
               <sourceOf typeCode="COMP">
                  <substanceAdministration classCode="SBADM" moodCode="EVN" isCriterionInd="true">
                     <title>Medication active: Gonadotropin-releasing hormone analogue medication</title>
                     <participant typeCode="CSM">
                        <roleParticipant classCode="MANU">
                           <playingMaterial classCode="MMAT" determinerCode="KIND">
                              <code code="2.16.840.1.113883.3.526.02.467" displayName="Gonadotropin-releasing hormone analogue medication  Code List"/>
                           </playingMaterial>
                        </roleParticipant>
                     </participant>
                     <sourceOf typeCode="REFR">
                        <observation classCode="OBS" moodCode="EVN" isCriterionInd="true">
                           <code code="33999-4" displayName="Status" codeSystem="2.16.840.1.113883.6.1"/>
                           <value xsi:type="CD" code="55561003" displayName="Active" codeSystem="2.16.840.1.113883.6.96"/>
                        </observation>
                     </sourceOf>
                  </substanceAdministration>
               </sourceOf>
            </act>
         </entry>
         <entry typeCode="DRIV">
            <act classCode="ACT" moodCode="EVN" isCriterionInd="true"><!-- medication ordered not done pattern -->
               <templateId root="2.16.840.1.113883.3.560.1.78"/>
               <id root="06EDECA6-394A-4B8A-8564-CFD7E89CD92E"/>
               <code code="10160-0" displayName="Medications" codeSystem="2.16.840.1.113883.6.1"/>
               <sourceOf typeCode="COMP">
                  <substanceAdministration classCode="SBADM" moodCode="RQO" isCriterionInd="true">
                     <title>Medication ordered not done: Medical reason</title>
                     <participant typeCode="CSM">
                        <roleParticipant classCode="MANU">
                           <playingMaterial classCode="MMAT" determinerCode="KIND">
                              <code code="2.16.840.1.113883.3.526.02.313" displayName="Medical reason HL7 Code List"/>
                           </playingMaterial>
                        </roleParticipant>
                     </participant>
                  </substanceAdministration>
               </sourceOf>
            </act>
         </entry>
         <entry typeCode="DRIV">
            <act classCode="ACT" moodCode="EVN" isCriterionInd="true"><!-- diagnosis active pattern -->
               <templateId root="2.16.840.1.113883.3.560.1.2"/>
               <id root="AFC9F700-A0EA-440F-9257-C12E9393876F"/>
               <code code="11450-4" displayName="Problem" codeSystem="2.16.840.1.113883.6.1"/>
               <sourceOf typeCode="COMP">
                  <observation classCode="OBS" moodCode="EVN" isCriterionInd="true">
                     <code code="55607006" codeSystem="2.16.840.1.113883.6.96" displayName="Problem"/>
                     <title>Diagnosis active: Metastatic Sites Common to Breast Cancer</title>
                     <value xsi:type="CD" code="2.16.840.1.113883.3.526.03.447" displayName="Metastatic Sites Common to Breast Cancer Code List GROUPING"/>
                     <sourceOf typeCode="REFR">
                        <observation classCode="OBS" moodCode="EVN" isCriterionInd="true">
                           <code code="33999-4" codeSystem="2.16.840.1.113883.6.1" displayName="Status"/>
                           <value xsi:type="CD" code="55561003" displayName="active" codeSystem="2.16.840.1.113883.6.96"/>
                        </observation>
                     </sourceOf>
                  </observation>
               </sourceOf>
            </act>
         </entry>
         <entry typeCode="DRIV">
            <act classCode="ACT" moodCode="EVN" isCriterionInd="true"><!-- medication ordered not done pattern -->
               <templateId root="2.16.840.1.113883.3.560.1.78"/>
               <id root="51712E82-7EF0-43B3-94E6-A2A63B743C11"/>
               <code code="10160-0" displayName="Medications" codeSystem="2.16.840.1.113883.6.1"/>
               <sourceOf typeCode="COMP">
                  <substanceAdministration classCode="SBADM" moodCode="RQO" isCriterionInd="true">
                     <title>Medication ordered not done: Patient reason</title>
                     <participant typeCode="CSM">
                        <roleParticipant classCode="MANU">
                           <playingMaterial classCode="MMAT" determinerCode="KIND">
                              <code code="2.16.840.1.113883.3.526.02.311" displayName="Patient reason HL7 Code List"/>
                           </playingMaterial>
                        </roleParticipant>
                     </participant>
                  </substanceAdministration>
               </sourceOf>
            </act>
         </entry>
         <entry typeCode="DRIV">
            <act classCode="ACT" moodCode="EVN" isCriterionInd="true"><!-- procedure performed pattern -->
               <templateId root="2.16.840.1.113883.3.560.1.6"/>
               <id root="D585AAC0-DABF-4EE5-B0E8-F0157A81C8E9"/>
               <code code="47519-4" displayName="Procedures" codeSystem="2.16.840.1.113883.6.1"/>
               <sourceOf typeCode="COMP">
                  <procedure classCode="PROC" moodCode="EVN" isCriterionInd="true">
                     <code code="2.16.840.1.113883.3.526.03.482" displayName="Radiation Therapy Code List GROUPING"/>
                     <title>Procedure performed: Radiation Therapy</title>
                  </procedure>
               </sourceOf>
            </act>
         </entry>
         <entry typeCode="DRIV">
            <act classCode="ACT" moodCode="EVN" isCriterionInd="true"><!-- medication ordered not done pattern -->
               <templateId root="2.16.840.1.113883.3.560.1.78"/>
               <id root="BEA5E998-85EA-4B9E-917C-D0B99B21EB63"/>
               <code code="10160-0" displayName="Medications" codeSystem="2.16.840.1.113883.6.1"/>
               <sourceOf typeCode="COMP">
                  <substanceAdministration classCode="SBADM" moodCode="RQO" isCriterionInd="true">
                     <title>Medication ordered not done: System reason</title>
                     <participant typeCode="CSM">
                        <roleParticipant classCode="MANU">
                           <playingMaterial classCode="MMAT" determinerCode="KIND">
                              <code code="2.16.840.1.113883.3.526.02.310" displayName="System reason HL7 Code List"/>
                           </playingMaterial>
                        </roleParticipant>
                     </participant>
                  </substanceAdministration>
               </sourceOf>
            </act>
         </entry>
         <entry typeCode="DRIV">
            <act classCode="ACT" moodCode="EVN" isCriterionInd="true"><!-- medication active pattern -->
               <templateId root="2.16.840.1.113883.3.560.1.13"/>
               <id root="F9FA5A28-5A33-4776-80F8-7428948F3707"/>
               <code code="10160-0" displayName="Medications" codeSystem="2.16.840.1.113883.6.1"/>
               <sourceOf typeCode="COMP">
                  <substanceAdministration classCode="SBADM" moodCode="EVN" isCriterionInd="true">
                     <title>Medication active: Tamoxifen or Aromatase Inhibitor Therapy</title>
                     <participant typeCode="CSM">
                        <roleParticipant classCode="MANU">
                           <playingMaterial classCode="MMAT" determinerCode="KIND">
                              <code code="2.16.840.1.113883.3.526.02.285" displayName="Tamoxifen or Aromatase Inhibitor Therapy RxNorm Code List"/>
                           </playingMaterial>
                        </roleParticipant>
                     </participant>
                     <sourceOf typeCode="REFR">
                        <observation classCode="OBS" moodCode="EVN" isCriterionInd="true">
                           <code code="33999-4" displayName="Status" codeSystem="2.16.840.1.113883.6.1"/>
                           <value xsi:type="CD" code="55561003" displayName="Active" codeSystem="2.16.840.1.113883.6.96"/>
                        </observation>
                     </sourceOf>
                  </substanceAdministration>
               </sourceOf>
            </act>
         </entry>
         <entry typeCode="DRIV">
            <act classCode="ACT" moodCode="EVN" isCriterionInd="true"><!-- medication adverse effects pattern -->
               <templateId root="2.16.840.1.113883.3.560.1.7"/>
               <id root="2C70FEC9-3E16-476D-B1BC-CB6BEC9E051E"/>
               <code code="48765-2" displayName="Allergies, adverse reactions, alerts" codeSystem="2.16.840.1.113883.6.1"/>
               <sourceOf typeCode="COMP">
                  <observation classCode="OBS" moodCode="EVN" isCriterionInd="true">
                     <code code="419511003" codeSystem="2.16.840.1.113883.6.96" displayName="Drug adverse effect"/>
                     <title>Medication adverse effects: Tamoxifen or Aromatase Inhibitor Therapy</title>
                     <participant typeCode="CSM">
                        <roleParticipant classCode="MANU">
                           <playingMaterial classCode="MMAT" determinerCode="KIND">
                              <code code="2.16.840.1.113883.3.526.02.285" displayName="Tamoxifen or Aromatase Inhibitor Therapy RxNorm Code List"/>
                           </playingMaterial>
                        </roleParticipant>
                     </participant>
                  </observation>
               </sourceOf>
            </act>
         </entry>
         <entry typeCode="DRIV">
            <act classCode="ACT" moodCode="EVN" isCriterionInd="true"><!-- medication allergy pattern -->
               <templateId root="2.16.840.1.113883.3.560.1.1"/>
               <id root="24CEAC5C-7E87-4E36-B054-8A13F388D545"/>
               <code code="48765-2" displayName="Allergies, adverse reactions, alerts" codeSystem="2.16.840.1.113883.6.1"/>
               <sourceOf typeCode="COMP">
                  <observation classCode="OBS" moodCode="EVN" isCriterionInd="true">
                     <code code="416098002" codeSystem="2.16.840.1.113883.6.96" displayName="Drug allergy"/>
                     <title>Medication allergy: Tamoxifen or Aromatase Inhibitor Therapy</title>
                     <participant typeCode="CSM">
                        <roleParticipant classCode="MANU">
                           <playingMaterial classCode="MMAT" determinerCode="KIND">
                              <code code="2.16.840.1.113883.3.526.02.285" displayName="Tamoxifen or Aromatase Inhibitor Therapy RxNorm Code List"/>
                           </playingMaterial>
                        </roleParticipant>
                     </participant>
                  </observation>
               </sourceOf>
            </act>
         </entry>
         <entry typeCode="DRIV">
            <act classCode="ACT" moodCode="EVN" isCriterionInd="true"><!-- medication intolerance pattern -->
               <templateId root="2.16.840.1.113883.3.560.1.15"/>
               <id root="BE383FD0-94BF-43E8-B100-E4535B1EB3A5"/>
               <code code="48765-2" displayName="Allergies, adverse reactions, alerts" codeSystem="2.16.840.1.113883.6.1"/>
               <sourceOf typeCode="COMP">
                  <observation classCode="OBS" moodCode="EVN" isCriterionInd="true">
                     <code code="59037007" codeSystem="2.16.840.1.113883.6.96" displayName="Drug intolerance"/>
                     <title>Medication intolerance: Tamoxifen or Aromatase Inhibitor Therapy</title>
                     <participant typeCode="CSM">
                        <roleParticipant classCode="MANU">
                           <playingMaterial classCode="MMAT" determinerCode="KIND">
                              <code code="2.16.840.1.113883.3.526.02.285" displayName="Tamoxifen or Aromatase Inhibitor Therapy RxNorm Code List"/>
                           </playingMaterial>
                        </roleParticipant>
                     </participant>
                  </observation>
               </sourceOf>
            </act>
         </entry>
         <entry typeCode="DRIV">
            <act classCode="ACT" moodCode="EVN" isCriterionInd="true"><!-- medication ordered pattern -->
               <templateId root="2.16.840.1.113883.3.560.1.17"/>
               <id root="3D88F530-A31D-4085-8FCE-DF254CE09AFF"/>
               <code code="10160-0" displayName="Medications" codeSystem="2.16.840.1.113883.6.1"/>
               <sourceOf typeCode="COMP">
                  <substanceAdministration classCode="SBADM" moodCode="RQO" isCriterionInd="true">
                     <title>Medication ordered: Tamoxifen or Aromatase Inhibitor Therapy</title>
                     <participant typeCode="CSM">
                        <roleParticipant classCode="MANU">
                           <playingMaterial classCode="MMAT" determinerCode="KIND">
                              <code code="2.16.840.1.113883.3.526.02.285" displayName="Tamoxifen or Aromatase Inhibitor Therapy RxNorm Code List"/>
                           </playingMaterial>
                        </roleParticipant>
                     </participant>
                  </substanceAdministration>
               </sourceOf>
            </act>
         </entry>
         <entry typeCode="DRIV">
            <act classCode="ACT" moodCode="EVN" isCriterionInd="true"><!-- medication active not done pattern -->
               <templateId root="2.16.840.1.113883.3.560.1.113"/>
               <id root="661DECA6-394A-4B8A-8564-CFD7E89CD92E"/>
               <code code="10160-0" displayName="Medications" codeSystem="2.16.840.1.113883.6.1"/>
               <sourceOf typeCode="COMP">
                  <substanceAdministration classCode="SBADM" moodCode="EVN" isCriterionInd="true">
                     <title>Medication active not done: Medical reason</title>
                     <participant typeCode="CSM">
                        <roleParticipant classCode="MANU">
                           <playingMaterial classCode="MMAT" determinerCode="KIND">
                              <code code="2.16.840.1.113883.3.526.02.313" displayName="Medical reason HL7 Code List"/>
                           </playingMaterial>
                        </roleParticipant>
                     </participant>
                     <sourceOf typeCode="REFR">
                        <observation classCode="OBS" moodCode="EVN" isCriterionInd="true">
                           <code code="33999-4" displayName="Status" codeSystem="2.16.840.1.113883.6.1"/>
                           <value xsi:type="CD" code="55561003" displayName="Active" codeSystem="2.16.840.1.113883.6.96"/>
                        </observation>
                     </sourceOf>
                  </substanceAdministration>
               </sourceOf>
            </act>
         </entry>
         <entry typeCode="DRIV">
            <act classCode="ACT" moodCode="EVN" isCriterionInd="true"><!-- medication active not done pattern -->
               <templateId root="2.16.840.1.113883.3.560.1.113"/>
               <id root="66112E82-7EF0-43B3-94E6-A2A63B743C11"/>
               <code code="10160-0" displayName="Medications" codeSystem="2.16.840.1.113883.6.1"/>
               <sourceOf typeCode="COMP">
                  <substanceAdministration classCode="SBADM" moodCode="EVN" isCriterionInd="true">
                     <title>Medication active not done: Patient reason</title>
                     <participant typeCode="CSM">
                        <roleParticipant classCode="MANU">
                           <playingMaterial classCode="MMAT" determinerCode="KIND">
                              <code code="2.16.840.1.113883.3.526.02.311" displayName="Patient reason HL7 Code List"/>
                           </playingMaterial>
                        </roleParticipant>
                     </participant>
                     <sourceOf typeCode="REFR">
                        <observation classCode="OBS" moodCode="EVN" isCriterionInd="true">
                           <code code="33999-4" displayName="Status" codeSystem="2.16.840.1.113883.6.1"/>
                           <value xsi:type="CD" code="55561003" displayName="Active" codeSystem="2.16.840.1.113883.6.96"/>
                        </observation>
                     </sourceOf>
                  </substanceAdministration>
               </sourceOf>
            </act>
         </entry>
         <entry typeCode="DRIV">
            <act classCode="ACT" moodCode="EVN" isCriterionInd="true"><!-- medication active not done pattern -->
               <templateId root="2.16.840.1.113883.3.560.1.113"/>
               <id root="6615E998-85EA-4B9E-917C-D0B99B21EB63"/>
               <code code="10160-0" displayName="Medications" codeSystem="2.16.840.1.113883.6.1"/>
               <sourceOf typeCode="COMP">
                  <substanceAdministration classCode="SBADM" moodCode="EVN" isCriterionInd="true">
                     <title>Medication active not done: System reason</title>
                     <participant typeCode="CSM">
                        <roleParticipant classCode="MANU">
                           <playingMaterial classCode="MMAT" determinerCode="KIND">
                              <code code="2.16.840.1.113883.3.526.02.310" displayName="System reason HL7 Code List"/>
                           </playingMaterial>
                        </roleParticipant>
                     </participant>
                     <sourceOf typeCode="REFR">
                        <observation classCode="OBS" moodCode="EVN" isCriterionInd="true">
                           <code code="33999-4" displayName="Status" codeSystem="2.16.840.1.113883.6.1"/>
                           <value xsi:type="CD" code="55561003" displayName="Active" codeSystem="2.16.840.1.113883.6.96"/>
                        </observation>
                     </sourceOf>
                  </substanceAdministration>
               </sourceOf>
            </act>
         </entry>
      </section>
   </component>
   <component typeCode="COMP">
      <section>
         <title>Summary Calculation</title>
         <text>
            <content>Calculation is generic to all measures:</content>
            <list>
               <item>Calculate the final denominator by adding all that meet denominator criteria.</item>
               <item>Subtract from the final denominator all that do not meet numerator criteria yet also meet exclusion criteria.  Note some measures do not have exclusion criteria.</item>
               <item>The performance calculation is based on the "Measure scoring" from header information above:
					        	<list>
                     <item>For "Proportion" measures, the calculation is the number meeting numerator criteria divided by the final denominator.</item>
                     <item>For "Ratio" and "Continuous Variable" measures, follow the calculation instructions in the Data Aggregation header information above, if present.</item>
                  </list>
               </item>
               <item>For measures with multiple denominators, repeat this process for each denominator and report each result separately.</item>
               <item>For measures with multiple patient populations, repeat this process for each patient population and report each result separately.</item>
               <item>For measures with multiple numerators, calculate each numerator separately within each population using the paired exclusion.</item>
            </list>
         </text>
      </section>
   </component>
</QualityMeasureDocument>