<?xml version="1.0" encoding="UTF-8"?>
<?xml-stylesheet type="text/xsl" href="HQMFreader.xsl"?>
<QualityMeasureDocument xmlns:xsi="http://www.w3.org/2001/XMLSchema-instance" xmlns="urn:hl7-org:v3">
         
      <!--
         **************************************************************   
         Measure Header Section
         **************************************************************
      --><typeId root="2.16.840.1.113883.1.3" extension="POQM_HD000001"/>
   <id root="258CE32E-02CD-4280-AD81-77844198A325"/>
   <code code="57024-2" codeSystem="2.16.840.1.113883.6.1" displayName="Health Quality Measure Document"/>
   <title>Osteoporosis: Communication with the Physician Managing Ongoing Care Post-Fracture of Hip, Spine or Distal Radius for Men and Women Aged 50 Years and Older (NQF 0045)</title>
   <text>Percentage of patients aged 50 years and older treated for a hip, spine, or distal radial fracture with documentation of communication with the physician managing the patient’s on-going care that a fracture occurred and that the patient was or should be tested or treated for osteoporosis.</text>
   <statusCode code="completed"/>
   <setId root="0AE98BF0-627D-46D2-8768-3BD4DE463789"/>
   <versionNumber value="1"/>
   <author typeCode="AUT">
      <assignedPerson classCode="ASSIGNED">
         <representedOrganization classCode="ORG" determinerCode="INSTANCE">
            <id root="2.16.840.1.113883.3.464"/>
            <name>National Committee for Quality Assurance</name>
            <contactParty classCode="CON" nullFlavor="UNK"/>
         </representedOrganization>
      </assignedPerson>
   </author>
   <custodian>
      <assignedPerson classCode="ASSIGNED">
         <representedOrganization classCode="ORG" determinerCode="INSTANCE">
            <id root="2.16.840.1.113883.3.464"/>
            <name>National Committee for Quality Assurance</name>
            <contactParty classCode="CON" nullFlavor="UNK"/>
         </representedOrganization>
      </assignedPerson>
   </custodian>
   <verifier typeCode="VRF">
      <assignedPerson classCode="ASSIGNED">
         <representedOrganization classCode="ORG" determinerCode="INSTANCE">
            <id root="2.16.840.1.113883.3.560"/>
            <name>National Quality Forum</name>
            <contactParty classCode="CON" nullFlavor="UNK"/>
         </representedOrganization>
      </assignedPerson>
   </verifier>
   <subjectOf>
      <measureAttribute>
         <code code="COPY" codeSystem="2.16.840.1.113883.5.4" displayName="Copyright"/>
         <value xsi:type="ED" mediaType="text/plain">©  2010 American Medical Association and/or National Committee for Quality Assurance. All Rights Reserved</value>
      </measureAttribute>
   </subjectOf>
   <subjectOf>
      <measureAttribute>
         <code code="MSRSCORE" codeSystem="2.16.840.1.113883.5.4" displayName="Measure scoring"/>
         <value xsi:type="CD" code="PROPOR" codeSystem="2.16.840.1.113883.5.1063" displayName="Proportion"/>
      </measureAttribute>
   </subjectOf>
   <subjectOf>
      <measureAttribute>
         <code code="MSRTYPE" codeSystem="2.16.840.1.113883.5.4" displayName="Measure type"/>
         <value xsi:type="CD" code="PROCESS" codeSystem="2.16.840.1.113883.5.1063" displayName="Process"/>
      </measureAttribute>
   </subjectOf>
   <subjectOf>
      <measureAttribute>
         <code code="STRAT" codeSystem="2.16.840.1.113883.5.4" displayName="Stratification"/>
         <value xsi:type="ED" mediaType="text/plain">None</value>
      </measureAttribute>
   </subjectOf>
   <subjectOf>
      <measureAttribute>
         <code code="MSRADJ" codeSystem="2.16.840.1.113883.5.4" displayName="Risk Adjustment"/>
         <value xsi:type="ED" mediaType="text/plain">None</value>
      </measureAttribute>
   </subjectOf>
   <subjectOf>
      <measureAttribute>
         <code code="MSRAGG" codeSystem="2.16.840.1.113883.5.4" displayName="Data Aggregation"/>
         <value xsi:type="ED" mediaType="text/plain"/>
      </measureAttribute>
   </subjectOf>
   <subjectOf>
      <measureAttribute>
         <code code="RAT" codeSystem="2.16.840.1.113883.5.4" displayName="Rationale"/>
         <value xsi:type="ED" mediaType="text/plain">Patients who experience fragility fractures should either be treated or screened for the presence of osteoporosis. Although the fracture may be treated by the orthopedic surgeon, the testing and/or treatment is likely to be under the responsibility of the physician providing on-going care. It is important the physician providing on-going care for the patient be made aware the patient has sustained a non-traumatic fracture. There is a high degree of variability and consensus by experts of what constitutes a fragility fracture and predictor of an underlying problem of osteoporosis. The work group determined that only those fractures, which have the strongest consensus and evidence that they are predictive of osteoporosis, should be included in the measure at this time. We anticipate that the list of fractures will expand as further evidence is published supporting the inclusion of other fractures.</value>
      </measureAttribute>
   </subjectOf>
   <subjectOf>
      <measureAttribute>
         <code code="CRS" codeSystem="2.16.840.1.113883.3.560" displayName="Clinical Recommendation Statement"/>
         <value xsi:type="ED" mediaType="text/plain">The most important risk factors for osteoporosis-related fractures are a prior low-trauma fracture as an adult and a low BMD in patients with or without fractures. (AACE1)

BMD measurement should be performed in all women 40 years old or older who have sustained a fracture. (AACE1)

The decision to measure bone density should follow an individualized approach. It should be considered when it will help the patient decide whether to institute treatment to prevent osteoporotic fracture. It should also be considered in patients receiving glucocorticoid therapy for 2 months or more and patients with other conditions that place them at high risk for osteoporotic fracture. (NIH2) 

The most commonly used measurement to diagnose osteoporosis and predict fracture risk is based on assessment of BMD by dual-energy X-ray absorptiometry (DXA). (NIH2) Measurements of BMD made at the hip predict hip fracture better than measurements made at other sites while BMD measurement at the spine predicts spine fracture better than measures at other sites. (NIH2)

The single most powerful predictor of a future osteoporotic fracture is the presence of previous such fractures. (AGA3)</value>
      </measureAttribute>
   </subjectOf>
   <subjectOf>
      <measureAttribute>
         <code code="IDUR" codeSystem="2.16.840.1.113883.3.560" displayName="Improvement notation"/>
         <value xsi:type="ED" mediaType="text/plain">Higher scores indicate better quality</value>
      </measureAttribute>
   </subjectOf>
   <subjectOf>
      <measureAttribute>
         <templateId root="2.16.840.1.113883.3.560.1.74"/>
         <id root="906C34DE-AC01-461C-842C-517F62A09B64"/>
         <code code="MSRTP" displayName="Measurement period" codeSystem="2.16.840.1.113883.3.560"/>
         <value xsi:type="EXPR_PQ" value="12" unit="m">
            <expression mediaType="text/plain">measureEndDate - measureStartDate</expression>
         </value>
      </measureAttribute>
   </subjectOf>
   <subjectOf>
      <localVariableName>measureStartDate</localVariableName>
      <measureAttribute>
         <templateId root="2.16.840.1.113883.3.560.1.75"/>
         <id root="185ABF9C-58FE-42F8-9602-FE55CD594045"/>
         <code code="MSRSD" displayName="Measurement start date" codeSystem="2.16.840.1.113883.3.560"/>
         <value xsi:type="TS" value="00000101"/>
      </measureAttribute>
   </subjectOf>
   <subjectOf>
      <localVariableName>measureEndDate</localVariableName>
      <measureAttribute>
         <templateId root="2.16.840.1.113883.3.560.1.75"/>
         <id root="5DE3F754-502B-4135-B181-22B739EB6C3E"/>
         <code code="MSRED" displayName="Measurement end date" codeSystem="2.16.840.1.113883.3.560"/>
         <value xsi:type="TS" value="00001231"/>
      </measureAttribute>
   </subjectOf>
   <subjectOf>
      <measureAttribute>
         <code code="MSRMD" codeSystem="2.16.840.1.113883.3.560" displayName="Measurement duration"/>
         <value xsi:type="ED" mediaType="text/plain">12 month(s)</value>
      </measureAttribute>
   </subjectOf>
   <subjectOf>
      <measureAttribute>
         <code code="REF" codeSystem="2.16.840.1.113883.5.4" displayName="Reference"/>
         <value xsi:type="ED" mediaType="text/plain">1 American Association of Clinical Endocrinologists.  Medical Guidelines for Clinical Practice for the Prevention and Treatment of Postmenopausal Osteoporosis.  2001 Edition, with selected updates for 2003.</value>
      </measureAttribute>
   </subjectOf>
   <subjectOf>
      <measureAttribute>
         <code code="REF" codeSystem="2.16.840.1.113883.5.4" displayName="Reference"/>
         <value xsi:type="ED" mediaType="text/plain">2 National Institutes of Health. Osteoporosis Prevention, Diagnosis and Therapy. NIH Consensus Statement. March 2000;17:1-45.</value>
      </measureAttribute>
   </subjectOf>
   <subjectOf>
      <measureAttribute>
         <code code="REF" codeSystem="2.16.840.1.113883.5.4" displayName="Reference"/>
         <value xsi:type="ED" mediaType="text/plain">3 American Gastroenterological Association.  (2003). American Gastroenterological Association Medical Position Statement:  Guidelines on Osteoporosis in Gastrointestinal Diseases.  Gastroenterology 124, pp 791-794.</value>
      </measureAttribute>
   </subjectOf>
   <subjectOf>
      <measureAttribute>
         <code code="REF" codeSystem="2.16.840.1.113883.5.4" displayName="Reference"/>
         <value xsi:type="ED" mediaType="text/plain">4 U.S. Preventive Services Task Force. Screening for Osteoporosis in Postmenopausal Women.  Agency for Healthcare Research and Quality. 2002 Update.</value>
      </measureAttribute>
   </subjectOf>
   <subjectOf>
      <measureAttribute>
         <code code="REF" codeSystem="2.16.840.1.113883.5.4" displayName="Reference"/>
         <value xsi:type="ED" mediaType="text/plain">5 National Osteoporosis Foundation.  Osteoporosis:  Physician’s Guide to Prevention and Treatment of Osteoporosis.  2003</value>
      </measureAttribute>
   </subjectOf>
   <subjectOf>
      <measureAttribute>
         <code code="REF" codeSystem="2.16.840.1.113883.5.4" displayName="Reference"/>
         <value xsi:type="ED" mediaType="text/plain">6 American Gastroenterological Association.  (2003). American Gastroenterological Association Medical Position Statement:  Osteoporosis in Hepatic Disorders.  Gastroenterology 125, pp 937-940.</value>
      </measureAttribute>
   </subjectOf>
   <subjectOf>
      <measureAttribute>
         <code code="REF" codeSystem="2.16.840.1.113883.5.4" displayName="Reference"/>
         <value xsi:type="ED" mediaType="text/plain">7 American Association of Clinical Endocrinologists. Medical Guidelines for Clinical Practice for the Evaluation and Treatment of Hypogonadism in Adult Male Patients. 2002 Update. Endocrine Practice 2002: 8, 6, pp 439-456.</value>
      </measureAttribute>
   </subjectOf>
   <subjectOf>
      <measureAttribute>
         <code code="REF" codeSystem="2.16.840.1.113883.5.4" displayName="Reference"/>
         <value xsi:type="ED" mediaType="text/plain">8 American College of Rheumatology. Recommendations for the Prevention and Treatment of Glucocorticoid-Induced Osteoporosis.  2001 Update.  Arthritis &amp; Rheumatism 2001: 44, 7, pp 1496-1503.</value>
      </measureAttribute>
   </subjectOf>
   <subjectOf>
      <measureAttribute>
         <code code="DEF" codeSystem="2.16.840.1.113883.3.560" displayName="Definition"/>
         <value xsi:type="ED" mediaType="text/plain" nullFlavor="NI"/>
      </measureAttribute>
   </subjectOf>
   <subjectOf>
      <measureAttribute>
         <code code="GUIDE" codeSystem="2.16.840.1.113883.5.4" displayName="Guidance"/>
         <value xsi:type="ED" mediaType="text/plain"/>
      </measureAttribute>
   </subjectOf>
   <componentOf>
      <qualityMeasureSet classCode="ACT">
         <id root="B1EB421F-C28C-453C-8DEE-7C6EFE318EB1"/>
         <title>CLINICAL QUALITY MEASURE SET 2011-2012</title>
      </qualityMeasureSet>
   </componentOf>
         
      <!--
         **************************************************************   
         Population Criteria Section
         **************************************************************
      --><component typeCode="COMP">
      <section>
         <code code="57026-7" codeSystem="2.16.840.1.113883.6.1" displayName="Population criteria"/>
         <title>Population criteria</title>
         <text>
            <list>
               <item>
                  <content styleCode="Bold">Initial Patient Population =</content>
                  <list>
                     <item>AND: "Patient characteristic: birth date"  &gt;= 50 year(s) starts before start of "Measurement period"</item>
                  </list>
               </item>
               <item>
                  <content styleCode="Bold">Denominator =</content>
                  <list>
                     <item>AND: "Initial Patient Population"</item>
                     <item>AND: "Diagnosis active: Hip, Spine, or Distal Radial Fracture Diagnosis"</item>
                     <item>AND: <list>
                           <item>OR: "Encounter: Encounter for Hip, Spine, or Distal Radial Fracture Treatment"</item>
                           <item>OR: "Procedure performed: Hip, Spine, or Distal Radial Fracture Treatment"</item>
                        </list>
                     </item>
                  </list>
               </item>
               <item>
                  <content styleCode="Bold">Numerator =</content>
                  <list>
                     <item>AND: "Communication provider to provider: Generic communication" supported by <list>
                           <item>AND: "Diagnosis active: Hip, Spine, or Distal Radial Fracture Diagnosis" during "Measurement period"</item>
                           <item>AND: <list>
                                 <item>OR: "Diagnostic study recommended: DXA (Dual-energy X-ray Absorptiometry) Scan"</item>
                                 <item>OR: "Diagnostic study performed: DXA (Dual-energy X-ray Absorptiometry) Scan"</item>
                                 <item>OR: "Medication order: Osteoporosis meds"</item>
                                 <item>OR: "Medication active: Osteoporosis meds"</item>
                              </list>
                           </item>
                           <item>  &lt;= 3 months starts after start of <list>
                                 <item>AND: "Diagnosis active: Hip, Spine, or Distal Radial Fracture Diagnosis"</item>
                                 <item>AND: <list>
                                       <item>OR: "Encounter: Encounter for Hip, Spine, or Distal Radial Fracture Treatment"</item>
                                       <item>OR: "Procedure performed: Hip, Spine, or Distal Radial Fracture Treatment"</item>
                                    </list>
                                 </item>
                                 <item> during "Measurement period"</item>
                              </list>
                           </item>
                        </list>
                     </item>
                  </list>
               </item>
               <item>
                  <content styleCode="Bold">Exclusions =</content>
                  <list>
                     <item>OR: <list>
                           <item>AND: "Communication provider to provider not done: Medical reason" for "Generic communication SNOMED-CT Code List"</item>
                           <item> supported by <list>
                                 <item>AND: "Diagnosis active: Hip, Spine, or Distal Radial Fracture Diagnosis" during "Measurement period"</item>
                                 <item>AND: <list>
                                       <item>OR: "Diagnostic study recommended: DXA (Dual-energy X-ray Absorptiometry) Scan"</item>
                                       <item>OR: "Diagnostic study performed: DXA (Dual-energy X-ray Absorptiometry) Scan"</item>
                                       <item>OR: "Medication order: Osteoporosis meds"</item>
                                       <item>OR: "Medication active: Osteoporosis meds"</item>
                                    </list>
                                 </item>
                                 <item>  &lt;= 3 months starts after start of <list>
                                       <item>AND: "Diagnosis active: Hip, Spine, or Distal Radial Fracture Diagnosis"</item>
                                       <item>AND: <list>
                                             <item>OR: "Encounter: Encounter for Hip, Spine, or Distal Radial Fracture Treatment"</item>
                                             <item>OR: "Procedure performed: Hip, Spine, or Distal Radial Fracture Treatment"</item>
                                          </list>
                                       </item>
                                       <item> during "Measurement period"</item>
                                    </list>
                                 </item>
                              </list>
                           </item>
                        </list>
                     </item>
                     <item>OR: <list>
                           <item>AND: "Communication provider to provider not done: Patient reason" for "Generic communication SNOMED-CT Code List"</item>
                           <item> supported by <list>
                                 <item>AND: "Diagnosis active: Hip, Spine, or Distal Radial Fracture Diagnosis" during "Measurement period"</item>
                                 <item>AND: <list>
                                       <item>OR: "Diagnostic study recommended: DXA (Dual-energy X-ray Absorptiometry) Scan"</item>
                                       <item>OR: "Diagnostic study performed: DXA (Dual-energy X-ray Absorptiometry) Scan"</item>
                                       <item>OR: "Medication order: Osteoporosis meds"</item>
                                       <item>OR: "Medication active: Osteoporosis meds"</item>
                                    </list>
                                 </item>
                                 <item>  &lt;= 3 months starts after start of <list>
                                       <item>AND: "Diagnosis active: Hip, Spine, or Distal Radial Fracture Diagnosis"</item>
                                       <item>AND: <list>
                                             <item>OR: "Encounter: Encounter for Hip, Spine, or Distal Radial Fracture Treatment"</item>
                                             <item>OR: "Procedure performed: Hip, Spine, or Distal Radial Fracture Treatment"</item>
                                          </list>
                                       </item>
                                       <item> during "Measurement period"</item>
                                    </list>
                                 </item>
                              </list>
                           </item>
                        </list>
                     </item>
                  </list>
               </item>
            </list>
         </text><!--
            **************************************************************   
            Population Criteria Section: exceptions 
            **************************************************************
      -->
         <entry typeCode="DRIV">
            <observation classCode="OBS" moodCode="EVN.CRT" isCriterionInd="true">
               <id root="17E20984-7873-4A71-85DA-3B394A10B2D5"/>
               <code code="ASSERTION" codeSystem="2.16.840.1.113883.5.4"/>
               <value xsi:type="CD" code="DENEXCEP" codeSystem="2.16.840.1.113883.5.1063" codeSystemName="HL7 Observation Value" displayName="Denominator Exception"/><!--  top and/or -->
               <sourceOf typeCode="PRCN">
                  <conjunctionCode code="OR"/>
                  <act classCode="ACT" moodCode="EVN" isCriterionInd="true">
                     <sourceOf typeCode="PRCN">
                        <conjunctionCode code="AND"/>
                        <act classCode="ACT" moodCode="EVN" isCriterionInd="true" actionNegationInd="true"><!-- communication provider to provider pattern -->
                           <templateId root="2.16.840.1.113883.3.560.1.129"/>
                           <id root="D3B33DF4-19AB-41DE-B61D-CCCB01FCEE81"/>
                           <code code="COMMGR_X" displayName="Communication Manager" codeSystem="2.16.840.1.113883.6.1"/>
                           <sourceOf typeCode="COMP">
                              <act classCode="ACT" moodCode="EVN" isCriterionInd="true">
                                 <code code="2.16.840.1.113883.3.464.0002.1126" displayName="Generic communication SNOMED-CT Code List"/>
                                 <title>Communication provider to provider not done: Medical reason</title>
                                 <participant typeCode="AUT">
                                    <roleParticipant classCode="ASSIGNED">
                                       <code code="158965000" codeSystem="2.16.840.1.113883.6.96" displayName="Medical Practitioner"/>
                                    </roleParticipant>
                                 </participant>
                                 <participant typeCode="IRCP">
                                    <signatureCode code="S"/>
                                    <roleParticipant classCode="ASSIGNED">
                                       <code code="158965000" codeSystem="2.16.840.1.113883.6.96" displayName="Medical Practitioner"/>
                                    </roleParticipant>
                                 </participant>
                                 <sourceOf typeCode="RSON">
                                    <observation classCode="OBS" moodCode="EVN" isCriterionInd="true">
                                       <code code="ASSERTION" codeSystem="2.16.840.1.113883.5.4"/>
                                       <value xsi:type="CD" code="2.16.840.1.113883.3.464.0002.1106" displayName="Generic communication SNOMED-CT Code List"/>
                                    </observation>
                                 </sourceOf>
                              </act>
                           </sourceOf>
                        </act>
                     </sourceOf>
                     <sourceOf typeCode="SPRT">
                        <act classCode="ACT" moodCode="EVN" isCriterionInd="true">
                           <sourceOf typeCode="PRCN">
                              <conjunctionCode code="AND"/>
                              <act classCode="ACT" moodCode="EVN" isCriterionInd="true"><!-- diagnosis active pattern -->
                                 <templateId root="2.16.840.1.113883.3.560.1.2"/>
                                 <id root="EF13FFC7-0076-4E6C-9325-00DA0B2AEBA1"/>
                                 <code code="11450-4" displayName="Problem" codeSystem="2.16.840.1.113883.6.1"/>
                                 <sourceOf typeCode="COMP">
                                    <observation classCode="OBS" moodCode="EVN" isCriterionInd="true">
                                       <code code="55607006" codeSystem="2.16.840.1.113883.6.96" displayName="Problem"/>
                                       <title>Diagnosis active: Hip, Spine, or Distal Radial Fracture Diagnosis</title>
                                       <value xsi:type="CD" code="2.16.840.1.113883.3.464.0003.1094" displayName="Hip, Spine, or Distal Radial Fracture Diagnosis Code List GROUPING"/>
                                       <sourceOf typeCode="REFR">
                                          <observation classCode="OBS" moodCode="EVN" isCriterionInd="true">
                                             <code code="33999-4" codeSystem="2.16.840.1.113883.6.1" displayName="Status"/>
                                             <value xsi:type="CD" code="55561003" displayName="active" codeSystem="2.16.840.1.113883.6.96"/>
                                          </observation>
                                       </sourceOf>
                                       <sourceOf typeCode="DURING">
                                          <observation classCode="OBS" moodCode="EVN">
                                             <id root="906C34DE-AC01-461C-842C-517F62A09B64"/>
                                             <title>Measurement period</title>
                                          </observation>
                                       </sourceOf>
                                    </observation>
                                 </sourceOf>
                              </act>
                           </sourceOf>
                           <sourceOf typeCode="PRCN">
                              <conjunctionCode code="AND"/>
                              <act classCode="ACT" moodCode="EVN" isCriterionInd="true">
                                 <sourceOf typeCode="PRCN">
                                    <conjunctionCode code="OR"/>
                                    <act classCode="ACT" moodCode="EVN" isCriterionInd="true"><!-- diagnostic study recommended pattern -->
                                       <templateId root="2.16.840.1.113883.3.560.1.40"/>
                                       <id root="3324E5F5-2519-47BB-9705-F69C73EA5AC9"/>
                                       <code code="18776-5" displayName="Plan of care" codeSystem="2.16.840.1.113883.6.1"/>
                                       <sourceOf typeCode="COMP">
                                          <procedure classCode="PROC" moodCode="INT" isCriterionInd="true">
                                             <code code="2.16.840.1.113883.3.464.0003.1109" displayName="DXA (Dual-energy X-ray Absorptiometry) Scan Code List GROUPING"/>
                                             <title>Diagnostic study recommended: DXA (Dual-energy X-ray Absorptiometry) Scan</title>
                                          </procedure>
                                       </sourceOf>
                                    </act>
                                 </sourceOf>
                                 <sourceOf typeCode="PRCN">
                                    <conjunctionCode code="OR"/>
                                    <act classCode="ACT" moodCode="EVN" isCriterionInd="true"><!-- diagnostic study performed pattern -->
                                       <templateId root="2.16.840.1.113883.3.560.1.3"/>
                                       <id root="6A577723-FC42-4880-A71A-1CCBF040CA51"/>
                                       <code code="30954-2" displayName="Results" codeSystem="2.16.840.1.113883.6.1"/>
                                       <sourceOf typeCode="COMP">
                                          <observation classCode="OBS" moodCode="EVN" isCriterionInd="true">
                                             <code code="2.16.840.1.113883.3.464.0003.1109" displayName="DXA (Dual-energy X-ray Absorptiometry) Scan Code List GROUPING"/>
                                             <title>Diagnostic study performed: DXA (Dual-energy X-ray Absorptiometry) Scan</title>
                                             <statusCode code="completed"/>
                                          </observation>
                                       </sourceOf>
                                    </act>
                                 </sourceOf>
                                 <sourceOf typeCode="PRCN">
                                    <conjunctionCode code="OR"/>
                                    <act classCode="ACT" moodCode="EVN" isCriterionInd="true"><!-- medication order pattern -->
                                       <templateId root="2.16.840.1.113883.3.560.1.17"/>
                                       <id root="C5A8B341-B91E-490F-8019-6723BF88DCCC"/>
                                       <code code="10160-0" displayName="Medications" codeSystem="2.16.840.1.113883.6.1"/>
                                       <sourceOf typeCode="COMP">
                                          <substanceAdministration classCode="SBADM" moodCode="RQO" isCriterionInd="true">
                                             <title>Medication order: Osteoporosis meds</title>
                                             <participant typeCode="CSM">
                                                <roleParticipant classCode="MANU">
                                                   <playingMaterial classCode="MMAT" determinerCode="KIND">
                                                      <code code="2.16.840.1.113883.3.464.0003.1100" displayName="Osteoporosis meds Code List GROUPING"/>
                                                   </playingMaterial>
                                                </roleParticipant>
                                             </participant>
                                          </substanceAdministration>
                                       </sourceOf>
                                    </act>
                                 </sourceOf>
                                 <sourceOf typeCode="PRCN">
                                    <conjunctionCode code="OR"/>
                                    <act classCode="ACT" moodCode="EVN" isCriterionInd="true"><!-- medication active pattern -->
                                       <templateId root="2.16.840.1.113883.3.560.1.13"/>
                                       <id root="EE17DAFA-D61E-49EB-B3E7-F40C202F8A19"/>
                                       <code code="10160-0" displayName="Medications" codeSystem="2.16.840.1.113883.6.1"/>
                                       <sourceOf typeCode="COMP">
                                          <substanceAdministration classCode="SBADM" moodCode="EVN" isCriterionInd="true">
                                             <title>Medication active: Osteoporosis meds</title>
                                             <participant typeCode="CSM">
                                                <roleParticipant classCode="MANU">
                                                   <playingMaterial classCode="MMAT" determinerCode="KIND">
                                                      <code code="2.16.840.1.113883.3.464.0003.1100" displayName="Osteoporosis meds Code List GROUPING"/>
                                                   </playingMaterial>
                                                </roleParticipant>
                                             </participant>
                                             <sourceOf typeCode="REFR">
                                                <observation classCode="OBS" moodCode="EVN" isCriterionInd="true">
                                                   <code code="33999-4" displayName="Status" codeSystem="2.16.840.1.113883.6.1"/>
                                                   <value xsi:type="CD" code="55561003" displayName="Active" codeSystem="2.16.840.1.113883.6.96"/>
                                                </observation>
                                             </sourceOf>
                                          </substanceAdministration>
                                       </sourceOf>
                                    </act>
                                 </sourceOf>
                              </act>
                           </sourceOf>
                           <sourceOf typeCode="SAS">
                              <pauseQuantity xsi:type="URG_PQ">
                                 <high value="3" unit="months" inclusive="true"/>
                              </pauseQuantity>
                              <act classCode="ACT" moodCode="EVN" isCriterionInd="true">
                                 <sourceOf typeCode="PRCN">
                                    <conjunctionCode code="AND"/>
                                    <act classCode="ACT" moodCode="EVN" isCriterionInd="true"><!-- diagnosis active pattern -->
                                       <templateId root="2.16.840.1.113883.3.560.1.2"/>
                                       <id root="EF13FFC7-0076-4E6C-9325-00DA0B2AEBA1"/>
                                       <code code="11450-4" displayName="Problem" codeSystem="2.16.840.1.113883.6.1"/>
                                       <sourceOf typeCode="COMP">
                                          <observation classCode="OBS" moodCode="EVN" isCriterionInd="true">
                                             <code code="55607006" codeSystem="2.16.840.1.113883.6.96" displayName="Problem"/>
                                             <title>Diagnosis active: Hip, Spine, or Distal Radial Fracture Diagnosis</title>
                                             <value xsi:type="CD" code="2.16.840.1.113883.3.464.0003.1094" displayName="Hip, Spine, or Distal Radial Fracture Diagnosis Code List GROUPING"/>
                                             <sourceOf typeCode="REFR">
                                                <observation classCode="OBS" moodCode="EVN" isCriterionInd="true">
                                                   <code code="33999-4" codeSystem="2.16.840.1.113883.6.1" displayName="Status"/>
                                                   <value xsi:type="CD" code="55561003" displayName="active" codeSystem="2.16.840.1.113883.6.96"/>
                                                </observation>
                                             </sourceOf>
                                          </observation>
                                       </sourceOf>
                                    </act>
                                 </sourceOf>
                                 <sourceOf typeCode="PRCN">
                                    <conjunctionCode code="AND"/>
                                    <act classCode="ACT" moodCode="EVN" isCriterionInd="true">
                                       <sourceOf typeCode="PRCN">
                                          <conjunctionCode code="OR"/>
                                          <act classCode="ACT" moodCode="EVN" isCriterionInd="true"><!-- encounter pattern -->
                                             <templateId root="2.16.840.1.113883.3.560.1.4"/>
                                             <id root="259AFB07-C637-4C93-877F-4702B72AD94E"/>
                                             <code code="46240-8" displayName="Encounter list" codeSystem="2.16.840.1.113883.6.1"/>
                                             <sourceOf typeCode="COMP">
                                                <encounter classCode="ENC" moodCode="EVN" isCriterionInd="true">
                                                   <code code="2.16.840.1.113883.3.464.0002.1099" displayName="Encounter for Hip, Spine, or Distal Radial Fracture Treatment CPT Code List"/>
                                                   <title>Encounter: Encounter for Hip, Spine, or Distal Radial Fracture Treatment</title>
                                                </encounter>
                                             </sourceOf>
                                          </act>
                                       </sourceOf>
                                       <sourceOf typeCode="PRCN">
                                          <conjunctionCode code="OR"/>
                                          <act classCode="ACT" moodCode="EVN" isCriterionInd="true"><!-- procedure performed pattern -->
                                             <templateId root="2.16.840.1.113883.3.560.1.6"/>
                                             <id root="00FD2E42-CCA5-4F76-9C17-4C4A4BB33D58"/>
                                             <code code="47519-4" displayName="Procedures" codeSystem="2.16.840.1.113883.6.1"/>
                                             <sourceOf typeCode="COMP">
                                                <procedure classCode="PROC" moodCode="EVN" isCriterionInd="true">
                                                   <code code="2.16.840.1.113883.3.464.0002.1098" displayName="Hip, Spine, or Distal Radial Fracture Treatment CPT Code List"/>
                                                   <title>Procedure performed: Hip, Spine, or Distal Radial Fracture Treatment</title>
                                                </procedure>
                                             </sourceOf>
                                          </act>
                                       </sourceOf>
                                    </act>
                                 </sourceOf>
                                 <sourceOf typeCode="DURING">
                                    <observation classCode="OBS" moodCode="EVN" isCriterionInd="true">
                                       <id root="906C34DE-AC01-461C-842C-517F62A09B64"/>
                                       <title>Measurement period</title>
                                    </observation>
                                 </sourceOf>
                              </act>
                           </sourceOf>
                        </act>
                     </sourceOf>
                  </act>
               </sourceOf>
               <sourceOf typeCode="PRCN">
                  <conjunctionCode code="OR"/>
                  <act classCode="ACT" moodCode="EVN" isCriterionInd="true">
                     <sourceOf typeCode="PRCN">
                        <conjunctionCode code="AND"/>
                        <act classCode="ACT" moodCode="EVN" isCriterionInd="true" actionNegationInd="true"><!-- communication provider to provider pattern -->
                           <templateId root="2.16.840.1.113883.3.560.1.129"/>
                           <id root="D3B33DF4-19AB-41DE-B61D-CCCB01FCEE81"/>
                           <code code="COMMGR_X" displayName="Communication Manager" codeSystem="2.16.840.1.113883.6.1"/>
                           <sourceOf typeCode="COMP">
                              <act classCode="ACT" moodCode="EVN" isCriterionInd="true">
                                 <code code="2.16.840.1.113883.3.464.0002.1126" displayName="Generic communication SNOMED-CT Code List"/>
                                 <title>Communication provider to provider not done: Patient reason</title>
                                 <participant typeCode="AUT">
                                    <roleParticipant classCode="ASSIGNED">
                                       <code code="158965000" codeSystem="2.16.840.1.113883.6.96" displayName="Medical Practitioner"/>
                                    </roleParticipant>
                                 </participant>
                                 <participant typeCode="IRCP">
                                    <signatureCode code="S"/>
                                    <roleParticipant classCode="ASSIGNED">
                                       <code code="158965000" codeSystem="2.16.840.1.113883.6.96" displayName="Medical Practitioner"/>
                                    </roleParticipant>
                                 </participant>
                                 <sourceOf typeCode="RSON">
                                    <observation classCode="OBS" moodCode="EVN" isCriterionInd="true">
                                       <code code="ASSERTION" codeSystem="2.16.840.1.113883.5.4"/>
                                       <value xsi:type="CD" code="2.16.840.1.113883.3.464.0002.1107" displayName="Generic communication SNOMED-CT Code List"/>
                                    </observation>
                                 </sourceOf>
                              </act>
                           </sourceOf>
                        </act>
                     </sourceOf>
                     <sourceOf typeCode="SPRT">
                        <act classCode="ACT" moodCode="EVN" isCriterionInd="true">
                           <sourceOf typeCode="PRCN">
                              <conjunctionCode code="AND"/>
                              <act classCode="ACT" moodCode="EVN" isCriterionInd="true"><!-- diagnosis active pattern -->
                                 <templateId root="2.16.840.1.113883.3.560.1.2"/>
                                 <id root="EF13FFC7-0076-4E6C-9325-00DA0B2AEBA1"/>
                                 <code code="11450-4" displayName="Problem" codeSystem="2.16.840.1.113883.6.1"/>
                                 <sourceOf typeCode="COMP">
                                    <observation classCode="OBS" moodCode="EVN" isCriterionInd="true">
                                       <code code="55607006" codeSystem="2.16.840.1.113883.6.96" displayName="Problem"/>
                                       <title>Diagnosis active: Hip, Spine, or Distal Radial Fracture Diagnosis</title>
                                       <value xsi:type="CD" code="2.16.840.1.113883.3.464.0003.1094" displayName="Hip, Spine, or Distal Radial Fracture Diagnosis Code List GROUPING"/>
                                       <sourceOf typeCode="REFR">
                                          <observation classCode="OBS" moodCode="EVN" isCriterionInd="true">
                                             <code code="33999-4" codeSystem="2.16.840.1.113883.6.1" displayName="Status"/>
                                             <value xsi:type="CD" code="55561003" displayName="active" codeSystem="2.16.840.1.113883.6.96"/>
                                          </observation>
                                       </sourceOf>
                                       <sourceOf typeCode="DURING">
                                          <observation classCode="OBS" moodCode="EVN">
                                             <id root="906C34DE-AC01-461C-842C-517F62A09B64"/>
                                             <title>Measurement period</title>
                                          </observation>
                                       </sourceOf>
                                    </observation>
                                 </sourceOf>
                              </act>
                           </sourceOf>
                           <sourceOf typeCode="PRCN">
                              <conjunctionCode code="AND"/>
                              <act classCode="ACT" moodCode="EVN" isCriterionInd="true">
                                 <sourceOf typeCode="PRCN">
                                    <conjunctionCode code="OR"/>
                                    <act classCode="ACT" moodCode="EVN" isCriterionInd="true"><!-- diagnostic study recommended pattern -->
                                       <templateId root="2.16.840.1.113883.3.560.1.40"/>
                                       <id root="3324E5F5-2519-47BB-9705-F69C73EA5AC9"/>
                                       <code code="18776-5" displayName="Plan of care" codeSystem="2.16.840.1.113883.6.1"/>
                                       <sourceOf typeCode="COMP">
                                          <procedure classCode="PROC" moodCode="INT" isCriterionInd="true">
                                             <code code="2.16.840.1.113883.3.464.0003.1109" displayName="DXA (Dual-energy X-ray Absorptiometry) Scan Code List GROUPING"/>
                                             <title>Diagnostic study recommended: DXA (Dual-energy X-ray Absorptiometry) Scan</title>
                                          </procedure>
                                       </sourceOf>
                                    </act>
                                 </sourceOf>
                                 <sourceOf typeCode="PRCN">
                                    <conjunctionCode code="OR"/>
                                    <act classCode="ACT" moodCode="EVN" isCriterionInd="true"><!-- diagnostic study performed pattern -->
                                       <templateId root="2.16.840.1.113883.3.560.1.3"/>
                                       <id root="6A577723-FC42-4880-A71A-1CCBF040CA51"/>
                                       <code code="30954-2" displayName="Results" codeSystem="2.16.840.1.113883.6.1"/>
                                       <sourceOf typeCode="COMP">
                                          <observation classCode="OBS" moodCode="EVN" isCriterionInd="true">
                                             <code code="2.16.840.1.113883.3.464.0003.1109" displayName="DXA (Dual-energy X-ray Absorptiometry) Scan Code List GROUPING"/>
                                             <title>Diagnostic study performed: DXA (Dual-energy X-ray Absorptiometry) Scan</title>
                                             <statusCode code="completed"/>
                                          </observation>
                                       </sourceOf>
                                    </act>
                                 </sourceOf>
                                 <sourceOf typeCode="PRCN">
                                    <conjunctionCode code="OR"/>
                                    <act classCode="ACT" moodCode="EVN" isCriterionInd="true"><!-- medication order pattern -->
                                       <templateId root="2.16.840.1.113883.3.560.1.17"/>
                                       <id root="C5A8B341-B91E-490F-8019-6723BF88DCCC"/>
                                       <code code="10160-0" displayName="Medications" codeSystem="2.16.840.1.113883.6.1"/>
                                       <sourceOf typeCode="COMP">
                                          <substanceAdministration classCode="SBADM" moodCode="RQO" isCriterionInd="true">
                                             <title>Medication order: Osteoporosis meds</title>
                                             <participant typeCode="CSM">
                                                <roleParticipant classCode="MANU">
                                                   <playingMaterial classCode="MMAT" determinerCode="KIND">
                                                      <code code="2.16.840.1.113883.3.464.0003.1100" displayName="Osteoporosis meds Code List GROUPING"/>
                                                   </playingMaterial>
                                                </roleParticipant>
                                             </participant>
                                          </substanceAdministration>
                                       </sourceOf>
                                    </act>
                                 </sourceOf>
                                 <sourceOf typeCode="PRCN">
                                    <conjunctionCode code="OR"/>
                                    <act classCode="ACT" moodCode="EVN" isCriterionInd="true"><!-- medication active pattern -->
                                       <templateId root="2.16.840.1.113883.3.560.1.13"/>
                                       <id root="EE17DAFA-D61E-49EB-B3E7-F40C202F8A19"/>
                                       <code code="10160-0" displayName="Medications" codeSystem="2.16.840.1.113883.6.1"/>
                                       <sourceOf typeCode="COMP">
                                          <substanceAdministration classCode="SBADM" moodCode="EVN" isCriterionInd="true">
                                             <title>Medication active: Osteoporosis meds</title>
                                             <participant typeCode="CSM">
                                                <roleParticipant classCode="MANU">
                                                   <playingMaterial classCode="MMAT" determinerCode="KIND">
                                                      <code code="2.16.840.1.113883.3.464.0003.1100" displayName="Osteoporosis meds Code List GROUPING"/>
                                                   </playingMaterial>
                                                </roleParticipant>
                                             </participant>
                                             <sourceOf typeCode="REFR">
                                                <observation classCode="OBS" moodCode="EVN" isCriterionInd="true">
                                                   <code code="33999-4" displayName="Status" codeSystem="2.16.840.1.113883.6.1"/>
                                                   <value xsi:type="CD" code="55561003" displayName="Active" codeSystem="2.16.840.1.113883.6.96"/>
                                                </observation>
                                             </sourceOf>
                                          </substanceAdministration>
                                       </sourceOf>
                                    </act>
                                 </sourceOf>
                              </act>
                           </sourceOf>
                           <sourceOf typeCode="SAS">
                              <pauseQuantity xsi:type="URG_PQ">
                                 <high value="3" unit="months" inclusive="true"/>
                              </pauseQuantity>
                              <act classCode="ACT" moodCode="EVN" isCriterionInd="true">
                                 <sourceOf typeCode="PRCN">
                                    <conjunctionCode code="AND"/>
                                    <act classCode="ACT" moodCode="EVN" isCriterionInd="true"><!-- diagnosis active pattern -->
                                       <templateId root="2.16.840.1.113883.3.560.1.2"/>
                                       <id root="EF13FFC7-0076-4E6C-9325-00DA0B2AEBA1"/>
                                       <code code="11450-4" displayName="Problem" codeSystem="2.16.840.1.113883.6.1"/>
                                       <sourceOf typeCode="COMP">
                                          <observation classCode="OBS" moodCode="EVN" isCriterionInd="true">
                                             <code code="55607006" codeSystem="2.16.840.1.113883.6.96" displayName="Problem"/>
                                             <title>Diagnosis active: Hip, Spine, or Distal Radial Fracture Diagnosis</title>
                                             <value xsi:type="CD" code="2.16.840.1.113883.3.464.0003.1094" displayName="Hip, Spine, or Distal Radial Fracture Diagnosis Code List GROUPING"/>
                                             <sourceOf typeCode="REFR">
                                                <observation classCode="OBS" moodCode="EVN" isCriterionInd="true">
                                                   <code code="33999-4" codeSystem="2.16.840.1.113883.6.1" displayName="Status"/>
                                                   <value xsi:type="CD" code="55561003" displayName="active" codeSystem="2.16.840.1.113883.6.96"/>
                                                </observation>
                                             </sourceOf>
                                          </observation>
                                       </sourceOf>
                                    </act>
                                 </sourceOf>
                                 <sourceOf typeCode="PRCN">
                                    <conjunctionCode code="AND"/>
                                    <act classCode="ACT" moodCode="EVN" isCriterionInd="true">
                                       <sourceOf typeCode="PRCN">
                                          <conjunctionCode code="OR"/>
                                          <act classCode="ACT" moodCode="EVN" isCriterionInd="true"><!-- encounter pattern -->
                                             <templateId root="2.16.840.1.113883.3.560.1.4"/>
                                             <id root="259AFB07-C637-4C93-877F-4702B72AD94E"/>
                                             <code code="46240-8" displayName="Encounter list" codeSystem="2.16.840.1.113883.6.1"/>
                                             <sourceOf typeCode="COMP">
                                                <encounter classCode="ENC" moodCode="EVN" isCriterionInd="true">
                                                   <code code="2.16.840.1.113883.3.464.0002.1099" displayName="Encounter for Hip, Spine, or Distal Radial Fracture Treatment CPT Code List"/>
                                                   <title>Encounter: Encounter for Hip, Spine, or Distal Radial Fracture Treatment</title>
                                                </encounter>
                                             </sourceOf>
                                          </act>
                                       </sourceOf>
                                       <sourceOf typeCode="PRCN">
                                          <conjunctionCode code="OR"/>
                                          <act classCode="ACT" moodCode="EVN" isCriterionInd="true"><!-- procedure performed pattern -->
                                             <templateId root="2.16.840.1.113883.3.560.1.6"/>
                                             <id root="00FD2E42-CCA5-4F76-9C17-4C4A4BB33D58"/>
                                             <code code="47519-4" displayName="Procedures" codeSystem="2.16.840.1.113883.6.1"/>
                                             <sourceOf typeCode="COMP">
                                                <procedure classCode="PROC" moodCode="EVN" isCriterionInd="true">
                                                   <code code="2.16.840.1.113883.3.464.0002.1098" displayName="Hip, Spine, or Distal Radial Fracture Treatment CPT Code List"/>
                                                   <title>Procedure performed: Hip, Spine, or Distal Radial Fracture Treatment</title>
                                                </procedure>
                                             </sourceOf>
                                          </act>
                                       </sourceOf>
                                    </act>
                                 </sourceOf>
                                 <sourceOf typeCode="DURING">
                                    <observation classCode="OBS" moodCode="EVN" isCriterionInd="true">
                                       <id root="906C34DE-AC01-461C-842C-517F62A09B64"/>
                                       <title>Measurement period</title>
                                    </observation>
                                 </sourceOf>
                              </act>
                           </sourceOf>
                        </act>
                     </sourceOf>
                  </act>
               </sourceOf>
            </observation>
         </entry><!--
            **************************************************************   
            Population Criteria Section: numerator 
            **************************************************************
      -->
         <entry typeCode="DRIV">
            <observation classCode="OBS" moodCode="EVN.CRT" isCriterionInd="true">
               <id root="F5829CA4-3CD8-4064-B721-28B91957878A"/>
               <code code="ASSERTION" codeSystem="2.16.840.1.113883.5.4"/>
               <value xsi:type="CD" code="NUMER" codeSystem="2.16.840.1.113883.5.1063" codeSystemName="HL7 Observation Value" displayName="Numerator"/><!--  top and/or -->
               <sourceOf typeCode="PRCN">
                  <conjunctionCode code="AND"/>
                  <act classCode="ACT" moodCode="EVN" isCriterionInd="true"><!-- communication provider to provider pattern -->
                     <templateId root="2.16.840.1.113883.3.560.1.29"/>
                     <id root="D3B33DF4-19AB-41DE-B61D-CCCB01FCEE81"/>
                     <code code="COMMGR_X" displayName="Communication Manager" codeSystem="2.16.840.1.113883.6.1"/>
                     <sourceOf typeCode="COMP">
                        <act classCode="ACT" moodCode="EVN" isCriterionInd="true">
                           <code code="2.16.840.1.113883.3.464.0002.1126" displayName="Generic communication SNOMED-CT Code List"/>
                           <title>Communication provider to provider: Generic communication</title>
                           <participant typeCode="AUT">
                              <roleParticipant classCode="ASSIGNED">
                                 <code code="158965000" codeSystem="2.16.840.1.113883.6.96" displayName="Medical Practitioner"/>
                              </roleParticipant>
                           </participant>
                           <participant typeCode="IRCP">
                              <signatureCode code="S"/>
                              <roleParticipant classCode="ASSIGNED">
                                 <code code="158965000" codeSystem="2.16.840.1.113883.6.96" displayName="Medical Practitioner"/>
                              </roleParticipant>
                           </participant>
                           <sourceOf typeCode="SPRT">
                              <act classCode="ACT" moodCode="EVN" isCriterionInd="true">
                                 <sourceOf typeCode="PRCN">
                                    <conjunctionCode code="AND"/>
                                    <act classCode="ACT" moodCode="EVN" isCriterionInd="true"><!-- diagnosis active pattern -->
                                       <templateId root="2.16.840.1.113883.3.560.1.2"/>
                                       <id root="EF13FFC7-0076-4E6C-9325-00DA0B2AEBA1"/>
                                       <code code="11450-4" displayName="Problem" codeSystem="2.16.840.1.113883.6.1"/>
                                       <sourceOf typeCode="COMP">
                                          <observation classCode="OBS" moodCode="EVN" isCriterionInd="true">
                                             <code code="55607006" codeSystem="2.16.840.1.113883.6.96" displayName="Problem"/>
                                             <title>Diagnosis active: Hip, Spine, or Distal Radial Fracture Diagnosis</title>
                                             <value xsi:type="CD" code="2.16.840.1.113883.3.464.0003.1094" displayName="Hip, Spine, or Distal Radial Fracture Diagnosis Code List GROUPING"/>
                                             <sourceOf typeCode="REFR">
                                                <observation classCode="OBS" moodCode="EVN" isCriterionInd="true">
                                                   <code code="33999-4" codeSystem="2.16.840.1.113883.6.1" displayName="Status"/>
                                                   <value xsi:type="CD" code="55561003" displayName="active" codeSystem="2.16.840.1.113883.6.96"/>
                                                </observation>
                                             </sourceOf>
                                             <sourceOf typeCode="DURING">
                                                <observation classCode="OBS" moodCode="EVN">
                                                   <id root="906C34DE-AC01-461C-842C-517F62A09B64"/>
                                                   <title>Measurement period</title>
                                                </observation>
                                             </sourceOf>
                                          </observation>
                                       </sourceOf>
                                    </act>
                                 </sourceOf>
                                 <sourceOf typeCode="PRCN">
                                    <conjunctionCode code="AND"/>
                                    <act classCode="ACT" moodCode="EVN" isCriterionInd="true">
                                       <sourceOf typeCode="PRCN">
                                          <conjunctionCode code="OR"/>
                                          <act classCode="ACT" moodCode="EVN" isCriterionInd="true"><!-- diagnostic study recommended pattern -->
                                             <templateId root="2.16.840.1.113883.3.560.1.40"/>
                                             <id root="3324E5F5-2519-47BB-9705-F69C73EA5AC9"/>
                                             <code code="18776-5" displayName="Plan of care" codeSystem="2.16.840.1.113883.6.1"/>
                                             <sourceOf typeCode="COMP">
                                                <procedure classCode="PROC" moodCode="INT" isCriterionInd="true">
                                                   <code code="2.16.840.1.113883.3.464.0003.1109" displayName="DXA (Dual-energy X-ray Absorptiometry) Scan Code List GROUPING"/>
                                                   <title>Diagnostic study recommended: DXA (Dual-energy X-ray Absorptiometry) Scan</title>
                                                </procedure>
                                             </sourceOf>
                                          </act>
                                       </sourceOf>
                                       <sourceOf typeCode="PRCN">
                                          <conjunctionCode code="OR"/>
                                          <act classCode="ACT" moodCode="EVN" isCriterionInd="true"><!-- diagnostic study performed pattern -->
                                             <templateId root="2.16.840.1.113883.3.560.1.3"/>
                                             <id root="6A577723-FC42-4880-A71A-1CCBF040CA51"/>
                                             <code code="30954-2" displayName="Results" codeSystem="2.16.840.1.113883.6.1"/>
                                             <sourceOf typeCode="COMP">
                                                <observation classCode="OBS" moodCode="EVN" isCriterionInd="true">
                                                   <code code="2.16.840.1.113883.3.464.0003.1109" displayName="DXA (Dual-energy X-ray Absorptiometry) Scan Code List GROUPING"/>
                                                   <title>Diagnostic study performed: DXA (Dual-energy X-ray Absorptiometry) Scan</title>
                                                   <statusCode code="completed"/>
                                                </observation>
                                             </sourceOf>
                                          </act>
                                       </sourceOf>
                                       <sourceOf typeCode="PRCN">
                                          <conjunctionCode code="OR"/>
                                          <act classCode="ACT" moodCode="EVN" isCriterionInd="true"><!-- medication order pattern -->
                                             <templateId root="2.16.840.1.113883.3.560.1.17"/>
                                             <id root="C5A8B341-B91E-490F-8019-6723BF88DCCC"/>
                                             <code code="10160-0" displayName="Medications" codeSystem="2.16.840.1.113883.6.1"/>
                                             <sourceOf typeCode="COMP">
                                                <substanceAdministration classCode="SBADM" moodCode="RQO" isCriterionInd="true">
                                                   <title>Medication order: Osteoporosis meds</title>
                                                   <participant typeCode="CSM">
                                                      <roleParticipant classCode="MANU">
                                                         <playingMaterial classCode="MMAT" determinerCode="KIND">
                                                            <code code="2.16.840.1.113883.3.464.0003.1100" displayName="Osteoporosis meds Code List GROUPING"/>
                                                         </playingMaterial>
                                                      </roleParticipant>
                                                   </participant>
                                                </substanceAdministration>
                                             </sourceOf>
                                          </act>
                                       </sourceOf>
                                       <sourceOf typeCode="PRCN">
                                          <conjunctionCode code="OR"/>
                                          <act classCode="ACT" moodCode="EVN" isCriterionInd="true"><!-- medication active pattern -->
                                             <templateId root="2.16.840.1.113883.3.560.1.13"/>
                                             <id root="EE17DAFA-D61E-49EB-B3E7-F40C202F8A19"/>
                                             <code code="10160-0" displayName="Medications" codeSystem="2.16.840.1.113883.6.1"/>
                                             <sourceOf typeCode="COMP">
                                                <substanceAdministration classCode="SBADM" moodCode="EVN" isCriterionInd="true">
                                                   <title>Medication active: Osteoporosis meds</title>
                                                   <participant typeCode="CSM">
                                                      <roleParticipant classCode="MANU">
                                                         <playingMaterial classCode="MMAT" determinerCode="KIND">
                                                            <code code="2.16.840.1.113883.3.464.0003.1100" displayName="Osteoporosis meds Code List GROUPING"/>
                                                         </playingMaterial>
                                                      </roleParticipant>
                                                   </participant>
                                                   <sourceOf typeCode="REFR">
                                                      <observation classCode="OBS" moodCode="EVN" isCriterionInd="true">
                                                         <code code="33999-4" displayName="Status" codeSystem="2.16.840.1.113883.6.1"/>
                                                         <value xsi:type="CD" code="55561003" displayName="Active" codeSystem="2.16.840.1.113883.6.96"/>
                                                      </observation>
                                                   </sourceOf>
                                                </substanceAdministration>
                                             </sourceOf>
                                          </act>
                                       </sourceOf>
                                    </act>
                                 </sourceOf>
                                 <sourceOf typeCode="SAS">
                                    <pauseQuantity xsi:type="URG_PQ">
                                       <high value="3" unit="months" inclusive="true"/>
                                    </pauseQuantity>
                                    <act classCode="ACT" moodCode="EVN" isCriterionInd="true">
                                       <sourceOf typeCode="PRCN">
                                          <conjunctionCode code="AND"/>
                                          <act classCode="ACT" moodCode="EVN" isCriterionInd="true"><!-- diagnosis active pattern -->
                                             <templateId root="2.16.840.1.113883.3.560.1.2"/>
                                             <id root="EF13FFC7-0076-4E6C-9325-00DA0B2AEBA1"/>
                                             <code code="11450-4" displayName="Problem" codeSystem="2.16.840.1.113883.6.1"/>
                                             <sourceOf typeCode="COMP">
                                                <observation classCode="OBS" moodCode="EVN" isCriterionInd="true">
                                                   <code code="55607006" codeSystem="2.16.840.1.113883.6.96" displayName="Problem"/>
                                                   <title>Diagnosis active: Hip, Spine, or Distal Radial Fracture Diagnosis</title>
                                                   <value xsi:type="CD" code="2.16.840.1.113883.3.464.0003.1094" displayName="Hip, Spine, or Distal Radial Fracture Diagnosis Code List GROUPING"/>
                                                   <sourceOf typeCode="REFR">
                                                      <observation classCode="OBS" moodCode="EVN" isCriterionInd="true">
                                                         <code code="33999-4" codeSystem="2.16.840.1.113883.6.1" displayName="Status"/>
                                                         <value xsi:type="CD" code="55561003" displayName="active" codeSystem="2.16.840.1.113883.6.96"/>
                                                      </observation>
                                                   </sourceOf>
                                                </observation>
                                             </sourceOf>
                                          </act>
                                       </sourceOf>
                                       <sourceOf typeCode="PRCN">
                                          <conjunctionCode code="AND"/>
                                          <act classCode="ACT" moodCode="EVN" isCriterionInd="true">
                                             <sourceOf typeCode="PRCN">
                                                <conjunctionCode code="OR"/>
                                                <act classCode="ACT" moodCode="EVN" isCriterionInd="true"><!-- encounter pattern -->
                                                   <templateId root="2.16.840.1.113883.3.560.1.4"/>
                                                   <id root="259AFB07-C637-4C93-877F-4702B72AD94E"/>
                                                   <code code="46240-8" displayName="Encounter list" codeSystem="2.16.840.1.113883.6.1"/>
                                                   <sourceOf typeCode="COMP">
                                                      <encounter classCode="ENC" moodCode="EVN" isCriterionInd="true">
                                                         <code code="2.16.840.1.113883.3.464.0002.1099" displayName="Encounter for Hip, Spine, or Distal Radial Fracture Treatment CPT Code List"/>
                                                         <title>Encounter: Encounter for Hip, Spine, or Distal Radial Fracture Treatment</title>
                                                      </encounter>
                                                   </sourceOf>
                                                </act>
                                             </sourceOf>
                                             <sourceOf typeCode="PRCN">
                                                <conjunctionCode code="OR"/>
                                                <act classCode="ACT" moodCode="EVN" isCriterionInd="true"><!-- procedure performed pattern -->
                                                   <templateId root="2.16.840.1.113883.3.560.1.6"/>
                                                   <id root="00FD2E42-CCA5-4F76-9C17-4C4A4BB33D58"/>
                                                   <code code="47519-4" displayName="Procedures" codeSystem="2.16.840.1.113883.6.1"/>
                                                   <sourceOf typeCode="COMP">
                                                      <procedure classCode="PROC" moodCode="EVN" isCriterionInd="true">
                                                         <code code="2.16.840.1.113883.3.464.0002.1098" displayName="Hip, Spine, or Distal Radial Fracture Treatment CPT Code List"/>
                                                         <title>Procedure performed: Hip, Spine, or Distal Radial Fracture Treatment</title>
                                                      </procedure>
                                                   </sourceOf>
                                                </act>
                                             </sourceOf>
                                          </act>
                                       </sourceOf>
                                       <sourceOf typeCode="DURING">
                                          <observation classCode="OBS" moodCode="EVN" isCriterionInd="true">
                                             <id root="906C34DE-AC01-461C-842C-517F62A09B64"/>
                                             <title>Measurement period</title>
                                          </observation>
                                       </sourceOf>
                                    </act>
                                 </sourceOf>
                              </act>
                           </sourceOf>
                        </act>
                     </sourceOf>
                  </act>
               </sourceOf>
            </observation>
         </entry><!--
            **************************************************************   
            Population Criteria Section: denominator 
            **************************************************************
      -->
         <entry typeCode="DRIV">
            <observation classCode="OBS" moodCode="EVN.CRT" isCriterionInd="true">
               <id root="747501CD-10E6-4E24-9F94-1710AA199B09"/>
               <code code="ASSERTION" codeSystem="2.16.840.1.113883.5.4"/>
               <value xsi:type="CD" code="DENOM" codeSystem="2.16.840.1.113883.5.1063" codeSystemName="HL7 Observation Value" displayName="Denominator"/><!--  top and/or -->
               <sourceOf typeCode="PRCN">
                  <conjunctionCode code="AND"/>
                  <observation classCode="OBS" moodCode="EVN" isCriterionInd="true">
                     <id root="2D1716D4-BA64-4695-98E8-62D0FCCA18AC"/>
                     <title>Initial Patient Population</title>
                  </observation>
               </sourceOf>
               <sourceOf typeCode="PRCN">
                  <conjunctionCode code="AND"/>
                  <act classCode="ACT" moodCode="EVN" isCriterionInd="true"><!-- diagnosis active pattern -->
                     <templateId root="2.16.840.1.113883.3.560.1.2"/>
                     <id root="EF13FFC7-0076-4E6C-9325-00DA0B2AEBA1"/>
                     <code code="11450-4" displayName="Problem" codeSystem="2.16.840.1.113883.6.1"/>
                     <sourceOf typeCode="COMP">
                        <observation classCode="OBS" moodCode="EVN" isCriterionInd="true">
                           <code code="55607006" codeSystem="2.16.840.1.113883.6.96" displayName="Problem"/>
                           <title>Diagnosis active: Hip, Spine, or Distal Radial Fracture Diagnosis</title>
                           <value xsi:type="CD" code="2.16.840.1.113883.3.464.0003.1094" displayName="Hip, Spine, or Distal Radial Fracture Diagnosis Code List GROUPING"/>
                           <sourceOf typeCode="REFR">
                              <observation classCode="OBS" moodCode="EVN" isCriterionInd="true">
                                 <code code="33999-4" codeSystem="2.16.840.1.113883.6.1" displayName="Status"/>
                                 <value xsi:type="CD" code="55561003" displayName="active" codeSystem="2.16.840.1.113883.6.96"/>
                              </observation>
                           </sourceOf>
                        </observation>
                     </sourceOf>
                  </act>
               </sourceOf>
               <sourceOf typeCode="PRCN">
                  <conjunctionCode code="AND"/>
                  <act classCode="ACT" moodCode="EVN" isCriterionInd="true">
                     <sourceOf typeCode="PRCN">
                        <conjunctionCode code="OR"/>
                        <act classCode="ACT" moodCode="EVN" isCriterionInd="true"><!-- encounter pattern -->
                           <templateId root="2.16.840.1.113883.3.560.1.4"/>
                           <id root="259AFB07-C637-4C93-877F-4702B72AD94E"/>
                           <code code="46240-8" displayName="Encounter list" codeSystem="2.16.840.1.113883.6.1"/>
                           <sourceOf typeCode="COMP">
                              <encounter classCode="ENC" moodCode="EVN" isCriterionInd="true">
                                 <code code="2.16.840.1.113883.3.464.0002.1099" displayName="Encounter for Hip, Spine, or Distal Radial Fracture Treatment CPT Code List"/>
                                 <title>Encounter: Encounter for Hip, Spine, or Distal Radial Fracture Treatment</title>
                              </encounter>
                           </sourceOf>
                        </act>
                     </sourceOf>
                     <sourceOf typeCode="PRCN">
                        <conjunctionCode code="OR"/>
                        <act classCode="ACT" moodCode="EVN" isCriterionInd="true"><!-- procedure performed pattern -->
                           <templateId root="2.16.840.1.113883.3.560.1.6"/>
                           <id root="00FD2E42-CCA5-4F76-9C17-4C4A4BB33D58"/>
                           <code code="47519-4" displayName="Procedures" codeSystem="2.16.840.1.113883.6.1"/>
                           <sourceOf typeCode="COMP">
                              <procedure classCode="PROC" moodCode="EVN" isCriterionInd="true">
                                 <code code="2.16.840.1.113883.3.464.0002.1098" displayName="Hip, Spine, or Distal Radial Fracture Treatment CPT Code List"/>
                                 <title>Procedure performed: Hip, Spine, or Distal Radial Fracture Treatment</title>
                              </procedure>
                           </sourceOf>
                        </act>
                     </sourceOf>
                  </act>
               </sourceOf>
            </observation>
         </entry><!--
            **************************************************************   
            Population Criteria Section: population 
            **************************************************************
      -->
         <entry typeCode="DRIV">
            <observation classCode="OBS" moodCode="EVN.CRT" isCriterionInd="true">
               <id root="2D1716D4-BA64-4695-98E8-62D0FCCA18AC"/>
               <code code="ASSERTION" codeSystem="2.16.840.1.113883.5.4"/>
               <value xsi:type="CD" code="IPP" codeSystem="2.16.840.1.113883.5.1063" codeSystemName="HL7 Observation Value" displayName="Initial Patient Population"/><!--  top and/or -->
               <sourceOf typeCode="PRCN">
                  <conjunctionCode code="AND"/>
                  <act classCode="ACT" moodCode="EVN" isCriterionInd="true"><!-- patient characteristic pattern -->
                     <templateId root="2.16.840.1.113883.3.560.1.25"/>
                     <id root="AB57E7A2-CC7C-4B73-8F1A-656B2D39E741"/>
                     <code code="45970-1" displayName="Demographics" codeSystem="2.16.840.1.113883.6.1"/>
                     <sourceOf typeCode="COMP">
                        <observation classCode="OBS" moodCode="EVN" isCriterionInd="true">
                           <code code="2.16.840.1.113883.3.464.0001.14" displayName="birth date HL7 Code List"/>
                           <title>Patient characteristic: birth date</title>
                           <sourceOf typeCode="SBS">
                              <pauseQuantity xsi:type="IVL_PQ">
                                 <low value="50" unit="a" inclusive="true"/>
                              </pauseQuantity>
                              <observation classCode="OBS" moodCode="EVN">
                                 <id root="906C34DE-AC01-461C-842C-517F62A09B64"/>
                                 <title>Measurement period</title>
                              </observation>
                           </sourceOf>
                        </observation>
                     </sourceOf>
                  </act>
               </sourceOf>
            </observation>
         </entry>
      </section>
   </component>
         
      <!--
         ******************************************   
         Data Criteria Section
         ******************************************
      --><component typeCode="COMP">
      <section>
         <code code="57025-9" codeSystem="2.16.840.1.113883.6.1" displayName="Data criteria (QDS Data Elements)"/>
         <title>Data criteria (QDS Data Elements)</title>
         <text>
            <list>
               <item>
                  <content>"Communication provider to provider: Generic communication"</content> using "Generic communication SNOMED-CT Code List (2.16.840.1.113883.3.464.0002.1126)"</item>
               <item>
                  <content>"Communication provider to provider not done: Medical reason"</content> using "Medical reason HL7 Code List (2.16.840.1.113883.3.464.0002.1106)"</item>
               <item>
                  <content>"Communication provider to provider not done: Patient reason"</content> using "Patient reason HL7 Code List (2.16.840.1.113883.3.464.0002.1107)"</item>
               <item>
                  <content>"Diagnosis active: Hip, Spine, or Distal Radial Fracture Diagnosis"</content> using "Hip, Spine, or Distal Radial Fracture Diagnosis Code List GROUPING (2.16.840.1.113883.3.464.0003.1094)"</item>
               <item>
                  <content>"Diagnostic study performed: DXA (Dual-energy X-ray Absorptiometry) Scan"</content> using "DXA (Dual-energy X-ray Absorptiometry) Scan Code List GROUPING (2.16.840.1.113883.3.464.0003.1109)"</item>
               <item>
                  <content>"Diagnostic study recommended: DXA (Dual-energy X-ray Absorptiometry) Scan"</content> using "DXA (Dual-energy X-ray Absorptiometry) Scan Code List GROUPING (2.16.840.1.113883.3.464.0003.1109)"</item>
               <item>
                  <content>"Encounter: Encounter for Hip, Spine, or Distal Radial Fracture Treatment"</content> using "Encounter for Hip, Spine, or Distal Radial Fracture Treatment CPT Code List (2.16.840.1.113883.3.464.0002.1099)"</item>
               <item>
                  <content>"Medication active: Osteoporosis meds"</content> using "Osteoporosis meds Code List GROUPING (2.16.840.1.113883.3.464.0003.1100)"</item>
               <item>
                  <content>"Medication order: Osteoporosis meds"</content> using "Osteoporosis meds Code List GROUPING (2.16.840.1.113883.3.464.0003.1100)"</item>
               <item>
                  <content>"Patient characteristic: birth date" (age)</content> using "birth date HL7 Code List (2.16.840.1.113883.3.464.0001.14)"</item>
               <item>
                  <content>"Procedure performed: Hip, Spine, or Distal Radial Fracture Treatment"</content> using "Hip, Spine, or Distal Radial Fracture Treatment CPT Code List (2.16.840.1.113883.3.464.0002.1098)"</item>
            </list>
         </text>
         <entry typeCode="DRIV">
            <act classCode="ACT" moodCode="EVN" isCriterionInd="true"><!-- patient characteristic pattern -->
               <templateId root="2.16.840.1.113883.3.560.1.25"/>
               <id root="AB57E7A2-CC7C-4B73-8F1A-656B2D39E741"/>
               <code code="45970-1" displayName="Demographics" codeSystem="2.16.840.1.113883.6.1"/>
               <sourceOf typeCode="COMP">
                  <observation classCode="OBS" moodCode="EVN" isCriterionInd="true">
                     <code code="2.16.840.1.113883.3.464.0001.14" displayName="birth date HL7 Code List"/>
                     <title>Patient characteristic: birth date</title>
                  </observation>
               </sourceOf>
            </act>
         </entry>
         <entry typeCode="DRIV">
            <act classCode="ACT" moodCode="EVN" isCriterionInd="true"><!-- diagnostic study recommended pattern -->
               <templateId root="2.16.840.1.113883.3.560.1.40"/>
               <id root="3324E5F5-2519-47BB-9705-F69C73EA5AC9"/>
               <code code="18776-5" displayName="Plan of care" codeSystem="2.16.840.1.113883.6.1"/>
               <sourceOf typeCode="COMP">
                  <procedure classCode="PROC" moodCode="INT" isCriterionInd="true">
                     <code code="2.16.840.1.113883.3.464.0003.1109" displayName="DXA (Dual-energy X-ray Absorptiometry) Scan Code List GROUPING"/>
                     <title>Diagnostic study recommended: DXA (Dual-energy X-ray Absorptiometry) Scan</title>
                  </procedure>
               </sourceOf>
            </act>
         </entry>
         <entry typeCode="DRIV">
            <act classCode="ACT" moodCode="EVN" isCriterionInd="true"><!-- diagnostic study performed pattern -->
               <templateId root="2.16.840.1.113883.3.560.1.3"/>
               <id root="6A577723-FC42-4880-A71A-1CCBF040CA51"/>
               <code code="30954-2" displayName="Results" codeSystem="2.16.840.1.113883.6.1"/>
               <sourceOf typeCode="COMP">
                  <observation classCode="OBS" moodCode="EVN" isCriterionInd="true">
                     <code code="2.16.840.1.113883.3.464.0003.1109" displayName="DXA (Dual-energy X-ray Absorptiometry) Scan Code List GROUPING"/>
                     <title>Diagnostic study performed: DXA (Dual-energy X-ray Absorptiometry) Scan</title>
                     <statusCode code="completed"/>
                  </observation>
               </sourceOf>
            </act>
         </entry>
         <entry typeCode="DRIV">
            <act classCode="ACT" moodCode="EVN" isCriterionInd="true"><!-- encounter pattern -->
               <templateId root="2.16.840.1.113883.3.560.1.4"/>
               <id root="259AFB07-C637-4C93-877F-4702B72AD94E"/>
               <code code="46240-8" displayName="Encounter list" codeSystem="2.16.840.1.113883.6.1"/>
               <sourceOf typeCode="COMP">
                  <encounter classCode="ENC" moodCode="EVN" isCriterionInd="true">
                     <code code="2.16.840.1.113883.3.464.0002.1099" displayName="Encounter for Hip, Spine, or Distal Radial Fracture Treatment CPT Code List"/>
                     <title>Encounter: Encounter for Hip, Spine, or Distal Radial Fracture Treatment</title>
                  </encounter>
               </sourceOf>
            </act>
         </entry>
         <entry typeCode="DRIV">
            <act classCode="ACT" moodCode="EVN" isCriterionInd="true"><!-- communication provider to provider pattern -->
               <templateId root="2.16.840.1.113883.3.560.1.29"/>
               <id root="D3B33DF4-19AB-41DE-B61D-CCCB01FCEE81"/>
               <code code="COMMGR_X" displayName="Communication Manager" codeSystem="2.16.840.1.113883.6.1"/>
               <sourceOf typeCode="COMP">
                  <act classCode="ACT" moodCode="EVN" isCriterionInd="true">
                     <code code="2.16.840.1.113883.3.464.0002.1126" displayName="Generic communication SNOMED-CT Code List"/>
                     <title>Communication provider to provider: Generic communication</title>
                     <participant typeCode="AUT">
                        <roleParticipant classCode="ASSIGNED">
                           <code code="158965000" codeSystem="2.16.840.1.113883.6.96" displayName="Medical Practitioner"/>
                        </roleParticipant>
                     </participant>
                     <participant typeCode="IRCP">
                        <signatureCode code="S"/>
                        <roleParticipant classCode="ASSIGNED">
                           <code code="158965000" codeSystem="2.16.840.1.113883.6.96" displayName="Medical Practitioner"/>
                        </roleParticipant>
                     </participant>
                  </act>
               </sourceOf>
            </act>
         </entry>
         <entry typeCode="DRIV">
            <act classCode="ACT" moodCode="EVN" isCriterionInd="true"><!-- diagnosis active pattern -->
               <templateId root="2.16.840.1.113883.3.560.1.2"/>
               <id root="EF13FFC7-0076-4E6C-9325-00DA0B2AEBA1"/>
               <code code="11450-4" displayName="Problem" codeSystem="2.16.840.1.113883.6.1"/>
               <sourceOf typeCode="COMP">
                  <observation classCode="OBS" moodCode="EVN" isCriterionInd="true">
                     <code code="55607006" codeSystem="2.16.840.1.113883.6.96" displayName="Problem"/>
                     <title>Diagnosis active: Hip, Spine, or Distal Radial Fracture Diagnosis</title>
                     <value xsi:type="CD" code="2.16.840.1.113883.3.464.0003.1094" displayName="Hip, Spine, or Distal Radial Fracture Diagnosis Code List GROUPING"/>
                     <sourceOf typeCode="REFR">
                        <observation classCode="OBS" moodCode="EVN" isCriterionInd="true">
                           <code code="33999-4" codeSystem="2.16.840.1.113883.6.1" displayName="Status"/>
                           <value xsi:type="CD" code="55561003" displayName="active" codeSystem="2.16.840.1.113883.6.96"/>
                        </observation>
                     </sourceOf>
                  </observation>
               </sourceOf>
            </act>
         </entry>
         <entry typeCode="DRIV">
            <act classCode="ACT" moodCode="EVN" isCriterionInd="true"><!-- procedure performed pattern -->
               <templateId root="2.16.840.1.113883.3.560.1.6"/>
               <id root="00FD2E42-CCA5-4F76-9C17-4C4A4BB33D58"/>
               <code code="47519-4" displayName="Procedures" codeSystem="2.16.840.1.113883.6.1"/>
               <sourceOf typeCode="COMP">
                  <procedure classCode="PROC" moodCode="EVN" isCriterionInd="true">
                     <code code="2.16.840.1.113883.3.464.0002.1098" displayName="Hip, Spine, or Distal Radial Fracture Treatment CPT Code List"/>
                     <title>Procedure performed: Hip, Spine, or Distal Radial Fracture Treatment</title>
                  </procedure>
               </sourceOf>
            </act>
         </entry>
         <entry typeCode="DRIV">
            <act classCode="ACT" moodCode="EVN" isCriterionInd="true"><!-- medication active pattern -->
               <templateId root="2.16.840.1.113883.3.560.1.13"/>
               <id root="EE17DAFA-D61E-49EB-B3E7-F40C202F8A19"/>
               <code code="10160-0" displayName="Medications" codeSystem="2.16.840.1.113883.6.1"/>
               <sourceOf typeCode="COMP">
                  <substanceAdministration classCode="SBADM" moodCode="EVN" isCriterionInd="true">
                     <title>Medication active: Osteoporosis meds</title>
                     <participant typeCode="CSM">
                        <roleParticipant classCode="MANU">
                           <playingMaterial classCode="MMAT" determinerCode="KIND">
                              <code code="2.16.840.1.113883.3.464.0003.1100" displayName="Osteoporosis meds Code List GROUPING"/>
                           </playingMaterial>
                        </roleParticipant>
                     </participant>
                     <sourceOf typeCode="REFR">
                        <observation classCode="OBS" moodCode="EVN" isCriterionInd="true">
                           <code code="33999-4" displayName="Status" codeSystem="2.16.840.1.113883.6.1"/>
                           <value xsi:type="CD" code="55561003" displayName="Active" codeSystem="2.16.840.1.113883.6.96"/>
                        </observation>
                     </sourceOf>
                  </substanceAdministration>
               </sourceOf>
            </act>
         </entry>
         <entry typeCode="DRIV">
            <act classCode="ACT" moodCode="EVN" isCriterionInd="true"><!-- medication order pattern -->
               <templateId root="2.16.840.1.113883.3.560.1.17"/>
               <id root="C5A8B341-B91E-490F-8019-6723BF88DCCC"/>
               <code code="10160-0" displayName="Medications" codeSystem="2.16.840.1.113883.6.1"/>
               <sourceOf typeCode="COMP">
                  <substanceAdministration classCode="SBADM" moodCode="RQO" isCriterionInd="true">
                     <title>Medication order: Osteoporosis meds</title>
                     <participant typeCode="CSM">
                        <roleParticipant classCode="MANU">
                           <playingMaterial classCode="MMAT" determinerCode="KIND">
                              <code code="2.16.840.1.113883.3.464.0003.1100" displayName="Osteoporosis meds Code List GROUPING"/>
                           </playingMaterial>
                        </roleParticipant>
                     </participant>
                  </substanceAdministration>
               </sourceOf>
            </act>
         </entry>
         <entry typeCode="DRIV">
            <act classCode="ACT" moodCode="EVN" isCriterionInd="true"><!-- communication provider to provider not done pattern -->
               <templateId root="2.16.840.1.113883.3.560.1.129"/>
               <id root="ABF01FE5-1F53-4CAB-A835-C6A5DA41D33D"/>
               <code code="COMMGR_X" displayName="Communication Manager" codeSystem="2.16.840.1.113883.6.1"/>
               <sourceOf typeCode="COMP">
                  <act classCode="ACT" moodCode="EVN" isCriterionInd="true">
                     <code code="2.16.840.1.113883.3.464.0002.1107" displayName="Patient reason HL7 Code List"/>
                     <title>Communication provider to provider not done: Patient reason</title>
                     <participant typeCode="AUT">
                        <roleParticipant classCode="ASSIGNED">
                           <code code="158965000" codeSystem="2.16.840.1.113883.6.96" displayName="Medical Practitioner"/>
                        </roleParticipant>
                     </participant>
                     <participant typeCode="IRCP">
                        <signatureCode code="S"/>
                        <roleParticipant classCode="ASSIGNED">
                           <code code="158965000" codeSystem="2.16.840.1.113883.6.96" displayName="Medical Practitioner"/>
                        </roleParticipant>
                     </participant>
                  </act>
               </sourceOf>
            </act>
         </entry>
         <entry typeCode="DRIV">
            <act classCode="ACT" moodCode="EVN" isCriterionInd="true"><!-- communication provider to provider not done pattern -->
               <templateId root="2.16.840.1.113883.3.560.1.129"/>
               <id root="06CEFB02-E494-4C20-87D2-DC4A4DC46D02"/>
               <code code="COMMGR_X" displayName="Communication Manager" codeSystem="2.16.840.1.113883.6.1"/>
               <sourceOf typeCode="COMP">
                  <act classCode="ACT" moodCode="EVN" isCriterionInd="true">
                     <code code="2.16.840.1.113883.3.464.0002.1106" displayName="Medical reason HL7 Code List"/>
                     <title>Communication provider to provider not done: Medical reason</title>
                     <participant typeCode="AUT">
                        <roleParticipant classCode="ASSIGNED">
                           <code code="158965000" codeSystem="2.16.840.1.113883.6.96" displayName="Medical Practitioner"/>
                        </roleParticipant>
                     </participant>
                     <participant typeCode="IRCP">
                        <signatureCode code="S"/>
                        <roleParticipant classCode="ASSIGNED">
                           <code code="158965000" codeSystem="2.16.840.1.113883.6.96" displayName="Medical Practitioner"/>
                        </roleParticipant>
                     </participant>
                  </act>
               </sourceOf>
            </act>
         </entry>
      </section>
   </component>
   <component typeCode="COMP">
      <section>
         <title>Summary Calculation</title>
         <text>
            <content>Calculation is generic to all measures:</content>
            <list>
               <item>Calculate the final denominator by adding all that meet denominator criteria.</item>
               <item>Subtract from the final denominator all that do not meet numerator criteria yet also meet exclusion criteria.  Note some measures do not have exclusion criteria.</item>
               <item>The performance calculation is based on the "Measure scoring" from header information above:
					        	<list>
                     <item>For "Proportion" measures, the calculation is the number meeting numerator criteria divided by the final denominator.</item>
                     <item>For "Ratio" and "Continuous Variable" measures, follow the calculation instructions in the Data Aggregation header information above, if present.</item>
                  </list>
               </item>
               <item>For measures with multiple denominators, repeat this process for each denominator and report each result separately.</item>
               <item>For measures with multiple patient populations, repeat this process for each patient population and report each result separately.</item>
               <item>For measures with multiple numerators, calculate each numerator separately within each population using the paired exclusion.</item>
            </list>
         </text>
      </section>
   </component>
</QualityMeasureDocument>