<?xml version="1.0" encoding="UTF-8"?>
<in:cdsInput xmlns:in="org.opencds.vmr.v1_0.schema.cdsinput"
		xmlns:xsi="http://www.w3.org/2001/XMLSchema-instance" 
		xmlns:dt="org.opencds.vmr.v1_0.schema.datatypes"
		xsi:schemaLocation="org.opencds.vmr.v1_0.schema.cdsinput ..\schema\cdsInput.xsd">
		<templateId root="1.2.3"/>
		<vmrInput>
			<templateId root="1.2.3"/>
			<patient>
				<id root="1"/>
				<demographics/>
				<clinicalStatements>
					<encounterEvents>
						<encounterEvent>
							<id root="encounter1"/>
							<encounterType code="enc" codeSystem="codeSystem"/>
							<encounterEventTime low="20111103" high="20111103"/>
						</encounterEvent>
					</encounterEvents>
					<problems>
						<problem>
							<id root="problem1"/>
							<problemCode code="problem" codeSystem="codeSystem"/>
							<problemEffectiveTime low="20010101"/>
						</problem>
					</problems>
					<substanceAdministrationEvents>
						<substanceAdministrationEvent>
							<id root="subadm1"/>
							<substance>
								<id root="med1"/>
								<substanceCode code="med" codeSystem="codeSystem"></substanceCode>
							</substance>
						</substanceAdministrationEvent>
					</substanceAdministrationEvents>
				</clinicalStatements>
				<clinicalStatementRelationships>
					<clinicalStatementRelationship>
						<sourceId root="encounter1"/>
						<targetId root="problem1"/>
						<targetRelationshipToSource code="RSON" codeSystem="codeSystem"/>
					</clinicalStatementRelationship>
					<clinicalStatementRelationship>
						<sourceId root="problem1"/>
						<targetId root="subadm1"/>
						<targetRelationshipToSource code="TRMT" codeSystem="codeSystem"/>
					</clinicalStatementRelationship>
					<clinicalStatementRelationship>
						<sourceId root="subadm1"/>
						<targetId root="encounter1"/>
						<targetRelationshipToSource code="CPNT" codeSystem="codeSystem"/>
					</clinicalStatementRelationship>
				</clinicalStatementRelationships>
			</patient>
		</vmrInput>
</in:cdsInput>
