<?xml version="1.0" encoding="UTF-8"?>
<out:cdsOutput xmlns:out="org.opencds.vmr.v1_0.schema.cdsoutput" xmlns:xsi="http://www.w3.org/2001/XMLSchema-instance" xsi:schemaLocation="org.opencds.vmr.v1_0.schema.cdsoutput file:///C:/OpenCDS/opencds-knowledge-repository-data/resources_v1.1/schema/cdsOutput.xsd">
	<vmrOutput>
		<templateId root=""/>
		<patient>
			<id root=""/>
			<demographics/>
			<clinicalStatements>
				<observationResults>
					<observationResult>
						<!-- templateId for an infobutton summary and link to further information -->
						<templateId root=""/>
						<id root=""/>
						<!-- code indicating dataSourceType was output inference from CDS -->
						<dataSourceType code="" codeSystem=""/>
						<!-- focus code indicating that value is a text summary of the requested information -->
						<observationFocus code="" codeSystem=""/>
						<observationValue>
							<text value="this is where the summary text would go"/>
						</observationValue>
						<relatedClinicalStatement>
							<!-- relationship code for target information pertains to the source info -->
							<targetRelationshipToSource code="" codeSystem=""/>
							<observationResult>		
								<!-- templateId for an infobutton link to further information -->
								<templateId root=""/>
								<id root=""/>
								<!-- code indicating dataSourceType was output inference from CDS -->
								<dataSourceType code="" codeSystem=""/>
								<!-- code indicating that value is an html link -->
								<observationFocus code="" codeSystem=""/>
								<observationValue>
									<!-- actual link to further information -->
									<telecom use="" value="[CDATA[http etc., with appropriate escape characters]]"/>
								</observationValue>
							</observationResult>
						</relatedClinicalStatement>
					</observationResult>
				</observationResults>
			</clinicalStatements>
		</patient>
	</vmrOutput>
</out:cdsOutput>
