<?xml version="1.0" encoding="UTF-8"?>
<out:cdsOutput xmlns:out="org.opencds.vmr.v1_0.schema.cdsoutput" 
		xmlns:xsi="http://www.w3.org/2001/XMLSchema-instance" 
		xmlns:dt="org.opencds.vmr.v1_0.schema.datatypes"
		xsi:schemaLocation="org.opencds.vmr.v1_0.schema.cdsoutput ..\schema\cdsOutput.xsd">
	<vmrOutput>
		<templateId root=""></templateId>
		<patient>
			<id root=""></id>
			<entityType/>
			<demographics>
			</demographics>
			<clinicalStatements>
				<observationResults>
					<observationResult>
						<id root=""></id>
						<observationFocus codeSystem="" code=""/>
						<observationValue><text value="whatever the text is that you want for output"/></observationValue>
					</observationResult>
				</observationResults>
			</clinicalStatements>
		</patient>
	</vmrOutput>
</out:cdsOutput>
