<?xml version="1.0" encoding="UTF-8"?>
<out:cdsOutput xmlns:out="org.opencds.vmr.v1_0.schema.cdsoutput" xmlns:xsi="http://www.w3.org/2001/XMLSchema-instance" xsi:schemaLocation="org.opencds.vmr.v1_0.schema.cdsoutput file:///C:/OpenCDS/opencds-knowledge-repository-data/resources_v1.1/schema/cdsOutput.xsd">
<vmrOutput>
	<templateId root="2.16.840.1.113883.3.1829.11.1.4.1"/><!-- vMR Generic Output -->
	<patient>
		<id root=""/>
		<demographics></demographics>
		<clinicalStatements>
			<observationResults>
				<observationResult>
					<templateId root="2.16.840.1.113883.3.1829.11.6.3.5"/><!-- CDS Output Observation Organizer version 1 -->
					<id root=""/>
					<observationFocus code="" codeSystem="" displayName=""/>
					<observationEventTime low="20120101" high="20120101"/>
					<relatedClinicalStatement>
						<targetRelationshipToSource code="" codeSystem=""/>
							<observationResult>
								<templateId root="2.16.840.1.113883.3.1829.11.6.3.6"/><!-- CDS Output Observation version 1 -->
								<id root=""/>
								<observationFocus code="" codeSystem="" displayName=""/>
								<observationValue>
									<text value=""/><!-- populated by collecting assertions that have an identifying string prefix, such as "ruleFired=", and doing assertions.toString()-->
								</observationValue>
							</observationResult>
					</relatedClinicalStatement>
				</observationResult>
			</observationResults>
		</clinicalStatements>
	</patient>
</vmrOutput>
</out:cdsOutput>
