<?xml version="1.0" encoding="UTF-8"?>
<in:cdsInput xmlns:xsi="http://www.w3.org/2001/XMLSchema-instance" 
		xmlns:in="org.opencds.vmr.v1_0.schema.cdsinput"
		xmlns:dt="org.opencds.vmr.v1_0.schema.datatypes"
		xsi:schemaLocation="org.opencds.vmr.v1_0.schema.cdsinput ../schema/cdsInput.xsd">
	<!-- 2.16.840.1.113883.3.795.11.1.1 is the templateId for OpenCDS vMR version 1.0 -->
	<templateId root="2.16.840.1.113883.3.795.11.1.1"/>
	<vmrInput>
		<templateId root="2.16.840.1.113883.3.795.11.1.1"/>
		<patient>
			<id root="66ba6645-5ed1-4dd4-a62d-c616b42e71ab"/>
			<demographics></demographics>
			<clinicalStatements>
				<!-- current medications -->
				<substanceAdministrationEvents>
					<substanceAdministrationEvent>
						<id root="1d1881ca-1a95-426f-a4be-8221132bf40a"/>
						<substanceAdministrationGeneralPurpose codeSystem="2.16.840.1.113883.3.795.12.1" codeSystemName="OpenCDS concepts" code="OpenCDS code for Medication - TBD"/>
						<substance>
							<id root="544b03d7-9bcb-4675-861c-c00c253e3a9e"/>
							<!-- Hydrochlorothiazide 25 MG Oral Tablet -->
							<substanceCode codeSystem="2.16.840.1.113883.6.88" code="310798" />
						</substance>
						<documentationTime low="20110803" high="20110803"/>
					</substanceAdministrationEvent>
				</substanceAdministrationEvents>
				<!-- proposed medications -->
				<substanceAdministrationProposals>
					<substanceAdministrationProposal>
						<id root="OID or GUID" extension="must be present if root is not a GUID"/>
						<substanceAdministrationGeneralPurpose codeSystem="2.16.840.1.113883.3.795.12.1" codeSystemName="OpenCDS concepts" code="OpenCDS code for Medication - TBD"/>
						<substance>
							<id root="0331df90-152c-11e1-be50-0800200c9a66"/>
							<!-- Sudafed Triple Action -->
							<substanceCode codeSystem="2.16.840.1.113883.6.88" code="352166"/>
						</substance>						
					</substanceAdministrationProposal>
				</substanceAdministrationProposals>
			</clinicalStatements>
		</patient>
	</vmrInput>
</in:cdsInput>