<?xml version="1.0" encoding="UTF-8"?>
<?xml-stylesheet type="text/xsl" href="../xslt/eMeasure.xsl"?>
<QualityMeasureDocument xmlns:xsi="http://www.w3.org/2001/XMLSchema-instance" xmlns="urn:hl7-org:v3">
         
      <!--
         **************************************************************   
         Measure Header Section
         **************************************************************
      --><typeId root="2.16.840.1.113883.1.3" extension="POQM_HD000001"/>
   <id root="CAF0A28E-8875-401A-B59B-95DAE1E3FA47"/>
   <code code="57024-2" codeSystem="2.16.840.1.113883.6.1" displayName="Health Quality Measure Document"/>
   <title>Prenatal Care:  Screening for Human Immunodeficiency Virus (HIV) (NQF 0012)</title>
   <text>Percentage of patients, regardless of age, who gave birth during a 12-month period who were screened for HIV infection during the first or second prenatal visit</text>
   <statusCode code="completed"/>
   <setId root="D4D6A7A4-88F8-4D6E-AB3E-09F80C3D4EB5"/>
   <versionNumber value="1"/>
   <author typeCode="AUT">
      <assignedPerson classCode="ASSIGNED">
         <representedOrganization classCode="ORG" determinerCode="INSTANCE">
            <id root="2.16.840.1.113883.3.526"/>
            <name>American Medical Association - Physician Consortium for Performance Improvement</name>
            <contactParty classCode="CON" nullFlavor="UNK"/>
         </representedOrganization>
      </assignedPerson>
   </author>
   <custodian>
      <assignedPerson classCode="ASSIGNED">
         <representedOrganization classCode="ORG" determinerCode="INSTANCE">
            <id root="2.16.840.1.113883.3.526"/>
            <name>American Medical Association - Physician Consortium for Performance Improvement</name>
            <contactParty classCode="CON" nullFlavor="UNK"/>
         </representedOrganization>
      </assignedPerson>
   </custodian>
   <verifier typeCode="VRF">
      <assignedPerson classCode="ASSIGNED">
         <representedOrganization classCode="ORG" determinerCode="INSTANCE">
            <id root="2.16.840.1.113883.3.560"/>
            <name>National Quality Forum</name>
            <contactParty classCode="CON" nullFlavor="UNK"/>
         </representedOrganization>
      </assignedPerson>
   </verifier>
   <subjectOf>
      <measureAttribute>
         <code code="COPY" codeSystem="2.16.840.1.113883.5.4" displayName="Copyright"/>
         <value xsi:type="ED" mediaType="text/plain">© 2010 American Medical Association.  All Rights Reserved</value>
      </measureAttribute>
   </subjectOf>
   <subjectOf>
      <measureAttribute>
         <code code="MSRSCORE" codeSystem="2.16.840.1.113883.5.4" displayName="Measure scoring"/>
         <value xsi:type="CD" code="PROPOR" codeSystem="2.16.840.1.113883.5.1063" displayName="Proportion"/>
      </measureAttribute>
   </subjectOf>
   <subjectOf>
      <measureAttribute>
         <code code="MSRTYPE" codeSystem="2.16.840.1.113883.5.4" displayName="Measure type"/>
         <value xsi:type="CD" code="PROCESS" codeSystem="2.16.840.1.113883.5.1063" displayName="Process"/>
      </measureAttribute>
   </subjectOf>
   <subjectOf>
      <measureAttribute>
         <code code="STRAT" codeSystem="2.16.840.1.113883.5.4" displayName="Stratification"/>
         <value xsi:type="ED" mediaType="text/plain">None</value>
      </measureAttribute>
   </subjectOf>
   <subjectOf>
      <measureAttribute>
         <code code="MSRADJ" codeSystem="2.16.840.1.113883.5.4" displayName="Risk Adjustment"/>
         <value xsi:type="ED" mediaType="text/plain">None</value>
      </measureAttribute>
   </subjectOf>
   <subjectOf>
      <measureAttribute>
         <code code="MSRAGG" codeSystem="2.16.840.1.113883.5.4" displayName="Data Aggregation"/>
         <value xsi:type="ED" mediaType="text/plain"/>
      </measureAttribute>
   </subjectOf>
   <subjectOf>
      <measureAttribute>
         <code code="RAT" codeSystem="2.16.840.1.113883.5.4" displayName="Rationale"/>
         <value xsi:type="ED" mediaType="text/plain">While the number of perinatally transmitted cases of HIV has decreased, perinatal transmission still accounts for the majority of new cases of HIV in children. 
Benefits of knowing a woman’s HIV status early on in pregnancy have been well documented and allow the health care provider to initiate treatment early on in the pregnancy, thereby decreasing the risk of transmission of HIV to the child.</value>
      </measureAttribute>
   </subjectOf>
   <subjectOf>
      <measureAttribute>
         <code code="CRS" codeSystem="2.16.840.1.113883.3.560" displayName="Clinical Recommendation Statement"/>
         <value xsi:type="ED" mediaType="text/plain">Universal HIV testing with patient notification should be a routine component of prenatal care; however, this must be in accordance with current state laws (ACOG/AAP). PHS recommends that all pregnant women in the United States be tested for HIV infection. All health-care providers should recommend HIV testing to all of their pregnant patients, pointing out the substantial benefit of knowledge of HIV status for the health of women and their infants. HIV screening should be a routine part of prenatal care for all women (CDC). Clinicians should screen all pregnant women for HIV. There is good evidence that both standard and FDA-approved rapid screening tests accurately detect HIV infection in pregnant women and fair evidence that introduction of universal prenatal counseling and voluntary testing increases the proportion of HIV-infected women who are diagnosed and are treated before delivery (USPSTF) (A Recommendation).</value>
      </measureAttribute>
   </subjectOf>
   <subjectOf>
      <measureAttribute>
         <code code="IDUR" codeSystem="2.16.840.1.113883.3.560" displayName="Improvement notation"/>
         <value xsi:type="ED" mediaType="text/plain">Higher score indicates better quality</value>
      </measureAttribute>
   </subjectOf>
   <subjectOf>
      <measureAttribute>
         <templateId root="2.16.840.1.113883.3.560.1.74"/>
         <id root="DAF64035-F574-4DC1-812A-B1CE35900632"/>
         <code code="MSRTP" displayName="Measurement period" codeSystem="2.16.840.1.113883.3.560"/>
         <value xsi:type="EXPR_PQ" value="12" unit="m">
            <expression mediaType="text/plain">measureEndDate - measureStartDate</expression>
         </value>
      </measureAttribute>
   </subjectOf>
   <subjectOf>
      <localVariableName>measureStartDate</localVariableName>
      <measureAttribute>
         <templateId root="2.16.840.1.113883.3.560.1.75"/>
         <id root="19EFA730-F64A-458A-8960-9812FF318B9E"/>
         <code code="MSRSD" displayName="Measurement start date" codeSystem="2.16.840.1.113883.3.560"/>
         <value xsi:type="TS" value="00000101"/>
      </measureAttribute>
   </subjectOf>
   <subjectOf>
      <localVariableName>measureEndDate</localVariableName>
      <measureAttribute>
         <templateId root="2.16.840.1.113883.3.560.1.75"/>
         <id root="DEC70925-1286-452B-A45C-0E035A330EE0"/>
         <code code="MSRED" displayName="Measurement end date" codeSystem="2.16.840.1.113883.3.560"/>
         <value xsi:type="TS" value="00001231"/>
      </measureAttribute>
   </subjectOf>
   <subjectOf>
      <measureAttribute>
         <code code="MSRMD" codeSystem="2.16.840.1.113883.3.560" displayName="Measurement duration"/>
         <value xsi:type="ED" mediaType="text/plain">12 month(s)</value>
      </measureAttribute>
   </subjectOf>
   <subjectOf>
      <measureAttribute>
         <code code="REF" codeSystem="2.16.840.1.113883.5.4" displayName="Reference"/>
         <value xsi:type="ED" mediaType="text/plain">American Academy of Pediatrics and American College of Obstetricians and Gynecologists. Guidelines for Prenatal Care, 5th Edition. Elk Grove Village, IL, AAP/ACOG, 2002.</value>
      </measureAttribute>
   </subjectOf>
   <subjectOf>
      <measureAttribute>
         <code code="REF" codeSystem="2.16.840.1.113883.5.4" displayName="Reference"/>
         <value xsi:type="ED" mediaType="text/plain">A Brief Evidence Update for the U.S. Preventive Services Task Force. Available at: www.preventiveservices.ahrq.gov. Accessed November 2005.</value>
      </measureAttribute>
   </subjectOf>
   <subjectOf>
      <measureAttribute>
         <code code="REF" codeSystem="2.16.840.1.113883.5.4" displayName="Reference"/>
         <value xsi:type="ED" mediaType="text/plain">US Preventive Services Task Force. Guide to Clinical Preventive Services. 3rd ed. Baltimore, Md: Williams amp; Wilkins; 2000-2002.</value>
      </measureAttribute>
   </subjectOf>
   <subjectOf>
      <measureAttribute>
         <code code="REF" codeSystem="2.16.840.1.113883.5.4" displayName="Reference"/>
         <value xsi:type="ED" mediaType="text/plain">CDC. Revised recommendations for HIV screening of pregnant women. MMWR 2001; 50(No. RR-19). Available at: http://www.cdc.gov.mmwr/. Accessed November 2005.</value>
      </measureAttribute>
   </subjectOf>
   <subjectOf>
      <measureAttribute>
         <code code="DEF" codeSystem="2.16.840.1.113883.3.560" displayName="Definition"/>
         <value xsi:type="ED" mediaType="text/plain" nullFlavor="NI"/>
      </measureAttribute>
   </subjectOf>
   <subjectOf>
      <measureAttribute>
         <code code="GUIDE" codeSystem="2.16.840.1.113883.5.4" displayName="Guidance"/>
         <value xsi:type="ED" mediaType="text/plain">The purpose of the data element "Estimated date of conception" &lt;= 10 months starts before or during "Procedure Performed: Delivery of Live Birth" is to establish the date when the pregnancy began.  We have included the timeframe of 10 months prior to the delivery date to link the estimated date of conception to the delivery that occurred during the measurement period (to ensure it isn’t the estimated date of conception for a previous pregnancy).</value>
      </measureAttribute>
   </subjectOf>
   <componentOf>
      <qualityMeasureSet classCode="ACT">
         <id root="B1EB421F-C28C-453C-8DEE-7C6EFE318EB1"/>
         <title>CLINICAL QUALITY MEASURE SET 2011-2012</title>
      </qualityMeasureSet>
   </componentOf>
         
      <!--
         **************************************************************   
         Population Criteria Section
         **************************************************************
      --><component typeCode="COMP">
      <section>
         <code code="57026-7" codeSystem="2.16.840.1.113883.6.1" displayName="Population criteria"/>
         <title>Population criteria</title>
         <text>
            <list>
               <item>
                  <content styleCode="Bold">Initial Patient Population =</content>
                  <list>
                     <item>AND: <list>
                           <item>AND: "Diagnosis active: Delivery Live Births-Diagnosis"</item>
                           <item>AND: "Procedure performed: Delivery Live Births-Procedure"</item>
                           <item>AND: "Patient characteristic: Gender Female"</item>
                           <item> during "Measurement period"</item>
                        </list>
                     </item>
                  </list>
               </item>
               <item>
                  <content styleCode="Bold">Denominator =</content>
                  <list>
                     <item>AND: "Initial Patient Population"</item>
                     <item>AND: "Encounter: Prenatal Visit" starts after start of ("Patient characteristic: Estimated date of conception"  &lt;= 10 month starts before or during ("Procedure performed: Delivery Live Births-Procedure" during "Measurement period"))</item>
                  </list>
               </item>
               <item>
                  <content styleCode="Bold">Numerator =</content>
                  <list>
                     <item>AND: "Laboratory test performed: HIV Screening" starts after start of (FIRST :"Encounter: Prenatal Visit" starts after start of ("Patient characteristic: Estimated date of conception"  &lt;= 10 month starts before or during ("Procedure performed: Delivery Live Births-Procedure" during "Measurement period")))</item>
                     <item>AND: "Laboratory test performed: HIV Screening" starts after start of (SECOND :"Encounter: Prenatal Visit" starts after start of ("Patient characteristic: Estimated date of conception"  &lt;= 10 month starts before or during ("Procedure performed: Delivery Live Births-Procedure" during "Measurement period")))</item>
                  </list>
               </item>
               <item>
                  <content styleCode="Bold">Exclusions =</content>
                  <list>
                     <item>OR: <list>
                           <item>OR: <list>
                                 <item>OR: "Laboratory test performed not done: Medical reason" for "HIV Screening Code List GROUPING"</item>
                                 <item>OR: "Laboratory test performed not done: Patient reason" for "HIV Screening Code List GROUPING"</item>
                                 <item>  &lt;= 30 day starts after start of  (FIRST:"Encounter: Prenatal Visit" starts after start of ("Patient characteristic: Estimated date of conception"  &lt;= 10 month starts before or during ("Procedure performed: Delivery Live Births-Procedure" during "Measurement period")))</item>
                              </list>
                           </item>
                           <item>OR: <list>
                                 <item>OR: "Laboratory test performed not done: Medical reason" for "HIV Screening Code List GROUPING"</item>
                                 <item>OR: "Laboratory test performed not done: Patient reason" for "HIV Screening Code List GROUPING"</item>
                                 <item>  &lt;= 30 day starts after start of  (SECOND:"Encounter: Prenatal Visit" starts after start of ("Patient characteristic: Estimated date of conception"  &lt;= 10 month starts before or during ("Procedure performed: Delivery Live Births-Procedure" during "Measurement period")))</item>
                              </list>
                           </item>
                        </list>
                     </item>
                     <item>OR: <list>
                           <item>OR: "Diagnosis active: HIV"</item>
                           <item>OR: "Diagnosis inactive: HIV"</item>
                           <item> starts before or during  ("Encounter: Prenatal Visit" starts after start of ("Patient characteristic: Estimated date of conception"  &lt;= 10 month starts before or during ("Procedure performed: Delivery Live Births-Procedure" during "Measurement period")))</item>
                        </list>
                     </item>
                  </list>
               </item>
            </list>
         </text><!--
            **************************************************************   
            Population Criteria Section: exceptions 
            **************************************************************
      -->
         <entry typeCode="DRIV">
            <observation classCode="OBS" moodCode="EVN.CRT" isCriterionInd="true">
               <id root="26F300AA-5391-4A62-8370-EDB9D73F78A8"/>
               <code code="ASSERTION" codeSystem="2.16.840.1.113883.5.4"/>
               <value xsi:type="CD" code="DENEXCEP" codeSystem="2.16.840.1.113883.5.1063" codeSystemName="HL7 Observation Value" displayName="Denominator Exception"/><!--  top and/or -->
               <sourceOf typeCode="PRCN">
                  <conjunctionCode code="OR"/>
                  <act classCode="ACT" moodCode="EVN" isCriterionInd="true">
                     <sourceOf typeCode="PRCN">
                        <conjunctionCode code="OR"/>
                        <act classCode="ACT" moodCode="EVN" isCriterionInd="true">
                           <sourceOf typeCode="PRCN">
                              <conjunctionCode code="OR"/>
                              <act classCode="ACT" moodCode="EVN" isCriterionInd="true" actionNegationInd="true"><!-- laboratory test performed pattern -->
                                 <templateId root="2.16.840.1.113883.3.560.1.105"/>
                                 <id root="EB37C11A-A5FC-4959-80A8-B187E27519E5"/>
                                 <code code="30954-2" displayName="Results" codeSystem="2.16.840.1.113883.6.1"/>
                                 <sourceOf typeCode="COMP">
                                    <observation classCode="OBS" moodCode="EVN" isCriterionInd="true">
                                       <code code="2.16.840.1.113883.3.526.03.395" displayName="HIV Screening Code List GROUPING"/>
                                       <title>Laboratory test performed not done: Medical reason</title>
                                       <statusCode code="completed"/>
                                       <sourceOf typeCode="RSON">
                                          <observation classCode="OBS" moodCode="EVN" isCriterionInd="true">
                                             <code code="ASSERTION" codeSystem="2.16.840.1.113883.5.4"/>
                                             <value xsi:type="CD" code="2.16.840.1.113883.3.526.02.313" displayName="HIV Screening Code List GROUPING"/>
                                          </observation>
                                       </sourceOf>
                                    </observation>
                                 </sourceOf>
                              </act>
                           </sourceOf>
                           <sourceOf typeCode="PRCN">
                              <conjunctionCode code="OR"/>
                              <act classCode="ACT" moodCode="EVN" isCriterionInd="true" actionNegationInd="true"><!-- laboratory test performed pattern -->
                                 <templateId root="2.16.840.1.113883.3.560.1.105"/>
                                 <id root="EB37C11A-A5FC-4959-80A8-B187E27519E5"/>
                                 <code code="30954-2" displayName="Results" codeSystem="2.16.840.1.113883.6.1"/>
                                 <sourceOf typeCode="COMP">
                                    <observation classCode="OBS" moodCode="EVN" isCriterionInd="true">
                                       <code code="2.16.840.1.113883.3.526.03.395" displayName="HIV Screening Code List GROUPING"/>
                                       <title>Laboratory test performed not done: Patient reason</title>
                                       <statusCode code="completed"/>
                                       <sourceOf typeCode="RSON">
                                          <observation classCode="OBS" moodCode="EVN" isCriterionInd="true">
                                             <code code="ASSERTION" codeSystem="2.16.840.1.113883.5.4"/>
                                             <value xsi:type="CD" code="2.16.840.1.113883.3.526.02.311" displayName="HIV Screening Code List GROUPING"/>
                                          </observation>
                                       </sourceOf>
                                    </observation>
                                 </sourceOf>
                              </act>
                           </sourceOf>
                           <sourceOf typeCode="SAS">
                              <pauseQuantity xsi:type="URG_PQ">
                                 <high value="30" unit="day" inclusive="true"/>
                              </pauseQuantity>
                              <subsetCode code="FIRST"/>
                              <act classCode="ACT" moodCode="EVN" isCriterionInd="true"><!-- encounter pattern -->
                                 <templateId root="2.16.840.1.113883.3.560.1.4"/>
                                 <id root="8473BA07-3EEA-4333-9227-0BECCFF5C1FD"/>
                                 <code code="46240-8" displayName="Encounter list" codeSystem="2.16.840.1.113883.6.1"/>
                                 <sourceOf typeCode="COMP">
                                    <encounter classCode="ENC" moodCode="EVN" isCriterionInd="true">
                                       <code code="2.16.840.1.113883.3.526.03.396" displayName="Prenatal Visit Code List GROUPING"/>
                                       <title>Encounter: Prenatal Visit</title>
                                       <sourceOf typeCode="SAS">
                                          <act classCode="ACT" moodCode="EVN" isCriterionInd="true"><!-- patient characteristic pattern -->
                                             <templateId root="2.16.840.1.113883.3.560.1.1001"/>
                                             <id root="F0EDE2E5-14C4-4058-B47A-8E12E48C3FE3"/>
                                             <code code="ASSERTION" codeSystem="2.16.840.1.113883.5.4"/>
                                             <sourceOf typeCode="COMP">
                                                <observation classCode="OBS" moodCode="EVN" isCriterionInd="true">
                                                   <code code="ASSERTION" codeSystem="2.16.840.1.113883.5.4"/>
                                                   <title>Patient characteristic: Estimated date of conception</title>
                                                   <value xsi:type="CD" code="2.16.840.1.113883.3.526.02.517" displayName="Estimated date of conception SNOMED-CT Code List"/>
                                                   <sourceOf typeCode="EAS" inversionInd="true">
                                                      <pauseQuantity xsi:type="URG_PQ">
                                                         <high value="10" unit="month" inclusive="true"/>
                                                      </pauseQuantity>
                                                      <act classCode="ACT" moodCode="EVN" isCriterionInd="true"><!-- procedure performed pattern -->
                                                         <templateId root="2.16.840.1.113883.3.560.1.6"/>
                                                         <id root="5474830E-5AE7-4F6F-A698-E296C6E02EFC"/>
                                                         <code code="47519-4" displayName="Procedures" codeSystem="2.16.840.1.113883.6.1"/>
                                                         <sourceOf typeCode="COMP">
                                                            <procedure classCode="PROC" moodCode="EVN" isCriterionInd="true">
                                                               <code code="2.16.840.1.113883.3.526.03.393" displayName="Delivery Live Births-Procedure Code List GROUPING"/>
                                                               <title>Procedure performed: Delivery Live Births-Procedure</title>
                                                               <sourceOf typeCode="DURING">
                                                                  <observation classCode="OBS" moodCode="EVN">
                                                                     <id root="DAF64035-F574-4DC1-812A-B1CE35900632"/>
                                                                     <title>Measurement period</title>
                                                                  </observation>
                                                               </sourceOf>
                                                            </procedure>
                                                         </sourceOf>
                                                      </act>
                                                   </sourceOf>
                                                </observation>
                                             </sourceOf>
                                          </act>
                                       </sourceOf>
                                    </encounter>
                                 </sourceOf>
                              </act>
                           </sourceOf>
                        </act>
                     </sourceOf>
                     <sourceOf typeCode="PRCN">
                        <conjunctionCode code="OR"/>
                        <act classCode="ACT" moodCode="EVN" isCriterionInd="true">
                           <sourceOf typeCode="PRCN">
                              <conjunctionCode code="OR"/>
                              <act classCode="ACT" moodCode="EVN" isCriterionInd="true" actionNegationInd="true"><!-- laboratory test performed pattern -->
                                 <templateId root="2.16.840.1.113883.3.560.1.105"/>
                                 <id root="EB37C11A-A5FC-4959-80A8-B187E27519E5"/>
                                 <code code="30954-2" displayName="Results" codeSystem="2.16.840.1.113883.6.1"/>
                                 <sourceOf typeCode="COMP">
                                    <observation classCode="OBS" moodCode="EVN" isCriterionInd="true">
                                       <code code="2.16.840.1.113883.3.526.03.395" displayName="HIV Screening Code List GROUPING"/>
                                       <title>Laboratory test performed not done: Medical reason</title>
                                       <statusCode code="completed"/>
                                       <sourceOf typeCode="RSON">
                                          <observation classCode="OBS" moodCode="EVN" isCriterionInd="true">
                                             <code code="ASSERTION" codeSystem="2.16.840.1.113883.5.4"/>
                                             <value xsi:type="CD" code="2.16.840.1.113883.3.526.02.313" displayName="HIV Screening Code List GROUPING"/>
                                          </observation>
                                       </sourceOf>
                                    </observation>
                                 </sourceOf>
                              </act>
                           </sourceOf>
                           <sourceOf typeCode="PRCN">
                              <conjunctionCode code="OR"/>
                              <act classCode="ACT" moodCode="EVN" isCriterionInd="true" actionNegationInd="true"><!-- laboratory test performed pattern -->
                                 <templateId root="2.16.840.1.113883.3.560.1.105"/>
                                 <id root="EB37C11A-A5FC-4959-80A8-B187E27519E5"/>
                                 <code code="30954-2" displayName="Results" codeSystem="2.16.840.1.113883.6.1"/>
                                 <sourceOf typeCode="COMP">
                                    <observation classCode="OBS" moodCode="EVN" isCriterionInd="true">
                                       <code code="2.16.840.1.113883.3.526.03.395" displayName="HIV Screening Code List GROUPING"/>
                                       <title>Laboratory test performed not done: Patient reason</title>
                                       <statusCode code="completed"/>
                                       <sourceOf typeCode="RSON">
                                          <observation classCode="OBS" moodCode="EVN" isCriterionInd="true">
                                             <code code="ASSERTION" codeSystem="2.16.840.1.113883.5.4"/>
                                             <value xsi:type="CD" code="2.16.840.1.113883.3.526.02.311" displayName="HIV Screening Code List GROUPING"/>
                                          </observation>
                                       </sourceOf>
                                    </observation>
                                 </sourceOf>
                              </act>
                           </sourceOf>
                           <sourceOf typeCode="SAS">
                              <pauseQuantity xsi:type="URG_PQ">
                                 <high value="30" unit="day" inclusive="true"/>
                              </pauseQuantity>
                              <subsetCode code="SECOND"/>
                              <act classCode="ACT" moodCode="EVN" isCriterionInd="true"><!-- encounter pattern -->
                                 <templateId root="2.16.840.1.113883.3.560.1.4"/>
                                 <id root="8473BA07-3EEA-4333-9227-0BECCFF5C1FD"/>
                                 <code code="46240-8" displayName="Encounter list" codeSystem="2.16.840.1.113883.6.1"/>
                                 <sourceOf typeCode="COMP">
                                    <encounter classCode="ENC" moodCode="EVN" isCriterionInd="true">
                                       <code code="2.16.840.1.113883.3.526.03.396" displayName="Prenatal Visit Code List GROUPING"/>
                                       <title>Encounter: Prenatal Visit</title>
                                       <sourceOf typeCode="SAS">
                                          <act classCode="ACT" moodCode="EVN" isCriterionInd="true"><!-- patient characteristic pattern -->
                                             <templateId root="2.16.840.1.113883.3.560.1.1001"/>
                                             <id root="F0EDE2E5-14C4-4058-B47A-8E12E48C3FE3"/>
                                             <code code="ASSERTION" codeSystem="2.16.840.1.113883.5.4"/>
                                             <sourceOf typeCode="COMP">
                                                <observation classCode="OBS" moodCode="EVN" isCriterionInd="true">
                                                   <code code="ASSERTION" codeSystem="2.16.840.1.113883.5.4"/>
                                                   <title>Patient characteristic: Estimated date of conception</title>
                                                   <value xsi:type="CD" code="2.16.840.1.113883.3.526.02.517" displayName="Estimated date of conception SNOMED-CT Code List"/>
                                                   <sourceOf typeCode="EAS" inversionInd="true">
                                                      <pauseQuantity xsi:type="URG_PQ">
                                                         <high value="10" unit="month" inclusive="true"/>
                                                      </pauseQuantity>
                                                      <act classCode="ACT" moodCode="EVN" isCriterionInd="true"><!-- procedure performed pattern -->
                                                         <templateId root="2.16.840.1.113883.3.560.1.6"/>
                                                         <id root="5474830E-5AE7-4F6F-A698-E296C6E02EFC"/>
                                                         <code code="47519-4" displayName="Procedures" codeSystem="2.16.840.1.113883.6.1"/>
                                                         <sourceOf typeCode="COMP">
                                                            <procedure classCode="PROC" moodCode="EVN" isCriterionInd="true">
                                                               <code code="2.16.840.1.113883.3.526.03.393" displayName="Delivery Live Births-Procedure Code List GROUPING"/>
                                                               <title>Procedure performed: Delivery Live Births-Procedure</title>
                                                               <sourceOf typeCode="DURING">
                                                                  <observation classCode="OBS" moodCode="EVN">
                                                                     <id root="DAF64035-F574-4DC1-812A-B1CE35900632"/>
                                                                     <title>Measurement period</title>
                                                                  </observation>
                                                               </sourceOf>
                                                            </procedure>
                                                         </sourceOf>
                                                      </act>
                                                   </sourceOf>
                                                </observation>
                                             </sourceOf>
                                          </act>
                                       </sourceOf>
                                    </encounter>
                                 </sourceOf>
                              </act>
                           </sourceOf>
                        </act>
                     </sourceOf>
                  </act>
               </sourceOf>
               <sourceOf typeCode="PRCN">
                  <conjunctionCode code="OR"/>
                  <act classCode="ACT" moodCode="EVN" isCriterionInd="true">
                     <sourceOf typeCode="PRCN">
                        <conjunctionCode code="OR"/>
                        <act classCode="ACT" moodCode="EVN" isCriterionInd="true"><!-- diagnosis active pattern -->
                           <templateId root="2.16.840.1.113883.3.560.1.2"/>
                           <id root="221106C7-62EF-49D0-90A3-3D3C5A5828C2"/>
                           <code code="11450-4" displayName="Problem" codeSystem="2.16.840.1.113883.6.1"/>
                           <sourceOf typeCode="COMP">
                              <observation classCode="OBS" moodCode="EVN" isCriterionInd="true">
                                 <code code="55607006" codeSystem="2.16.840.1.113883.6.96" displayName="Problem"/>
                                 <title>Diagnosis active: HIV</title>
                                 <value xsi:type="CD" code="2.16.840.1.113883.3.526.03.465" displayName="HIV Code List GROUPING"/>
                                 <sourceOf typeCode="REFR">
                                    <observation classCode="OBS" moodCode="EVN" isCriterionInd="true">
                                       <code code="33999-4" codeSystem="2.16.840.1.113883.6.1" displayName="Status"/>
                                       <value xsi:type="CD" code="55561003" displayName="active" codeSystem="2.16.840.1.113883.6.96"/>
                                    </observation>
                                 </sourceOf>
                              </observation>
                           </sourceOf>
                        </act>
                     </sourceOf>
                     <sourceOf typeCode="PRCN">
                        <conjunctionCode code="OR"/>
                        <act classCode="ACT" moodCode="EVN" isCriterionInd="true"><!-- diagnosis inactive pattern -->
                           <templateId root="2.16.840.1.113883.3.560.1.23"/>
                           <id root="9D7F9384-0043-4D91-A188-93C4CC966427"/>
                           <code code="11450-4" displayName="Problem" codeSystem="2.16.840.1.113883.6.1"/>
                           <sourceOf typeCode="COMP">
                              <observation classCode="OBS" moodCode="EVN" isCriterionInd="true">
                                 <code code="55607006" codeSystem="2.16.840.1.113883.6.96" displayName="Problem"/>
                                 <title>Diagnosis inactive: HIV</title>
                                 <value xsi:type="CD" code="2.16.840.1.113883.3.526.03.465" displayName="HIV Code List GROUPING"/>
                                 <sourceOf typeCode="REFR">
                                    <observation classCode="OBS" moodCode="EVN" isCriterionInd="true">
                                       <code code="33999-4" codeSystem="2.16.840.1.113883.6.1" displayName="Status"/>
                                       <value xsi:type="CD" code="73425007" displayName="inactive" codeSystem="2.16.840.1.113883.6.96"/>
                                    </observation>
                                 </sourceOf>
                              </observation>
                           </sourceOf>
                        </act>
                     </sourceOf>
                     <sourceOf typeCode="EAS" inversionInd="true">
                        <act classCode="ACT" moodCode="EVN" isCriterionInd="true"><!-- encounter pattern -->
                           <templateId root="2.16.840.1.113883.3.560.1.4"/>
                           <id root="8473BA07-3EEA-4333-9227-0BECCFF5C1FD"/>
                           <code code="46240-8" displayName="Encounter list" codeSystem="2.16.840.1.113883.6.1"/>
                           <sourceOf typeCode="COMP">
                              <encounter classCode="ENC" moodCode="EVN" isCriterionInd="true">
                                 <code code="2.16.840.1.113883.3.526.03.396" displayName="Prenatal Visit Code List GROUPING"/>
                                 <title>Encounter: Prenatal Visit</title>
                                 <sourceOf typeCode="SAS">
                                    <act classCode="ACT" moodCode="EVN" isCriterionInd="true"><!-- patient characteristic pattern -->
                                       <templateId root="2.16.840.1.113883.3.560.1.1001"/>
                                       <id root="F0EDE2E5-14C4-4058-B47A-8E12E48C3FE3"/>
                                       <code code="ASSERTION" codeSystem="2.16.840.1.113883.5.4"/>
                                       <sourceOf typeCode="COMP">
                                          <observation classCode="OBS" moodCode="EVN" isCriterionInd="true">
                                             <code code="ASSERTION" codeSystem="2.16.840.1.113883.5.4"/>
                                             <title>Patient characteristic: Estimated date of conception</title>
                                             <value xsi:type="CD" code="2.16.840.1.113883.3.526.02.517" displayName="Estimated date of conception SNOMED-CT Code List"/>
                                             <sourceOf typeCode="EAS" inversionInd="true">
                                                <pauseQuantity xsi:type="URG_PQ">
                                                   <high value="10" unit="month" inclusive="true"/>
                                                </pauseQuantity>
                                                <act classCode="ACT" moodCode="EVN" isCriterionInd="true"><!-- procedure performed pattern -->
                                                   <templateId root="2.16.840.1.113883.3.560.1.6"/>
                                                   <id root="5474830E-5AE7-4F6F-A698-E296C6E02EFC"/>
                                                   <code code="47519-4" displayName="Procedures" codeSystem="2.16.840.1.113883.6.1"/>
                                                   <sourceOf typeCode="COMP">
                                                      <procedure classCode="PROC" moodCode="EVN" isCriterionInd="true">
                                                         <code code="2.16.840.1.113883.3.526.03.393" displayName="Delivery Live Births-Procedure Code List GROUPING"/>
                                                         <title>Procedure performed: Delivery Live Births-Procedure</title>
                                                         <sourceOf typeCode="DURING">
                                                            <observation classCode="OBS" moodCode="EVN">
                                                               <id root="DAF64035-F574-4DC1-812A-B1CE35900632"/>
                                                               <title>Measurement period</title>
                                                            </observation>
                                                         </sourceOf>
                                                      </procedure>
                                                   </sourceOf>
                                                </act>
                                             </sourceOf>
                                          </observation>
                                       </sourceOf>
                                    </act>
                                 </sourceOf>
                              </encounter>
                           </sourceOf>
                        </act>
                     </sourceOf>
                  </act>
               </sourceOf>
            </observation>
         </entry><!--
            **************************************************************   
            Population Criteria Section: numerator 
            **************************************************************
      -->
         <entry typeCode="DRIV">
            <observation classCode="OBS" moodCode="EVN.CRT" isCriterionInd="true">
               <id root="FC8FDA16-1C77-4A5D-B129-90923649EEFC"/>
               <code code="ASSERTION" codeSystem="2.16.840.1.113883.5.4"/>
               <value xsi:type="CD" code="NUMER" codeSystem="2.16.840.1.113883.5.1063" codeSystemName="HL7 Observation Value" displayName="Numerator"/><!--  top and/or -->
               <sourceOf typeCode="PRCN">
                  <conjunctionCode code="AND"/>
                  <act classCode="ACT" moodCode="EVN" isCriterionInd="true"><!-- laboratory test performed pattern -->
                     <templateId root="2.16.840.1.113883.3.560.1.5"/>
                     <id root="EB37C11A-A5FC-4959-80A8-B187E27519E5"/>
                     <code code="30954-2" displayName="Results" codeSystem="2.16.840.1.113883.6.1"/>
                     <sourceOf typeCode="COMP">
                        <observation classCode="OBS" moodCode="EVN" isCriterionInd="true">
                           <code code="2.16.840.1.113883.3.526.03.395" displayName="HIV Screening Code List GROUPING"/>
                           <title>Laboratory test performed: HIV Screening</title>
                           <statusCode code="completed"/>
                           <sourceOf typeCode="SAS">
                              <subsetCode code="FIRST"/>
                              <act classCode="ACT" moodCode="EVN" isCriterionInd="true"><!-- encounter pattern -->
                                 <templateId root="2.16.840.1.113883.3.560.1.4"/>
                                 <id root="8473BA07-3EEA-4333-9227-0BECCFF5C1FD"/>
                                 <code code="46240-8" displayName="Encounter list" codeSystem="2.16.840.1.113883.6.1"/>
                                 <sourceOf typeCode="COMP">
                                    <encounter classCode="ENC" moodCode="EVN" isCriterionInd="true">
                                       <code code="2.16.840.1.113883.3.526.03.396" displayName="Prenatal Visit Code List GROUPING"/>
                                       <title>Encounter: Prenatal Visit</title>
                                       <sourceOf typeCode="SAS">
                                          <act classCode="ACT" moodCode="EVN" isCriterionInd="true"><!-- patient characteristic pattern -->
                                             <templateId root="2.16.840.1.113883.3.560.1.1001"/>
                                             <id root="F0EDE2E5-14C4-4058-B47A-8E12E48C3FE3"/>
                                             <code code="ASSERTION" codeSystem="2.16.840.1.113883.5.4"/>
                                             <sourceOf typeCode="COMP">
                                                <observation classCode="OBS" moodCode="EVN" isCriterionInd="true">
                                                   <code code="ASSERTION" codeSystem="2.16.840.1.113883.5.4"/>
                                                   <title>Patient characteristic: Estimated date of conception</title>
                                                   <value xsi:type="CD" code="2.16.840.1.113883.3.526.02.517" displayName="Estimated date of conception SNOMED-CT Code List"/>
                                                   <sourceOf typeCode="EAS" inversionInd="true">
                                                      <pauseQuantity xsi:type="URG_PQ">
                                                         <high value="10" unit="month" inclusive="true"/>
                                                      </pauseQuantity>
                                                      <act classCode="ACT" moodCode="EVN" isCriterionInd="true"><!-- procedure performed pattern -->
                                                         <templateId root="2.16.840.1.113883.3.560.1.6"/>
                                                         <id root="5474830E-5AE7-4F6F-A698-E296C6E02EFC"/>
                                                         <code code="47519-4" displayName="Procedures" codeSystem="2.16.840.1.113883.6.1"/>
                                                         <sourceOf typeCode="COMP">
                                                            <procedure classCode="PROC" moodCode="EVN" isCriterionInd="true">
                                                               <code code="2.16.840.1.113883.3.526.03.393" displayName="Delivery Live Births-Procedure Code List GROUPING"/>
                                                               <title>Procedure performed: Delivery Live Births-Procedure</title>
                                                               <sourceOf typeCode="DURING">
                                                                  <observation classCode="OBS" moodCode="EVN">
                                                                     <id root="DAF64035-F574-4DC1-812A-B1CE35900632"/>
                                                                     <title>Measurement period</title>
                                                                  </observation>
                                                               </sourceOf>
                                                            </procedure>
                                                         </sourceOf>
                                                      </act>
                                                   </sourceOf>
                                                </observation>
                                             </sourceOf>
                                          </act>
                                       </sourceOf>
                                    </encounter>
                                 </sourceOf>
                              </act>
                           </sourceOf>
                        </observation>
                     </sourceOf>
                  </act>
               </sourceOf>
               <sourceOf typeCode="PRCN">
                  <conjunctionCode code="AND"/>
                  <act classCode="ACT" moodCode="EVN" isCriterionInd="true"><!-- laboratory test performed pattern -->
                     <templateId root="2.16.840.1.113883.3.560.1.5"/>
                     <id root="EB37C11A-A5FC-4959-80A8-B187E27519E5"/>
                     <code code="30954-2" displayName="Results" codeSystem="2.16.840.1.113883.6.1"/>
                     <sourceOf typeCode="COMP">
                        <observation classCode="OBS" moodCode="EVN" isCriterionInd="true">
                           <code code="2.16.840.1.113883.3.526.03.395" displayName="HIV Screening Code List GROUPING"/>
                           <title>Laboratory test performed: HIV Screening</title>
                           <statusCode code="completed"/>
                           <sourceOf typeCode="SAS">
                              <subsetCode code="SECOND"/>
                              <act classCode="ACT" moodCode="EVN" isCriterionInd="true"><!-- encounter pattern -->
                                 <templateId root="2.16.840.1.113883.3.560.1.4"/>
                                 <id root="8473BA07-3EEA-4333-9227-0BECCFF5C1FD"/>
                                 <code code="46240-8" displayName="Encounter list" codeSystem="2.16.840.1.113883.6.1"/>
                                 <sourceOf typeCode="COMP">
                                    <encounter classCode="ENC" moodCode="EVN" isCriterionInd="true">
                                       <code code="2.16.840.1.113883.3.526.03.396" displayName="Prenatal Visit Code List GROUPING"/>
                                       <title>Encounter: Prenatal Visit</title>
                                       <sourceOf typeCode="SAS">
                                          <act classCode="ACT" moodCode="EVN" isCriterionInd="true"><!-- patient characteristic pattern -->
                                             <templateId root="2.16.840.1.113883.3.560.1.1001"/>
                                             <id root="F0EDE2E5-14C4-4058-B47A-8E12E48C3FE3"/>
                                             <code code="ASSERTION" codeSystem="2.16.840.1.113883.5.4"/>
                                             <sourceOf typeCode="COMP">
                                                <observation classCode="OBS" moodCode="EVN" isCriterionInd="true">
                                                   <code code="ASSERTION" codeSystem="2.16.840.1.113883.5.4"/>
                                                   <title>Patient characteristic: Estimated date of conception</title>
                                                   <value xsi:type="CD" code="2.16.840.1.113883.3.526.02.517" displayName="Estimated date of conception SNOMED-CT Code List"/>
                                                   <sourceOf typeCode="EAS" inversionInd="true">
                                                      <pauseQuantity xsi:type="URG_PQ">
                                                         <high value="10" unit="month" inclusive="true"/>
                                                      </pauseQuantity>
                                                      <act classCode="ACT" moodCode="EVN" isCriterionInd="true"><!-- procedure performed pattern -->
                                                         <templateId root="2.16.840.1.113883.3.560.1.6"/>
                                                         <id root="5474830E-5AE7-4F6F-A698-E296C6E02EFC"/>
                                                         <code code="47519-4" displayName="Procedures" codeSystem="2.16.840.1.113883.6.1"/>
                                                         <sourceOf typeCode="COMP">
                                                            <procedure classCode="PROC" moodCode="EVN" isCriterionInd="true">
                                                               <code code="2.16.840.1.113883.3.526.03.393" displayName="Delivery Live Births-Procedure Code List GROUPING"/>
                                                               <title>Procedure performed: Delivery Live Births-Procedure</title>
                                                               <sourceOf typeCode="DURING">
                                                                  <observation classCode="OBS" moodCode="EVN">
                                                                     <id root="DAF64035-F574-4DC1-812A-B1CE35900632"/>
                                                                     <title>Measurement period</title>
                                                                  </observation>
                                                               </sourceOf>
                                                            </procedure>
                                                         </sourceOf>
                                                      </act>
                                                   </sourceOf>
                                                </observation>
                                             </sourceOf>
                                          </act>
                                       </sourceOf>
                                    </encounter>
                                 </sourceOf>
                              </act>
                           </sourceOf>
                        </observation>
                     </sourceOf>
                  </act>
               </sourceOf>
            </observation>
         </entry><!--
            **************************************************************   
            Population Criteria Section: denominator 
            **************************************************************
      -->
         <entry typeCode="DRIV">
            <observation classCode="OBS" moodCode="EVN.CRT" isCriterionInd="true">
               <id root="e3a65fec-f9f4-4048-b707-5f8cc02572c3"/>
               <code code="ASSERTION" codeSystem="2.16.840.1.113883.5.4"/>
               <value xsi:type="CD" code="DENOM" codeSystem="2.16.840.1.113883.5.1063" codeSystemName="HL7 Observation Value" displayName="Denominator"/><!--  top and/or -->
               <sourceOf typeCode="PRCN">
                  <conjunctionCode code="AND"/>
                  <observation classCode="OBS" moodCode="EVN" isCriterionInd="true">
                     <id root="affb77c7-6191-4c21-a1dd-c912e1a5170c"/>
                     <title>Initial Patient Population</title>
                  </observation>
               </sourceOf>
               <sourceOf typeCode="PRCN">
                  <conjunctionCode code="AND"/>
                  <act classCode="ACT" moodCode="EVN" isCriterionInd="true"><!-- encounter pattern -->
                     <templateId root="2.16.840.1.113883.3.560.1.4"/>
                     <id root="8473BA07-3EEA-4333-9227-0BECCFF5C1FD"/>
                     <code code="46240-8" displayName="Encounter list" codeSystem="2.16.840.1.113883.6.1"/>
                     <sourceOf typeCode="COMP">
                        <encounter classCode="ENC" moodCode="EVN" isCriterionInd="true">
                           <code code="2.16.840.1.113883.3.526.03.396" displayName="Prenatal Visit Code List GROUPING"/>
                           <title>Encounter: Prenatal Visit</title>
                           <sourceOf typeCode="SAS">
                              <act classCode="ACT" moodCode="EVN" isCriterionInd="true"><!-- patient characteristic pattern -->
                                 <templateId root="2.16.840.1.113883.3.560.1.1001"/>
                                 <id root="F0EDE2E5-14C4-4058-B47A-8E12E48C3FE3"/>
                                 <code code="ASSERTION" codeSystem="2.16.840.1.113883.5.4"/>
                                 <sourceOf typeCode="COMP">
                                    <observation classCode="OBS" moodCode="EVN" isCriterionInd="true">
                                       <code code="ASSERTION" codeSystem="2.16.840.1.113883.5.4"/>
                                       <title>Patient characteristic: Estimated date of conception</title>
                                       <value xsi:type="CD" code="2.16.840.1.113883.3.526.02.517" displayName="Estimated date of conception SNOMED-CT Code List"/>
                                       <sourceOf typeCode="EAS" inversionInd="true">
                                          <pauseQuantity xsi:type="URG_PQ">
                                             <high value="10" unit="month" inclusive="true"/>
                                          </pauseQuantity>
                                          <act classCode="ACT" moodCode="EVN" isCriterionInd="true"><!-- procedure performed pattern -->
                                             <templateId root="2.16.840.1.113883.3.560.1.6"/>
                                             <id root="5474830E-5AE7-4F6F-A698-E296C6E02EFC"/>
                                             <code code="47519-4" displayName="Procedures" codeSystem="2.16.840.1.113883.6.1"/>
                                             <sourceOf typeCode="COMP">
                                                <procedure classCode="PROC" moodCode="EVN" isCriterionInd="true">
                                                   <code code="2.16.840.1.113883.3.526.03.393" displayName="Delivery Live Births-Procedure Code List GROUPING"/>
                                                   <title>Procedure performed: Delivery Live Births-Procedure</title>
                                                   <sourceOf typeCode="DURING">
                                                      <observation classCode="OBS" moodCode="EVN">
                                                         <id root="DAF64035-F574-4DC1-812A-B1CE35900632"/>
                                                         <title>Measurement period</title>
                                                      </observation>
                                                   </sourceOf>
                                                </procedure>
                                             </sourceOf>
                                          </act>
                                       </sourceOf>
                                    </observation>
                                 </sourceOf>
                              </act>
                           </sourceOf>
                        </encounter>
                     </sourceOf>
                  </act>
               </sourceOf>
            </observation>
         </entry><!--
            **************************************************************   
            Population Criteria Section: population 
            **************************************************************
      -->
         <entry typeCode="DRIV">
            <observation classCode="OBS" moodCode="EVN.CRT" isCriterionInd="true">
               <id root="affb77c7-6191-4c21-a1dd-c912e1a5170c"/>
               <code code="ASSERTION" codeSystem="2.16.840.1.113883.5.4"/>
               <value xsi:type="CD" code="IPP" codeSystem="2.16.840.1.113883.5.1063" codeSystemName="HL7 Observation Value" displayName="Initial Patient Population"/><!--  top and/or -->
               <sourceOf typeCode="PRCN">
                  <conjunctionCode code="AND"/>
                  <act classCode="ACT" moodCode="EVN" isCriterionInd="true">
                     <sourceOf typeCode="PRCN">
                        <conjunctionCode code="AND"/>
                        <act classCode="ACT" moodCode="EVN" isCriterionInd="true"><!-- diagnosis active pattern -->
                           <templateId root="2.16.840.1.113883.3.560.1.2"/>
                           <id root="7753DC19-192D-4366-9A23-7FCA9C29523B"/>
                           <code code="11450-4" displayName="Problem" codeSystem="2.16.840.1.113883.6.1"/>
                           <sourceOf typeCode="COMP">
                              <observation classCode="OBS" moodCode="EVN" isCriterionInd="true">
                                 <code code="55607006" codeSystem="2.16.840.1.113883.6.96" displayName="Problem"/>
                                 <title>Diagnosis active: Delivery Live Births-Diagnosis</title>
                                 <value xsi:type="CD" code="2.16.840.1.113883.3.526.03.394" displayName="Delivery Live Births-Diagnosis Code List GROUPING"/>
                                 <sourceOf typeCode="REFR">
                                    <observation classCode="OBS" moodCode="EVN" isCriterionInd="true">
                                       <code code="33999-4" codeSystem="2.16.840.1.113883.6.1" displayName="Status"/>
                                       <value xsi:type="CD" code="55561003" displayName="active" codeSystem="2.16.840.1.113883.6.96"/>
                                    </observation>
                                 </sourceOf>
                              </observation>
                           </sourceOf>
                        </act>
                     </sourceOf>
                     <sourceOf typeCode="PRCN">
                        <conjunctionCode code="AND"/>
                        <act classCode="ACT" moodCode="EVN" isCriterionInd="true"><!-- procedure performed pattern -->
                           <templateId root="2.16.840.1.113883.3.560.1.6"/>
                           <id root="5474830E-5AE7-4F6F-A698-E296C6E02EFC"/>
                           <code code="47519-4" displayName="Procedures" codeSystem="2.16.840.1.113883.6.1"/>
                           <sourceOf typeCode="COMP">
                              <procedure classCode="PROC" moodCode="EVN" isCriterionInd="true">
                                 <code code="2.16.840.1.113883.3.526.03.393" displayName="Delivery Live Births-Procedure Code List GROUPING"/>
                                 <title>Procedure performed: Delivery Live Births-Procedure</title>
                              </procedure>
                           </sourceOf>
                        </act>
                     </sourceOf>
                     <sourceOf typeCode="PRCN">
                        <conjunctionCode code="AND"/>
                        <act classCode="ACT" moodCode="EVN" isCriterionInd="true"><!-- patient characteristic pattern -->
                           <templateId root="2.16.840.1.113883.3.560.1.1001"/>
                           <id root="296EDD3C-ACE5-42D4-AF45-D993F644E3B4"/>
                           <code code="ASSERTION" codeSystem="2.16.840.1.113883.5.4"/>
                           <sourceOf typeCode="COMP">
                              <observation classCode="OBS" moodCode="EVN" isCriterionInd="true">
                                 <code code="ASSERTION" codeSystem="2.16.840.1.113883.5.4"/>
                                 <title>Patient characteristic: Gender Female</title>
                                 <value xsi:type="CD" code="2.16.840.1.113883.3.526.02.862" displayName="Gender Female HL7 Code List"/>
                              </observation>
                           </sourceOf>
                        </act>
                     </sourceOf>
                     <sourceOf typeCode="DURING">
                        <observation classCode="OBS" moodCode="EVN" isCriterionInd="true">
                           <id root="DAF64035-F574-4DC1-812A-B1CE35900632"/>
                           <title>Measurement period</title>
                        </observation>
                     </sourceOf>
                  </act>
               </sourceOf>
            </observation>
         </entry>
      </section>
   </component>
         
      <!--
         ******************************************   
         Data Criteria Section
         ******************************************
      --><component typeCode="COMP">
      <section>
         <code code="57025-9" codeSystem="2.16.840.1.113883.6.1" displayName="Data criteria (QDS Data Elements)"/>
         <title>Data criteria (QDS Data Elements)</title>
         <text>
            <list>
               <item>
                  <content>"Diagnosis active: Delivery Live Births-Diagnosis"</content> using "Delivery Live Births-Diagnosis Code List GROUPING (2.16.840.1.113883.3.526.03.394)"</item>
               <item>
                  <content>"Diagnosis active: HIV"</content> using "HIV Code List GROUPING (2.16.840.1.113883.3.526.03.465)"</item>
               <item>
                  <content>"Diagnosis inactive: HIV"</content> using "HIV Code List GROUPING (2.16.840.1.113883.3.526.03.465)"</item>
               <item>
                  <content>"Encounter: Prenatal Visit"</content> using "Prenatal Visit Code List GROUPING (2.16.840.1.113883.3.526.03.396)"</item>
               <item>
                  <content>"Laboratory test performed: HIV Screening"</content> using "HIV Screening Code List GROUPING (2.16.840.1.113883.3.526.03.395)"</item>
               <item>
                  <content>"Laboratory test performed not done: Medical reason"</content> using "Medical reason HL7 Code List (2.16.840.1.113883.3.526.02.313)"</item>
               <item>
                  <content>"Laboratory test performed not done: Patient reason"</content> using "Patient reason HL7 Code List (2.16.840.1.113883.3.526.02.311)"</item>
               <item>
                  <content>"Patient characteristic: Estimated date of conception"</content> using "Estimated date of conception SNOMED-CT Code List (2.16.840.1.113883.3.526.02.517)"</item>
               <item>
                  <content>"Patient characteristic: Gender Female"</content> using "Gender Female HL7 Code List (2.16.840.1.113883.3.526.02.862)"</item>
               <item>
                  <content>"Procedure performed: Delivery Live Births-Procedure"</content> using "Delivery Live Births-Procedure Code List GROUPING (2.16.840.1.113883.3.526.03.393)"</item>
            </list>
         </text>
         <entry typeCode="DRIV">
            <act classCode="ACT" moodCode="EVN" isCriterionInd="true"><!-- diagnosis active pattern -->
               <templateId root="2.16.840.1.113883.3.560.1.2"/>
               <id root="7753DC19-192D-4366-9A23-7FCA9C29523B"/>
               <code code="11450-4" displayName="Problem" codeSystem="2.16.840.1.113883.6.1"/>
               <sourceOf typeCode="COMP">
                  <observation classCode="OBS" moodCode="EVN" isCriterionInd="true">
                     <code code="55607006" codeSystem="2.16.840.1.113883.6.96" displayName="Problem"/>
                     <title>Diagnosis active: Delivery Live Births-Diagnosis</title>
                     <value xsi:type="CD" code="2.16.840.1.113883.3.526.03.394" displayName="Delivery Live Births-Diagnosis Code List GROUPING"/>
                     <sourceOf typeCode="REFR">
                        <observation classCode="OBS" moodCode="EVN" isCriterionInd="true">
                           <code code="33999-4" codeSystem="2.16.840.1.113883.6.1" displayName="Status"/>
                           <value xsi:type="CD" code="55561003" displayName="active" codeSystem="2.16.840.1.113883.6.96"/>
                        </observation>
                     </sourceOf>
                  </observation>
               </sourceOf>
            </act>
         </entry>
         <entry typeCode="DRIV">
            <act classCode="ACT" moodCode="EVN" isCriterionInd="true"><!-- procedure performed pattern -->
               <templateId root="2.16.840.1.113883.3.560.1.6"/>
               <id root="5474830E-5AE7-4F6F-A698-E296C6E02EFC"/>
               <code code="47519-4" displayName="Procedures" codeSystem="2.16.840.1.113883.6.1"/>
               <sourceOf typeCode="COMP">
                  <procedure classCode="PROC" moodCode="EVN" isCriterionInd="true">
                     <code code="2.16.840.1.113883.3.526.03.393" displayName="Delivery Live Births-Procedure Code List GROUPING"/>
                     <title>Procedure performed: Delivery Live Births-Procedure</title>
                  </procedure>
               </sourceOf>
            </act>
         </entry>
         <entry typeCode="DRIV">
            <act classCode="ACT" moodCode="EVN" isCriterionInd="true"><!-- patient characteristic pattern -->
               <templateId root="2.16.840.1.113883.3.560.1.1001"/>
               <id root="F0EDE2E5-14C4-4058-B47A-8E12E48C3FE3"/>
               <code code="ASSERTION" codeSystem="2.16.840.1.113883.5.4"/>
               <sourceOf typeCode="COMP">
                  <observation classCode="OBS" moodCode="EVN" isCriterionInd="true">
                     <code code="ASSERTION" codeSystem="2.16.840.1.113883.5.4"/>
                     <title>Patient characteristic: Estimated date of conception</title>
                     <value xsi:type="CD" code="2.16.840.1.113883.3.526.02.517" displayName="Estimated date of conception SNOMED-CT Code List"/>
                  </observation>
               </sourceOf>
            </act>
         </entry>
         <entry typeCode="DRIV">
            <act classCode="ACT" moodCode="EVN" isCriterionInd="true"><!-- diagnosis active pattern -->
               <templateId root="2.16.840.1.113883.3.560.1.2"/>
               <id root="221106C7-62EF-49D0-90A3-3D3C5A5828C2"/>
               <code code="11450-4" displayName="Problem" codeSystem="2.16.840.1.113883.6.1"/>
               <sourceOf typeCode="COMP">
                  <observation classCode="OBS" moodCode="EVN" isCriterionInd="true">
                     <code code="55607006" codeSystem="2.16.840.1.113883.6.96" displayName="Problem"/>
                     <title>Diagnosis active: HIV</title>
                     <value xsi:type="CD" code="2.16.840.1.113883.3.526.03.465" displayName="HIV Code List GROUPING"/>
                     <sourceOf typeCode="REFR">
                        <observation classCode="OBS" moodCode="EVN" isCriterionInd="true">
                           <code code="33999-4" codeSystem="2.16.840.1.113883.6.1" displayName="Status"/>
                           <value xsi:type="CD" code="55561003" displayName="active" codeSystem="2.16.840.1.113883.6.96"/>
                        </observation>
                     </sourceOf>
                  </observation>
               </sourceOf>
            </act>
         </entry>
         <entry typeCode="DRIV">
            <act classCode="ACT" moodCode="EVN" isCriterionInd="true"><!-- diagnosis inactive pattern -->
               <templateId root="2.16.840.1.113883.3.560.1.23"/>
               <id root="9D7F9384-0043-4D91-A188-93C4CC966427"/>
               <code code="11450-4" displayName="Problem" codeSystem="2.16.840.1.113883.6.1"/>
               <sourceOf typeCode="COMP">
                  <observation classCode="OBS" moodCode="EVN" isCriterionInd="true">
                     <code code="55607006" codeSystem="2.16.840.1.113883.6.96" displayName="Problem"/>
                     <title>Diagnosis inactive: HIV</title>
                     <value xsi:type="CD" code="2.16.840.1.113883.3.526.03.465" displayName="HIV Code List GROUPING"/>
                     <sourceOf typeCode="REFR">
                        <observation classCode="OBS" moodCode="EVN" isCriterionInd="true">
                           <code code="33999-4" codeSystem="2.16.840.1.113883.6.1" displayName="Status"/>
                           <value xsi:type="CD" code="73425007" displayName="inactive" codeSystem="2.16.840.1.113883.6.96"/>
                        </observation>
                     </sourceOf>
                  </observation>
               </sourceOf>
            </act>
         </entry>
         <entry typeCode="DRIV">
            <act classCode="ACT" moodCode="EVN" isCriterionInd="true"><!-- laboratory test performed pattern -->
               <templateId root="2.16.840.1.113883.3.560.1.5"/>
               <id root="EB37C11A-A5FC-4959-80A8-B187E27519E5"/>
               <code code="30954-2" displayName="Results" codeSystem="2.16.840.1.113883.6.1"/>
               <sourceOf typeCode="COMP">
                  <observation classCode="OBS" moodCode="EVN" isCriterionInd="true">
                     <code code="2.16.840.1.113883.3.526.03.395" displayName="HIV Screening Code List GROUPING"/>
                     <title>Laboratory test performed: HIV Screening</title>
                     <statusCode code="completed"/>
                  </observation>
               </sourceOf>
            </act>
         </entry>
         <entry typeCode="DRIV">
            <act classCode="ACT" moodCode="EVN" isCriterionInd="true"><!-- laboratory test performed not done pattern -->
               <templateId root="2.16.840.1.113883.3.560.1.105"/>
               <id root="1DFE20C6-EE2F-43AE-A6D8-E2269F1F09DF"/>
               <code code="30954-2" displayName="Results" codeSystem="2.16.840.1.113883.6.1"/>
               <sourceOf typeCode="COMP">
                  <observation classCode="OBS" moodCode="EVN" isCriterionInd="true">
                     <code code="2.16.840.1.113883.3.526.02.313" displayName="Medical reason HL7 Code List"/>
                     <title>Laboratory test performed not done: Medical reason</title>
                     <statusCode code="completed"/>
                  </observation>
               </sourceOf>
            </act>
         </entry>
         <entry typeCode="DRIV">
            <act classCode="ACT" moodCode="EVN" isCriterionInd="true"><!-- laboratory test performed not done pattern -->
               <templateId root="2.16.840.1.113883.3.560.1.105"/>
               <id root="27E79851-DCDF-49DE-A777-3369E524EF18"/>
               <code code="30954-2" displayName="Results" codeSystem="2.16.840.1.113883.6.1"/>
               <sourceOf typeCode="COMP">
                  <observation classCode="OBS" moodCode="EVN" isCriterionInd="true">
                     <code code="2.16.840.1.113883.3.526.02.311" displayName="Patient reason HL7 Code List"/>
                     <title>Laboratory test performed not done: Patient reason</title>
                     <statusCode code="completed"/>
                  </observation>
               </sourceOf>
            </act>
         </entry>
         <entry typeCode="DRIV">
            <act classCode="ACT" moodCode="EVN" isCriterionInd="true"><!-- encounter pattern -->
               <templateId root="2.16.840.1.113883.3.560.1.4"/>
               <id root="8473BA07-3EEA-4333-9227-0BECCFF5C1FD"/>
               <code code="46240-8" displayName="Encounter list" codeSystem="2.16.840.1.113883.6.1"/>
               <sourceOf typeCode="COMP">
                  <encounter classCode="ENC" moodCode="EVN" isCriterionInd="true">
                     <code code="2.16.840.1.113883.3.526.03.396" displayName="Prenatal Visit Code List GROUPING"/>
                     <title>Encounter: Prenatal Visit</title>
                  </encounter>
               </sourceOf>
            </act>
         </entry>
         <entry typeCode="DRIV">
            <act classCode="ACT" moodCode="EVN" isCriterionInd="true"><!-- patient characteristic pattern -->
               <templateId root="2.16.840.1.113883.3.560.1.1001"/>
               <id root="296EDD3C-ACE5-42D4-AF45-D993F644E3B4"/>
               <code code="ASSERTION" codeSystem="2.16.840.1.113883.5.4"/>
               <sourceOf typeCode="COMP">
                  <observation classCode="OBS" moodCode="EVN" isCriterionInd="true">
                     <code code="ASSERTION" codeSystem="2.16.840.1.113883.5.4"/>
                     <title>Patient characteristic: Gender Female</title>
                     <value xsi:type="CD" code="2.16.840.1.113883.3.526.02.862" displayName="Gender Female HL7 Code List"/>
                  </observation>
               </sourceOf>
            </act>
         </entry>
      </section>
   </component>
   <component typeCode="COMP">
      <section>
         <title>Summary Calculation</title>
         <text>
            <content>Calculation is generic to all measures:</content>
            <list>
               <item>Calculate the final denominator by adding all that meet denominator criteria.</item>
               <item>Subtract from the final denominator all that do not meet numerator criteria yet also meet exclusion criteria.  Note some measures do not have exclusion criteria.</item>
               <item>The performance calculation is based on the "Measure scoring" from header information above:
					        	<list>
                     <item>For "Proportion" measures, the calculation is the number meeting numerator criteria divided by the final denominator.</item>
                     <item>For "Ratio" and "Continuous Variable" measures, follow the calculation instructions in the Data Aggregation header information above, if present.</item>
                  </list>
               </item>
               <item>For measures with multiple denominators, repeat this process for each denominator and report each result separately.</item>
               <item>For measures with multiple patient populations, repeat this process for each patient population and report each result separately.</item>
               <item>For measures with multiple numerators, calculate each numerator separately within each population using the paired exclusion.</item>
            </list>
         </text>
      </section>
   </component>
</QualityMeasureDocument>