<?xml version="1.0" encoding="UTF-8"?>
<?xml-stylesheet type="text/xsl" href="HQMFreader.xsl"?>
<QualityMeasureDocument xmlns:xsi="http://www.w3.org/2001/XMLSchema-instance" xmlns="urn:hl7-org:v3">
         
      <!--
         **************************************************************   
         Measure Header Section
         **************************************************************
      --><typeId root="2.16.840.1.113883.1.3" extension="POQM_HD000001"/>
   <id root="CFFD2C4D-503B-43CA-A050-7893A497750F"/>
   <code code="57024-2" codeSystem="2.16.840.1.113883.6.1" displayName="Health Quality Measure Document"/>
   <title>Coronary Artery Disease (CAD): Oral Antiplatelet Therapy Prescribed for Patients with CAD (NQF 0067)</title>
   <text>Percentage of patients aged 18 years and older with a diagnosis of CAD who were prescribed oral antiplatelet therapy</text>
   <statusCode code="completed"/>
   <setId root="27A45F8D-4089-4BA5-877D-B16A1EDABB2D"/>
   <versionNumber value="1"/>
   <author typeCode="AUT">
      <assignedPerson classCode="ASSIGNED">
         <representedOrganization classCode="ORG" determinerCode="INSTANCE">
            <id root="2.16.840.1.113883.3.526"/>
            <name>American Medical Association - Physician Consortium for Performance Improvement</name>
            <contactParty classCode="CON" nullFlavor="UNK"/>
         </representedOrganization>
      </assignedPerson>
   </author>
   <custodian>
      <assignedPerson classCode="ASSIGNED">
         <representedOrganization classCode="ORG" determinerCode="INSTANCE">
            <id root="2.16.840.1.113883.3.526"/>
            <name>American Medical Association - Physician Consortium for Performance Improvement</name>
            <contactParty classCode="CON" nullFlavor="UNK"/>
         </representedOrganization>
      </assignedPerson>
   </custodian>
   <verifier typeCode="VRF">
      <assignedPerson classCode="ASSIGNED">
         <representedOrganization classCode="ORG" determinerCode="INSTANCE">
            <id root="2.16.840.1.113883.3.560"/>
            <name>National Quality Forum</name>
            <contactParty classCode="CON" nullFlavor="UNK"/>
         </representedOrganization>
      </assignedPerson>
   </verifier>
   <subjectOf>
      <measureAttribute>
         <code code="COPY" codeSystem="2.16.840.1.113883.5.4" displayName="Copyright"/>
         <value xsi:type="ED" mediaType="text/plain">© 2010 American Medical Association. All Rights Reserved</value>
      </measureAttribute>
   </subjectOf>
   <subjectOf>
      <measureAttribute>
         <code code="MSRSCORE" codeSystem="2.16.840.1.113883.5.4" displayName="Measure scoring"/>
         <value xsi:type="CD" code="PROPOR" codeSystem="2.16.840.1.113883.5.1063" displayName="Proportion"/>
      </measureAttribute>
   </subjectOf>
   <subjectOf>
      <measureAttribute>
         <code code="MSRTYPE" codeSystem="2.16.840.1.113883.5.4" displayName="Measure type"/>
         <value xsi:type="CD" code="PROCESS" codeSystem="2.16.840.1.113883.5.1063" displayName="Process"/>
      </measureAttribute>
   </subjectOf>
   <subjectOf>
      <measureAttribute>
         <code code="STRAT" codeSystem="2.16.840.1.113883.5.4" displayName="Stratification"/>
         <value xsi:type="ED" mediaType="text/plain">None</value>
      </measureAttribute>
   </subjectOf>
   <subjectOf>
      <measureAttribute>
         <code code="MSRADJ" codeSystem="2.16.840.1.113883.5.4" displayName="Risk Adjustment"/>
         <value xsi:type="ED" mediaType="text/plain">None</value>
      </measureAttribute>
   </subjectOf>
   <subjectOf>
      <measureAttribute>
         <code code="MSRAGG" codeSystem="2.16.840.1.113883.5.4" displayName="Data Aggregation"/>
         <value xsi:type="ED" mediaType="text/plain"/>
      </measureAttribute>
   </subjectOf>
   <subjectOf>
      <measureAttribute>
         <code code="RAT" codeSystem="2.16.840.1.113883.5.4" displayName="Rationale"/>
         <value xsi:type="ED" mediaType="text/plain">Oral antiplatelet therapy is recommended for all patients with coronary artery disease. By limiting the ability of clots to form in the arteries, antiplatelet agents have proven benefits in reducing the risk of non-fatal myocardial infarction, non-fatal stroke and death.</value>
      </measureAttribute>
   </subjectOf>
   <subjectOf>
      <measureAttribute>
         <code code="CRS" codeSystem="2.16.840.1.113883.3.560" displayName="Clinical Recommendation Statement"/>
         <value xsi:type="ED" mediaType="text/plain">Chronic Stable Angina: Class I – Aspirin 75-325 mg daily should be used routinely in all patients with acute and chronic ischemic heart disease with or without manifest symptoms in the absence of contraindications. Class IIa – Clopidogrel is recommended when aspirin is absolutely contraindicated. Class III – Dipyridamole. Because even the usual oral doses of dipyridamole can enhance exercise-induced myocardial ischemia in patients with stable angina, it should not be used as an antiplatelet agent (ACC/AHA/ACP-ASIM).

Unstable Angina and Non-ST-Segment Elevation Myocardial Infarction: Class I – Aspirin 75 to 325 mg/dl in the absence of contraindications. Class I – Clopidogrel 75 qd for patients with a contraindication to ASA (ACC/AHA).

Acute Myocardial Infarction (AMI): Class I – A dose of aspirin, 160 to 325 mg, should be given on day one of AMI and continued indefinitely on a daily basis thereafter. Trials suggest long-term use of aspirin in the postinfarction patient in a dose as low as 75 mg per day can be effective, with the likelihood that side effects can be reduced. Class IIb – Other antiplatelet agents such as dipyridamole, ticlopidine or clopidogrel may be substituted if true aspirin allergy is present or if the patient is unresponsive to aspirin (ACC/AHA).

Coronary Artery Bypass Graft Surgery: Aspirin is the drug of choice for prophylaxis against early saphenous graft thrombotic closure and should be considered a standard of care for the first postoperative year. In general, patients are continued on aspirin indefinitely, given its benefit in the secondary prevention of AMI. Ticlopidine is efficacious but offers no advantage over aspirin except as an alternative in the truly aspirin-allergic patient. Clopidogrel offers the potential of fewer side effects compared with ticlopidine as an alternative to aspirin for platelet inhibition. Indobufen appears to be as effective as aspirin for saphenous graft patency over the first postoperative year but with fewer gastrointestinal side effects. Current evidence suggests that dipyridamole adds nothing to the aspirin effect for saphenous graft patency (ACC/AHA).</value>
      </measureAttribute>
   </subjectOf>
   <subjectOf>
      <measureAttribute>
         <code code="IDUR" codeSystem="2.16.840.1.113883.3.560" displayName="Improvement notation"/>
         <value xsi:type="ED" mediaType="text/plain">Higher score indicates better quality</value>
      </measureAttribute>
   </subjectOf>
   <subjectOf>
      <measureAttribute>
         <templateId root="2.16.840.1.113883.3.560.1.74"/>
         <id root="CB07C039-0573-4B0B-A2C5-79ECD1119867"/>
         <code code="MSRTP" displayName="Measurement period" codeSystem="2.16.840.1.113883.3.560"/>
         <value xsi:type="EXPR_PQ" value="12" unit="m">
            <expression mediaType="text/plain">measureEndDate - measureStartDate</expression>
         </value>
      </measureAttribute>
   </subjectOf>
   <subjectOf>
      <localVariableName>measureStartDate</localVariableName>
      <measureAttribute>
         <templateId root="2.16.840.1.113883.3.560.1.75"/>
         <id root="0A88D913-DEA4-4670-B086-610C948697BC"/>
         <code code="MSRSD" displayName="Measurement start date" codeSystem="2.16.840.1.113883.3.560"/>
         <value xsi:type="TS" value="00000101"/>
      </measureAttribute>
   </subjectOf>
   <subjectOf>
      <localVariableName>measureEndDate</localVariableName>
      <measureAttribute>
         <templateId root="2.16.840.1.113883.3.560.1.75"/>
         <id root="51C57714-1C48-4B14-BA28-B2F0667BA313"/>
         <code code="MSRED" displayName="Measurement end date" codeSystem="2.16.840.1.113883.3.560"/>
         <value xsi:type="TS" value="00001231"/>
      </measureAttribute>
   </subjectOf>
   <subjectOf>
      <measureAttribute>
         <code code="MSRMD" codeSystem="2.16.840.1.113883.3.560" displayName="Measurement duration"/>
         <value xsi:type="ED" mediaType="text/plain">12 month(s)</value>
      </measureAttribute>
   </subjectOf>
   <subjectOf>
      <measureAttribute>
         <code code="REF" codeSystem="2.16.840.1.113883.5.4" displayName="Reference"/>
         <value xsi:type="ED" mediaType="text/plain">Gibbons RJ, Chatterjee K, Daley J, et al. American College of Cardiology/American Heart Association/American College of Physicians-American Society of Internal Medicine guidelines for the management of patients with chronic stable angina: A report of the American College of Cardiology/American Heart Association task force on practice guidelines (Committee on the Management of Patients with Chronic Stable Angina). J Am Coll Cardiol. 1999;33:2092-2197.</value>
      </measureAttribute>
   </subjectOf>
   <subjectOf>
      <measureAttribute>
         <code code="REF" codeSystem="2.16.840.1.113883.5.4" displayName="Reference"/>
         <value xsi:type="ED" mediaType="text/plain">Brunwald E, Antman EM, Beasley JW, et al. ACC/AHA guidelines for the management of patients with unstable angina and non-ST-segment elevation myocardial infarction. A report of the American College of Cardiology/American Heart Association task force on practice guidelines (Committee on the Management of Patients with Unstable Angina). J Am Coll Cardiol. 2000;36:970-1062.</value>
      </measureAttribute>
   </subjectOf>
   <subjectOf>
      <measureAttribute>
         <code code="REF" codeSystem="2.16.840.1.113883.5.4" displayName="Reference"/>
         <value xsi:type="ED" mediaType="text/plain">Ryan RJ, Antman EM, Brooks NH, et al. 1999 update: ACC/AHA guidelines for the management of patients with acute myocardial infarction. A report of the American College of Cardiology/American Heart Association task force on practice guidelines (Committee on Management of Acute Myocardial Infarction). J Am Coll Cardiol. 1999;34:890-911.</value>
      </measureAttribute>
   </subjectOf>
   <subjectOf>
      <measureAttribute>
         <code code="REF" codeSystem="2.16.840.1.113883.5.4" displayName="Reference"/>
         <value xsi:type="ED" mediaType="text/plain">Eagle KA, Guyton RA, Davidoff R, et al. ACC/AHA guidelines for coronary artery bypass graft surgery: A report of the American College of Cardiology/American Heart Association task force on practice guidelines (Committee to Revise the 1991 Guidelines for Coronary Artery Bypass Graft Surgery). J Am Coll Cardiol. 1999;34:1262-1347.</value>
      </measureAttribute>
   </subjectOf>
   <subjectOf>
      <measureAttribute>
         <code code="DEF" codeSystem="2.16.840.1.113883.3.560" displayName="Definition"/>
         <value xsi:type="ED" mediaType="text/plain" nullFlavor="NI"/>
      </measureAttribute>
   </subjectOf>
   <subjectOf>
      <measureAttribute>
         <code code="GUIDE" codeSystem="2.16.840.1.113883.5.4" displayName="Guidance"/>
         <value xsi:type="ED" mediaType="text/plain"/>
      </measureAttribute>
   </subjectOf>
   <componentOf>
      <qualityMeasureSet classCode="ACT">
         <id root="B1EB421F-C28C-453C-8DEE-7C6EFE318EB1"/>
         <title>CLINICAL QUALITY MEASURE SET 2011-2012</title>
      </qualityMeasureSet>
   </componentOf>
         
      <!--
         **************************************************************   
         Population Criteria Section
         **************************************************************
      --><component typeCode="COMP">
      <section>
         <code code="57026-7" codeSystem="2.16.840.1.113883.6.1" displayName="Population criteria"/>
         <title>Population criteria</title>
         <text>
            <list>
               <item>
                  <content styleCode="Bold">Initial Patient Population =</content>
                  <list>
                     <item>AND: "Patient characteristic: birth date"  &gt;= 18 year(s) starts before start of "Measurement period"</item>
                     <item>AND: <list>
                           <item>OR: "Diagnosis active: Coronary Artery Disease includes MI"</item>
                           <item>OR: "Procedure performed: Cardiac Surgery"</item>
                           <item> starts before or during <list>
                                 <item>OR: "Encounter: Encounter Inpatient Discharge"</item>
                                 <item>OR: "Encounter: Encounter Nursing Facility"</item>
                                 <item>OR: "Encounter: Encounter Outpatient"</item>
                                 <item> during "Measurement period"</item>
                              </list>
                           </item>
                        </list>
                     </item>
                     <item>AND: <list>
                           <item>OR:  &gt;= 2 count(s) of<list>
                                 <item>OR: "Encounter: Encounter Nursing Facility"</item>
                                 <item>OR: "Encounter: Encounter Outpatient"</item>
                                 <item> during "Measurement period"</item>
                              </list>
                           </item>
                           <item>OR:  &gt;= 1 count(s) of<list>
                                 <item>OR: "Encounter: Encounter Inpatient Discharge" during "Measurement period"</item>
                              </list>
                           </item>
                        </list>
                     </item>
                  </list>
               </item>
               <item>
                  <content styleCode="Bold">Denominator =</content>
                  <list>
                     <item>AND: "Initial Patient Population"</item>
                  </list>
               </item>
               <item>
                  <content styleCode="Bold">Numerator =</content>
                  <list>
                     <item>AND: <list>
                           <item>OR: "Medication ordered: Antiplatelet Therapy"</item>
                           <item>OR: "Medication active: Antiplatelet Therapy"</item>
                           <item> during "Measurement period"</item>
                        </list>
                     </item>
                  </list>
               </item>
               <item>
                  <content styleCode="Bold">Exclusions =</content>
                  <list>
                     <item>OR: <list>
                           <item>OR: <list>
                                 <item>OR: "Medication ordered not done: Medical reason" for "Antiplatelet Therapy RxNorm Code List"</item>
                                 <item>OR: "Medication ordered not done: Patient reason" for "Antiplatelet Therapy RxNorm Code List"</item>
                                 <item>OR: "Medication ordered not done: System reason" for "Antiplatelet Therapy RxNorm Code List"</item>
                              </list>
                           </item>
                           <item>OR: <list>
                                 <item>OR: "Medication active not done: Medical reason" for "Antiplatelet Therapy RxNorm Code List"</item>
                                 <item>OR: "Medication active not done: Patient reason" for "Antiplatelet Therapy RxNorm Code List"</item>
                                 <item>OR: "Medication active not done: System reason" for "Antiplatelet Therapy RxNorm Code List"</item>
                              </list>
                           </item>
                           <item> during "Measurement period"</item>
                        </list>
                     </item>
                     <item>OR: <list>
                           <item>OR: "Medication allergy: Antiplatelet Therapy"</item>
                           <item>OR: "Diagnosis active: Bleeding Coagulation Disorders"</item>
                           <item>OR: "Medication adverse effects: Antiplatelet Therapy"</item>
                           <item>OR: "Medication intolerance: Antiplatelet Therapy"</item>
                           <item> starts before or during <list>
                                 <item>OR: "Encounter: Encounter Inpatient Discharge"</item>
                                 <item>OR: "Encounter: Encounter Nursing Facility"</item>
                                 <item>OR: "Encounter: Encounter Outpatient"</item>
                                 <item> during "Measurement period"</item>
                              </list>
                           </item>
                        </list>
                     </item>
                  </list>
               </item>
            </list>
         </text><!--
            **************************************************************   
            Population Criteria Section: exceptions 
            **************************************************************
      -->
         <entry typeCode="DRIV">
            <observation classCode="OBS" moodCode="EVN.CRT" isCriterionInd="true">
               <id root="3FD5382B-082A-4BAB-898A-E941D03BD029"/>
               <code code="ASSERTION" codeSystem="2.16.840.1.113883.5.4"/>
               <value xsi:type="CD" code="DENEXCEP" codeSystem="2.16.840.1.113883.5.1063" codeSystemName="HL7 Observation Value" displayName="Denominator Exception"/><!--  top and/or -->
               <sourceOf typeCode="PRCN">
                  <conjunctionCode code="OR"/>
                  <act classCode="ACT" moodCode="EVN" isCriterionInd="true">
                     <sourceOf typeCode="PRCN">
                        <conjunctionCode code="OR"/>
                        <act classCode="ACT" moodCode="EVN" isCriterionInd="true">
                           <sourceOf typeCode="PRCN">
                              <conjunctionCode code="OR"/>
                              <act classCode="ACT" moodCode="EVN" isCriterionInd="true" actionNegationInd="true"><!-- medication ordered pattern -->
                                 <templateId root="2.16.840.1.113883.3.560.1.78"/>
                                 <id root="87D428C6-0F8C-4E3C-9352-341A6708D10E"/>
                                 <code code="10160-0" displayName="Medications" codeSystem="2.16.840.1.113883.6.1"/>
                                 <sourceOf typeCode="COMP">
                                    <substanceAdministration classCode="SBADM" moodCode="RQO" isCriterionInd="true">
                                       <title>Medication ordered not done: Medical reason</title>
                                       <participant typeCode="CSM">
                                          <roleParticipant classCode="MANU">
                                             <playingMaterial classCode="MMAT" determinerCode="KIND">
                                                <code code="2.16.840.1.113883.3.526.02.132" displayName="Antiplatelet Therapy RxNorm Code List"/>
                                             </playingMaterial>
                                          </roleParticipant>
                                       </participant>
                                       <sourceOf typeCode="RSON">
                                          <observation classCode="OBS" moodCode="EVN" isCriterionInd="true">
                                             <code code="ASSERTION" codeSystem="2.16.840.1.113883.5.4"/>
                                             <value xsi:type="CD" code="2.16.840.1.113883.3.526.02.313" displayName="Antiplatelet Therapy RxNorm Code List"/>
                                          </observation>
                                       </sourceOf>
                                    </substanceAdministration>
                                 </sourceOf>
                              </act>
                           </sourceOf>
                           <sourceOf typeCode="PRCN">
                              <conjunctionCode code="OR"/>
                              <act classCode="ACT" moodCode="EVN" isCriterionInd="true" actionNegationInd="true"><!-- medication ordered pattern -->
                                 <templateId root="2.16.840.1.113883.3.560.1.78"/>
                                 <id root="87D428C6-0F8C-4E3C-9352-341A6708D10E"/>
                                 <code code="10160-0" displayName="Medications" codeSystem="2.16.840.1.113883.6.1"/>
                                 <sourceOf typeCode="COMP">
                                    <substanceAdministration classCode="SBADM" moodCode="RQO" isCriterionInd="true">
                                       <title>Medication ordered not done: Patient reason</title>
                                       <participant typeCode="CSM">
                                          <roleParticipant classCode="MANU">
                                             <playingMaterial classCode="MMAT" determinerCode="KIND">
                                                <code code="2.16.840.1.113883.3.526.02.132" displayName="Antiplatelet Therapy RxNorm Code List"/>
                                             </playingMaterial>
                                          </roleParticipant>
                                       </participant>
                                       <sourceOf typeCode="RSON">
                                          <observation classCode="OBS" moodCode="EVN" isCriterionInd="true">
                                             <code code="ASSERTION" codeSystem="2.16.840.1.113883.5.4"/>
                                             <value xsi:type="CD" code="2.16.840.1.113883.3.526.02.311" displayName="Antiplatelet Therapy RxNorm Code List"/>
                                          </observation>
                                       </sourceOf>
                                    </substanceAdministration>
                                 </sourceOf>
                              </act>
                           </sourceOf>
                           <sourceOf typeCode="PRCN">
                              <conjunctionCode code="OR"/>
                              <act classCode="ACT" moodCode="EVN" isCriterionInd="true" actionNegationInd="true"><!-- medication ordered pattern -->
                                 <templateId root="2.16.840.1.113883.3.560.1.78"/>
                                 <id root="87D428C6-0F8C-4E3C-9352-341A6708D10E"/>
                                 <code code="10160-0" displayName="Medications" codeSystem="2.16.840.1.113883.6.1"/>
                                 <sourceOf typeCode="COMP">
                                    <substanceAdministration classCode="SBADM" moodCode="RQO" isCriterionInd="true">
                                       <title>Medication ordered not done: System reason</title>
                                       <participant typeCode="CSM">
                                          <roleParticipant classCode="MANU">
                                             <playingMaterial classCode="MMAT" determinerCode="KIND">
                                                <code code="2.16.840.1.113883.3.526.02.132" displayName="Antiplatelet Therapy RxNorm Code List"/>
                                             </playingMaterial>
                                          </roleParticipant>
                                       </participant>
                                       <sourceOf typeCode="RSON">
                                          <observation classCode="OBS" moodCode="EVN" isCriterionInd="true">
                                             <code code="ASSERTION" codeSystem="2.16.840.1.113883.5.4"/>
                                             <value xsi:type="CD" code="2.16.840.1.113883.3.526.02.310" displayName="Antiplatelet Therapy RxNorm Code List"/>
                                          </observation>
                                       </sourceOf>
                                    </substanceAdministration>
                                 </sourceOf>
                              </act>
                           </sourceOf>
                        </act>
                     </sourceOf>
                     <sourceOf typeCode="PRCN">
                        <conjunctionCode code="OR"/>
                        <act classCode="ACT" moodCode="EVN" isCriterionInd="true">
                           <sourceOf typeCode="PRCN">
                              <conjunctionCode code="OR"/>
                              <act classCode="ACT" moodCode="EVN" isCriterionInd="true" actionNegationInd="true"><!-- medication active pattern -->
                                 <templateId root="2.16.840.1.113883.3.560.1.113"/>
                                 <id root="B80221D5-C738-4CFC-A395-4020A8F86761"/>
                                 <code code="10160-0" displayName="Medications" codeSystem="2.16.840.1.113883.6.1"/>
                                 <sourceOf typeCode="COMP">
                                    <substanceAdministration classCode="SBADM" moodCode="EVN" isCriterionInd="true">
                                       <title>Medication active not done: Medical reason</title>
                                       <participant typeCode="CSM">
                                          <roleParticipant classCode="MANU">
                                             <playingMaterial classCode="MMAT" determinerCode="KIND">
                                                <code code="2.16.840.1.113883.3.526.02.132" displayName="Antiplatelet Therapy RxNorm Code List"/>
                                             </playingMaterial>
                                          </roleParticipant>
                                       </participant>
                                       <sourceOf typeCode="REFR">
                                          <observation classCode="OBS" moodCode="EVN" isCriterionInd="true">
                                             <code code="33999-4" displayName="Status" codeSystem="2.16.840.1.113883.6.1"/>
                                             <value xsi:type="CD" code="55561003" displayName="Active" codeSystem="2.16.840.1.113883.6.96"/>
                                          </observation>
                                       </sourceOf>
                                       <sourceOf typeCode="RSON">
                                          <observation classCode="OBS" moodCode="EVN" isCriterionInd="true">
                                             <code code="ASSERTION" codeSystem="2.16.840.1.113883.5.4"/>
                                             <value xsi:type="CD" code="2.16.840.1.113883.3.526.02.313" displayName="Antiplatelet Therapy RxNorm Code List"/>
                                          </observation>
                                       </sourceOf>
                                    </substanceAdministration>
                                 </sourceOf>
                              </act>
                           </sourceOf>
                           <sourceOf typeCode="PRCN">
                              <conjunctionCode code="OR"/>
                              <act classCode="ACT" moodCode="EVN" isCriterionInd="true" actionNegationInd="true"><!-- medication active pattern -->
                                 <templateId root="2.16.840.1.113883.3.560.1.113"/>
                                 <id root="B80221D5-C738-4CFC-A395-4020A8F86761"/>
                                 <code code="10160-0" displayName="Medications" codeSystem="2.16.840.1.113883.6.1"/>
                                 <sourceOf typeCode="COMP">
                                    <substanceAdministration classCode="SBADM" moodCode="EVN" isCriterionInd="true">
                                       <title>Medication active not done: Patient reason</title>
                                       <participant typeCode="CSM">
                                          <roleParticipant classCode="MANU">
                                             <playingMaterial classCode="MMAT" determinerCode="KIND">
                                                <code code="2.16.840.1.113883.3.526.02.132" displayName="Antiplatelet Therapy RxNorm Code List"/>
                                             </playingMaterial>
                                          </roleParticipant>
                                       </participant>
                                       <sourceOf typeCode="REFR">
                                          <observation classCode="OBS" moodCode="EVN" isCriterionInd="true">
                                             <code code="33999-4" displayName="Status" codeSystem="2.16.840.1.113883.6.1"/>
                                             <value xsi:type="CD" code="55561003" displayName="Active" codeSystem="2.16.840.1.113883.6.96"/>
                                          </observation>
                                       </sourceOf>
                                       <sourceOf typeCode="RSON">
                                          <observation classCode="OBS" moodCode="EVN" isCriterionInd="true">
                                             <code code="ASSERTION" codeSystem="2.16.840.1.113883.5.4"/>
                                             <value xsi:type="CD" code="2.16.840.1.113883.3.526.02.311" displayName="Antiplatelet Therapy RxNorm Code List"/>
                                          </observation>
                                       </sourceOf>
                                    </substanceAdministration>
                                 </sourceOf>
                              </act>
                           </sourceOf>
                           <sourceOf typeCode="PRCN">
                              <conjunctionCode code="OR"/>
                              <act classCode="ACT" moodCode="EVN" isCriterionInd="true" actionNegationInd="true"><!-- medication active pattern -->
                                 <templateId root="2.16.840.1.113883.3.560.1.113"/>
                                 <id root="B80221D5-C738-4CFC-A395-4020A8F86761"/>
                                 <code code="10160-0" displayName="Medications" codeSystem="2.16.840.1.113883.6.1"/>
                                 <sourceOf typeCode="COMP">
                                    <substanceAdministration classCode="SBADM" moodCode="EVN" isCriterionInd="true">
                                       <title>Medication active not done: System reason</title>
                                       <participant typeCode="CSM">
                                          <roleParticipant classCode="MANU">
                                             <playingMaterial classCode="MMAT" determinerCode="KIND">
                                                <code code="2.16.840.1.113883.3.526.02.132" displayName="Antiplatelet Therapy RxNorm Code List"/>
                                             </playingMaterial>
                                          </roleParticipant>
                                       </participant>
                                       <sourceOf typeCode="REFR">
                                          <observation classCode="OBS" moodCode="EVN" isCriterionInd="true">
                                             <code code="33999-4" displayName="Status" codeSystem="2.16.840.1.113883.6.1"/>
                                             <value xsi:type="CD" code="55561003" displayName="Active" codeSystem="2.16.840.1.113883.6.96"/>
                                          </observation>
                                       </sourceOf>
                                       <sourceOf typeCode="RSON">
                                          <observation classCode="OBS" moodCode="EVN" isCriterionInd="true">
                                             <code code="ASSERTION" codeSystem="2.16.840.1.113883.5.4"/>
                                             <value xsi:type="CD" code="2.16.840.1.113883.3.526.02.310" displayName="Antiplatelet Therapy RxNorm Code List"/>
                                          </observation>
                                       </sourceOf>
                                    </substanceAdministration>
                                 </sourceOf>
                              </act>
                           </sourceOf>
                        </act>
                     </sourceOf>
                     <sourceOf typeCode="DURING">
                        <observation classCode="OBS" moodCode="EVN" isCriterionInd="true">
                           <id root="CB07C039-0573-4B0B-A2C5-79ECD1119867"/>
                           <title>Measurement period</title>
                        </observation>
                     </sourceOf>
                  </act>
               </sourceOf>
               <sourceOf typeCode="PRCN">
                  <conjunctionCode code="OR"/>
                  <act classCode="ACT" moodCode="EVN" isCriterionInd="true">
                     <sourceOf typeCode="PRCN">
                        <conjunctionCode code="OR"/>
                        <act classCode="ACT" moodCode="EVN" isCriterionInd="true"><!-- medication allergy pattern -->
                           <templateId root="2.16.840.1.113883.3.560.1.1"/>
                           <id root="71D02E72-B51A-452E-BAB4-6272FCD545BD"/>
                           <code code="48765-2" displayName="Allergies, adverse reactions, alerts" codeSystem="2.16.840.1.113883.6.1"/>
                           <sourceOf typeCode="COMP">
                              <observation classCode="OBS" moodCode="EVN" isCriterionInd="true">
                                 <code code="416098002" codeSystem="2.16.840.1.113883.6.96" displayName="Drug allergy"/>
                                 <title>Medication allergy: Antiplatelet Therapy</title>
                                 <participant typeCode="CSM">
                                    <roleParticipant classCode="MANU">
                                       <playingMaterial classCode="MMAT" determinerCode="KIND">
                                          <code code="2.16.840.1.113883.3.526.02.132" displayName="Antiplatelet Therapy RxNorm Code List"/>
                                       </playingMaterial>
                                    </roleParticipant>
                                 </participant>
                              </observation>
                           </sourceOf>
                        </act>
                     </sourceOf>
                     <sourceOf typeCode="PRCN">
                        <conjunctionCode code="OR"/>
                        <act classCode="ACT" moodCode="EVN" isCriterionInd="true"><!-- diagnosis active pattern -->
                           <templateId root="2.16.840.1.113883.3.560.1.2"/>
                           <id root="49C4517D-1730-4638-A0C3-52CA478F86CF"/>
                           <code code="11450-4" displayName="Problem" codeSystem="2.16.840.1.113883.6.1"/>
                           <sourceOf typeCode="COMP">
                              <observation classCode="OBS" moodCode="EVN" isCriterionInd="true">
                                 <code code="55607006" codeSystem="2.16.840.1.113883.6.96" displayName="Problem"/>
                                 <title>Diagnosis active: Bleeding Coagulation Disorders</title>
                                 <value xsi:type="CD" code="2.16.840.1.113883.3.526.03.421" displayName="Bleeding Coagulation Disorders Code List GROUPING"/>
                                 <sourceOf typeCode="REFR">
                                    <observation classCode="OBS" moodCode="EVN" isCriterionInd="true">
                                       <code code="33999-4" codeSystem="2.16.840.1.113883.6.1" displayName="Status"/>
                                       <value xsi:type="CD" code="55561003" displayName="active" codeSystem="2.16.840.1.113883.6.96"/>
                                    </observation>
                                 </sourceOf>
                              </observation>
                           </sourceOf>
                        </act>
                     </sourceOf>
                     <sourceOf typeCode="PRCN">
                        <conjunctionCode code="OR"/>
                        <act classCode="ACT" moodCode="EVN" isCriterionInd="true"><!-- medication adverse effects pattern -->
                           <templateId root="2.16.840.1.113883.3.560.1.7"/>
                           <id root="DE7AB8A7-1A25-4E64-B09D-09EEBB9C4814"/>
                           <code code="48765-2" displayName="Allergies, adverse reactions, alerts" codeSystem="2.16.840.1.113883.6.1"/>
                           <sourceOf typeCode="COMP">
                              <observation classCode="OBS" moodCode="EVN" isCriterionInd="true">
                                 <code code="419511003" codeSystem="2.16.840.1.113883.6.96" displayName="Drug adverse effect"/>
                                 <title>Medication adverse effects: Antiplatelet Therapy</title>
                                 <participant typeCode="CSM">
                                    <roleParticipant classCode="MANU">
                                       <playingMaterial classCode="MMAT" determinerCode="KIND">
                                          <code code="2.16.840.1.113883.3.526.02.132" displayName="Antiplatelet Therapy RxNorm Code List"/>
                                       </playingMaterial>
                                    </roleParticipant>
                                 </participant>
                              </observation>
                           </sourceOf>
                        </act>
                     </sourceOf>
                     <sourceOf typeCode="PRCN">
                        <conjunctionCode code="OR"/>
                        <act classCode="ACT" moodCode="EVN" isCriterionInd="true"><!-- medication intolerance pattern -->
                           <templateId root="2.16.840.1.113883.3.560.1.15"/>
                           <id root="96C5CAA9-9BC6-4740-AA54-345F86DE6205"/>
                           <code code="48765-2" displayName="Allergies, adverse reactions, alerts" codeSystem="2.16.840.1.113883.6.1"/>
                           <sourceOf typeCode="COMP">
                              <observation classCode="OBS" moodCode="EVN" isCriterionInd="true">
                                 <code code="59037007" codeSystem="2.16.840.1.113883.6.96" displayName="Drug intolerance"/>
                                 <title>Medication intolerance: Antiplatelet Therapy</title>
                                 <participant typeCode="CSM">
                                    <roleParticipant classCode="MANU">
                                       <playingMaterial classCode="MMAT" determinerCode="KIND">
                                          <code code="2.16.840.1.113883.3.526.02.132" displayName="Antiplatelet Therapy RxNorm Code List"/>
                                       </playingMaterial>
                                    </roleParticipant>
                                 </participant>
                              </observation>
                           </sourceOf>
                        </act>
                     </sourceOf>
                     <sourceOf typeCode="EAS" inversionInd="true">
                        <act classCode="ACT" moodCode="EVN" isCriterionInd="true">
                           <sourceOf typeCode="PRCN">
                              <conjunctionCode code="OR"/>
                              <act classCode="ACT" moodCode="EVN" isCriterionInd="true"><!-- encounter pattern -->
                                 <templateId root="2.16.840.1.113883.3.560.1.4"/>
                                 <id root="545D0EB5-64DA-4A0E-ABB9-F742E38E202E"/>
                                 <code code="46240-8" displayName="Encounter list" codeSystem="2.16.840.1.113883.6.1"/>
                                 <sourceOf typeCode="COMP">
                                    <encounter classCode="ENC" moodCode="EVN" isCriterionInd="true">
                                       <code code="2.16.840.1.113883.3.526.02.27" displayName="Encounter Inpatient Discharge CPT Code List"/>
                                       <title>Encounter: Encounter Inpatient Discharge</title>
                                    </encounter>
                                 </sourceOf>
                              </act>
                           </sourceOf>
                           <sourceOf typeCode="PRCN">
                              <conjunctionCode code="OR"/>
                              <act classCode="ACT" moodCode="EVN" isCriterionInd="true"><!-- encounter pattern -->
                                 <templateId root="2.16.840.1.113883.3.560.1.4"/>
                                 <id root="D35824D2-A56F-45C8-BEC9-637C72054ED4"/>
                                 <code code="46240-8" displayName="Encounter list" codeSystem="2.16.840.1.113883.6.1"/>
                                 <sourceOf typeCode="COMP">
                                    <encounter classCode="ENC" moodCode="EVN" isCriterionInd="true">
                                       <code code="2.16.840.1.113883.3.526.02.28" displayName="Encounter Nursing Facility CPT Code List"/>
                                       <title>Encounter: Encounter Nursing Facility</title>
                                    </encounter>
                                 </sourceOf>
                              </act>
                           </sourceOf>
                           <sourceOf typeCode="PRCN">
                              <conjunctionCode code="OR"/>
                              <act classCode="ACT" moodCode="EVN" isCriterionInd="true"><!-- encounter pattern -->
                                 <templateId root="2.16.840.1.113883.3.560.1.4"/>
                                 <id root="CFCBC0C3-E786-4678-BA63-22D6991C0056"/>
                                 <code code="46240-8" displayName="Encounter list" codeSystem="2.16.840.1.113883.6.1"/>
                                 <sourceOf typeCode="COMP">
                                    <encounter classCode="ENC" moodCode="EVN" isCriterionInd="true">
                                       <code code="2.16.840.1.113883.3.526.02.26" displayName="Encounter Outpatient CPT Code List"/>
                                       <title>Encounter: Encounter Outpatient</title>
                                    </encounter>
                                 </sourceOf>
                              </act>
                           </sourceOf>
                           <sourceOf typeCode="DURING">
                              <observation classCode="OBS" moodCode="EVN" isCriterionInd="true">
                                 <id root="CB07C039-0573-4B0B-A2C5-79ECD1119867"/>
                                 <title>Measurement period</title>
                              </observation>
                           </sourceOf>
                        </act>
                     </sourceOf>
                  </act>
               </sourceOf>
            </observation>
         </entry><!--
            **************************************************************   
            Population Criteria Section: numerator 
            **************************************************************
      -->
         <entry typeCode="DRIV">
            <observation classCode="OBS" moodCode="EVN.CRT" isCriterionInd="true">
               <id root="C03C6948-8B79-4EA3-B740-5B120C6961F2"/>
               <code code="ASSERTION" codeSystem="2.16.840.1.113883.5.4"/>
               <value xsi:type="CD" code="NUMER" codeSystem="2.16.840.1.113883.5.1063" codeSystemName="HL7 Observation Value" displayName="Numerator"/><!--  top and/or -->
               <sourceOf typeCode="PRCN">
                  <conjunctionCode code="AND"/>
                  <act classCode="ACT" moodCode="EVN" isCriterionInd="true">
                     <sourceOf typeCode="PRCN">
                        <conjunctionCode code="OR"/>
                        <act classCode="ACT" moodCode="EVN" isCriterionInd="true"><!-- medication ordered pattern -->
                           <templateId root="2.16.840.1.113883.3.560.1.17"/>
                           <id root="87D428C6-0F8C-4E3C-9352-341A6708D10E"/>
                           <code code="10160-0" displayName="Medications" codeSystem="2.16.840.1.113883.6.1"/>
                           <sourceOf typeCode="COMP">
                              <substanceAdministration classCode="SBADM" moodCode="RQO" isCriterionInd="true">
                                 <title>Medication ordered: Antiplatelet Therapy</title>
                                 <participant typeCode="CSM">
                                    <roleParticipant classCode="MANU">
                                       <playingMaterial classCode="MMAT" determinerCode="KIND">
                                          <code code="2.16.840.1.113883.3.526.02.132" displayName="Antiplatelet Therapy RxNorm Code List"/>
                                       </playingMaterial>
                                    </roleParticipant>
                                 </participant>
                              </substanceAdministration>
                           </sourceOf>
                        </act>
                     </sourceOf>
                     <sourceOf typeCode="PRCN">
                        <conjunctionCode code="OR"/>
                        <act classCode="ACT" moodCode="EVN" isCriterionInd="true"><!-- medication active pattern -->
                           <templateId root="2.16.840.1.113883.3.560.1.13"/>
                           <id root="B80221D5-C738-4CFC-A395-4020A8F86761"/>
                           <code code="10160-0" displayName="Medications" codeSystem="2.16.840.1.113883.6.1"/>
                           <sourceOf typeCode="COMP">
                              <substanceAdministration classCode="SBADM" moodCode="EVN" isCriterionInd="true">
                                 <title>Medication active: Antiplatelet Therapy</title>
                                 <participant typeCode="CSM">
                                    <roleParticipant classCode="MANU">
                                       <playingMaterial classCode="MMAT" determinerCode="KIND">
                                          <code code="2.16.840.1.113883.3.526.02.132" displayName="Antiplatelet Therapy RxNorm Code List"/>
                                       </playingMaterial>
                                    </roleParticipant>
                                 </participant>
                                 <sourceOf typeCode="REFR">
                                    <observation classCode="OBS" moodCode="EVN" isCriterionInd="true">
                                       <code code="33999-4" displayName="Status" codeSystem="2.16.840.1.113883.6.1"/>
                                       <value xsi:type="CD" code="55561003" displayName="Active" codeSystem="2.16.840.1.113883.6.96"/>
                                    </observation>
                                 </sourceOf>
                              </substanceAdministration>
                           </sourceOf>
                        </act>
                     </sourceOf>
                     <sourceOf typeCode="DURING">
                        <observation classCode="OBS" moodCode="EVN" isCriterionInd="true">
                           <id root="CB07C039-0573-4B0B-A2C5-79ECD1119867"/>
                           <title>Measurement period</title>
                        </observation>
                     </sourceOf>
                  </act>
               </sourceOf>
            </observation>
         </entry><!--
            **************************************************************   
            Population Criteria Section: denominator 
            **************************************************************
      -->
         <entry typeCode="DRIV">
            <observation classCode="OBS" moodCode="EVN.CRT" isCriterionInd="true">
               <id root="F469C99C-78D2-4000-BB6E-30618857A67C"/>
               <code code="ASSERTION" codeSystem="2.16.840.1.113883.5.4"/>
               <value xsi:type="CD" code="DENOM" codeSystem="2.16.840.1.113883.5.1063" codeSystemName="HL7 Observation Value" displayName="Denominator"/><!--  top and/or -->
               <sourceOf typeCode="PRCN">
                  <conjunctionCode code="AND"/>
                  <observation classCode="OBS" moodCode="EVN" isCriterionInd="true">
                     <id root="72CDF858-DACF-4AF5-9043-0CABF098DA60"/>
                     <title>Initial Patient Population</title>
                  </observation>
               </sourceOf>
            </observation>
         </entry><!--
            **************************************************************   
            Population Criteria Section: population 
            **************************************************************
      -->
         <entry typeCode="DRIV">
            <observation classCode="OBS" moodCode="EVN.CRT" isCriterionInd="true">
               <id root="72CDF858-DACF-4AF5-9043-0CABF098DA60"/>
               <code code="ASSERTION" codeSystem="2.16.840.1.113883.5.4"/>
               <value xsi:type="CD" code="IPP" codeSystem="2.16.840.1.113883.5.1063" codeSystemName="HL7 Observation Value" displayName="Initial Patient Population"/><!--  top and/or -->
               <sourceOf typeCode="PRCN">
                  <conjunctionCode code="AND"/>
                  <act classCode="ACT" moodCode="EVN" isCriterionInd="true"><!-- patient characteristic pattern -->
                     <templateId root="2.16.840.1.113883.3.560.1.25"/>
                     <id root="E0B668EE-7FE6-42BC-BBBA-7EB43129A82B"/>
                     <code code="45970-1" displayName="Demographics" codeSystem="2.16.840.1.113883.6.1"/>
                     <sourceOf typeCode="COMP">
                        <observation classCode="OBS" moodCode="EVN" isCriterionInd="true">
                           <code code="2.16.840.1.113883.3.526.02.8" displayName="birth date HL7 Code List"/>
                           <title>Patient characteristic: birth date</title>
                           <sourceOf typeCode="SBS">
                              <pauseQuantity xsi:type="IVL_PQ">
                                 <low value="18" unit="a" inclusive="true"/>
                              </pauseQuantity>
                              <observation classCode="OBS" moodCode="EVN">
                                 <id root="CB07C039-0573-4B0B-A2C5-79ECD1119867"/>
                                 <title>Measurement period</title>
                              </observation>
                           </sourceOf>
                        </observation>
                     </sourceOf>
                  </act>
               </sourceOf>
               <sourceOf typeCode="PRCN">
                  <conjunctionCode code="AND"/>
                  <act classCode="ACT" moodCode="EVN" isCriterionInd="true">
                     <sourceOf typeCode="PRCN">
                        <conjunctionCode code="OR"/>
                        <act classCode="ACT" moodCode="EVN" isCriterionInd="true"><!-- diagnosis active pattern -->
                           <templateId root="2.16.840.1.113883.3.560.1.2"/>
                           <id root="D2DAA52C-5ABE-4AA7-BE8D-EF9DDB86B376"/>
                           <code code="11450-4" displayName="Problem" codeSystem="2.16.840.1.113883.6.1"/>
                           <sourceOf typeCode="COMP">
                              <observation classCode="OBS" moodCode="EVN" isCriterionInd="true">
                                 <code code="55607006" codeSystem="2.16.840.1.113883.6.96" displayName="Problem"/>
                                 <title>Diagnosis active: Coronary Artery Disease includes MI</title>
                                 <value xsi:type="CD" code="2.16.840.1.113883.3.526.03.365" displayName="Coronary Artery Disease includes MI Code List GROUPING"/>
                                 <sourceOf typeCode="REFR">
                                    <observation classCode="OBS" moodCode="EVN" isCriterionInd="true">
                                       <code code="33999-4" codeSystem="2.16.840.1.113883.6.1" displayName="Status"/>
                                       <value xsi:type="CD" code="55561003" displayName="active" codeSystem="2.16.840.1.113883.6.96"/>
                                    </observation>
                                 </sourceOf>
                              </observation>
                           </sourceOf>
                        </act>
                     </sourceOf>
                     <sourceOf typeCode="PRCN">
                        <conjunctionCode code="OR"/>
                        <act classCode="ACT" moodCode="EVN" isCriterionInd="true"><!-- procedure performed pattern -->
                           <templateId root="2.16.840.1.113883.3.560.1.6"/>
                           <id root="90857268-249A-4322-91D0-5AC695358138"/>
                           <code code="47519-4" displayName="Procedures" codeSystem="2.16.840.1.113883.6.1"/>
                           <sourceOf typeCode="COMP">
                              <procedure classCode="PROC" moodCode="EVN" isCriterionInd="true">
                                 <code code="2.16.840.1.113883.3.526.03.371" displayName="Cardiac Surgery Code List GROUPING"/>
                                 <title>Procedure performed: Cardiac Surgery</title>
                              </procedure>
                           </sourceOf>
                        </act>
                     </sourceOf>
                     <sourceOf typeCode="EAS" inversionInd="true">
                        <act classCode="ACT" moodCode="EVN" isCriterionInd="true">
                           <sourceOf typeCode="PRCN">
                              <conjunctionCode code="OR"/>
                              <act classCode="ACT" moodCode="EVN" isCriterionInd="true"><!-- encounter pattern -->
                                 <templateId root="2.16.840.1.113883.3.560.1.4"/>
                                 <id root="545D0EB5-64DA-4A0E-ABB9-F742E38E202E"/>
                                 <code code="46240-8" displayName="Encounter list" codeSystem="2.16.840.1.113883.6.1"/>
                                 <sourceOf typeCode="COMP">
                                    <encounter classCode="ENC" moodCode="EVN" isCriterionInd="true">
                                       <code code="2.16.840.1.113883.3.526.02.27" displayName="Encounter Inpatient Discharge CPT Code List"/>
                                       <title>Encounter: Encounter Inpatient Discharge</title>
                                    </encounter>
                                 </sourceOf>
                              </act>
                           </sourceOf>
                           <sourceOf typeCode="PRCN">
                              <conjunctionCode code="OR"/>
                              <act classCode="ACT" moodCode="EVN" isCriterionInd="true"><!-- encounter pattern -->
                                 <templateId root="2.16.840.1.113883.3.560.1.4"/>
                                 <id root="D35824D2-A56F-45C8-BEC9-637C72054ED4"/>
                                 <code code="46240-8" displayName="Encounter list" codeSystem="2.16.840.1.113883.6.1"/>
                                 <sourceOf typeCode="COMP">
                                    <encounter classCode="ENC" moodCode="EVN" isCriterionInd="true">
                                       <code code="2.16.840.1.113883.3.526.02.28" displayName="Encounter Nursing Facility CPT Code List"/>
                                       <title>Encounter: Encounter Nursing Facility</title>
                                    </encounter>
                                 </sourceOf>
                              </act>
                           </sourceOf>
                           <sourceOf typeCode="PRCN">
                              <conjunctionCode code="OR"/>
                              <act classCode="ACT" moodCode="EVN" isCriterionInd="true"><!-- encounter pattern -->
                                 <templateId root="2.16.840.1.113883.3.560.1.4"/>
                                 <id root="CFCBC0C3-E786-4678-BA63-22D6991C0056"/>
                                 <code code="46240-8" displayName="Encounter list" codeSystem="2.16.840.1.113883.6.1"/>
                                 <sourceOf typeCode="COMP">
                                    <encounter classCode="ENC" moodCode="EVN" isCriterionInd="true">
                                       <code code="2.16.840.1.113883.3.526.02.26" displayName="Encounter Outpatient CPT Code List"/>
                                       <title>Encounter: Encounter Outpatient</title>
                                    </encounter>
                                 </sourceOf>
                              </act>
                           </sourceOf>
                           <sourceOf typeCode="DURING">
                              <observation classCode="OBS" moodCode="EVN" isCriterionInd="true">
                                 <id root="CB07C039-0573-4B0B-A2C5-79ECD1119867"/>
                                 <title>Measurement period</title>
                              </observation>
                           </sourceOf>
                        </act>
                     </sourceOf>
                  </act>
               </sourceOf>
               <sourceOf typeCode="PRCN">
                  <conjunctionCode code="AND"/>
                  <act classCode="ACT" moodCode="EVN" isCriterionInd="true">
                     <sourceOf typeCode="PRCN">
                        <conjunctionCode code="OR"/>
                        <act classCode="ACT" moodCode="EVN" isCriterionInd="true">
                           <repeatNumber>
                              <low value="2" inclusive="true"/>
                           </repeatNumber>
                           <sourceOf typeCode="PRCN">
                              <conjunctionCode code="OR"/>
                              <act classCode="ACT" moodCode="EVN" isCriterionInd="true"><!-- encounter pattern -->
                                 <templateId root="2.16.840.1.113883.3.560.1.4"/>
                                 <id root="D35824D2-A56F-45C8-BEC9-637C72054ED4"/>
                                 <code code="46240-8" displayName="Encounter list" codeSystem="2.16.840.1.113883.6.1"/>
                                 <sourceOf typeCode="COMP">
                                    <encounter classCode="ENC" moodCode="EVN" isCriterionInd="true">
                                       <code code="2.16.840.1.113883.3.526.02.28" displayName="Encounter Nursing Facility CPT Code List"/>
                                       <title>Encounter: Encounter Nursing Facility</title>
                                    </encounter>
                                 </sourceOf>
                              </act>
                           </sourceOf>
                           <sourceOf typeCode="PRCN">
                              <conjunctionCode code="OR"/>
                              <act classCode="ACT" moodCode="EVN" isCriterionInd="true"><!-- encounter pattern -->
                                 <templateId root="2.16.840.1.113883.3.560.1.4"/>
                                 <id root="CFCBC0C3-E786-4678-BA63-22D6991C0056"/>
                                 <code code="46240-8" displayName="Encounter list" codeSystem="2.16.840.1.113883.6.1"/>
                                 <sourceOf typeCode="COMP">
                                    <encounter classCode="ENC" moodCode="EVN" isCriterionInd="true">
                                       <code code="2.16.840.1.113883.3.526.02.26" displayName="Encounter Outpatient CPT Code List"/>
                                       <title>Encounter: Encounter Outpatient</title>
                                    </encounter>
                                 </sourceOf>
                              </act>
                           </sourceOf>
                           <sourceOf typeCode="DURING">
                              <observation classCode="OBS" moodCode="EVN" isCriterionInd="true">
                                 <id root="CB07C039-0573-4B0B-A2C5-79ECD1119867"/>
                                 <title>Measurement period</title>
                              </observation>
                           </sourceOf>
                        </act>
                     </sourceOf>
                     <sourceOf typeCode="PRCN">
                        <conjunctionCode code="OR"/>
                        <act classCode="ACT" moodCode="EVN" isCriterionInd="true">
                           <repeatNumber>
                              <low value="1" inclusive="true"/>
                           </repeatNumber>
                           <sourceOf typeCode="PRCN">
                              <conjunctionCode code="OR"/>
                              <act classCode="ACT" moodCode="EVN" isCriterionInd="true"><!-- encounter pattern -->
                                 <templateId root="2.16.840.1.113883.3.560.1.4"/>
                                 <id root="545D0EB5-64DA-4A0E-ABB9-F742E38E202E"/>
                                 <code code="46240-8" displayName="Encounter list" codeSystem="2.16.840.1.113883.6.1"/>
                                 <sourceOf typeCode="COMP">
                                    <encounter classCode="ENC" moodCode="EVN" isCriterionInd="true">
                                       <code code="2.16.840.1.113883.3.526.02.27" displayName="Encounter Inpatient Discharge CPT Code List"/>
                                       <title>Encounter: Encounter Inpatient Discharge</title>
                                       <sourceOf typeCode="DURING">
                                          <observation classCode="OBS" moodCode="EVN">
                                             <id root="CB07C039-0573-4B0B-A2C5-79ECD1119867"/>
                                             <title>Measurement period</title>
                                          </observation>
                                       </sourceOf>
                                    </encounter>
                                 </sourceOf>
                              </act>
                           </sourceOf>
                        </act>
                     </sourceOf>
                  </act>
               </sourceOf>
            </observation>
         </entry>
      </section>
   </component>
         
      <!--
         ******************************************   
         Data Criteria Section
         ******************************************
      --><component typeCode="COMP">
      <section>
         <code code="57025-9" codeSystem="2.16.840.1.113883.6.1" displayName="Data criteria (QDS Data Elements)"/>
         <title>Data criteria (QDS Data Elements)</title>
         <text>
            <list>
               <item>
                  <content>"Diagnosis active: Bleeding Coagulation Disorders"</content> using "Bleeding Coagulation Disorders Code List GROUPING (2.16.840.1.113883.3.526.03.421)"</item>
               <item>
                  <content>"Diagnosis active: Coronary Artery Disease includes MI"</content> using "Coronary Artery Disease includes MI Code List GROUPING (2.16.840.1.113883.3.526.03.365)"</item>
               <item>
                  <content>"Encounter: Encounter Inpatient Discharge"</content> using "Encounter Inpatient Discharge CPT Code List (2.16.840.1.113883.3.526.02.27)"</item>
               <item>
                  <content>"Encounter: Encounter Nursing Facility"</content> using "Encounter Nursing Facility CPT Code List (2.16.840.1.113883.3.526.02.28)"</item>
               <item>
                  <content>"Encounter: Encounter Outpatient"</content> using "Encounter Outpatient CPT Code List (2.16.840.1.113883.3.526.02.26)"</item>
               <item>
                  <content>"Medication active: Antiplatelet Therapy"</content> using "Antiplatelet Therapy RxNorm Code List (2.16.840.1.113883.3.526.02.132)"</item>
               <item>
                  <content>"Medication active not done: Medical reason"</content> using "Medical reason HL7 Code List (2.16.840.1.113883.3.526.02.313)"</item>
               <item>
                  <content>"Medication active not done: Patient reason"</content> using "Patient reason HL7 Code List (2.16.840.1.113883.3.526.02.311)"</item>
               <item>
                  <content>"Medication active not done: System reason"</content> using "System reason HL7 Code List (2.16.840.1.113883.3.526.02.310)"</item>
               <item>
                  <content>"Medication adverse effects: Antiplatelet Therapy"</content> using "Antiplatelet Therapy RxNorm Code List (2.16.840.1.113883.3.526.02.132)"</item>
               <item>
                  <content>"Medication allergy: Antiplatelet Therapy"</content> using "Antiplatelet Therapy RxNorm Code List (2.16.840.1.113883.3.526.02.132)"</item>
               <item>
                  <content>"Medication intolerance: Antiplatelet Therapy"</content> using "Antiplatelet Therapy RxNorm Code List (2.16.840.1.113883.3.526.02.132)"</item>
               <item>
                  <content>"Medication ordered: Antiplatelet Therapy"</content> using "Antiplatelet Therapy RxNorm Code List (2.16.840.1.113883.3.526.02.132)"</item>
               <item>
                  <content>"Medication ordered not done: Medical reason"</content> using "Medical reason HL7 Code List (2.16.840.1.113883.3.526.02.313)"</item>
               <item>
                  <content>"Medication ordered not done: Patient reason"</content> using "Patient reason HL7 Code List (2.16.840.1.113883.3.526.02.311)"</item>
               <item>
                  <content>"Medication ordered not done: System reason"</content> using "System reason HL7 Code List (2.16.840.1.113883.3.526.02.310)"</item>
               <item>
                  <content>"Patient characteristic: birth date" (age)</content> using "birth date HL7 Code List (2.16.840.1.113883.3.526.02.8)"</item>
               <item>
                  <content>"Procedure performed: Cardiac Surgery"</content> using "Cardiac Surgery Code List GROUPING (2.16.840.1.113883.3.526.03.371)"</item>
            </list>
         </text>
         <entry typeCode="DRIV">
            <act classCode="ACT" moodCode="EVN" isCriterionInd="true"><!-- medication active pattern -->
               <templateId root="2.16.840.1.113883.3.560.1.13"/>
               <id root="B80221D5-C738-4CFC-A395-4020A8F86761"/>
               <code code="10160-0" displayName="Medications" codeSystem="2.16.840.1.113883.6.1"/>
               <sourceOf typeCode="COMP">
                  <substanceAdministration classCode="SBADM" moodCode="EVN" isCriterionInd="true">
                     <title>Medication active: Antiplatelet Therapy</title>
                     <participant typeCode="CSM">
                        <roleParticipant classCode="MANU">
                           <playingMaterial classCode="MMAT" determinerCode="KIND">
                              <code code="2.16.840.1.113883.3.526.02.132" displayName="Antiplatelet Therapy RxNorm Code List"/>
                           </playingMaterial>
                        </roleParticipant>
                     </participant>
                     <sourceOf typeCode="REFR">
                        <observation classCode="OBS" moodCode="EVN" isCriterionInd="true">
                           <code code="33999-4" displayName="Status" codeSystem="2.16.840.1.113883.6.1"/>
                           <value xsi:type="CD" code="55561003" displayName="Active" codeSystem="2.16.840.1.113883.6.96"/>
                        </observation>
                     </sourceOf>
                  </substanceAdministration>
               </sourceOf>
            </act>
         </entry>
         <entry typeCode="DRIV">
            <act classCode="ACT" moodCode="EVN" isCriterionInd="true"><!-- medication adverse effects pattern -->
               <templateId root="2.16.840.1.113883.3.560.1.7"/>
               <id root="DE7AB8A7-1A25-4E64-B09D-09EEBB9C4814"/>
               <code code="48765-2" displayName="Allergies, adverse reactions, alerts" codeSystem="2.16.840.1.113883.6.1"/>
               <sourceOf typeCode="COMP">
                  <observation classCode="OBS" moodCode="EVN" isCriterionInd="true">
                     <code code="419511003" codeSystem="2.16.840.1.113883.6.96" displayName="Drug adverse effect"/>
                     <title>Medication adverse effects: Antiplatelet Therapy</title>
                     <participant typeCode="CSM">
                        <roleParticipant classCode="MANU">
                           <playingMaterial classCode="MMAT" determinerCode="KIND">
                              <code code="2.16.840.1.113883.3.526.02.132" displayName="Antiplatelet Therapy RxNorm Code List"/>
                           </playingMaterial>
                        </roleParticipant>
                     </participant>
                  </observation>
               </sourceOf>
            </act>
         </entry>
         <entry typeCode="DRIV">
            <act classCode="ACT" moodCode="EVN" isCriterionInd="true"><!-- medication allergy pattern -->
               <templateId root="2.16.840.1.113883.3.560.1.1"/>
               <id root="71D02E72-B51A-452E-BAB4-6272FCD545BD"/>
               <code code="48765-2" displayName="Allergies, adverse reactions, alerts" codeSystem="2.16.840.1.113883.6.1"/>
               <sourceOf typeCode="COMP">
                  <observation classCode="OBS" moodCode="EVN" isCriterionInd="true">
                     <code code="416098002" codeSystem="2.16.840.1.113883.6.96" displayName="Drug allergy"/>
                     <title>Medication allergy: Antiplatelet Therapy</title>
                     <participant typeCode="CSM">
                        <roleParticipant classCode="MANU">
                           <playingMaterial classCode="MMAT" determinerCode="KIND">
                              <code code="2.16.840.1.113883.3.526.02.132" displayName="Antiplatelet Therapy RxNorm Code List"/>
                           </playingMaterial>
                        </roleParticipant>
                     </participant>
                  </observation>
               </sourceOf>
            </act>
         </entry>
         <entry typeCode="DRIV">
            <act classCode="ACT" moodCode="EVN" isCriterionInd="true"><!-- medication intolerance pattern -->
               <templateId root="2.16.840.1.113883.3.560.1.15"/>
               <id root="96C5CAA9-9BC6-4740-AA54-345F86DE6205"/>
               <code code="48765-2" displayName="Allergies, adverse reactions, alerts" codeSystem="2.16.840.1.113883.6.1"/>
               <sourceOf typeCode="COMP">
                  <observation classCode="OBS" moodCode="EVN" isCriterionInd="true">
                     <code code="59037007" codeSystem="2.16.840.1.113883.6.96" displayName="Drug intolerance"/>
                     <title>Medication intolerance: Antiplatelet Therapy</title>
                     <participant typeCode="CSM">
                        <roleParticipant classCode="MANU">
                           <playingMaterial classCode="MMAT" determinerCode="KIND">
                              <code code="2.16.840.1.113883.3.526.02.132" displayName="Antiplatelet Therapy RxNorm Code List"/>
                           </playingMaterial>
                        </roleParticipant>
                     </participant>
                  </observation>
               </sourceOf>
            </act>
         </entry>
         <entry typeCode="DRIV">
            <act classCode="ACT" moodCode="EVN" isCriterionInd="true"><!-- medication ordered pattern -->
               <templateId root="2.16.840.1.113883.3.560.1.17"/>
               <id root="87D428C6-0F8C-4E3C-9352-341A6708D10E"/>
               <code code="10160-0" displayName="Medications" codeSystem="2.16.840.1.113883.6.1"/>
               <sourceOf typeCode="COMP">
                  <substanceAdministration classCode="SBADM" moodCode="RQO" isCriterionInd="true">
                     <title>Medication ordered: Antiplatelet Therapy</title>
                     <participant typeCode="CSM">
                        <roleParticipant classCode="MANU">
                           <playingMaterial classCode="MMAT" determinerCode="KIND">
                              <code code="2.16.840.1.113883.3.526.02.132" displayName="Antiplatelet Therapy RxNorm Code List"/>
                           </playingMaterial>
                        </roleParticipant>
                     </participant>
                  </substanceAdministration>
               </sourceOf>
            </act>
         </entry>
         <entry typeCode="DRIV">
            <act classCode="ACT" moodCode="EVN" isCriterionInd="true"><!-- patient characteristic pattern -->
               <templateId root="2.16.840.1.113883.3.560.1.25"/>
               <id root="E0B668EE-7FE6-42BC-BBBA-7EB43129A82B"/>
               <code code="45970-1" displayName="Demographics" codeSystem="2.16.840.1.113883.6.1"/>
               <sourceOf typeCode="COMP">
                  <observation classCode="OBS" moodCode="EVN" isCriterionInd="true">
                     <code code="2.16.840.1.113883.3.526.02.8" displayName="birth date HL7 Code List"/>
                     <title>Patient characteristic: birth date</title>
                  </observation>
               </sourceOf>
            </act>
         </entry>
         <entry typeCode="DRIV">
            <act classCode="ACT" moodCode="EVN" isCriterionInd="true"><!-- diagnosis active pattern -->
               <templateId root="2.16.840.1.113883.3.560.1.2"/>
               <id root="49C4517D-1730-4638-A0C3-52CA478F86CF"/>
               <code code="11450-4" displayName="Problem" codeSystem="2.16.840.1.113883.6.1"/>
               <sourceOf typeCode="COMP">
                  <observation classCode="OBS" moodCode="EVN" isCriterionInd="true">
                     <code code="55607006" codeSystem="2.16.840.1.113883.6.96" displayName="Problem"/>
                     <title>Diagnosis active: Bleeding Coagulation Disorders</title>
                     <value xsi:type="CD" code="2.16.840.1.113883.3.526.03.421" displayName="Bleeding Coagulation Disorders Code List GROUPING"/>
                     <sourceOf typeCode="REFR">
                        <observation classCode="OBS" moodCode="EVN" isCriterionInd="true">
                           <code code="33999-4" codeSystem="2.16.840.1.113883.6.1" displayName="Status"/>
                           <value xsi:type="CD" code="55561003" displayName="active" codeSystem="2.16.840.1.113883.6.96"/>
                        </observation>
                     </sourceOf>
                  </observation>
               </sourceOf>
            </act>
         </entry>
         <entry typeCode="DRIV">
            <act classCode="ACT" moodCode="EVN" isCriterionInd="true"><!-- procedure performed pattern -->
               <templateId root="2.16.840.1.113883.3.560.1.6"/>
               <id root="90857268-249A-4322-91D0-5AC695358138"/>
               <code code="47519-4" displayName="Procedures" codeSystem="2.16.840.1.113883.6.1"/>
               <sourceOf typeCode="COMP">
                  <procedure classCode="PROC" moodCode="EVN" isCriterionInd="true">
                     <code code="2.16.840.1.113883.3.526.03.371" displayName="Cardiac Surgery Code List GROUPING"/>
                     <title>Procedure performed: Cardiac Surgery</title>
                  </procedure>
               </sourceOf>
            </act>
         </entry>
         <entry typeCode="DRIV">
            <act classCode="ACT" moodCode="EVN" isCriterionInd="true"><!-- diagnosis active pattern -->
               <templateId root="2.16.840.1.113883.3.560.1.2"/>
               <id root="D2DAA52C-5ABE-4AA7-BE8D-EF9DDB86B376"/>
               <code code="11450-4" displayName="Problem" codeSystem="2.16.840.1.113883.6.1"/>
               <sourceOf typeCode="COMP">
                  <observation classCode="OBS" moodCode="EVN" isCriterionInd="true">
                     <code code="55607006" codeSystem="2.16.840.1.113883.6.96" displayName="Problem"/>
                     <title>Diagnosis active: Coronary Artery Disease includes MI</title>
                     <value xsi:type="CD" code="2.16.840.1.113883.3.526.03.365" displayName="Coronary Artery Disease includes MI Code List GROUPING"/>
                     <sourceOf typeCode="REFR">
                        <observation classCode="OBS" moodCode="EVN" isCriterionInd="true">
                           <code code="33999-4" codeSystem="2.16.840.1.113883.6.1" displayName="Status"/>
                           <value xsi:type="CD" code="55561003" displayName="active" codeSystem="2.16.840.1.113883.6.96"/>
                        </observation>
                     </sourceOf>
                  </observation>
               </sourceOf>
            </act>
         </entry>
         <entry typeCode="DRIV">
            <act classCode="ACT" moodCode="EVN" isCriterionInd="true"><!-- encounter pattern -->
               <templateId root="2.16.840.1.113883.3.560.1.4"/>
               <id root="545D0EB5-64DA-4A0E-ABB9-F742E38E202E"/>
               <code code="46240-8" displayName="Encounter list" codeSystem="2.16.840.1.113883.6.1"/>
               <sourceOf typeCode="COMP">
                  <encounter classCode="ENC" moodCode="EVN" isCriterionInd="true">
                     <code code="2.16.840.1.113883.3.526.02.27" displayName="Encounter Inpatient Discharge CPT Code List"/>
                     <title>Encounter: Encounter Inpatient Discharge</title>
                  </encounter>
               </sourceOf>
            </act>
         </entry>
         <entry typeCode="DRIV">
            <act classCode="ACT" moodCode="EVN" isCriterionInd="true"><!-- encounter pattern -->
               <templateId root="2.16.840.1.113883.3.560.1.4"/>
               <id root="D35824D2-A56F-45C8-BEC9-637C72054ED4"/>
               <code code="46240-8" displayName="Encounter list" codeSystem="2.16.840.1.113883.6.1"/>
               <sourceOf typeCode="COMP">
                  <encounter classCode="ENC" moodCode="EVN" isCriterionInd="true">
                     <code code="2.16.840.1.113883.3.526.02.28" displayName="Encounter Nursing Facility CPT Code List"/>
                     <title>Encounter: Encounter Nursing Facility</title>
                  </encounter>
               </sourceOf>
            </act>
         </entry>
         <entry typeCode="DRIV">
            <act classCode="ACT" moodCode="EVN" isCriterionInd="true"><!-- encounter pattern -->
               <templateId root="2.16.840.1.113883.3.560.1.4"/>
               <id root="CFCBC0C3-E786-4678-BA63-22D6991C0056"/>
               <code code="46240-8" displayName="Encounter list" codeSystem="2.16.840.1.113883.6.1"/>
               <sourceOf typeCode="COMP">
                  <encounter classCode="ENC" moodCode="EVN" isCriterionInd="true">
                     <code code="2.16.840.1.113883.3.526.02.26" displayName="Encounter Outpatient CPT Code List"/>
                     <title>Encounter: Encounter Outpatient</title>
                  </encounter>
               </sourceOf>
            </act>
         </entry>
         <entry typeCode="DRIV">
            <act classCode="ACT" moodCode="EVN" isCriterionInd="true"><!-- medication ordered not done pattern -->
               <templateId root="2.16.840.1.113883.3.560.1.78"/>
               <id root="679EA1E3-1410-49A1-A8B8-39AE54FB7FAC"/>
               <code code="10160-0" displayName="Medications" codeSystem="2.16.840.1.113883.6.1"/>
               <sourceOf typeCode="COMP">
                  <substanceAdministration classCode="SBADM" moodCode="RQO" isCriterionInd="true">
                     <title>Medication ordered not done: Medical reason</title>
                     <participant typeCode="CSM">
                        <roleParticipant classCode="MANU">
                           <playingMaterial classCode="MMAT" determinerCode="KIND">
                              <code code="2.16.840.1.113883.3.526.02.313" displayName="Medical reason HL7 Code List"/>
                           </playingMaterial>
                        </roleParticipant>
                     </participant>
                  </substanceAdministration>
               </sourceOf>
            </act>
         </entry>
         <entry typeCode="DRIV">
            <act classCode="ACT" moodCode="EVN" isCriterionInd="true"><!-- medication ordered not done pattern -->
               <templateId root="2.16.840.1.113883.3.560.1.78"/>
               <id root="78B4429C-10C6-4E30-8FD4-CEC07FC2D4C4"/>
               <code code="10160-0" displayName="Medications" codeSystem="2.16.840.1.113883.6.1"/>
               <sourceOf typeCode="COMP">
                  <substanceAdministration classCode="SBADM" moodCode="RQO" isCriterionInd="true">
                     <title>Medication ordered not done: Patient reason</title>
                     <participant typeCode="CSM">
                        <roleParticipant classCode="MANU">
                           <playingMaterial classCode="MMAT" determinerCode="KIND">
                              <code code="2.16.840.1.113883.3.526.02.311" displayName="Patient reason HL7 Code List"/>
                           </playingMaterial>
                        </roleParticipant>
                     </participant>
                  </substanceAdministration>
               </sourceOf>
            </act>
         </entry>
         <entry typeCode="DRIV">
            <act classCode="ACT" moodCode="EVN" isCriterionInd="true"><!-- medication ordered not done pattern -->
               <templateId root="2.16.840.1.113883.3.560.1.78"/>
               <id root="725C99A1-9AE4-44CA-91BF-D96B53A84F1A"/>
               <code code="10160-0" displayName="Medications" codeSystem="2.16.840.1.113883.6.1"/>
               <sourceOf typeCode="COMP">
                  <substanceAdministration classCode="SBADM" moodCode="RQO" isCriterionInd="true">
                     <title>Medication ordered not done: System reason</title>
                     <participant typeCode="CSM">
                        <roleParticipant classCode="MANU">
                           <playingMaterial classCode="MMAT" determinerCode="KIND">
                              <code code="2.16.840.1.113883.3.526.02.310" displayName="System reason HL7 Code List"/>
                           </playingMaterial>
                        </roleParticipant>
                     </participant>
                  </substanceAdministration>
               </sourceOf>
            </act>
         </entry>
         <entry typeCode="DRIV">
            <act classCode="ACT" moodCode="EVN" isCriterionInd="true"><!-- medication active not done pattern -->
               <templateId root="2.16.840.1.113883.3.560.1.113"/>
               <id root="661EA1E3-1410-49A1-A8B8-39AE54FB7FAC"/>
               <code code="10160-0" displayName="Medications" codeSystem="2.16.840.1.113883.6.1"/>
               <sourceOf typeCode="COMP">
                  <substanceAdministration classCode="SBADM" moodCode="EVN" isCriterionInd="true">
                     <title>Medication active not done: Medical reason</title>
                     <participant typeCode="CSM">
                        <roleParticipant classCode="MANU">
                           <playingMaterial classCode="MMAT" determinerCode="KIND">
                              <code code="2.16.840.1.113883.3.526.02.313" displayName="Medical reason HL7 Code List"/>
                           </playingMaterial>
                        </roleParticipant>
                     </participant>
                     <sourceOf typeCode="REFR">
                        <observation classCode="OBS" moodCode="EVN" isCriterionInd="true">
                           <code code="33999-4" displayName="Status" codeSystem="2.16.840.1.113883.6.1"/>
                           <value xsi:type="CD" code="55561003" displayName="Active" codeSystem="2.16.840.1.113883.6.96"/>
                        </observation>
                     </sourceOf>
                  </substanceAdministration>
               </sourceOf>
            </act>
         </entry>
         <entry typeCode="DRIV">
            <act classCode="ACT" moodCode="EVN" isCriterionInd="true"><!-- medication active not done pattern -->
               <templateId root="2.16.840.1.113883.3.560.1.113"/>
               <id root="6614429C-10C6-4E30-8FD4-CEC07FC2D4C4"/>
               <code code="10160-0" displayName="Medications" codeSystem="2.16.840.1.113883.6.1"/>
               <sourceOf typeCode="COMP">
                  <substanceAdministration classCode="SBADM" moodCode="EVN" isCriterionInd="true">
                     <title>Medication active not done: Patient reason</title>
                     <participant typeCode="CSM">
                        <roleParticipant classCode="MANU">
                           <playingMaterial classCode="MMAT" determinerCode="KIND">
                              <code code="2.16.840.1.113883.3.526.02.311" displayName="Patient reason HL7 Code List"/>
                           </playingMaterial>
                        </roleParticipant>
                     </participant>
                     <sourceOf typeCode="REFR">
                        <observation classCode="OBS" moodCode="EVN" isCriterionInd="true">
                           <code code="33999-4" displayName="Status" codeSystem="2.16.840.1.113883.6.1"/>
                           <value xsi:type="CD" code="55561003" displayName="Active" codeSystem="2.16.840.1.113883.6.96"/>
                        </observation>
                     </sourceOf>
                  </substanceAdministration>
               </sourceOf>
            </act>
         </entry>
         <entry typeCode="DRIV">
            <act classCode="ACT" moodCode="EVN" isCriterionInd="true"><!-- medication active not done pattern -->
               <templateId root="2.16.840.1.113883.3.560.1.113"/>
               <id root="661C99A1-9AE4-44CA-91BF-D96B53A84F1A"/>
               <code code="10160-0" displayName="Medications" codeSystem="2.16.840.1.113883.6.1"/>
               <sourceOf typeCode="COMP">
                  <substanceAdministration classCode="SBADM" moodCode="EVN" isCriterionInd="true">
                     <title>Medication active not done: System reason</title>
                     <participant typeCode="CSM">
                        <roleParticipant classCode="MANU">
                           <playingMaterial classCode="MMAT" determinerCode="KIND">
                              <code code="2.16.840.1.113883.3.526.02.310" displayName="System reason HL7 Code List"/>
                           </playingMaterial>
                        </roleParticipant>
                     </participant>
                     <sourceOf typeCode="REFR">
                        <observation classCode="OBS" moodCode="EVN" isCriterionInd="true">
                           <code code="33999-4" displayName="Status" codeSystem="2.16.840.1.113883.6.1"/>
                           <value xsi:type="CD" code="55561003" displayName="Active" codeSystem="2.16.840.1.113883.6.96"/>
                        </observation>
                     </sourceOf>
                  </substanceAdministration>
               </sourceOf>
            </act>
         </entry>
      </section>
   </component>
   <component typeCode="COMP">
      <section>
         <title>Summary Calculation</title>
         <text>
            <content>Calculation is generic to all measures:</content>
            <list>
               <item>Calculate the final denominator by adding all that meet denominator criteria.</item>
               <item>Subtract from the final denominator all that do not meet numerator criteria yet also meet exclusion criteria.  Note some measures do not have exclusion criteria.</item>
               <item>The performance calculation is based on the "Measure scoring" from header information above:
					        	<list>
                     <item>For "Proportion" measures, the calculation is the number meeting numerator criteria divided by the final denominator.</item>
                     <item>For "Ratio" and "Continuous Variable" measures, follow the calculation instructions in the Data Aggregation header information above, if present.</item>
                  </list>
               </item>
               <item>For measures with multiple denominators, repeat this process for each denominator and report each result separately.</item>
               <item>For measures with multiple patient populations, repeat this process for each patient population and report each result separately.</item>
               <item>For measures with multiple numerators, calculate each numerator separately within each population using the paired exclusion.</item>
            </list>
         </text>
      </section>
   </component>
</QualityMeasureDocument>