<?xml version="1.0" encoding="UTF-8"?>
<?xml-stylesheet type="text/xsl" href="../xslt/eMeasure.xsl"?>
<QualityMeasureDocument xmlns:xsi="http://www.w3.org/2001/XMLSchema-instance" xmlns="urn:hl7-org:v3">
         
      <!--
         **************************************************************   
         Measure Header Section
         **************************************************************
      --><typeId root="2.16.840.1.113883.1.3" extension="POQM_HD000001"/>
   <id root="83CAF236-5C70-4565-8D22-3C30F404CD8E"/>
   <code code="57024-2" codeSystem="2.16.840.1.113883.6.1" displayName="Health Quality Measure Document"/>
   <title>Perioperative Care: Selection of Prophylactic Antibiotic - First OR Second Generation Cephalosporin (NQF 0268)</title>
   <text>Percentage of surgical patients aged 18 years and older undergoing procedures with the indications for a first OR second generation cephalosporin prophylactic antibiotic who had an order for cefazolin OR cefuroxime for antimicrobial prophylaxis</text>
   <statusCode code="completed"/>
   <setId root="F67E1F41-EBC5-4454-86BC-CC49392A33FE"/>
   <versionNumber value="1"/>
   <author typeCode="AUT">
      <assignedPerson classCode="ASSIGNED">
         <representedOrganization classCode="ORG" determinerCode="INSTANCE">
            <id root="2.16.840.1.113883.3.526"/>
            <name>American Medical Association - Physician Consortium for Performance Improvement</name>
            <contactParty classCode="CON" nullFlavor="UNK"/>
         </representedOrganization>
      </assignedPerson>
   </author>
   <custodian>
      <assignedPerson classCode="ASSIGNED">
         <representedOrganization classCode="ORG" determinerCode="INSTANCE">
            <id root="2.16.840.1.113883.3.526"/>
            <name>American Medical Association - Physician Consortium for Performance Improvement</name>
            <contactParty classCode="CON" nullFlavor="UNK"/>
         </representedOrganization>
      </assignedPerson>
   </custodian>
   <verifier typeCode="VRF">
      <assignedPerson classCode="ASSIGNED">
         <representedOrganization classCode="ORG" determinerCode="INSTANCE">
            <id root="2.16.840.1.113883.3.560"/>
            <name>National Quality Forum</name>
            <contactParty classCode="CON" nullFlavor="UNK"/>
         </representedOrganization>
      </assignedPerson>
   </verifier>
   <subjectOf>
      <measureAttribute>
         <code code="COPY" codeSystem="2.16.840.1.113883.5.4" displayName="Copyright"/>
         <value xsi:type="ED" mediaType="text/plain">© 2010 American Medical Association and/or National Committee for Quality Assurance. All Rights Reserved</value>
      </measureAttribute>
   </subjectOf>
   <subjectOf>
      <measureAttribute>
         <code code="MSRSCORE" codeSystem="2.16.840.1.113883.5.4" displayName="Measure scoring"/>
         <value xsi:type="CD" code="PROPOR" codeSystem="2.16.840.1.113883.5.1063" displayName="Proportion"/>
      </measureAttribute>
   </subjectOf>
   <subjectOf>
      <measureAttribute>
         <code code="MSRTYPE" codeSystem="2.16.840.1.113883.5.4" displayName="Measure type"/>
         <value xsi:type="CD" code="PROCESS" codeSystem="2.16.840.1.113883.5.1063" displayName="Process"/>
      </measureAttribute>
   </subjectOf>
   <subjectOf>
      <measureAttribute>
         <code code="STRAT" codeSystem="2.16.840.1.113883.5.4" displayName="Stratification"/>
         <value xsi:type="ED" mediaType="text/plain">None</value>
      </measureAttribute>
   </subjectOf>
   <subjectOf>
      <measureAttribute>
         <code code="MSRADJ" codeSystem="2.16.840.1.113883.5.4" displayName="Risk Adjustment"/>
         <value xsi:type="ED" mediaType="text/plain">None</value>
      </measureAttribute>
   </subjectOf>
   <subjectOf>
      <measureAttribute>
         <code code="MSRAGG" codeSystem="2.16.840.1.113883.5.4" displayName="Data Aggregation"/>
         <value xsi:type="ED" mediaType="text/plain"/>
      </measureAttribute>
   </subjectOf>
   <subjectOf>
      <measureAttribute>
         <code code="RAT" codeSystem="2.16.840.1.113883.5.4" displayName="Rationale"/>
         <value xsi:type="ED" mediaType="text/plain">Current published evidence supports the use of either cefazolin, a first generation cephalosporin, or cefuroxime, a second generation cephalosporin, for many surgical procedures, in the absence of β-lactam allergy. An alternative antimicrobial regimen may be appropriate depending on the antimicrobial susceptibility pattern in an individual institution (potentially a medical reason for excluding patients treated at that institution from this measure.)  Data elements required for the measure can be captured and the measure is actionable by the physician.</value>
      </measureAttribute>
   </subjectOf>
   <subjectOf>
      <measureAttribute>
         <code code="CRS" codeSystem="2.16.840.1.113883.3.560" displayName="Clinical Recommendation Statement"/>
         <value xsi:type="ED" mediaType="text/plain">For most procedures, cefazolin should be the agent of choice because of its relatively long duration of action, its effectiveness against the organisms most commonly encountered in surgery, and its relatively low cost. (ASHP) In operations for which cephalosporins represent appropriate prophylaxis, alternative antimicrobials should be provided to those with a high likelihood of serious adverse reaction or allergy on the basis of patient history or diagnostic tests such as skin testing. The preferred antimicrobials for prophylaxis in patients undergoing hip or knee arthroplasty are cefazolin and cefuroxime . Vancomycin or clindamycin may be used in patients with serious allergy or adverse reactions to β-lactams.  The recommended antimicrobials for cardiothoracic and vascular operations include cefazolin or cefuroxime. For patients with serious allergy or adverse reaction to β-lactams, vancomycin is appropriate, and clindamycin may be an acceptable alternative. (SIPGWW)</value>
      </measureAttribute>
   </subjectOf>
   <subjectOf>
      <measureAttribute>
         <code code="IDUR" codeSystem="2.16.840.1.113883.3.560" displayName="Improvement notation"/>
         <value xsi:type="ED" mediaType="text/plain">Higher score indicates better quality</value>
      </measureAttribute>
   </subjectOf>
   <subjectOf>
      <measureAttribute>
         <templateId root="2.16.840.1.113883.3.560.1.74"/>
         <id root="22793476-66B6-4FEB-9CDC-045E15A0B427"/>
         <code code="MSRTP" displayName="Measurement period" codeSystem="2.16.840.1.113883.3.560"/>
         <value xsi:type="EXPR_PQ" value="12" unit="m">
            <expression mediaType="text/plain">measureEndDate - measureStartDate</expression>
         </value>
      </measureAttribute>
   </subjectOf>
   <subjectOf>
      <localVariableName>measureStartDate</localVariableName>
      <measureAttribute>
         <templateId root="2.16.840.1.113883.3.560.1.75"/>
         <id root="3124DBEC-BE48-4EB4-8ED2-B63477DAE8F0"/>
         <code code="MSRSD" displayName="Measurement start date" codeSystem="2.16.840.1.113883.3.560"/>
         <value xsi:type="TS" value="00000101"/>
      </measureAttribute>
   </subjectOf>
   <subjectOf>
      <localVariableName>measureEndDate</localVariableName>
      <measureAttribute>
         <templateId root="2.16.840.1.113883.3.560.1.75"/>
         <id root="B4DFE782-4378-4210-A947-28D79EC22BEC"/>
         <code code="MSRED" displayName="Measurement end date" codeSystem="2.16.840.1.113883.3.560"/>
         <value xsi:type="TS" value="00001231"/>
      </measureAttribute>
   </subjectOf>
   <subjectOf>
      <measureAttribute>
         <code code="MSRMD" codeSystem="2.16.840.1.113883.3.560" displayName="Measurement duration"/>
         <value xsi:type="ED" mediaType="text/plain">12 month(s)</value>
      </measureAttribute>
   </subjectOf>
   <subjectOf>
      <measureAttribute>
         <code code="REF" codeSystem="2.16.840.1.113883.5.4" displayName="Reference"/>
         <value xsi:type="ED" mediaType="text/plain">American Society of Health-System Pharmacists (ASHP). ASHP Therapeutic Guidelines on Antimicrobial Prophylaxis in Surgery. Am J Health Syst Pharm 1999; 56:1839-1888.</value>
      </measureAttribute>
   </subjectOf>
   <subjectOf>
      <measureAttribute>
         <code code="REF" codeSystem="2.16.840.1.113883.5.4" displayName="Reference"/>
         <value xsi:type="ED" mediaType="text/plain">Bratzler DW, Houck PM for the Surgical Infection Prevention Guidelines Writers Workgroup (SIPGWW). Clinical Infectious Diseases 2004;38 (15 June): 1706-15.</value>
      </measureAttribute>
   </subjectOf>
   <subjectOf>
      <measureAttribute>
         <code code="DEF" codeSystem="2.16.840.1.113883.3.560" displayName="Definition"/>
         <value xsi:type="ED" mediaType="text/plain" nullFlavor="NI"/>
      </measureAttribute>
   </subjectOf>
   <subjectOf>
      <measureAttribute>
         <code code="GUIDE" codeSystem="2.16.840.1.113883.5.4" displayName="Guidance"/>
         <value xsi:type="ED" mediaType="text/plain">For this measure, the source of the clinical data will be located in both the hospital EHR and the physician practice EHR.  The denominator is identified by the procedures that are performed by the physician, whereas the clinical data required for the numerator and exceptions will be located in the hospital EHR.  In order to calculate the measure, there may be some abstraction required from the inpatient record to the ambulatory (physician) EHR before the measure can be calculated.  The intent of this measure is to assess whether or not providers ordered the appropriate antibiotic for the procedure performed (in this case cefazolin or cefuroxime).  Although the focus of the measure is not the timing of the order, we have included a time window for the order of prophylactic antibiotics of &lt;=14 days prior to the procedure through the end of the procedure to effectively associate the order of the prophylactic antibiotic with the procedure being performed.  Standing orders or verbal orders for cefazolin or cefuroxime are also considered to be numerator compliant. </value>
      </measureAttribute>
   </subjectOf>
   <componentOf>
      <qualityMeasureSet classCode="ACT">
         <id root="B1EB421F-C28C-453C-8DEE-7C6EFE318EB1"/>
         <title>CLINICAL QUALITY MEASURE SET 2011-2012</title>
      </qualityMeasureSet>
   </componentOf>
         
      <!--
         **************************************************************   
         Population Criteria Section
         **************************************************************
      --><component typeCode="COMP">
      <section>
         <code code="57026-7" codeSystem="2.16.840.1.113883.6.1" displayName="Population criteria"/>
         <title>Population criteria</title>
         <text>
            <list>
               <item>
                  <content styleCode="Bold">Initial Patient Population =</content>
                  <list>
                     <item>AND: "Patient characteristic: birth date"  &gt;= 18 year(s) starts before start of "Measurement period"</item>
                     <item>AND: "Procedure performed: Surgical Procedures Requiring First OR Second Generation Cephalosporin Prophylaxis" during "Measurement period"</item>
                  </list>
               </item>
               <item>
                  <content styleCode="Bold">Denominator =</content>
                  <list>
                     <item>AND: "Initial Patient Population"</item>
                  </list>
               </item>
               <item>
                  <content styleCode="Bold">Numerator =</content>
                  <list>
                     <item>AND: <list>
                           <item>OR: "Medication ordered: First Generation Cephalosporin - Cefazolin"</item>
                           <item>OR: "Medication ordered: Second Generation Cephalosporin -Cefuroxime"</item>
                           <item>  &lt;= 14 day starts before or during  ("Procedure performed: Surgical Procedures Requiring First OR Second Generation Cephalosporin Prophylaxis" during "Measurement period")</item>
                        </list>
                     </item>
                     <item>AND: <list>
                           <item>OR: "Medication administered: First Generation Cephalosporin - Cefazolin"</item>
                           <item>OR: "Medication administered: Second Generation Cephalosporin -Cefuroxime"</item>
                           <item>  &lt;= 4 hour starts before or during  ("Procedure performed: Surgical Procedures Requiring First OR Second Generation Cephalosporin Prophylaxis" during "Measurement period")</item>
                        </list>
                     </item>
                  </list>
               </item>
               <item>
                  <content styleCode="Bold">Exclusions =</content>
                  <list>
                     <item>OR: <list>
                           <item>OR: "Medication allergy: First Generation Cephalosporin - Cefazolin"</item>
                           <item>OR: "Medication adverse effects: First Generation Cephalosporin - Cefazolin"</item>
                           <item>OR: "Medication intolerance: First Generation Cephalosporin - Cefazolin"</item>
                           <item>OR: "Medication allergy: Second Generation Cephalosporin -Cefuroxime"</item>
                           <item>OR: "Medication adverse effects: Second Generation Cephalosporin -Cefuroxime"</item>
                           <item>OR: "Medication intolerance: Second Generation Cephalosporin -Cefuroxime"</item>
                           <item> starts before or during "Measurement period"</item>
                        </list>
                     </item>
                     <item>OR: <list>
                           <item>OR: "Medication ordered not done: Medical reason" for "First Generation Cephalosporin - Cefazolin RxNorm Code List"</item>
                           <item>OR: "Medication administered not done: Medical reason" for "First Generation Cephalosporin - Cefazolin RxNorm Code List"</item>
                           <item>OR: "Medication ordered not done: Medical reason" for "Second Generation Cephalosporin -Cefuroxime RxNorm Code List"</item>
                           <item>OR: "Medication administered not done: Medical reason" for "Second Generation Cephalosporin -Cefuroxime RxNorm Code List"</item>
                           <item> starts before or during  ("Procedure performed: Surgical Procedures Requiring First OR Second Generation Cephalosporin Prophylaxis"  &lt;= 14 day(s) during "Measurement period")</item>
                        </list>
                     </item>
                  </list>
               </item>
            </list>
         </text><!--
            **************************************************************   
            Population Criteria Section: population 
            **************************************************************
      -->
         <entry typeCode="DRIV">
            <observation classCode="OBS" moodCode="EVN.CRT" isCriterionInd="true">
               <id root="F3053A8D-BB5F-4DB1-BF31-938402577BF1"/>
               <code code="ASSERTION" codeSystem="2.16.840.1.113883.5.4"/>
               <value xsi:type="CD" code="IPP" codeSystem="2.16.840.1.113883.5.1063" codeSystemName="HL7 Observation Value" displayName="Initial Patient Population"/><!--  top and/or -->
               <sourceOf typeCode="PRCN">
                  <conjunctionCode code="AND"/>
                  <act classCode="ACT" moodCode="EVN" isCriterionInd="true"><!-- patient characteristic pattern -->
                     <templateId root="2.16.840.1.113883.3.560.1.25"/>
                     <id root="56D8E703-5989-40E6-8A07-777F8A7B2D9D"/>
                     <code code="45970-1" displayName="Demographics" codeSystem="2.16.840.1.113883.6.1"/>
                     <sourceOf typeCode="COMP">
                        <observation classCode="OBS" moodCode="EVN" isCriterionInd="true">
                           <code code="2.16.840.1.113883.3.526.02.8" displayName="birth date HL7 Code List"/>
                           <title>Patient characteristic: birth date</title>
                           <sourceOf typeCode="SBS">
                              <pauseQuantity xsi:type="IVL_PQ">
                                 <low value="18" unit="a" inclusive="true"/>
                              </pauseQuantity>
                              <observation classCode="OBS" moodCode="EVN">
                                 <id root="22793476-66B6-4FEB-9CDC-045E15A0B427"/>
                                 <title>Measurement period</title>
                              </observation>
                           </sourceOf>
                        </observation>
                     </sourceOf>
                  </act>
               </sourceOf>
               <sourceOf typeCode="PRCN">
                  <conjunctionCode code="AND"/>
                  <act classCode="ACT" moodCode="EVN" isCriterionInd="true"><!-- procedure performed pattern -->
                     <templateId root="2.16.840.1.113883.3.560.1.6"/>
                     <id root="E3EBCBB5-CBA2-4585-B8FC-7B5DF1561AF4"/>
                     <code code="47519-4" displayName="Procedures" codeSystem="2.16.840.1.113883.6.1"/>
                     <sourceOf typeCode="COMP">
                        <procedure classCode="PROC" moodCode="EVN" isCriterionInd="true">
                           <code code="2.16.840.1.113883.3.526.03.850" displayName="Surgical Procedures Requiring First OR Second Generation Cephalosporin Prophylaxis Code List GROUPING"/>
                           <title>Procedure performed: Surgical Procedures Requiring First OR Second Generation Cephalosporin Prophylaxis</title>
                           <sourceOf typeCode="DURING">
                              <observation classCode="OBS" moodCode="EVN">
                                 <id root="22793476-66B6-4FEB-9CDC-045E15A0B427"/>
                                 <title>Measurement period</title>
                              </observation>
                           </sourceOf>
                        </procedure>
                     </sourceOf>
                  </act>
               </sourceOf>
            </observation>
         </entry><!--
            **************************************************************   
            Population Criteria Section: denominator 
            **************************************************************
      -->
         <entry typeCode="DRIV">
            <observation classCode="OBS" moodCode="EVN.CRT" isCriterionInd="true">
               <id root="E8D38336-B05B-4869-8BCC-B9CA03D88F65"/>
               <code code="ASSERTION" codeSystem="2.16.840.1.113883.5.4"/>
               <value xsi:type="CD" code="DENOM" codeSystem="2.16.840.1.113883.5.1063" codeSystemName="HL7 Observation Value" displayName="Denominator"/><!--  top and/or -->
               <sourceOf typeCode="PRCN">
                  <conjunctionCode code="AND"/>
                  <observation classCode="OBS" moodCode="EVN" isCriterionInd="true">
                     <id root="F3053A8D-BB5F-4DB1-BF31-938402577BF1"/>
                     <title>Initial Patient Population</title>
                  </observation>
               </sourceOf>
            </observation>
         </entry><!--
            **************************************************************   
            Population Criteria Section: numerator 
            **************************************************************
      -->
         <entry typeCode="DRIV">
            <observation classCode="OBS" moodCode="EVN.CRT" isCriterionInd="true">
               <id root="752D7193-9642-415B-AF50-BFA35DC10F3D"/>
               <code code="ASSERTION" codeSystem="2.16.840.1.113883.5.4"/>
               <value xsi:type="CD" code="NUMER" codeSystem="2.16.840.1.113883.5.1063" codeSystemName="HL7 Observation Value" displayName="Numerator"/><!--  top and/or -->
               <sourceOf typeCode="PRCN">
                  <conjunctionCode code="AND"/>
                  <act classCode="ACT" moodCode="EVN" isCriterionInd="true">
                     <sourceOf typeCode="PRCN">
                        <conjunctionCode code="OR"/>
                        <act classCode="ACT" moodCode="EVN" isCriterionInd="true"><!-- medication ordered pattern -->
                           <templateId root="2.16.840.1.113883.3.560.1.17"/>
                           <id root="2207DBA5-4DA2-4E3C-823C-FF2C04A470ED"/>
                           <code code="10160-0" displayName="Medications" codeSystem="2.16.840.1.113883.6.1"/>
                           <sourceOf typeCode="COMP">
                              <substanceAdministration classCode="SBADM" moodCode="RQO" isCriterionInd="true">
                                 <title>Medication ordered: First Generation Cephalosporin - Cefazolin</title>
                                 <participant typeCode="CSM">
                                    <roleParticipant classCode="MANU">
                                       <playingMaterial classCode="MMAT" determinerCode="KIND">
                                          <code code="2.16.840.1.113883.3.526.02.853" displayName="First Generation Cephalosporin - Cefazolin RxNorm Code List"/>
                                       </playingMaterial>
                                    </roleParticipant>
                                 </participant>
                              </substanceAdministration>
                           </sourceOf>
                        </act>
                     </sourceOf>
                     <sourceOf typeCode="PRCN">
                        <conjunctionCode code="OR"/>
                        <act classCode="ACT" moodCode="EVN" isCriterionInd="true"><!-- medication ordered pattern -->
                           <templateId root="2.16.840.1.113883.3.560.1.17"/>
                           <id root="6E99D227-42D9-4F27-96FD-CF7F57A79155"/>
                           <code code="10160-0" displayName="Medications" codeSystem="2.16.840.1.113883.6.1"/>
                           <sourceOf typeCode="COMP">
                              <substanceAdministration classCode="SBADM" moodCode="RQO" isCriterionInd="true">
                                 <title>Medication ordered: Second Generation Cephalosporin -Cefuroxime</title>
                                 <participant typeCode="CSM">
                                    <roleParticipant classCode="MANU">
                                       <playingMaterial classCode="MMAT" determinerCode="KIND">
                                          <code code="2.16.840.1.113883.3.526.02.854" displayName="Second Generation Cephalosporin -Cefuroxime RxNorm Code List"/>
                                       </playingMaterial>
                                    </roleParticipant>
                                 </participant>
                              </substanceAdministration>
                           </sourceOf>
                        </act>
                     </sourceOf>
                     <sourceOf typeCode="EAS" inversionInd="true">
                        <pauseQuantity xsi:type="URG_PQ">
                           <high value="14" unit="day" inclusive="true"/>
                        </pauseQuantity>
                        <act classCode="ACT" moodCode="EVN" isCriterionInd="true"><!-- procedure performed pattern -->
                           <templateId root="2.16.840.1.113883.3.560.1.6"/>
                           <id root="E3EBCBB5-CBA2-4585-B8FC-7B5DF1561AF4"/>
                           <code code="47519-4" displayName="Procedures" codeSystem="2.16.840.1.113883.6.1"/>
                           <sourceOf typeCode="COMP">
                              <procedure classCode="PROC" moodCode="EVN" isCriterionInd="true">
                                 <code code="2.16.840.1.113883.3.526.03.850" displayName="Surgical Procedures Requiring First OR Second Generation Cephalosporin Prophylaxis Code List GROUPING"/>
                                 <title>Procedure performed: Surgical Procedures Requiring First OR Second Generation Cephalosporin Prophylaxis</title>
                                 <sourceOf typeCode="DURING">
                                    <observation classCode="OBS" moodCode="EVN">
                                       <id root="22793476-66B6-4FEB-9CDC-045E15A0B427"/>
                                       <title>Measurement period</title>
                                    </observation>
                                 </sourceOf>
                              </procedure>
                           </sourceOf>
                        </act>
                     </sourceOf>
                  </act>
               </sourceOf>
               <sourceOf typeCode="PRCN">
                  <conjunctionCode code="AND"/>
                  <act classCode="ACT" moodCode="EVN" isCriterionInd="true">
                     <sourceOf typeCode="PRCN">
                        <conjunctionCode code="OR"/>
                        <act classCode="ACT" moodCode="EVN" isCriterionInd="true"><!-- medication administered pattern -->
                           <templateId root="2.16.840.1.113883.3.560.1.14"/>
                           <id root="557B5D35-7B11-4F09-870E-53773E9F44B1"/>
                           <code code="18610-6" displayName="Medication administered" codeSystem="2.16.840.1.113883.6.1"/>
                           <sourceOf typeCode="COMP">
                              <substanceAdministration classCode="SBADM" moodCode="EVN" isCriterionInd="true">
                                 <title>Medication administered: First Generation Cephalosporin - Cefazolin</title>
                                 <participant typeCode="CSM">
                                    <roleParticipant classCode="MANU">
                                       <playingMaterial classCode="MMAT" determinerCode="KIND">
                                          <code code="2.16.840.1.113883.3.526.02.853" displayName="First Generation Cephalosporin - Cefazolin RxNorm Code List"/>
                                       </playingMaterial>
                                    </roleParticipant>
                                 </participant>
                              </substanceAdministration>
                           </sourceOf>
                        </act>
                     </sourceOf>
                     <sourceOf typeCode="PRCN">
                        <conjunctionCode code="OR"/>
                        <act classCode="ACT" moodCode="EVN" isCriterionInd="true"><!-- medication administered pattern -->
                           <templateId root="2.16.840.1.113883.3.560.1.14"/>
                           <id root="77F776C0-6E0C-4875-A673-B2F68C0E2514"/>
                           <code code="18610-6" displayName="Medication administered" codeSystem="2.16.840.1.113883.6.1"/>
                           <sourceOf typeCode="COMP">
                              <substanceAdministration classCode="SBADM" moodCode="EVN" isCriterionInd="true">
                                 <title>Medication administered: Second Generation Cephalosporin -Cefuroxime</title>
                                 <participant typeCode="CSM">
                                    <roleParticipant classCode="MANU">
                                       <playingMaterial classCode="MMAT" determinerCode="KIND">
                                          <code code="2.16.840.1.113883.3.526.02.854" displayName="Second Generation Cephalosporin -Cefuroxime RxNorm Code List"/>
                                       </playingMaterial>
                                    </roleParticipant>
                                 </participant>
                              </substanceAdministration>
                           </sourceOf>
                        </act>
                     </sourceOf>
                     <sourceOf typeCode="EAS" inversionInd="true">
                        <pauseQuantity xsi:type="URG_PQ">
                           <high value="4" unit="hour" inclusive="true"/>
                        </pauseQuantity>
                        <act classCode="ACT" moodCode="EVN" isCriterionInd="true"><!-- procedure performed pattern -->
                           <templateId root="2.16.840.1.113883.3.560.1.6"/>
                           <id root="E3EBCBB5-CBA2-4585-B8FC-7B5DF1561AF4"/>
                           <code code="47519-4" displayName="Procedures" codeSystem="2.16.840.1.113883.6.1"/>
                           <sourceOf typeCode="COMP">
                              <procedure classCode="PROC" moodCode="EVN" isCriterionInd="true">
                                 <code code="2.16.840.1.113883.3.526.03.850" displayName="Surgical Procedures Requiring First OR Second Generation Cephalosporin Prophylaxis Code List GROUPING"/>
                                 <title>Procedure performed: Surgical Procedures Requiring First OR Second Generation Cephalosporin Prophylaxis</title>
                                 <sourceOf typeCode="DURING">
                                    <observation classCode="OBS" moodCode="EVN">
                                       <id root="22793476-66B6-4FEB-9CDC-045E15A0B427"/>
                                       <title>Measurement period</title>
                                    </observation>
                                 </sourceOf>
                              </procedure>
                           </sourceOf>
                        </act>
                     </sourceOf>
                  </act>
               </sourceOf>
            </observation>
         </entry><!--
            **************************************************************   
            Population Criteria Section: exceptions 
            **************************************************************
      -->
         <entry typeCode="DRIV">
            <observation classCode="OBS" moodCode="EVN.CRT" isCriterionInd="true">
               <id root="E9DE32AD-D898-4379-AE5B-F77101CE1CA0"/>
               <code code="ASSERTION" codeSystem="2.16.840.1.113883.5.4"/>
               <value xsi:type="CD" code="DENEXCEP" codeSystem="2.16.840.1.113883.5.1063" codeSystemName="HL7 Observation Value" displayName="Denominator Exception"/><!--  top and/or -->
               <sourceOf typeCode="PRCN">
                  <conjunctionCode code="OR"/>
                  <act classCode="ACT" moodCode="EVN" isCriterionInd="true">
                     <sourceOf typeCode="PRCN">
                        <conjunctionCode code="OR"/>
                        <act classCode="ACT" moodCode="EVN" isCriterionInd="true"><!-- medication allergy pattern -->
                           <templateId root="2.16.840.1.113883.3.560.1.1"/>
                           <id root="5AD3D0CD-C22E-411B-B892-2DFEFBD1224F"/>
                           <code code="48765-2" displayName="Allergies, adverse reactions, alerts" codeSystem="2.16.840.1.113883.6.1"/>
                           <sourceOf typeCode="COMP">
                              <observation classCode="OBS" moodCode="EVN" isCriterionInd="true">
                                 <code code="416098002" codeSystem="2.16.840.1.113883.6.96" displayName="Drug allergy"/>
                                 <title>Medication allergy: First Generation Cephalosporin - Cefazolin</title>
                                 <participant typeCode="CSM">
                                    <roleParticipant classCode="MANU">
                                       <playingMaterial classCode="MMAT" determinerCode="KIND">
                                          <code code="2.16.840.1.113883.3.526.02.853" displayName="First Generation Cephalosporin - Cefazolin RxNorm Code List"/>
                                       </playingMaterial>
                                    </roleParticipant>
                                 </participant>
                              </observation>
                           </sourceOf>
                        </act>
                     </sourceOf>
                     <sourceOf typeCode="PRCN">
                        <conjunctionCode code="OR"/>
                        <act classCode="ACT" moodCode="EVN" isCriterionInd="true"><!-- medication adverse effects pattern -->
                           <templateId root="2.16.840.1.113883.3.560.1.7"/>
                           <id root="F2B2692F-9F4D-45FB-80AD-C636B22030A8"/>
                           <code code="48765-2" displayName="Allergies, adverse reactions, alerts" codeSystem="2.16.840.1.113883.6.1"/>
                           <sourceOf typeCode="COMP">
                              <observation classCode="OBS" moodCode="EVN" isCriterionInd="true">
                                 <code code="419511003" codeSystem="2.16.840.1.113883.6.96" displayName="Drug adverse effect"/>
                                 <title>Medication adverse effects: First Generation Cephalosporin - Cefazolin</title>
                                 <participant typeCode="CSM">
                                    <roleParticipant classCode="MANU">
                                       <playingMaterial classCode="MMAT" determinerCode="KIND">
                                          <code code="2.16.840.1.113883.3.526.02.853" displayName="First Generation Cephalosporin - Cefazolin RxNorm Code List"/>
                                       </playingMaterial>
                                    </roleParticipant>
                                 </participant>
                              </observation>
                           </sourceOf>
                        </act>
                     </sourceOf>
                     <sourceOf typeCode="PRCN">
                        <conjunctionCode code="OR"/>
                        <act classCode="ACT" moodCode="EVN" isCriterionInd="true"><!-- medication intolerance pattern -->
                           <templateId root="2.16.840.1.113883.3.560.1.15"/>
                           <id root="5818BE8F-0D4D-4499-A324-6F344427A05E"/>
                           <code code="48765-2" displayName="Allergies, adverse reactions, alerts" codeSystem="2.16.840.1.113883.6.1"/>
                           <sourceOf typeCode="COMP">
                              <observation classCode="OBS" moodCode="EVN" isCriterionInd="true">
                                 <code code="59037007" codeSystem="2.16.840.1.113883.6.96" displayName="Drug intolerance"/>
                                 <title>Medication intolerance: First Generation Cephalosporin - Cefazolin</title>
                                 <participant typeCode="CSM">
                                    <roleParticipant classCode="MANU">
                                       <playingMaterial classCode="MMAT" determinerCode="KIND">
                                          <code code="2.16.840.1.113883.3.526.02.853" displayName="First Generation Cephalosporin - Cefazolin RxNorm Code List"/>
                                       </playingMaterial>
                                    </roleParticipant>
                                 </participant>
                              </observation>
                           </sourceOf>
                        </act>
                     </sourceOf>
                     <sourceOf typeCode="PRCN">
                        <conjunctionCode code="OR"/>
                        <act classCode="ACT" moodCode="EVN" isCriterionInd="true"><!-- medication allergy pattern -->
                           <templateId root="2.16.840.1.113883.3.560.1.1"/>
                           <id root="CE0B6A92-C4CF-45F0-9CCD-36748B1BD7B0"/>
                           <code code="48765-2" displayName="Allergies, adverse reactions, alerts" codeSystem="2.16.840.1.113883.6.1"/>
                           <sourceOf typeCode="COMP">
                              <observation classCode="OBS" moodCode="EVN" isCriterionInd="true">
                                 <code code="416098002" codeSystem="2.16.840.1.113883.6.96" displayName="Drug allergy"/>
                                 <title>Medication allergy: Second Generation Cephalosporin -Cefuroxime</title>
                                 <participant typeCode="CSM">
                                    <roleParticipant classCode="MANU">
                                       <playingMaterial classCode="MMAT" determinerCode="KIND">
                                          <code code="2.16.840.1.113883.3.526.02.854" displayName="Second Generation Cephalosporin -Cefuroxime RxNorm Code List"/>
                                       </playingMaterial>
                                    </roleParticipant>
                                 </participant>
                              </observation>
                           </sourceOf>
                        </act>
                     </sourceOf>
                     <sourceOf typeCode="PRCN">
                        <conjunctionCode code="OR"/>
                        <act classCode="ACT" moodCode="EVN" isCriterionInd="true"><!-- medication adverse effects pattern -->
                           <templateId root="2.16.840.1.113883.3.560.1.7"/>
                           <id root="AA6EE257-B98D-441B-8D15-1A453DD9D401"/>
                           <code code="48765-2" displayName="Allergies, adverse reactions, alerts" codeSystem="2.16.840.1.113883.6.1"/>
                           <sourceOf typeCode="COMP">
                              <observation classCode="OBS" moodCode="EVN" isCriterionInd="true">
                                 <code code="419511003" codeSystem="2.16.840.1.113883.6.96" displayName="Drug adverse effect"/>
                                 <title>Medication adverse effects: Second Generation Cephalosporin -Cefuroxime</title>
                                 <participant typeCode="CSM">
                                    <roleParticipant classCode="MANU">
                                       <playingMaterial classCode="MMAT" determinerCode="KIND">
                                          <code code="2.16.840.1.113883.3.526.02.854" displayName="Second Generation Cephalosporin -Cefuroxime RxNorm Code List"/>
                                       </playingMaterial>
                                    </roleParticipant>
                                 </participant>
                              </observation>
                           </sourceOf>
                        </act>
                     </sourceOf>
                     <sourceOf typeCode="PRCN">
                        <conjunctionCode code="OR"/>
                        <act classCode="ACT" moodCode="EVN" isCriterionInd="true"><!-- medication intolerance pattern -->
                           <templateId root="2.16.840.1.113883.3.560.1.15"/>
                           <id root="27BB72DE-80D7-4864-BB6C-7AF20BC335CE"/>
                           <code code="48765-2" displayName="Allergies, adverse reactions, alerts" codeSystem="2.16.840.1.113883.6.1"/>
                           <sourceOf typeCode="COMP">
                              <observation classCode="OBS" moodCode="EVN" isCriterionInd="true">
                                 <code code="59037007" codeSystem="2.16.840.1.113883.6.96" displayName="Drug intolerance"/>
                                 <title>Medication intolerance: Second Generation Cephalosporin -Cefuroxime</title>
                                 <participant typeCode="CSM">
                                    <roleParticipant classCode="MANU">
                                       <playingMaterial classCode="MMAT" determinerCode="KIND">
                                          <code code="2.16.840.1.113883.3.526.02.854" displayName="Second Generation Cephalosporin -Cefuroxime RxNorm Code List"/>
                                       </playingMaterial>
                                    </roleParticipant>
                                 </participant>
                              </observation>
                           </sourceOf>
                        </act>
                     </sourceOf>
                     <sourceOf typeCode="EAS" inversionInd="true">
                        <observation classCode="OBS" moodCode="EVN" isCriterionInd="true">
                           <id root="22793476-66B6-4FEB-9CDC-045E15A0B427"/>
                           <title>Measurement period</title>
                        </observation>
                     </sourceOf>
                  </act>
               </sourceOf>
               <sourceOf typeCode="PRCN">
                  <conjunctionCode code="OR"/>
                  <act classCode="ACT" moodCode="EVN" isCriterionInd="true">
                     <sourceOf typeCode="PRCN">
                        <conjunctionCode code="OR"/>
                        <act classCode="ACT" moodCode="EVN" isCriterionInd="true" actionNegationInd="true"><!-- medication ordered pattern -->
                           <templateId root="2.16.840.1.113883.3.560.1.78"/>
                           <id root="2207DBA5-4DA2-4E3C-823C-FF2C04A470ED"/>
                           <code code="10160-0" displayName="Medications" codeSystem="2.16.840.1.113883.6.1"/>
                           <sourceOf typeCode="COMP">
                              <substanceAdministration classCode="SBADM" moodCode="RQO" isCriterionInd="true">
                                 <title>Medication ordered not done: Medical reason</title>
                                 <participant typeCode="CSM">
                                    <roleParticipant classCode="MANU">
                                       <playingMaterial classCode="MMAT" determinerCode="KIND">
                                          <code code="2.16.840.1.113883.3.526.02.853" displayName="First Generation Cephalosporin - Cefazolin RxNorm Code List"/>
                                       </playingMaterial>
                                    </roleParticipant>
                                 </participant>
                                 <sourceOf typeCode="RSON">
                                    <observation classCode="OBS" moodCode="EVN" isCriterionInd="true">
                                       <code code="ASSERTION" codeSystem="2.16.840.1.113883.5.4"/>
                                       <value xsi:type="CD" code="2.16.840.1.113883.3.526.02.313" displayName="First Generation Cephalosporin - Cefazolin RxNorm Code List"/>
                                    </observation>
                                 </sourceOf>
                              </substanceAdministration>
                           </sourceOf>
                        </act>
                     </sourceOf>
                     <sourceOf typeCode="PRCN">
                        <conjunctionCode code="OR"/>
                        <act classCode="ACT" moodCode="EVN" isCriterionInd="true" actionNegationInd="true"><!-- medication administered pattern -->
                           <templateId root="2.16.840.1.113883.3.560.1.114"/>
                           <id root="557B5D35-7B11-4F09-870E-53773E9F44B1"/>
                           <code code="18610-6" displayName="Medication administered" codeSystem="2.16.840.1.113883.6.1"/>
                           <sourceOf typeCode="COMP">
                              <substanceAdministration classCode="SBADM" moodCode="EVN" isCriterionInd="true">
                                 <title>Medication administered not done: Medical reason</title>
                                 <participant typeCode="CSM">
                                    <roleParticipant classCode="MANU">
                                       <playingMaterial classCode="MMAT" determinerCode="KIND">
                                          <code code="2.16.840.1.113883.3.526.02.853" displayName="First Generation Cephalosporin - Cefazolin RxNorm Code List"/>
                                       </playingMaterial>
                                    </roleParticipant>
                                 </participant>
                                 <sourceOf typeCode="RSON">
                                    <observation classCode="OBS" moodCode="EVN" isCriterionInd="true">
                                       <code code="ASSERTION" codeSystem="2.16.840.1.113883.5.4"/>
                                       <value xsi:type="CD" code="2.16.840.1.113883.3.526.02.313" displayName="First Generation Cephalosporin - Cefazolin RxNorm Code List"/>
                                    </observation>
                                 </sourceOf>
                              </substanceAdministration>
                           </sourceOf>
                        </act>
                     </sourceOf>
                     <sourceOf typeCode="PRCN">
                        <conjunctionCode code="OR"/>
                        <act classCode="ACT" moodCode="EVN" isCriterionInd="true" actionNegationInd="true"><!-- medication ordered pattern -->
                           <templateId root="2.16.840.1.113883.3.560.1.78"/>
                           <id root="6E99D227-42D9-4F27-96FD-CF7F57A79155"/>
                           <code code="10160-0" displayName="Medications" codeSystem="2.16.840.1.113883.6.1"/>
                           <sourceOf typeCode="COMP">
                              <substanceAdministration classCode="SBADM" moodCode="RQO" isCriterionInd="true">
                                 <title>Medication ordered not done: Medical reason</title>
                                 <participant typeCode="CSM">
                                    <roleParticipant classCode="MANU">
                                       <playingMaterial classCode="MMAT" determinerCode="KIND">
                                          <code code="2.16.840.1.113883.3.526.02.854" displayName="Second Generation Cephalosporin -Cefuroxime RxNorm Code List"/>
                                       </playingMaterial>
                                    </roleParticipant>
                                 </participant>
                                 <sourceOf typeCode="RSON">
                                    <observation classCode="OBS" moodCode="EVN" isCriterionInd="true">
                                       <code code="ASSERTION" codeSystem="2.16.840.1.113883.5.4"/>
                                       <value xsi:type="CD" code="2.16.840.1.113883.3.526.02.313" displayName="Second Generation Cephalosporin -Cefuroxime RxNorm Code List"/>
                                    </observation>
                                 </sourceOf>
                              </substanceAdministration>
                           </sourceOf>
                        </act>
                     </sourceOf>
                     <sourceOf typeCode="PRCN">
                        <conjunctionCode code="OR"/>
                        <act classCode="ACT" moodCode="EVN" isCriterionInd="true" actionNegationInd="true"><!-- medication administered pattern -->
                           <templateId root="2.16.840.1.113883.3.560.1.114"/>
                           <id root="77F776C0-6E0C-4875-A673-B2F68C0E2514"/>
                           <code code="18610-6" displayName="Medication administered" codeSystem="2.16.840.1.113883.6.1"/>
                           <sourceOf typeCode="COMP">
                              <substanceAdministration classCode="SBADM" moodCode="EVN" isCriterionInd="true">
                                 <title>Medication administered not done: Medical reason</title>
                                 <participant typeCode="CSM">
                                    <roleParticipant classCode="MANU">
                                       <playingMaterial classCode="MMAT" determinerCode="KIND">
                                          <code code="2.16.840.1.113883.3.526.02.854" displayName="Second Generation Cephalosporin -Cefuroxime RxNorm Code List"/>
                                       </playingMaterial>
                                    </roleParticipant>
                                 </participant>
                                 <sourceOf typeCode="RSON">
                                    <observation classCode="OBS" moodCode="EVN" isCriterionInd="true">
                                       <code code="ASSERTION" codeSystem="2.16.840.1.113883.5.4"/>
                                       <value xsi:type="CD" code="2.16.840.1.113883.3.526.02.313" displayName="Second Generation Cephalosporin -Cefuroxime RxNorm Code List"/>
                                    </observation>
                                 </sourceOf>
                              </substanceAdministration>
                           </sourceOf>
                        </act>
                     </sourceOf>
                     <sourceOf typeCode="EAS" inversionInd="true">
                        <act classCode="ACT" moodCode="EVN" isCriterionInd="true"><!-- procedure performed pattern -->
                           <templateId root="2.16.840.1.113883.3.560.1.6"/>
                           <id root="E3EBCBB5-CBA2-4585-B8FC-7B5DF1561AF4"/>
                           <code code="47519-4" displayName="Procedures" codeSystem="2.16.840.1.113883.6.1"/>
                           <sourceOf typeCode="COMP">
                              <procedure classCode="PROC" moodCode="EVN" isCriterionInd="true">
                                 <code code="2.16.840.1.113883.3.526.03.850" displayName="Surgical Procedures Requiring First OR Second Generation Cephalosporin Prophylaxis Code List GROUPING"/>
                                 <title>Procedure performed: Surgical Procedures Requiring First OR Second Generation Cephalosporin Prophylaxis</title>
                                 <sourceOf typeCode="DURING">
                                    <pauseQuantity xsi:type="IVL_PQ">
                                       <high value="14" unit="d" inclusive="true"/>
                                    </pauseQuantity>
                                    <observation classCode="OBS" moodCode="EVN">
                                       <id root="22793476-66B6-4FEB-9CDC-045E15A0B427"/>
                                       <title>Measurement period</title>
                                    </observation>
                                 </sourceOf>
                              </procedure>
                           </sourceOf>
                        </act>
                     </sourceOf>
                  </act>
               </sourceOf>
            </observation>
         </entry>
      </section>
   </component>
         
      <!--
         ******************************************   
         Data Criteria Section
         ******************************************
      --><component typeCode="COMP">
      <section>
         <code code="57025-9" codeSystem="2.16.840.1.113883.6.1" displayName="Data criteria (QDS Data Elements)"/>
         <title>Data criteria (QDS Data Elements)</title>
         <text>
            <list>
               <item>
                  <content>"Medication administered: First Generation Cephalosporin - Cefazolin"</content> using "First Generation Cephalosporin - Cefazolin RxNorm Code List (2.16.840.1.113883.3.526.02.853)"</item>
               <item>
                  <content>"Medication administered: Second Generation Cephalosporin -Cefuroxime"</content> using "Second Generation Cephalosporin -Cefuroxime RxNorm Code List (2.16.840.1.113883.3.526.02.854)"</item>
               <item>
                  <content>"Medication administered not done: Medical reason"</content> using "Medical reason HL7 Code List (2.16.840.1.113883.3.526.02.313)"</item>
               <item>
                  <content>"Medication adverse effects: First Generation Cephalosporin - Cefazolin"</content> using "First Generation Cephalosporin - Cefazolin RxNorm Code List (2.16.840.1.113883.3.526.02.853)"</item>
               <item>
                  <content>"Medication adverse effects: Second Generation Cephalosporin -Cefuroxime"</content> using "Second Generation Cephalosporin -Cefuroxime RxNorm Code List (2.16.840.1.113883.3.526.02.854)"</item>
               <item>
                  <content>"Medication allergy: First Generation Cephalosporin - Cefazolin"</content> using "First Generation Cephalosporin - Cefazolin RxNorm Code List (2.16.840.1.113883.3.526.02.853)"</item>
               <item>
                  <content>"Medication allergy: Second Generation Cephalosporin -Cefuroxime"</content> using "Second Generation Cephalosporin -Cefuroxime RxNorm Code List (2.16.840.1.113883.3.526.02.854)"</item>
               <item>
                  <content>"Medication intolerance: First Generation Cephalosporin - Cefazolin"</content> using "First Generation Cephalosporin - Cefazolin RxNorm Code List (2.16.840.1.113883.3.526.02.853)"</item>
               <item>
                  <content>"Medication intolerance: Second Generation Cephalosporin -Cefuroxime"</content> using "Second Generation Cephalosporin -Cefuroxime RxNorm Code List (2.16.840.1.113883.3.526.02.854)"</item>
               <item>
                  <content>"Medication ordered: First Generation Cephalosporin - Cefazolin"</content> using "First Generation Cephalosporin - Cefazolin RxNorm Code List (2.16.840.1.113883.3.526.02.853)"</item>
               <item>
                  <content>"Medication ordered: Second Generation Cephalosporin -Cefuroxime"</content> using "Second Generation Cephalosporin -Cefuroxime RxNorm Code List (2.16.840.1.113883.3.526.02.854)"</item>
               <item>
                  <content>"Medication ordered not done: Medical reason"</content> using "Medical reason HL7 Code List (2.16.840.1.113883.3.526.02.313)"</item>
               <item>
                  <content>"Patient characteristic: birth date" (age)</content> using "birth date HL7 Code List (2.16.840.1.113883.3.526.02.8)"</item>
               <item>
                  <content>"Procedure performed: Surgical Procedures Requiring First OR Second Generation Cephalosporin Prophylaxis"</content> using "Surgical Procedures Requiring First OR Second Generation Cephalosporin Prophylaxis Code List GROUPING (2.16.840.1.113883.3.526.03.850)"</item>
            </list>
         </text>
         <entry typeCode="DRIV">
            <act classCode="ACT" moodCode="EVN" isCriterionInd="true"><!-- patient characteristic pattern -->
               <templateId root="2.16.840.1.113883.3.560.1.25"/>
               <id root="56D8E703-5989-40E6-8A07-777F8A7B2D9D"/>
               <code code="45970-1" displayName="Demographics" codeSystem="2.16.840.1.113883.6.1"/>
               <sourceOf typeCode="COMP">
                  <observation classCode="OBS" moodCode="EVN" isCriterionInd="true">
                     <code code="2.16.840.1.113883.3.526.02.8" displayName="birth date HL7 Code List"/>
                     <title>Patient characteristic: birth date</title>
                  </observation>
               </sourceOf>
            </act>
         </entry>
         <entry typeCode="DRIV">
            <act classCode="ACT" moodCode="EVN" isCriterionInd="true"><!-- medication administered pattern -->
               <templateId root="2.16.840.1.113883.3.560.1.14"/>
               <id root="557B5D35-7B11-4F09-870E-53773E9F44B1"/>
               <code code="18610-6" displayName="Medication administered" codeSystem="2.16.840.1.113883.6.1"/>
               <sourceOf typeCode="COMP">
                  <substanceAdministration classCode="SBADM" moodCode="EVN" isCriterionInd="true">
                     <title>Medication administered: First Generation Cephalosporin - Cefazolin</title>
                     <participant typeCode="CSM">
                        <roleParticipant classCode="MANU">
                           <playingMaterial classCode="MMAT" determinerCode="KIND">
                              <code code="2.16.840.1.113883.3.526.02.853" displayName="First Generation Cephalosporin - Cefazolin RxNorm Code List"/>
                           </playingMaterial>
                        </roleParticipant>
                     </participant>
                  </substanceAdministration>
               </sourceOf>
            </act>
         </entry>
         <entry typeCode="DRIV">
            <act classCode="ACT" moodCode="EVN" isCriterionInd="true"><!-- medication adverse effects pattern -->
               <templateId root="2.16.840.1.113883.3.560.1.7"/>
               <id root="F2B2692F-9F4D-45FB-80AD-C636B22030A8"/>
               <code code="48765-2" displayName="Allergies, adverse reactions, alerts" codeSystem="2.16.840.1.113883.6.1"/>
               <sourceOf typeCode="COMP">
                  <observation classCode="OBS" moodCode="EVN" isCriterionInd="true">
                     <code code="419511003" codeSystem="2.16.840.1.113883.6.96" displayName="Drug adverse effect"/>
                     <title>Medication adverse effects: First Generation Cephalosporin - Cefazolin</title>
                     <participant typeCode="CSM">
                        <roleParticipant classCode="MANU">
                           <playingMaterial classCode="MMAT" determinerCode="KIND">
                              <code code="2.16.840.1.113883.3.526.02.853" displayName="First Generation Cephalosporin - Cefazolin RxNorm Code List"/>
                           </playingMaterial>
                        </roleParticipant>
                     </participant>
                  </observation>
               </sourceOf>
            </act>
         </entry>
         <entry typeCode="DRIV">
            <act classCode="ACT" moodCode="EVN" isCriterionInd="true"><!-- medication allergy pattern -->
               <templateId root="2.16.840.1.113883.3.560.1.1"/>
               <id root="5AD3D0CD-C22E-411B-B892-2DFEFBD1224F"/>
               <code code="48765-2" displayName="Allergies, adverse reactions, alerts" codeSystem="2.16.840.1.113883.6.1"/>
               <sourceOf typeCode="COMP">
                  <observation classCode="OBS" moodCode="EVN" isCriterionInd="true">
                     <code code="416098002" codeSystem="2.16.840.1.113883.6.96" displayName="Drug allergy"/>
                     <title>Medication allergy: First Generation Cephalosporin - Cefazolin</title>
                     <participant typeCode="CSM">
                        <roleParticipant classCode="MANU">
                           <playingMaterial classCode="MMAT" determinerCode="KIND">
                              <code code="2.16.840.1.113883.3.526.02.853" displayName="First Generation Cephalosporin - Cefazolin RxNorm Code List"/>
                           </playingMaterial>
                        </roleParticipant>
                     </participant>
                  </observation>
               </sourceOf>
            </act>
         </entry>
         <entry typeCode="DRIV">
            <act classCode="ACT" moodCode="EVN" isCriterionInd="true"><!-- medication intolerance pattern -->
               <templateId root="2.16.840.1.113883.3.560.1.15"/>
               <id root="5818BE8F-0D4D-4499-A324-6F344427A05E"/>
               <code code="48765-2" displayName="Allergies, adverse reactions, alerts" codeSystem="2.16.840.1.113883.6.1"/>
               <sourceOf typeCode="COMP">
                  <observation classCode="OBS" moodCode="EVN" isCriterionInd="true">
                     <code code="59037007" codeSystem="2.16.840.1.113883.6.96" displayName="Drug intolerance"/>
                     <title>Medication intolerance: First Generation Cephalosporin - Cefazolin</title>
                     <participant typeCode="CSM">
                        <roleParticipant classCode="MANU">
                           <playingMaterial classCode="MMAT" determinerCode="KIND">
                              <code code="2.16.840.1.113883.3.526.02.853" displayName="First Generation Cephalosporin - Cefazolin RxNorm Code List"/>
                           </playingMaterial>
                        </roleParticipant>
                     </participant>
                  </observation>
               </sourceOf>
            </act>
         </entry>
         <entry typeCode="DRIV">
            <act classCode="ACT" moodCode="EVN" isCriterionInd="true"><!-- medication ordered pattern -->
               <templateId root="2.16.840.1.113883.3.560.1.17"/>
               <id root="2207DBA5-4DA2-4E3C-823C-FF2C04A470ED"/>
               <code code="10160-0" displayName="Medications" codeSystem="2.16.840.1.113883.6.1"/>
               <sourceOf typeCode="COMP">
                  <substanceAdministration classCode="SBADM" moodCode="RQO" isCriterionInd="true">
                     <title>Medication ordered: First Generation Cephalosporin - Cefazolin</title>
                     <participant typeCode="CSM">
                        <roleParticipant classCode="MANU">
                           <playingMaterial classCode="MMAT" determinerCode="KIND">
                              <code code="2.16.840.1.113883.3.526.02.853" displayName="First Generation Cephalosporin - Cefazolin RxNorm Code List"/>
                           </playingMaterial>
                        </roleParticipant>
                     </participant>
                  </substanceAdministration>
               </sourceOf>
            </act>
         </entry>
         <entry typeCode="DRIV">
            <act classCode="ACT" moodCode="EVN" isCriterionInd="true"><!-- medication administered pattern -->
               <templateId root="2.16.840.1.113883.3.560.1.14"/>
               <id root="77F776C0-6E0C-4875-A673-B2F68C0E2514"/>
               <code code="18610-6" displayName="Medication administered" codeSystem="2.16.840.1.113883.6.1"/>
               <sourceOf typeCode="COMP">
                  <substanceAdministration classCode="SBADM" moodCode="EVN" isCriterionInd="true">
                     <title>Medication administered: Second Generation Cephalosporin -Cefuroxime</title>
                     <participant typeCode="CSM">
                        <roleParticipant classCode="MANU">
                           <playingMaterial classCode="MMAT" determinerCode="KIND">
                              <code code="2.16.840.1.113883.3.526.02.854" displayName="Second Generation Cephalosporin -Cefuroxime RxNorm Code List"/>
                           </playingMaterial>
                        </roleParticipant>
                     </participant>
                  </substanceAdministration>
               </sourceOf>
            </act>
         </entry>
         <entry typeCode="DRIV">
            <act classCode="ACT" moodCode="EVN" isCriterionInd="true"><!-- medication adverse effects pattern -->
               <templateId root="2.16.840.1.113883.3.560.1.7"/>
               <id root="AA6EE257-B98D-441B-8D15-1A453DD9D401"/>
               <code code="48765-2" displayName="Allergies, adverse reactions, alerts" codeSystem="2.16.840.1.113883.6.1"/>
               <sourceOf typeCode="COMP">
                  <observation classCode="OBS" moodCode="EVN" isCriterionInd="true">
                     <code code="419511003" codeSystem="2.16.840.1.113883.6.96" displayName="Drug adverse effect"/>
                     <title>Medication adverse effects: Second Generation Cephalosporin -Cefuroxime</title>
                     <participant typeCode="CSM">
                        <roleParticipant classCode="MANU">
                           <playingMaterial classCode="MMAT" determinerCode="KIND">
                              <code code="2.16.840.1.113883.3.526.02.854" displayName="Second Generation Cephalosporin -Cefuroxime RxNorm Code List"/>
                           </playingMaterial>
                        </roleParticipant>
                     </participant>
                  </observation>
               </sourceOf>
            </act>
         </entry>
         <entry typeCode="DRIV">
            <act classCode="ACT" moodCode="EVN" isCriterionInd="true"><!-- medication allergy pattern -->
               <templateId root="2.16.840.1.113883.3.560.1.1"/>
               <id root="CE0B6A92-C4CF-45F0-9CCD-36748B1BD7B0"/>
               <code code="48765-2" displayName="Allergies, adverse reactions, alerts" codeSystem="2.16.840.1.113883.6.1"/>
               <sourceOf typeCode="COMP">
                  <observation classCode="OBS" moodCode="EVN" isCriterionInd="true">
                     <code code="416098002" codeSystem="2.16.840.1.113883.6.96" displayName="Drug allergy"/>
                     <title>Medication allergy: Second Generation Cephalosporin -Cefuroxime</title>
                     <participant typeCode="CSM">
                        <roleParticipant classCode="MANU">
                           <playingMaterial classCode="MMAT" determinerCode="KIND">
                              <code code="2.16.840.1.113883.3.526.02.854" displayName="Second Generation Cephalosporin -Cefuroxime RxNorm Code List"/>
                           </playingMaterial>
                        </roleParticipant>
                     </participant>
                  </observation>
               </sourceOf>
            </act>
         </entry>
         <entry typeCode="DRIV">
            <act classCode="ACT" moodCode="EVN" isCriterionInd="true"><!-- medication intolerance pattern -->
               <templateId root="2.16.840.1.113883.3.560.1.15"/>
               <id root="27BB72DE-80D7-4864-BB6C-7AF20BC335CE"/>
               <code code="48765-2" displayName="Allergies, adverse reactions, alerts" codeSystem="2.16.840.1.113883.6.1"/>
               <sourceOf typeCode="COMP">
                  <observation classCode="OBS" moodCode="EVN" isCriterionInd="true">
                     <code code="59037007" codeSystem="2.16.840.1.113883.6.96" displayName="Drug intolerance"/>
                     <title>Medication intolerance: Second Generation Cephalosporin -Cefuroxime</title>
                     <participant typeCode="CSM">
                        <roleParticipant classCode="MANU">
                           <playingMaterial classCode="MMAT" determinerCode="KIND">
                              <code code="2.16.840.1.113883.3.526.02.854" displayName="Second Generation Cephalosporin -Cefuroxime RxNorm Code List"/>
                           </playingMaterial>
                        </roleParticipant>
                     </participant>
                  </observation>
               </sourceOf>
            </act>
         </entry>
         <entry typeCode="DRIV">
            <act classCode="ACT" moodCode="EVN" isCriterionInd="true"><!-- medication ordered pattern -->
               <templateId root="2.16.840.1.113883.3.560.1.17"/>
               <id root="6E99D227-42D9-4F27-96FD-CF7F57A79155"/>
               <code code="10160-0" displayName="Medications" codeSystem="2.16.840.1.113883.6.1"/>
               <sourceOf typeCode="COMP">
                  <substanceAdministration classCode="SBADM" moodCode="RQO" isCriterionInd="true">
                     <title>Medication ordered: Second Generation Cephalosporin -Cefuroxime</title>
                     <participant typeCode="CSM">
                        <roleParticipant classCode="MANU">
                           <playingMaterial classCode="MMAT" determinerCode="KIND">
                              <code code="2.16.840.1.113883.3.526.02.854" displayName="Second Generation Cephalosporin -Cefuroxime RxNorm Code List"/>
                           </playingMaterial>
                        </roleParticipant>
                     </participant>
                  </substanceAdministration>
               </sourceOf>
            </act>
         </entry>
         <entry typeCode="DRIV">
            <act classCode="ACT" moodCode="EVN" isCriterionInd="true"><!-- procedure performed pattern -->
               <templateId root="2.16.840.1.113883.3.560.1.6"/>
               <id root="E3EBCBB5-CBA2-4585-B8FC-7B5DF1561AF4"/>
               <code code="47519-4" displayName="Procedures" codeSystem="2.16.840.1.113883.6.1"/>
               <sourceOf typeCode="COMP">
                  <procedure classCode="PROC" moodCode="EVN" isCriterionInd="true">
                     <code code="2.16.840.1.113883.3.526.03.850" displayName="Surgical Procedures Requiring First OR Second Generation Cephalosporin Prophylaxis Code List GROUPING"/>
                     <title>Procedure performed: Surgical Procedures Requiring First OR Second Generation Cephalosporin Prophylaxis</title>
                  </procedure>
               </sourceOf>
            </act>
         </entry>
         <entry typeCode="DRIV">
            <act classCode="ACT" moodCode="EVN" isCriterionInd="true"><!-- medication ordered not done pattern -->
               <templateId root="2.16.840.1.113883.3.560.1.78"/>
               <id root="55D22223-2D7F-4FC0-A642-21BE401496BC"/>
               <code code="10160-0" displayName="Medications" codeSystem="2.16.840.1.113883.6.1"/>
               <sourceOf typeCode="COMP">
                  <substanceAdministration classCode="SBADM" moodCode="RQO" isCriterionInd="true">
                     <title>Medication ordered not done: Medical reason</title>
                     <participant typeCode="CSM">
                        <roleParticipant classCode="MANU">
                           <playingMaterial classCode="MMAT" determinerCode="KIND">
                              <code code="2.16.840.1.113883.3.526.02.313" displayName="Medical reason HL7 Code List"/>
                           </playingMaterial>
                        </roleParticipant>
                     </participant>
                  </substanceAdministration>
               </sourceOf>
            </act>
         </entry>
         <entry typeCode="DRIV">
            <act classCode="ACT" moodCode="EVN" isCriterionInd="true"><!-- medication administered not done pattern -->
               <templateId root="2.16.840.1.113883.3.560.1.114"/>
               <id root="66122223-2D7F-4FC0-A642-21BE401496BC"/>
               <code code="18610-6" displayName="Medication administered" codeSystem="2.16.840.1.113883.6.1"/>
               <sourceOf typeCode="COMP">
                  <substanceAdministration classCode="SBADM" moodCode="EVN" isCriterionInd="true">
                     <title>Medication administered not done: Medical reason</title>
                     <participant typeCode="CSM">
                        <roleParticipant classCode="MANU">
                           <playingMaterial classCode="MMAT" determinerCode="KIND">
                              <code code="2.16.840.1.113883.3.526.02.313" displayName="Medical reason HL7 Code List"/>
                           </playingMaterial>
                        </roleParticipant>
                     </participant>
                  </substanceAdministration>
               </sourceOf>
            </act>
         </entry>
      </section>
   </component>
   <component typeCode="COMP">
      <section>
         <title>Summary Calculation</title>
         <text>
            <content>Calculation is generic to all measures:</content>
            <list>
               <item>Calculate the final denominator by adding all that meet denominator criteria.</item>
               <item>Subtract from the final denominator all that do not meet numerator criteria yet also meet exclusion criteria.  Note some measures do not have exclusion criteria.</item>
               <item>The performance calculation is based on the "Measure scoring" from header information above:
					        	<list>
                     <item>For "Proportion" measures, the calculation is the number meeting numerator criteria divided by the final denominator.</item>
                     <item>For "Ratio" and "Continuous Variable" measures, follow the calculation instructions in the Data Aggregation header information above, if present.</item>
                  </list>
               </item>
               <item>For measures with multiple denominators, repeat this process for each denominator and report each result separately.</item>
               <item>For measures with multiple patient populations, repeat this process for each patient population and report each result separately.</item>
               <item>For measures with multiple numerators, calculate each numerator separately within each population using the paired exclusion.</item>
            </list>
         </text>
      </section>
   </component>
</QualityMeasureDocument>