<?xml version="1.0" encoding="UTF-8"?>
     <OpenCdsConceptMappingSpecificationFile>
          <specificationNotes>Created using ApelonConceptMappingSpecificationFileCreator.</specificationNotes>
          <openCdsConcept code="C44" displayName="Outpatient encounter"></openCdsConcept>
          <conceptDeterminationMethod code="C45" displayName="NQF"></conceptDeterminationMethod>
          <membersForCodeSystem codeSystem="2.16.840.1.113883.6.12" codeSystemName="CPT4">
               <CD code="99201" displayName="Office or other outpatient visit for the evaluation and management of a new patient, which requires these 3 key components: A problem focused history; A problem focused examination; Straightforward medical decision making. Counseling and/or [99201]"></CD>
               <CD code="99202" displayName="Office or other outpatient visit for the evaluation and management of a new patient, which requires these 3 key components: An expanded problem focused history; An expanded problem focused examination; Straightforward medical decision making. [99202]"></CD>
               <CD code="99203" displayName="Office or other outpatient visit for the evaluation and management of a new patient, which requires these 3 key components: A detailed history; A detailed examination; Medical decision making of low complexity. Counseling and/or coordination of [99203]"></CD>
               <CD code="99204" displayName="Office or other outpatient visit for the evaluation and management of a new patient, which requires these 3 key components: A comprehensive history; A comprehensive examination; Medical decision making of moderate complexity. Counseling and/or [99204]"></CD>
               <CD code="99205" displayName="Office or other outpatient visit for the evaluation and management of a new patient, which requires these 3 key components: A comprehensive history; A comprehensive examination; Medical decision making of high complexity. Counseling and/or [99205]"></CD>
               <CD code="99211" displayName="Office or other outpatient visit for the evaluation and management of an established patient, that may not require the presence of a physician. Usually, the presenting problem(s) are minimal. Typically, 5 minutes are spent performing or [99211]"></CD>
               <CD code="99212" displayName="Office or other outpatient visit for the evaluation and management of an established patient, which requires at least 2 of these 3 key components: A problem focused history; A problem focused examination; Straightforward medical decision making. [99212]"></CD>
               <CD code="99213" displayName="Office or other outpatient visit for the evaluation and management of an established patient, which requires at least 2 of these 3 key components: An expanded problem focused history; An expanded problem focused examination; Medical decision [99213]"></CD>
               <CD code="99214" displayName="Office or other outpatient visit for the evaluation and management of an established patient, which requires at least 2 of these 3 key components: A detailed history; A detailed examination; Medical decision making of moderate complexity. [99214]"></CD>
               <CD code="99215" displayName="Office or other outpatient visit for the evaluation and management of an established patient, which requires at least 2 of these 3 key components: A comprehensive history; A comprehensive examination; Medical decision making of high complexity. [99215]"></CD>
               <CD code="99217" displayName="Observation care discharge day management (This code is to be utilized by the physician to report all services provided to a patient on discharge from &quot;observation status&quot; if the discharge is on other than the initial date of &quot;observation status.&quot; [99217]"></CD>
               <CD code="99218" displayName="Initial observation care, per day, for the evaluation and management of a patient which requires these 3 key components: A detailed or comprehensive history; A detailed or comprehensive examination; and Medical decision making that is [99218]"></CD>
               <CD code="99219" displayName="Initial observation care, per day, for the evaluation and management of a patient, which requires these 3 key components: A comprehensive history; A comprehensive examination; and Medical decision making of moderate complexity. Counseling and/or [99219]"></CD>
               <CD code="99220" displayName="Initial observation care, per day, for the evaluation and management of a patient, which requires these 3 key components: A comprehensive history; A comprehensive examination; and Medical decision making of high complexity. Counseling and/or [99220]"></CD>
               <CD code="99241" displayName="Office consultation for a new or established patient, which requires these 3 key components: A problem focused history; A problem focused examination; and Straightforward medical decision making. Counseling and/or coordination of care with other [99241]"></CD>
               <CD code="99242" displayName="Office consultation for a new or established patient, which requires these 3 key components: An expanded problem focused history; An expanded problem focused examination; and Straightforward medical decision making. Counseling and/or coordination [99242]"></CD>
               <CD code="99243" displayName="Office consultation for a new or established patient, which requires these 3 key components: A detailed history; A detailed examination; and Medical decision making of low complexity. Counseling and/or coordination of care with other providers or [99243]"></CD>
               <CD code="99244" displayName="Office consultation for a new or established patient, which requires these 3 key components: A comprehensive history; A comprehensive examination; and Medical decision making of moderate complexity. Counseling and/or coordination of care with [99244]"></CD>
               <CD code="99245" displayName="Office consultation for a new or established patient, which requires these 3 key components: A comprehensive history; A comprehensive examination; and Medical decision making of high complexity. Counseling and/or coordination of care with other [99245]"></CD>
               <CD code="99341" displayName="Home visit for the evaluation and management of a new patient, which requires these 3 key components: A problem focused history; A problem focused examination; and Straightforward medical decision making. Counseling and/or coordination of care [99341]"></CD>
               <CD code="99342" displayName="Home visit for the evaluation and management of a new patient, which requires these 3 key components: An expanded problem focused history; An expanded problem focused examination; and Medical decision making of low complexity. Counseling and/or [99342]"></CD>
               <CD code="99343" displayName="Home visit for the evaluation and management of a new patient, which requires these 3 key components: A detailed history; A detailed examination; and Medical decision making of moderate complexity. Counseling and/or coordination of care with other [99343]"></CD>
               <CD code="99344" displayName="Home visit for the evaluation and management of a new patient, which requires these 3 key components: A comprehensive history; A comprehensive examination; and Medical decision making of moderate complexity. Counseling and/or coordination of care [99344]"></CD>
               <CD code="99345" displayName="Home visit for the evaluation and management of a new patient, which requires these 3 key components: A comprehensive history; A comprehensive examination; and Medical decision making of high complexity. Counseling and/or coordination of care with [99345]"></CD>
               <CD code="99347" displayName="Home visit for the evaluation and management of an established patient, which requires at least 2 of these 3 key components: A problem focused interval history; A problem focused examination; Straightforward medical decision making. Counseling [99347]"></CD>
               <CD code="99348" displayName="Home visit for the evaluation and management of an established patient, which requires at least 2 of these 3 key components: An expanded problem focused interval history; An expanded problem focused examination; Medical decision making of low [99348]"></CD>
               <CD code="99349" displayName="Home visit for the evaluation and management of an established patient, which requires at least 2 of these 3 key components: A detailed interval history; A detailed examination; Medical decision making of moderate complexity. Counseling and/or [99349]"></CD>
               <CD code="99350" displayName="Home visit for the evaluation and management of an established patient, which requires at least 2 of these 3 key components: A comprehensive interval history; A comprehensive examination; Medical decision making of moderate to high complexity. [99350]"></CD>
               <CD code="99384" displayName="Initial comprehensive preventive medicine evaluation and management of an individual including an age and gender appropriate history, examination, counseling/anticipatory guidance/risk factor reduction interventions, and the ordering of [99384]"></CD>
               <CD code="99385" displayName="Initial comprehensive preventive medicine evaluation and management of an individual including an age and gender appropriate history, examination, counseling/anticipatory guidance/risk factor reduction interventions, and the ordering of [99385]"></CD>
               <CD code="99386" displayName="Initial comprehensive preventive medicine evaluation and management of an individual including an age and gender appropriate history, examination, counseling/anticipatory guidance/risk factor reduction interventions, and the ordering of [99386]"></CD>
               <CD code="99387" displayName="Initial comprehensive preventive medicine evaluation and management of an individual including an age and gender appropriate history, examination, counseling/anticipatory guidance/risk factor reduction interventions, and the ordering of [99387]"></CD>
               <CD code="99394" displayName="Periodic comprehensive preventive medicine reevaluation and management of an individual including an age and gender appropriate history, examination, counseling/anticipatory guidance/risk factor reduction interventions, and the ordering of [99394]"></CD>
               <CD code="99395" displayName="Periodic comprehensive preventive medicine reevaluation and management of an individual including an age and gender appropriate history, examination, counseling/anticipatory guidance/risk factor reduction interventions, and the ordering of [99395]"></CD>
               <CD code="99396" displayName="Periodic comprehensive preventive medicine reevaluation and management of an individual including an age and gender appropriate history, examination, counseling/anticipatory guidance/risk factor reduction interventions, and the ordering of [99396]"></CD>
               <CD code="99397" displayName="Periodic comprehensive preventive medicine reevaluation and management of an individual including an age and gender appropriate history, examination, counseling/anticipatory guidance/risk factor reduction interventions, and the ordering of [99397]"></CD>
               <CD code="99401" displayName="Preventive medicine counseling and/or risk factor reduction intervention(s) provided to an individual (separate procedure); approximately 15 minutes [99401]"></CD>
               <CD code="99402" displayName="Preventive medicine counseling and/or risk factor reduction intervention(s) provided to an individual (separate procedure); approximately 30 minutes [99402]"></CD>
               <CD code="99403" displayName="Preventive medicine counseling and/or risk factor reduction intervention(s) provided to an individual (separate procedure); approximately 45 minutes [99403]"></CD>
               <CD code="99404" displayName="Preventive medicine counseling and/or risk factor reduction intervention(s) provided to an individual (separate procedure); approximately 60 minutes [99404]"></CD>
               <CD code="99411" displayName="Preventive medicine counseling and/or risk factor reduction intervention(s) provided to individuals in a group setting (separate procedure); approximately 30 minutes [99411]"></CD>
               <CD code="99412" displayName="Preventive medicine counseling and/or risk factor reduction intervention(s) provided to individuals in a group setting (separate procedure); approximately 60 minutes [99412]"></CD>
               <CD code="99420" displayName="Administration and interpretation of health risk assessment instrument (eg, health hazard appraisal) [99420]"></CD>
               <CD code="99429" displayName="Unlisted preventive medicine service [99429]"></CD>
               <CD code="99455" displayName="Work related or medical disability examination by the treating physician that includes: Completion of a medical history commensurate with the patient&apos;s condition; Performance of an examination commensurate with the patient&apos;s condition; Formulation [99455]"></CD>
               <CD code="99456" displayName="Work related or medical disability examination by other than the treating physician that includes: Completion of a medical history commensurate with the patient&apos;s condition; Performance of an examination commensurate with the patient&apos;s condition; [99456]"></CD>
          </membersForCodeSystem>
     </OpenCdsConceptMappingSpecificationFile>
