<?xml version="1.0" encoding="UTF-8"?>
     <OpenCdsConceptMappingSpecificationFile>
          <specificationNotes>Created using ApelonConceptMappingSpecificationFileCreator.</specificationNotes>
          <openCdsConcept code="C49" displayName="Mastectomy"></openCdsConcept>
          <conceptDeterminationMethod code="C45" displayName="NQF"></conceptDeterminationMethod>
          <membersForCodeSystem codeSystem="2.16.840.1.113883.6.12" codeSystemName="CPT4">
               <CD code="19303" displayName="Mastectomy, simple, complete [19303]"></CD>
               <CD code="19304" displayName="Mastectomy, subcutaneous [19304]"></CD>
               <CD code="19305" displayName="Mastectomy, radical, including pectoral muscles, axillary lymph nodes [19305]"></CD>
               <CD code="19306" displayName="Mastectomy, radical, including pectoral muscles, axillary and internal mammary lymph nodes (Urban type operation) [19306]"></CD>
               <CD code="19307" displayName="Mastectomy, modified radical, including axillary lymph nodes, with or without pectoralis minor muscle, but excluding pectoralis major muscle [19307]"></CD>
          </membersForCodeSystem>
     </OpenCdsConceptMappingSpecificationFile>
