<?xml version="1.0" encoding="UTF-8"?>
     <OpenCdsConceptMappingSpecificationFile>
          <specificationNotes>Created using ApelonConceptMappingSpecificationFileCreator.</specificationNotes>
          <openCdsConcept code="C61" displayName="Obstetrics and gynecology encounter"></openCdsConcept>
          <conceptDeterminationMethod code="C45" displayName="NQF"></conceptDeterminationMethod>
          <membersForCodeSystem codeSystem="2.16.840.1.113883.6.103" codeSystemName="ICD9CM diagnoses">
               <CD code="V24" displayName="Postpartum care and examination [V24]"></CD>
               <CD code="V25" displayName="Encounter for contraceptive management [V25]"></CD>
               <CD code="V26" displayName="Procreative management [V26]"></CD>
               <CD code="V27" displayName="Outcome of delivery [V27]"></CD>
               <CD code="V28" displayName="Encounter for antenatal screening of mother [V28]"></CD>
               <CD code="V45.5" displayName="Presence of contraceptive device [V45.5]"></CD>
               <CD code="V61.5" displayName="Multiparity [V61.5]"></CD>
               <CD code="V61.6" displayName="Illegitimacy or illegitimate pregnancy [V61.6]"></CD>
               <CD code="V61.7" displayName="Other unwanted pregnancy [V61.7]"></CD>
               <CD code="V69.2" displayName="High-risk sexual behavior [V69.2]"></CD>
               <CD code="V72.3" displayName="Gynecological examination [V72.3]"></CD>
               <CD code="V72.4" displayName="Pregnancy examination or test [V72.4]"></CD>
          </membersForCodeSystem>
     </OpenCdsConceptMappingSpecificationFile>
