<?xml version="1.0" encoding="UTF-8"?>
     <OpenCdsConceptMappingSpecificationFile>
          <specificationNotes>Created using ApelonConceptMappingSpecificationFileCreator.</specificationNotes>
          <openCdsConcept code="C59" displayName="Papanicolaou smear"></openCdsConcept>
          <conceptDeterminationMethod code="C45" displayName="NQF"></conceptDeterminationMethod>
          <membersForCodeSystem codeSystem="2.16.840.1.113883.6.103" codeSystemName="ICD9CM diagnoses">
               <CD code="91.46" displayName="Microscopic examination of specimen from female genital tract, cell block and Papanicolaou smear [91.46]"></CD>
               <CD code="V72.32" displayName="Encounter for Papanicolaou cervical smear to confirm findings of recent normal smear following initial abnormal smear [V72.32]"></CD>
          </membersForCodeSystem>
     </OpenCdsConceptMappingSpecificationFile>
