<?xml version="1.0" encoding="UTF-8"?>
     <OpenCdsConceptMappingSpecificationFile>
          <specificationNotes>Created using ApelonConceptMappingSpecificationFileCreator.</specificationNotes>
          <openCdsConcept code="C38" displayName="Diabetes mellitus"></openCdsConcept>
          <conceptDeterminationMethod code="C36" displayName="OpenCDS"></conceptDeterminationMethod>
          <membersForCodeSystem codeSystem="2.16.840.1.113883.6.104" codeSystemName="ICD9CM procedures">
               <CD code="250" displayName="Diabetes mellitus [250]"></CD>
               <CD code="250.0" displayName="Diabetes mellitus without mention of complication [250.0]"></CD>
               <CD code="250.00" displayName="Diabetes mellitus without mention of complication, type II or unspecified type, not stated as uncontrolled [250.00]"></CD>
               <CD code="250.01" displayName="Diabetes mellitus without mention of complication, type I [juvenile type], not stated as uncontrolled [250.01]"></CD>
               <CD code="250.02" displayName="Diabetes mellitus without mention of complication, type II or unspecified type, uncontrolled [250.02]"></CD>
               <CD code="250.03" displayName="Diabetes mellitus without mention of complication, type I [juvenile type], uncontrolled [250.03]"></CD>
               <CD code="250.1" displayName="Diabetes with ketoacidosis [250.1]"></CD>
               <CD code="250.10" displayName="Diabetes with ketoacidosis, type II or unspecified type, not stated as uncontrolled [250.10]"></CD>
               <CD code="250.11" displayName="Diabetes with ketoacidosis, type I [juvenile type], not stated as uncontrolled [250.11]"></CD>
               <CD code="250.12" displayName="Diabetes with ketoacidosis, type II or unspecified type, uncontrolled [250.12]"></CD>
               <CD code="250.13" displayName="Diabetes with ketoacidosis, type I [juvenile type], uncontrolled [250.13]"></CD>
               <CD code="250.2" displayName="Diabetes with hyperosmolarity [250.2]"></CD>
               <CD code="250.20" displayName="Diabetes with hyperosmolarity, type II or unspecified type, not stated as uncontrolled [250.20]"></CD>
               <CD code="250.21" displayName="Diabetes with hyperosmolarity, type I [juvenile type], not stated as uncontrolled [250.21]"></CD>
               <CD code="250.22" displayName="Diabetes with hyperosmolarity, type II or unspecified type, uncontrolled [250.22]"></CD>
               <CD code="250.23" displayName="Diabetes with hyperosmolarity, type I [juvenile type], uncontrolled [250.23]"></CD>
               <CD code="250.3" displayName="Diabetes with other coma [250.3]"></CD>
               <CD code="250.30" displayName="Diabetes with other coma, type II or unspecified type, not stated as uncontrolled [250.30]"></CD>
               <CD code="250.31" displayName="Diabetes with other coma, type I [juvenile type], not stated as uncontrolled [250.31]"></CD>
               <CD code="250.32" displayName="Diabetes with other coma, type II or unspecified type, uncontrolled [250.32]"></CD>
               <CD code="250.33" displayName="Diabetes with other coma, type I [juvenile type], uncontrolled [250.33]"></CD>
               <CD code="250.4" displayName="Diabetes with renal manifestations [250.4]"></CD>
               <CD code="250.40" displayName="Diabetes with renal manifestations, type II or unspecified type, not stated as uncontrolled [250.40]"></CD>
               <CD code="250.41" displayName="Diabetes with renal manifestations, type I [juvenile type], not stated as uncontrolled [250.41]"></CD>
               <CD code="250.42" displayName="Diabetes with renal manifestations, type II or unspecified type, uncontrolled [250.42]"></CD>
               <CD code="250.43" displayName="Diabetes with renal manifestations, type I [juvenile type], uncontrolled [250.43]"></CD>
               <CD code="250.5" displayName="Diabetes with ophthalmic manifestations [250.5]"></CD>
               <CD code="250.50" displayName="Diabetes with ophthalmic manifestations, type II or unspecified type, not stated as uncontrolled [250.50]"></CD>
               <CD code="250.51" displayName="Diabetes with ophthalmic manifestations, type I [juvenile type], not stated as uncontrolled [250.51]"></CD>
               <CD code="250.52" displayName="Diabetes with ophthalmic manifestations, type II or unspecified type, uncontrolled [250.52]"></CD>
               <CD code="250.53" displayName="Diabetes with ophthalmic manifestations, type I [juvenile type], uncontrolled [250.53]"></CD>
               <CD code="250.6" displayName="Diabetes with neurological manifestations [250.6]"></CD>
               <CD code="250.60" displayName="Diabetes with neurological manifestations, type II or unspecified type, not stated as uncontrolled [250.60]"></CD>
               <CD code="250.61" displayName="Diabetes with neurological manifestations, type I [juvenile type], not stated as uncontrolled [250.61]"></CD>
               <CD code="250.62" displayName="Diabetes with neurological manifestations, type II or unspecified type, uncontrolled [250.62]"></CD>
               <CD code="250.63" displayName="Diabetes with neurological manifestations, type I [juvenile type], uncontrolled [250.63]"></CD>
               <CD code="250.7" displayName="Diabetes with peripheral circulatory disorders [250.7]"></CD>
               <CD code="250.70" displayName="Diabetes with peripheral circulatory disorders, type II or unspecified type, not stated as uncontrolled [250.70]"></CD>
               <CD code="250.71" displayName="Diabetes with peripheral circulatory disorders, type I [juvenile type], not stated as uncontrolled [250.71]"></CD>
               <CD code="250.72" displayName="Diabetes with peripheral circulatory disorders, type II or unspecified type, uncontrolled [250.72]"></CD>
               <CD code="250.73" displayName="Diabetes with peripheral circulatory disorders, type I [juvenile type], uncontrolled [250.73]"></CD>
               <CD code="250.8" displayName="Diabetes with other specified manifestations [250.8]"></CD>
               <CD code="250.80" displayName="Diabetes with other specified manifestations, type II or unspecified type, not stated as uncontrolled [250.80]"></CD>
               <CD code="250.81" displayName="Diabetes with other specified manifestations, type I [juvenile type], not stated as uncontrolled [250.81]"></CD>
               <CD code="250.82" displayName="Diabetes with other specified manifestations, type II or unspecified type, uncontrolled [250.82]"></CD>
               <CD code="250.83" displayName="Diabetes with other specified manifestations, type I [juvenile type], uncontrolled [250.83]"></CD>
               <CD code="250.9" displayName="Diabetes with unspecified complication [250.9]"></CD>
               <CD code="250.90" displayName="Diabetes with unspecified complication, type II or unspecified type, not stated as uncontrolled [250.90]"></CD>
               <CD code="250.91" displayName="Diabetes with unspecified complication, type I [juvenile type], not stated as uncontrolled [250.91]"></CD>
               <CD code="250.92" displayName="Diabetes with unspecified complication, type II or unspecified type, uncontrolled [250.92]"></CD>
               <CD code="250.93" displayName="Diabetes with unspecified complication, type I [juvenile type], uncontrolled [250.93]"></CD>
          </membersForCodeSystem>
     </OpenCdsConceptMappingSpecificationFile>
