<?xml version="1.0" encoding="UTF-8"?>
     <OpenCdsConceptMappingSpecificationFile>
          <specificationNotes>Created using ApelonConceptMappingSpecificationFileCreator.</specificationNotes>
          <openCdsConcept code="C48" displayName="Breast cancer screening"></openCdsConcept>
          <conceptDeterminationMethod code="C45" displayName="NQF"></conceptDeterminationMethod>
          <membersForCodeSystem codeSystem="2.16.840.1.113883.6.103" codeSystemName="ICD9CM diagnoses">
               <CD code="87.36" displayName="Xerography of breast [87.36]"></CD>
               <CD code="87.37" displayName="Other mammography [87.37]"></CD>
               <CD code="V76.11" displayName="Screening mammogram for high-risk patient [V76.11]"></CD>
               <CD code="V76.12" displayName="Other screening mammogram [V76.12]"></CD>
          </membersForCodeSystem>
     </OpenCdsConceptMappingSpecificationFile>
