<?xml version="1.0" encoding="UTF-8"?>
     <OpenCdsConceptMappingSpecificationFile>
          <specificationNotes>Created using ApelonConceptMappingSpecificationFileCreator.</specificationNotes>
          <openCdsConcept code="C44" displayName="Outpatient encounter"></openCdsConcept>
          <conceptDeterminationMethod code="C45" displayName="NQF"></conceptDeterminationMethod>
          <membersForCodeSystem codeSystem="2.16.840.1.113883.6.104" codeSystemName="ICD9CM procedures">
               <CD code="V70.0" displayName="Routine general medical examination at a health care facility [V70.0]"></CD>
               <CD code="V70.3" displayName="Other medical examination for administrative purposes [V70.3]"></CD>
               <CD code="V70.5" displayName="Health examination of defined subpopulations [V70.5]"></CD>
               <CD code="V70.6" displayName="Health examination in population surveys [V70.6]"></CD>
               <CD code="V70.8" displayName="Other specified general medical examinations [V70.8]"></CD>
               <CD code="V70.9" displayName="Unspecified general medical examination [V70.9]"></CD>
          </membersForCodeSystem>
     </OpenCdsConceptMappingSpecificationFile>
