<?xml version="1.0" encoding="UTF-8"?>
     <OpenCdsConceptMappingSpecificationFile>
          <specificationNotes>Created using ApelonConceptMappingSpecificationFileCreator.</specificationNotes>
          <openCdsConcept code="C60" displayName="Hysterectomy"></openCdsConcept>
          <conceptDeterminationMethod code="C45" displayName="NQF"></conceptDeterminationMethod>
          <membersForCodeSystem codeSystem="2.16.840.1.113883.6.104" codeSystemName="ICD9CM procedures">
               <CD code="618.5" displayName="Prolapse of vaginal vault after hysterectomy [618.5]"></CD>
               <CD code="68.4" displayName="Total abdominal hysterectomy [68.4]"></CD>
               <CD code="68.41" displayName="Laparoscopic total abdominal hysterectomy [68.41]"></CD>
               <CD code="68.49" displayName="Other and unspecified total abdominal hysterectomy [68.49]"></CD>
               <CD code="68.5" displayName="Vaginal hysterectomy [68.5]"></CD>
               <CD code="68.51" displayName="Laparoscopically assisted vaginal hysterectomy (LAVH) [68.51]"></CD>
               <CD code="68.59" displayName="Other and unspecified vaginal hysterectomy  [68.59]"></CD>
               <CD code="68.6" displayName="Radical abdominal hysterectomy [68.6]"></CD>
               <CD code="68.61" displayName="Laparoscopic radical abdominal hysterectomy [68.61]"></CD>
               <CD code="68.69" displayName="Other and unspecified radical abdominal hysterectomy [68.69]"></CD>
               <CD code="68.7" displayName="Radical vaginal hysterectomy [68.7]"></CD>
               <CD code="68.71" displayName="Laparoscopic radical vaginal hysterectomy [LRVH] [68.71]"></CD>
               <CD code="68.79" displayName="Other and unspecified radical vaginal hysterectomy [68.79]"></CD>
               <CD code="68.8" displayName="Pelvic evisceration [68.8]"></CD>
               <CD code="V67.01" displayName="Follow-up vaginal pap smear [V67.01]"></CD>
               <CD code="V76.47" displayName="Vagina [V76.47]"></CD>
               <CD code="V88.01" displayName="Acquired absence of both cervix and uterus [V88.01]"></CD>
               <CD code="V88.03" displayName="Acquired absence of cervix with remaining uterus [V88.03]"></CD>
          </membersForCodeSystem>
     </OpenCdsConceptMappingSpecificationFile>
