<?xml version="1.0" encoding="UTF-8"?>
     <OpenCdsConceptMappingSpecificationFile>
          <specificationNotes>Created using ApelonConceptMappingSpecificationFileCreator.</specificationNotes>
          <openCdsConcept code="C60" displayName="Hysterectomy"></openCdsConcept>
          <conceptDeterminationMethod code="C45" displayName="NQF"></conceptDeterminationMethod>
          <membersForCodeSystem codeSystem="2.16.840.1.113883.6.96" codeSystemName="SNOMED CT">
               <CD code="116140006" displayName="Total hysterectomy (procedure)"></CD>
               <CD code="116142003" displayName="Radical hysterectomy (procedure)"></CD>
               <CD code="116143008" displayName="Total abdominal hysterectomy (procedure)"></CD>
               <CD code="116144002" displayName="Total abdominal hysterectomy with bilateral salpingo-oophorectomy (procedure)"></CD>
               <CD code="236886002" displayName="Hysterectomy (procedure)"></CD>
               <CD code="236888001" displayName="Total laparoscopic hysterectomy (procedure)"></CD>
               <CD code="236891001" displayName="Radical laparoscopic hysterectomy (procedure)"></CD>
               <CD code="27950001" displayName="Total hysterectomy with unilateral removal of ovary (procedure)"></CD>
               <CD code="307771009" displayName="Radical abdominal hysterectomy (procedure)"></CD>
               <CD code="31545000" displayName="Total hysterectomy with unilateral removal of tube (procedure)"></CD>
               <CD code="35955002" displayName="Radical vaginal hysterectomy (procedure)"></CD>
               <CD code="361222003" displayName="Wertheim-Meigs abdominal hysterectomy (procedure)"></CD>
               <CD code="361223008" displayName="Wertheim operation (procedure)"></CD>
               <CD code="414575003" displayName="Laparoscopic total abdominal hysterectomy and bilateral salpingo-oophorectomy (procedure)"></CD>
               <CD code="59750000" displayName="Total hysterectomy with unilateral removal of tube and ovary (procedure)"></CD>
               <CD code="79095000" displayName="Complete excision of organ (procedure)"></CD>
               <CD code="86477000" displayName="Total hysterectomy with removal of both tubes and ovaries (procedure)"></CD>
               <CD code="88144003" displayName="Removal of ectopic interstitial uterine pregnancy requiring total hysterectomy (procedure)"></CD>
          </membersForCodeSystem>
     </OpenCdsConceptMappingSpecificationFile>
