<?xml version="1.0" encoding="UTF-8"?>
     <OpenCdsConceptMappingSpecificationFile>
          <specificationNotes>Created using ApelonConceptMappingSpecificationFileCreator.</specificationNotes>
          <openCdsConcept code="C48" displayName="Breast cancer screening"></openCdsConcept>
          <conceptDeterminationMethod code="C45" displayName="NQF"></conceptDeterminationMethod>
          <membersForCodeSystem codeSystem="2.16.840.1.113883.6.96" codeSystemName="SNOMED CT">
               <CD code="12389009" displayName="Xeromammography (procedure)"></CD>
               <CD code="241055006" displayName="Mammogram - symptomatic (procedure)"></CD>
               <CD code="241056007" displayName="Mammogram - localization (procedure)"></CD>
               <CD code="241057003" displayName="Mammogram coned (procedure)"></CD>
               <CD code="241058008" displayName="Mammogram magnification (procedure)"></CD>
               <CD code="241189009" displayName="Breast sinogram (procedure)"></CD>
               <CD code="241539009" displayName="Computed tomography of breast (procedure)"></CD>
               <CD code="24623002" displayName="Screening mammography (procedure)"></CD>
               <CD code="258172002" displayName="Stereotactic mammography (procedure)"></CD>
               <CD code="35482003" displayName="Partial mastectomy with axillary lymphadenectomy (procedure)"></CD>
               <CD code="418074003" displayName="Mammography and aspiration (procedure)"></CD>
               <CD code="418378007" displayName="Mammography and biopsy (procedure)"></CD>
               <CD code="43204002" displayName="Bilateral mammography (procedure)"></CD>
               <CD code="439324009" displayName="Mammogram in compression view (procedure)"></CD>
               <CD code="71651007" displayName="Mammography (procedure)"></CD>
          </membersForCodeSystem>
     </OpenCdsConceptMappingSpecificationFile>
