<?xml version="1.0" encoding="UTF-8"?>
     <OpenCdsConceptMappingSpecificationFile>
          <specificationNotes>Created using ApelonConceptMappingSpecificationFileCreator.</specificationNotes>
          <openCdsConcept code="C59" displayName="Papanicolaou smear"></openCdsConcept>
          <conceptDeterminationMethod code="C45" displayName="NQF"></conceptDeterminationMethod>
          <membersForCodeSystem codeSystem="2.16.840.1.113883.6.96" codeSystemName="SNOMED CT">
               <CD code="439958008" displayName="Sampling of cervix for Papanicolaou smear (procedure)"></CD>
               <CD code="440615002" displayName="Microscopic examination of vaginal Papanicolaou smear (procedure)"></CD>
               <CD code="440623000" displayName="Microscopic examination of cervical Papanicolaou smear (procedure)"></CD>
          </membersForCodeSystem>
     </OpenCdsConceptMappingSpecificationFile>
