<?xml version="1.0" encoding="UTF-8"?>
     <OpenCdsConceptMappingSpecificationFile>
          <specificationNotes>Created using ApelonConceptMappingSpecificationFileCreator.</specificationNotes>
          <openCdsConcept code="C47" displayName="Unilateral mastectomy"></openCdsConcept>
          <conceptDeterminationMethod code="C45" displayName="NQF"></conceptDeterminationMethod>
          <membersForCodeSystem codeSystem="2.16.840.1.113883.6.96" codeSystemName="SNOMED CT">
               <CD code="172043006" displayName="Simple mastectomy (procedure)"></CD>
               <CD code="172044000" displayName="Subcutaneous mastectomy for gynecomastia (procedure)"></CD>
               <CD code="237367009" displayName="Total mastectomy and division of pectoralis minor muscle (procedure)"></CD>
               <CD code="237368004" displayName="Total mastectomy and excision of part of pectoral muscles and chest wall (procedure)"></CD>
               <CD code="274957008" displayName="Radical mastectomy including axillary lymph nodes (procedure)"></CD>
               <CD code="287653007" displayName="Subcutaneous mastectomy and prosthetic implant (procedure)"></CD>
               <CD code="318190001" displayName="Mastectomy with preservation of skin and nipple with synchronous implant (procedure)"></CD>
               <CD code="359728003" displayName="Radical mastectomy including pectoral muscles and axillary lymph nodes (procedure)"></CD>
               <CD code="359731002" displayName="Urban operation, extended radical mastectomy (procedure)"></CD>
               <CD code="395702000" displayName="Patey total mastectomy (procedure)"></CD>
               <CD code="406505007" displayName="Modified radical mastectomy (procedure)"></CD>
               <CD code="41104003" displayName="Wedge excision of breast (procedure)"></CD>
               <CD code="428564008" displayName="Skin sparing mastectomy (procedure)"></CD>
               <CD code="428571003" displayName="Mastectomy of left breast (procedure)"></CD>
               <CD code="429400009" displayName="Mastectomy of right breast (procedure)"></CD>
               <CD code="70183006" displayName="Subcutaneous mastectomy (procedure)"></CD>
          </membersForCodeSystem>
     </OpenCdsConceptMappingSpecificationFile>
