<?xml version="1.0" encoding="UTF-8"?>
     <OpenCdsConceptMappingSpecificationFile>
          <specificationNotes>Created using ApelonConceptMappingSpecificationFileCreator.</specificationNotes>
          <openCdsConcept code="C46" displayName="Bilateral mastectomy"></openCdsConcept>
          <conceptDeterminationMethod code="C45" displayName="NQF"></conceptDeterminationMethod>
          <membersForCodeSystem codeSystem="2.16.840.1.113883.6.96" codeSystemName="SNOMED CT">
               <CD code="14693006" displayName="Bilateral subcutaneous mammectomy (procedure)"></CD>
               <CD code="14714006" displayName="Bilateral mastectomy with excision of bilateral regional lymph nodes (procedure)"></CD>
               <CD code="17086001" displayName="Modified radical mastectomy, bilateral (procedure)"></CD>
               <CD code="172049005" displayName="Quadrantectomy of breast (procedure)"></CD>
               <CD code="22418005" displayName="Bilateral simple mastectomy (procedure)"></CD>
               <CD code="237370008" displayName="Segmentectomy of breast (procedure)"></CD>
               <CD code="27865001" displayName="Bilateral mastectomy (procedure)"></CD>
               <CD code="287654001" displayName="Extended simple mastectomy (procedure)"></CD>
               <CD code="359734005" displayName="Halsted mastectomy (procedure)"></CD>
               <CD code="359740003" displayName="Extended radical mastectomy (procedure)"></CD>
               <CD code="367502008" displayName="Segmental excision of breast (procedure)"></CD>
               <CD code="384723003" displayName="Radical mastectomy (procedure)"></CD>
               <CD code="395165008" displayName="Re-excision of breast for clearance of tumor margins (procedure)"></CD>
               <CD code="52314009" displayName="Bilateral mastectomy extended simple (procedure)"></CD>
               <CD code="59860000" displayName="Removal of intact mammary implant, bilateral, plus capsulectomies (procedure)"></CD>
               <CD code="60633004" displayName="Bilateral subcutaneous mammectomy with synchronous implant (procedure)"></CD>
               <CD code="66398006" displayName="Mastectomy with excision of regional lymph nodes (procedure)"></CD>
               <CD code="76468001" displayName="Bilateral radical mastectomy (procedure)"></CD>
          </membersForCodeSystem>
     </OpenCdsConceptMappingSpecificationFile>
