<?xml version="1.0" encoding="UTF-8"?>
     <OpenCdsConceptMappingSpecificationFile>
          <specificationNotes>Created using ApelonConceptMappingSpecificationFileCreator.</specificationNotes>
          <openCdsConcept code="C38" displayName="Diabetes mellitus"></openCdsConcept>
          <conceptDeterminationMethod code="C36" displayName="OpenCDS"></conceptDeterminationMethod>
          <membersForCodeSystem codeSystem="2.16.840.1.113883.6.96" codeSystemName="SNOMED CT">
               <CD code="111552007" displayName="Diabetes mellitus without complication (disorder)"></CD>
               <CD code="111554008" displayName="Rare form of secondary diabetes mellitus, due to disorder other than malnutrition, protein deficiency, pancreatic disease, hormonal disease, drugs, receptor abnormality, OR genetic syndrome (disorder)"></CD>
               <CD code="11687002" displayName="Gestational diabetes mellitus (disorder)"></CD>
               <CD code="123763000" displayName="Houssay&apos;s syndrome (disorder)"></CD>
               <CD code="190330002" displayName="Diabetes mellitus, juvenile type, with hyperosmolar coma (disorder)"></CD>
               <CD code="190331003" displayName="Diabetes mellitus, adult onset, with hyperosmolar coma (disorder)"></CD>
               <CD code="190368000" displayName="Type I diabetes mellitus with ulcer (disorder)"></CD>
               <CD code="190369008" displayName="Type I diabetes mellitus with gangrene (disorder)"></CD>
               <CD code="190372001" displayName="Type I diabetes mellitus maturity onset (disorder)"></CD>
               <CD code="190389009" displayName="Type II diabetes mellitus with ulcer (disorder)"></CD>
               <CD code="190390000" displayName="Type II diabetes mellitus with gangrene (disorder)"></CD>
               <CD code="190406000" displayName="Malnutrition-related diabetes mellitus with ketoacidosis (disorder)"></CD>
               <CD code="190407009" displayName="Malnutrition-related diabetes mellitus with renal complications (disorder)"></CD>
               <CD code="190410002" displayName="Malnutrition-related diabetes mellitus with peripheral circulatory complications (disorder)"></CD>
               <CD code="190411003" displayName="Malnutrition-related diabetes mellitus with multiple complications (disorder)"></CD>
               <CD code="190412005" displayName="Malnutrition-related diabetes mellitus without complications (disorder)"></CD>
               <CD code="190416008" displayName="Steroid-induced diabetes mellitus without complication (disorder)"></CD>
               <CD code="190447002" displayName="Steroid-induced diabetes (disorder)"></CD>
               <CD code="199223000" displayName="Diabetes mellitus during pregnancy, childbirth and the puerperium (disorder)"></CD>
               <CD code="199225007" displayName="Diabetes mellitus during pregnancy - baby delivered (disorder)"></CD>
               <CD code="199226008" displayName="Diabetes mellitus in the puerperium - baby delivered during current episode of care (disorder)"></CD>
               <CD code="199227004" displayName="Diabetes mellitus during pregnancy - baby not yet delivered (disorder)"></CD>
               <CD code="199228009" displayName="Diabetes mellitus in the pueperium - baby delivered during previous episode of care (disorder)"></CD>
               <CD code="199229001" displayName="Pre-existing diabetes mellitus, insulin-dependent (disorder)"></CD>
               <CD code="199230006" displayName="Pre-existing diabetes mellitus, non-insulin-dependent (disorder)"></CD>
               <CD code="199231005" displayName="Pre-existing malnutrition-related diabetes mellitus (disorder)"></CD>
               <CD code="23045005" displayName="Insulin dependent diabetes mellitus type IA (disorder)"></CD>
               <CD code="237599002" displayName="Insulin-treated non-insulin-dependent diabetes mellitus (disorder)"></CD>
               <CD code="237600004" displayName="Malnutrition-related diabetes mellitus - fibrocalculous (disorder)"></CD>
               <CD code="237601000" displayName="Secondary endocrine diabetes mellitus (disorder)"></CD>
               <CD code="237603002" displayName="Transitory neonatal diabetes mellitus (disorder)"></CD>
               <CD code="237604008" displayName="Diabetes mellitus autosomal dominant type II (disorder)"></CD>
               <CD code="237613005" displayName="Hyperproinsulinemia (disorder)"></CD>
               <CD code="237618001" displayName="Insulin-dependent diabetes mellitus secretory diarrhea syndrome (disorder)"></CD>
               <CD code="237619009" displayName="Diabetes-deafness syndrome maternally transmitted (disorder)"></CD>
               <CD code="237627000" displayName="Pregnancy and non-insulin-dependent diabetes mellitus (disorder)"></CD>
               <CD code="2751001" displayName="Fibrocalculous pancreatic diabetes (disorder)"></CD>
               <CD code="276560009" displayName="Small for gestation neonatal diabetes mellitus (disorder)"></CD>
               <CD code="28032008" displayName="Insulin dependent diabetes mellitus type IB (disorder)"></CD>
               <CD code="28453007" displayName="Maturity onset diabetes mellitus in young (disorder)"></CD>
               <CD code="313435000" displayName="Type I diabetes mellitus without complication (disorder)"></CD>
               <CD code="313436004" displayName="Type II diabetes mellitus without complication (disorder)"></CD>
               <CD code="314771006" displayName="Type I diabetes mellitus with hypoglycemic coma (disorder)"></CD>
               <CD code="314772004" displayName="Type II diabetes mellitus with hypoglycemic coma (disorder)"></CD>
               <CD code="314893005" displayName="Type I diabetes mellitus with arthropathy (disorder)"></CD>
               <CD code="314894004" displayName="Type I diabetes mellitus with neuropathic arthropathy (disorder)"></CD>
               <CD code="314902007" displayName="Type II diabetes mellitus with peripheral angiopathy (disorder)"></CD>
               <CD code="314903002" displayName="Type II diabetes mellitus with arthropathy (disorder)"></CD>
               <CD code="314904008" displayName="Type II diabetes mellitus with neuropathic arthropathy (disorder)"></CD>
               <CD code="33559001" displayName="Pineal hyperplasia AND diabetes mellitus syndrome (disorder)"></CD>
               <CD code="359638003" displayName="Non-insulin dependent diabetes mellitus (NIDDM) in nonobese (disorder)"></CD>
               <CD code="359642000" displayName="Diabetes mellitus type 2 in nonobese (disorder)"></CD>
               <CD code="359939009" displayName="Maternal diabetes mellitus (disorder)"></CD>
               <CD code="408539000" displayName="Insulin autoimmune syndrome (disorder)"></CD>
               <CD code="408540003" displayName="Diabetes mellitus induced by non-steroid drugs (disorder)"></CD>
               <CD code="413183008" displayName="Diabetes mellitus induced by non-steroid drugs without complication (disorder)"></CD>
               <CD code="420414003" displayName="Multiple complications of type II diabetes mellitus (disorder)"></CD>
               <CD code="420491007" displayName="Gestational diabetes mellitus, class H (disorder)"></CD>
               <CD code="420738003" displayName="Gestational diabetes mellitus, class T (disorder)"></CD>
               <CD code="420989005" displayName="Gestational diabetes mellitus, class R (disorder)"></CD>
               <CD code="421223006" displayName="Gestational diabetes mellitus, class F (disorder)"></CD>
               <CD code="421389009" displayName="Gestational diabetes mellitus, class C (disorder)"></CD>
               <CD code="421443003" displayName="Gestational diabetes mellitus, class D (disorder)"></CD>
               <CD code="422155003" displayName="Gestational diabetes mellitus, class B (disorder)"></CD>
               <CD code="422228004" displayName="Multiple complications of type I diabetes mellitus (disorder)"></CD>
               <CD code="426705001" displayName="Diabetes mellitus associated with cystic fibrosis (disorder)"></CD>
               <CD code="426875007" displayName="Latent autoimmune diabetes mellitus in adult (disorder)"></CD>
               <CD code="427089005" displayName="Diabetes mellitus due to cystic fibrosis (disorder)"></CD>
               <CD code="42954008" displayName="Diabetes mellitus associated with receptor abnormality (disorder)"></CD>
               <CD code="44054006" displayName="Diabetes mellitus type 2 (disorder)"></CD>
               <CD code="441628001" displayName="Multiple complications due to diabetes mellitus (disorder)"></CD>
               <CD code="445260006" displayName="Posttransplant diabetes mellitus (disorder)"></CD>
               <CD code="446641003" displayName="Renal cysts and diabetes syndrome (disorder)"></CD>
               <CD code="46635009" displayName="Diabetes mellitus type 1 (disorder)"></CD>
               <CD code="46894009" displayName="Gestational diabetes mellitus, class A&gt;2&lt; (disorder)"></CD>
               <CD code="4783006" displayName="Maternal diabetes mellitus with hypoglycemia affecting fetus OR newborn (disorder)"></CD>
               <CD code="49817004" displayName="Neonatal diabetes mellitus (disorder)"></CD>
               <CD code="51002006" displayName="Diabetes mellitus associated with pancreatic disease (disorder)"></CD>
               <CD code="5368009" displayName="Drug-induced diabetes mellitus (disorder)"></CD>
               <CD code="57886004" displayName="Protein-deficient diabetes mellitus (disorder)"></CD>
               <CD code="59079001" displayName="Diabetes mellitus associated with hormonal etiology (disorder)"></CD>
               <CD code="5969009" displayName="Diabetes mellitus associated with genetic syndrome (disorder)"></CD>
               <CD code="70694009" displayName="Diabetes mellitus AND insipidus with optic atrophy AND deafness (disorder)"></CD>
               <CD code="71546005" displayName="Gestational diabetes mellitus, class B&gt;1&lt; (disorder)"></CD>
               <CD code="73211009" displayName="Diabetes mellitus (disorder)"></CD>
               <CD code="75022004" displayName="Gestational diabetes mellitus, class A&gt;1&lt; (disorder)"></CD>
               <CD code="75524006" displayName="Malnutrition related diabetes mellitus (disorder)"></CD>
               <CD code="75682002" displayName="Diabetes mellitus due to insulin receptor antibodies (disorder)"></CD>
               <CD code="76751001" displayName="Diabetes mellitus in mother complicating pregnancy, childbirth AND/OR puerperium (disorder)"></CD>
               <CD code="81531005" displayName="Diabetes mellitus type 2 in obese (disorder)"></CD>
               <CD code="82260000" displayName="Pregestational diabetes mellitus AND/OR impaired glucose tolerance, modified White class R (disorder)"></CD>
               <CD code="8801005" displayName="Secondary diabetes mellitus (disorder)"></CD>
               <CD code="91352004" displayName="Diabetes mellitus due to structurally abnormal insulin (disorder)"></CD>
               <CD code="9859006" displayName="Insulin-resistant diabetes mellitus AND acanthosis nigricans (disorder)"></CD>
          </membersForCodeSystem>
     </OpenCdsConceptMappingSpecificationFile>
