<?xml version="1.0" encoding="UTF-8"?>
<?xml-stylesheet type="text/xsl" href="HQMFreader.xsl"?>
<QualityMeasureDocument xmlns:xsi="http://www.w3.org/2001/XMLSchema-instance" xmlns="urn:hl7-org:v3">
         
      <!--
         **************************************************************   
         Measure Header Section
         **************************************************************
      --><typeId root="2.16.840.1.113883.1.3" extension="POQM_HD000001"/>
   <id root="3A4A22B1-22C0-48F4-AE0A-DBD3D43F2044"/>
   <code code="57024-2" codeSystem="2.16.840.1.113883.6.1" displayName="Health Quality Measure Document"/>
   <title>Diabetic Retinopathy: Documentation of Presence or Absence of Macular Edema and Level of Severity of Retinopathy (NQF 0088)</title>
   <text>Percentage of patients aged 18 years and older with a diagnosis of diabetic retinopathy who had a dilated macular or fundus exam performed which included documentation of the level of severity of retinopathy and the presence or absence of macular edema during one or more office visits within 12 months</text>
   <statusCode code="completed"/>
   <setId root="6DE1DCD4-2315-4BFD-B4B1-146742906169"/>
   <versionNumber value="1"/>
   <author typeCode="AUT">
      <assignedPerson classCode="ASSIGNED">
         <representedOrganization classCode="ORG" determinerCode="INSTANCE">
            <id root="2.16.840.1.113883.3.526"/>
            <name>American Medical Association - Physician Consortium for Performance Improvement</name>
            <contactParty classCode="CON" nullFlavor="UNK"/>
         </representedOrganization>
      </assignedPerson>
   </author>
   <custodian>
      <assignedPerson classCode="ASSIGNED">
         <representedOrganization classCode="ORG" determinerCode="INSTANCE">
            <id root="2.16.840.1.113883.3.526"/>
            <name>American Medical Association - Physician Consortium for Performance Improvement</name>
            <contactParty classCode="CON" nullFlavor="UNK"/>
         </representedOrganization>
      </assignedPerson>
   </custodian>
   <verifier typeCode="VRF">
      <assignedPerson classCode="ASSIGNED">
         <representedOrganization classCode="ORG" determinerCode="INSTANCE">
            <id root="2.16.840.1.113883.3.560"/>
            <name>National Quality Forum</name>
            <contactParty classCode="CON" nullFlavor="UNK"/>
         </representedOrganization>
      </assignedPerson>
   </verifier>
   <subjectOf>
      <measureAttribute>
         <code code="COPY" codeSystem="2.16.840.1.113883.5.4" displayName="Copyright"/>
         <value xsi:type="ED" mediaType="text/plain">© 2010 American Medical Association and/or National Committee for Quality Assurance. All Rights Reserved</value>
      </measureAttribute>
   </subjectOf>
   <subjectOf>
      <measureAttribute>
         <code code="MSRSCORE" codeSystem="2.16.840.1.113883.5.4" displayName="Measure scoring"/>
         <value xsi:type="CD" code="PROPOR" codeSystem="2.16.840.1.113883.5.1063" displayName="Proportion"/>
      </measureAttribute>
   </subjectOf>
   <subjectOf>
      <measureAttribute>
         <code code="MSRTYPE" codeSystem="2.16.840.1.113883.5.4" displayName="Measure type"/>
         <value xsi:type="CD" code="PROCESS" codeSystem="2.16.840.1.113883.5.1063" displayName="Process"/>
      </measureAttribute>
   </subjectOf>
   <subjectOf>
      <measureAttribute>
         <code code="STRAT" codeSystem="2.16.840.1.113883.5.4" displayName="Stratification"/>
         <value xsi:type="ED" mediaType="text/plain">None</value>
      </measureAttribute>
   </subjectOf>
   <subjectOf>
      <measureAttribute>
         <code code="MSRADJ" codeSystem="2.16.840.1.113883.5.4" displayName="Risk Adjustment"/>
         <value xsi:type="ED" mediaType="text/plain">None</value>
      </measureAttribute>
   </subjectOf>
   <subjectOf>
      <measureAttribute>
         <code code="MSRAGG" codeSystem="2.16.840.1.113883.5.4" displayName="Data Aggregation"/>
         <value xsi:type="ED" mediaType="text/plain"/>
      </measureAttribute>
   </subjectOf>
   <subjectOf>
      <measureAttribute>
         <code code="RAT" codeSystem="2.16.840.1.113883.5.4" displayName="Rationale"/>
         <value xsi:type="ED" mediaType="text/plain">Several level 1 RCT studies demonstrate the ability of timely treatment to reduce the rate and severity of vision loss from diabetes (Diabetic Retinopathy Study – DRS, Early Treatment Diabetic Retinopathy Study – ETDRS). Necessary examination prerequisites to applying the study results are that the presence and severity of both peripheral diabetic retinopathy and macular edema be accurately documented. In the RAND chronic disease quality project, while administrative data indicated that roughly half of the patients had an eye exam in the recommended time period, chart review data indicated that only 19% had documented evidence of a dilated examination. (McGlynn, 2003). Thus, ensuring timely treatment that could prevent 95% of the blindness due to diabetes requires the performance and documentation of key examination parameters. The documented level of severity of retinopathy and the documented presence or absence of macular edema assists with the on-going plan of care for the patient with diabetic retinopathy.</value>
      </measureAttribute>
   </subjectOf>
   <subjectOf>
      <measureAttribute>
         <code code="CRS" codeSystem="2.16.840.1.113883.3.560" displayName="Clinical Recommendation Statement"/>
         <value xsi:type="ED" mediaType="text/plain">Since treatment is effective in reducing the risk of visual loss, detailed examination is indicated to assess for the following features that often lead to visual impairment: presence of macular edema, optic nerve neovascularization and/or neovascularization elsewhere, signs of severe NPDR and vitreous or preretinal hemorrhage (Level A:III Recommendation) (AAO, 2003).</value>
      </measureAttribute>
   </subjectOf>
   <subjectOf>
      <measureAttribute>
         <code code="IDUR" codeSystem="2.16.840.1.113883.3.560" displayName="Improvement notation"/>
         <value xsi:type="ED" mediaType="text/plain">Higher score indicates better quality</value>
      </measureAttribute>
   </subjectOf>
   <subjectOf>
      <measureAttribute>
         <templateId root="2.16.840.1.113883.3.560.1.74"/>
         <id root="7CAC2908-7C6C-4365-8F05-5757CB96266E"/>
         <code code="MSRTP" displayName="Measurement period" codeSystem="2.16.840.1.113883.3.560"/>
         <value xsi:type="EXPR_PQ" value="12" unit="m">
            <expression mediaType="text/plain">measureEndDate - measureStartDate</expression>
         </value>
      </measureAttribute>
   </subjectOf>
   <subjectOf>
      <localVariableName>measureStartDate</localVariableName>
      <measureAttribute>
         <templateId root="2.16.840.1.113883.3.560.1.75"/>
         <id root="04BD1B39-855D-49B8-B4CD-53FB6BA6A61E"/>
         <code code="MSRSD" displayName="Measurement start date" codeSystem="2.16.840.1.113883.3.560"/>
         <value xsi:type="TS" value="00000101"/>
      </measureAttribute>
   </subjectOf>
   <subjectOf>
      <localVariableName>measureEndDate</localVariableName>
      <measureAttribute>
         <templateId root="2.16.840.1.113883.3.560.1.75"/>
         <id root="54945D90-0D9E-4D77-8AA5-77D7A424B406"/>
         <code code="MSRED" displayName="Measurement end date" codeSystem="2.16.840.1.113883.3.560"/>
         <value xsi:type="TS" value="00001231"/>
      </measureAttribute>
   </subjectOf>
   <subjectOf>
      <measureAttribute>
         <code code="MSRMD" codeSystem="2.16.840.1.113883.3.560" displayName="Measurement duration"/>
         <value xsi:type="ED" mediaType="text/plain">12 month(s)</value>
      </measureAttribute>
   </subjectOf>
   <subjectOf>
      <measureAttribute>
         <code code="REF" codeSystem="2.16.840.1.113883.5.4" displayName="Reference"/>
         <value xsi:type="ED" mediaType="text/plain">American Academy of Ophthalmology. Preferred Practice Patterns Committee. Diabetic Retinopathy. 2003.</value>
      </measureAttribute>
   </subjectOf>
   <subjectOf>
      <measureAttribute>
         <code code="DEF" codeSystem="2.16.840.1.113883.3.560" displayName="Definition"/>
         <value xsi:type="ED" mediaType="text/plain" nullFlavor="NI"/>
      </measureAttribute>
   </subjectOf>
   <subjectOf>
      <measureAttribute>
         <code code="GUIDE" codeSystem="2.16.840.1.113883.5.4" displayName="Guidance"/>
         <value xsi:type="ED" mediaType="text/plain"/>
      </measureAttribute>
   </subjectOf>
   <componentOf>
      <qualityMeasureSet classCode="ACT">
         <id root="B1EB421F-C28C-453C-8DEE-7C6EFE318EB1"/>
         <title>CLINICAL QUALITY MEASURE SET 2011-2012</title>
      </qualityMeasureSet>
   </componentOf>
         
      <!--
         **************************************************************   
         Population Criteria Section
         **************************************************************
      --><component typeCode="COMP">
      <section>
         <code code="57026-7" codeSystem="2.16.840.1.113883.6.1" displayName="Population criteria"/>
         <title>Population criteria</title>
         <text>
            <list>
               <item>
                  <content styleCode="Bold">Initial Patient Population =</content>
                  <list>
                     <item>AND: "Patient characteristic: birth date"  &gt;= 18 year(s) starts before start of "Measurement period"</item>
                     <item>AND: "Diagnosis active: Diabetic Retinopathy" starts before or during <list>
                           <item>OR: "Encounter: Encounter Domiciliary"</item>
                           <item>OR: "Encounter: Encounter Nursing Facility"</item>
                           <item>OR: "Encounter: Encounter Office &amp; Outpatient Consult"</item>
                           <item>OR: "Encounter: Encounter Ophthalmological Services"</item>
                           <item> during "Measurement period"</item>
                        </list>
                     </item>
                     <item>AND:  &gt;= 2 count(s) of<list>
                           <item>OR: "Encounter: Encounter Domiciliary"</item>
                           <item>OR: "Encounter: Encounter Nursing Facility"</item>
                           <item>OR: "Encounter: Encounter Office &amp; Outpatient Consult"</item>
                           <item>OR: "Encounter: Encounter Ophthalmological Services"</item>
                           <item> during "Measurement period"</item>
                        </list>
                     </item>
                  </list>
               </item>
               <item>
                  <content styleCode="Bold">Denominator =</content>
                  <list>
                     <item>AND: "Initial Patient Population"</item>
                  </list>
               </item>
               <item>
                  <content styleCode="Bold">Numerator =</content>
                  <list>
                     <item>AND: "Procedure performed: Macular or Fundus Exam" during <list>
                           <item>OR: "Encounter: Encounter Domiciliary"</item>
                           <item>OR: "Encounter: Encounter Nursing Facility"</item>
                           <item>OR: "Encounter: Encounter Office &amp; Outpatient Consult"</item>
                           <item>OR: "Encounter: Encounter Ophthalmological Services"</item>
                           <item> during "Measurement period"</item>
                        </list>
                     </item>
                     <item>AND: <list>
                           <item>OR: "Physical exam finding: Severity of Retinopathy and Macular Edema Findings" starts before or during <list>
                                 <item>OR: "Encounter: Encounter Domiciliary"</item>
                                 <item>OR: "Encounter: Encounter Nursing Facility"</item>
                                 <item>OR: "Encounter: Encounter Office &amp; Outpatient Consult"</item>
                                 <item>OR: "Encounter: Encounter Ophthalmological Services"</item>
                                 <item> during "Measurement period"</item>
                              </list>
                           </item>
                           <item>OR: <list>
                                 <item>AND: "Physical exam finding: Macular Edema Findings" starts before or during <list>
                                       <item>OR: "Encounter: Encounter Domiciliary"</item>
                                       <item>OR: "Encounter: Encounter Nursing Facility"</item>
                                       <item>OR: "Encounter: Encounter Office &amp; Outpatient Consult"</item>
                                       <item>OR: "Encounter: Encounter Ophthalmological Services"</item>
                                       <item> during "Measurement period"</item>
                                    </list>
                                 </item>
                                 <item>AND: "Physical exam finding: Level of Severity of Retinopathy Findings" starts before or during <list>
                                       <item>OR: "Encounter: Encounter Domiciliary"</item>
                                       <item>OR: "Encounter: Encounter Nursing Facility"</item>
                                       <item>OR: "Encounter: Encounter Office &amp; Outpatient Consult"</item>
                                       <item>OR: "Encounter: Encounter Ophthalmological Services"</item>
                                       <item> during "Measurement period"</item>
                                    </list>
                                 </item>
                              </list>
                           </item>
                        </list>
                     </item>
                  </list>
               </item>
               <item>
                  <content styleCode="Bold">Exclusions =</content>
                  <list>
                     <item>OR: <list>
                           <item>OR: "Procedure performed not done: Medical reason" for "Macular or Fundus Exam SNOMED-CT Code List"</item>
                           <item>OR: "Procedure performed not done: Patient reason" for "Macular or Fundus Exam SNOMED-CT Code List"</item>
                           <item> during <list>
                                 <item>OR: "Encounter: Encounter Domiciliary"</item>
                                 <item>OR: "Encounter: Encounter Nursing Facility"</item>
                                 <item>OR: "Encounter: Encounter Office &amp; Outpatient Consult"</item>
                                 <item>OR: "Encounter: Encounter Ophthalmological Services"</item>
                                 <item> during "Measurement period"</item>
                              </list>
                           </item>
                        </list>
                     </item>
                  </list>
               </item>
            </list>
         </text><!--
            **************************************************************   
            Population Criteria Section: population 
            **************************************************************
      -->
         <entry typeCode="DRIV">
            <observation classCode="OBS" moodCode="EVN.CRT" isCriterionInd="true">
               <id root="9358D7CB-DEB6-47AC-9274-25948E9A2978"/>
               <code code="ASSERTION" codeSystem="2.16.840.1.113883.5.4"/>
               <value xsi:type="CD" code="IPP" codeSystem="2.16.840.1.113883.5.1063" codeSystemName="HL7 Observation Value" displayName="Initial Patient Population"/><!--  top and/or -->
               <sourceOf typeCode="PRCN">
                  <conjunctionCode code="AND"/>
                  <act classCode="ACT" moodCode="EVN" isCriterionInd="true"><!-- patient characteristic pattern -->
                     <templateId root="2.16.840.1.113883.3.560.1.25"/>
                     <id root="DCD57BC7-5B62-42C5-85F6-7CA6358EC5F4"/>
                     <code code="45970-1" displayName="Demographics" codeSystem="2.16.840.1.113883.6.1"/>
                     <sourceOf typeCode="COMP">
                        <observation classCode="OBS" moodCode="EVN" isCriterionInd="true">
                           <code code="2.16.840.1.113883.3.526.02.8" displayName="birth date HL7 Code List"/>
                           <title>Patient characteristic: birth date</title>
                           <sourceOf typeCode="SBS">
                              <pauseQuantity xsi:type="IVL_PQ">
                                 <low value="18" unit="a" inclusive="true"/>
                              </pauseQuantity>
                              <observation classCode="OBS" moodCode="EVN">
                                 <id root="7CAC2908-7C6C-4365-8F05-5757CB96266E"/>
                                 <title>Measurement period</title>
                              </observation>
                           </sourceOf>
                        </observation>
                     </sourceOf>
                  </act>
               </sourceOf>
               <sourceOf typeCode="PRCN">
                  <conjunctionCode code="AND"/>
                  <act classCode="ACT" moodCode="EVN" isCriterionInd="true"><!-- diagnosis active pattern -->
                     <templateId root="2.16.840.1.113883.3.560.1.2"/>
                     <id root="2642C42B-6097-46AB-B3E9-F98A8D4F92B3"/>
                     <code code="11450-4" displayName="Problem" codeSystem="2.16.840.1.113883.6.1"/>
                     <sourceOf typeCode="COMP">
                        <observation classCode="OBS" moodCode="EVN" isCriterionInd="true">
                           <code code="55607006" codeSystem="2.16.840.1.113883.6.96" displayName="Problem"/>
                           <title>Diagnosis active: Diabetic Retinopathy</title>
                           <value xsi:type="CD" code="2.16.840.1.113883.3.526.03.327" displayName="Diabetic Retinopathy Code List GROUPING"/>
                           <sourceOf typeCode="REFR">
                              <observation classCode="OBS" moodCode="EVN" isCriterionInd="true">
                                 <code code="33999-4" codeSystem="2.16.840.1.113883.6.1" displayName="Status"/>
                                 <value xsi:type="CD" code="55561003" displayName="active" codeSystem="2.16.840.1.113883.6.96"/>
                              </observation>
                           </sourceOf>
                           <sourceOf typeCode="EAS" inversionInd="true">
                              <act classCode="ACT" moodCode="EVN" isCriterionInd="true">
                                 <sourceOf typeCode="PRCN">
                                    <conjunctionCode code="OR"/>
                                    <act classCode="ACT" moodCode="EVN" isCriterionInd="true"><!-- encounter pattern -->
                                       <templateId root="2.16.840.1.113883.3.560.1.4"/>
                                       <id root="A25C4311-EC7C-40FE-9C5F-3BDAB7F06074"/>
                                       <code code="46240-8" displayName="Encounter list" codeSystem="2.16.840.1.113883.6.1"/>
                                       <sourceOf typeCode="COMP">
                                          <encounter classCode="ENC" moodCode="EVN" isCriterionInd="true">
                                             <code code="2.16.840.1.113883.3.526.02.110" displayName="Encounter Domiciliary CPT Code List"/>
                                             <title>Encounter: Encounter Domiciliary</title>
                                          </encounter>
                                       </sourceOf>
                                    </act>
                                 </sourceOf>
                                 <sourceOf typeCode="PRCN">
                                    <conjunctionCode code="OR"/>
                                    <act classCode="ACT" moodCode="EVN" isCriterionInd="true"><!-- encounter pattern -->
                                       <templateId root="2.16.840.1.113883.3.560.1.4"/>
                                       <id root="C3142F4D-5A3B-4821-9F17-9B7CBABF8C06"/>
                                       <code code="46240-8" displayName="Encounter list" codeSystem="2.16.840.1.113883.6.1"/>
                                       <sourceOf typeCode="COMP">
                                          <encounter classCode="ENC" moodCode="EVN" isCriterionInd="true">
                                             <code code="2.16.840.1.113883.3.526.02.28" displayName="Encounter Nursing Facility CPT Code List"/>
                                             <title>Encounter: Encounter Nursing Facility</title>
                                          </encounter>
                                       </sourceOf>
                                    </act>
                                 </sourceOf>
                                 <sourceOf typeCode="PRCN">
                                    <conjunctionCode code="OR"/>
                                    <act classCode="ACT" moodCode="EVN" isCriterionInd="true"><!-- encounter pattern -->
                                       <templateId root="2.16.840.1.113883.3.560.1.4"/>
                                       <id root="6ABD949F-B148-4AC5-A8A8-5B04864F0033"/>
                                       <code code="46240-8" displayName="Encounter list" codeSystem="2.16.840.1.113883.6.1"/>
                                       <sourceOf typeCode="COMP">
                                          <encounter classCode="ENC" moodCode="EVN" isCriterionInd="true">
                                             <code code="2.16.840.1.113883.3.526.02.99" displayName="Encounter Office &amp; Outpatient Consult CPT Code List"/>
                                             <title>Encounter: Encounter Office &amp; Outpatient Consult</title>
                                          </encounter>
                                       </sourceOf>
                                    </act>
                                 </sourceOf>
                                 <sourceOf typeCode="PRCN">
                                    <conjunctionCode code="OR"/>
                                    <act classCode="ACT" moodCode="EVN" isCriterionInd="true"><!-- encounter pattern -->
                                       <templateId root="2.16.840.1.113883.3.560.1.4"/>
                                       <id root="273F55CF-2EE2-4231-B06D-1D74AE150B37"/>
                                       <code code="46240-8" displayName="Encounter list" codeSystem="2.16.840.1.113883.6.1"/>
                                       <sourceOf typeCode="COMP">
                                          <encounter classCode="ENC" moodCode="EVN" isCriterionInd="true">
                                             <code code="2.16.840.1.113883.3.526.02.111" displayName="Encounter Ophthalmological Services CPT Code List"/>
                                             <title>Encounter: Encounter Ophthalmological Services</title>
                                          </encounter>
                                       </sourceOf>
                                    </act>
                                 </sourceOf>
                                 <sourceOf typeCode="DURING">
                                    <observation classCode="OBS" moodCode="EVN" isCriterionInd="true">
                                       <id root="7CAC2908-7C6C-4365-8F05-5757CB96266E"/>
                                       <title>Measurement period</title>
                                    </observation>
                                 </sourceOf>
                              </act>
                           </sourceOf>
                        </observation>
                     </sourceOf>
                  </act>
               </sourceOf>
               <sourceOf typeCode="PRCN">
                  <conjunctionCode code="AND"/>
                  <act classCode="ACT" moodCode="EVN" isCriterionInd="true">
                     <repeatNumber>
                        <low value="2" inclusive="true"/>
                     </repeatNumber>
                     <sourceOf typeCode="PRCN">
                        <conjunctionCode code="OR"/>
                        <act classCode="ACT" moodCode="EVN" isCriterionInd="true"><!-- encounter pattern -->
                           <templateId root="2.16.840.1.113883.3.560.1.4"/>
                           <id root="A25C4311-EC7C-40FE-9C5F-3BDAB7F06074"/>
                           <code code="46240-8" displayName="Encounter list" codeSystem="2.16.840.1.113883.6.1"/>
                           <sourceOf typeCode="COMP">
                              <encounter classCode="ENC" moodCode="EVN" isCriterionInd="true">
                                 <code code="2.16.840.1.113883.3.526.02.110" displayName="Encounter Domiciliary CPT Code List"/>
                                 <title>Encounter: Encounter Domiciliary</title>
                              </encounter>
                           </sourceOf>
                        </act>
                     </sourceOf>
                     <sourceOf typeCode="PRCN">
                        <conjunctionCode code="OR"/>
                        <act classCode="ACT" moodCode="EVN" isCriterionInd="true"><!-- encounter pattern -->
                           <templateId root="2.16.840.1.113883.3.560.1.4"/>
                           <id root="C3142F4D-5A3B-4821-9F17-9B7CBABF8C06"/>
                           <code code="46240-8" displayName="Encounter list" codeSystem="2.16.840.1.113883.6.1"/>
                           <sourceOf typeCode="COMP">
                              <encounter classCode="ENC" moodCode="EVN" isCriterionInd="true">
                                 <code code="2.16.840.1.113883.3.526.02.28" displayName="Encounter Nursing Facility CPT Code List"/>
                                 <title>Encounter: Encounter Nursing Facility</title>
                              </encounter>
                           </sourceOf>
                        </act>
                     </sourceOf>
                     <sourceOf typeCode="PRCN">
                        <conjunctionCode code="OR"/>
                        <act classCode="ACT" moodCode="EVN" isCriterionInd="true"><!-- encounter pattern -->
                           <templateId root="2.16.840.1.113883.3.560.1.4"/>
                           <id root="6ABD949F-B148-4AC5-A8A8-5B04864F0033"/>
                           <code code="46240-8" displayName="Encounter list" codeSystem="2.16.840.1.113883.6.1"/>
                           <sourceOf typeCode="COMP">
                              <encounter classCode="ENC" moodCode="EVN" isCriterionInd="true">
                                 <code code="2.16.840.1.113883.3.526.02.99" displayName="Encounter Office &amp; Outpatient Consult CPT Code List"/>
                                 <title>Encounter: Encounter Office &amp; Outpatient Consult</title>
                              </encounter>
                           </sourceOf>
                        </act>
                     </sourceOf>
                     <sourceOf typeCode="PRCN">
                        <conjunctionCode code="OR"/>
                        <act classCode="ACT" moodCode="EVN" isCriterionInd="true"><!-- encounter pattern -->
                           <templateId root="2.16.840.1.113883.3.560.1.4"/>
                           <id root="273F55CF-2EE2-4231-B06D-1D74AE150B37"/>
                           <code code="46240-8" displayName="Encounter list" codeSystem="2.16.840.1.113883.6.1"/>
                           <sourceOf typeCode="COMP">
                              <encounter classCode="ENC" moodCode="EVN" isCriterionInd="true">
                                 <code code="2.16.840.1.113883.3.526.02.111" displayName="Encounter Ophthalmological Services CPT Code List"/>
                                 <title>Encounter: Encounter Ophthalmological Services</title>
                              </encounter>
                           </sourceOf>
                        </act>
                     </sourceOf>
                     <sourceOf typeCode="DURING">
                        <observation classCode="OBS" moodCode="EVN" isCriterionInd="true">
                           <id root="7CAC2908-7C6C-4365-8F05-5757CB96266E"/>
                           <title>Measurement period</title>
                        </observation>
                     </sourceOf>
                  </act>
               </sourceOf>
            </observation>
         </entry><!--
            **************************************************************   
            Population Criteria Section: denominator 
            **************************************************************
      -->
         <entry typeCode="DRIV">
            <observation classCode="OBS" moodCode="EVN.CRT" isCriterionInd="true">
               <id root="E7EE561D-5C38-468F-A416-7929F52412EA"/>
               <code code="ASSERTION" codeSystem="2.16.840.1.113883.5.4"/>
               <value xsi:type="CD" code="DENOM" codeSystem="2.16.840.1.113883.5.1063" codeSystemName="HL7 Observation Value" displayName="Denominator"/><!--  top and/or -->
               <sourceOf typeCode="PRCN">
                  <conjunctionCode code="AND"/>
                  <observation classCode="OBS" moodCode="EVN" isCriterionInd="true">
                     <id root="9358D7CB-DEB6-47AC-9274-25948E9A2978"/>
                     <title>Initial Patient Population</title>
                  </observation>
               </sourceOf>
            </observation>
         </entry><!--
            **************************************************************   
            Population Criteria Section: numerator 
            **************************************************************
      -->
         <entry typeCode="DRIV">
            <observation classCode="OBS" moodCode="EVN.CRT" isCriterionInd="true">
               <id root="82BD8730-53DD-47C1-A242-4FB134A41446"/>
               <code code="ASSERTION" codeSystem="2.16.840.1.113883.5.4"/>
               <value xsi:type="CD" code="NUMER" codeSystem="2.16.840.1.113883.5.1063" codeSystemName="HL7 Observation Value" displayName="Numerator"/><!--  top and/or -->
               <sourceOf typeCode="PRCN">
                  <conjunctionCode code="AND"/>
                  <act classCode="ACT" moodCode="EVN" isCriterionInd="true"><!-- procedure performed pattern -->
                     <templateId root="2.16.840.1.113883.3.560.1.6"/>
                     <id root="9287309D-664E-41FC-8E26-A2C47FB35D40"/>
                     <code code="47519-4" displayName="Procedures" codeSystem="2.16.840.1.113883.6.1"/>
                     <sourceOf typeCode="COMP">
                        <procedure classCode="PROC" moodCode="EVN" isCriterionInd="true">
                           <code code="2.16.840.1.113883.3.526.02.152" displayName="Macular or Fundus Exam SNOMED-CT Code List"/>
                           <title>Procedure performed: Macular or Fundus Exam</title>
                           <sourceOf typeCode="DURING">
                              <act classCode="ACT" moodCode="EVN" isCriterionInd="true">
                                 <sourceOf typeCode="PRCN">
                                    <conjunctionCode code="OR"/>
                                    <act classCode="ACT" moodCode="EVN" isCriterionInd="true"><!-- encounter pattern -->
                                       <templateId root="2.16.840.1.113883.3.560.1.4"/>
                                       <id root="A25C4311-EC7C-40FE-9C5F-3BDAB7F06074"/>
                                       <code code="46240-8" displayName="Encounter list" codeSystem="2.16.840.1.113883.6.1"/>
                                       <sourceOf typeCode="COMP">
                                          <encounter classCode="ENC" moodCode="EVN" isCriterionInd="true">
                                             <code code="2.16.840.1.113883.3.526.02.110" displayName="Encounter Domiciliary CPT Code List"/>
                                             <title>Encounter: Encounter Domiciliary</title>
                                          </encounter>
                                       </sourceOf>
                                    </act>
                                 </sourceOf>
                                 <sourceOf typeCode="PRCN">
                                    <conjunctionCode code="OR"/>
                                    <act classCode="ACT" moodCode="EVN" isCriterionInd="true"><!-- encounter pattern -->
                                       <templateId root="2.16.840.1.113883.3.560.1.4"/>
                                       <id root="C3142F4D-5A3B-4821-9F17-9B7CBABF8C06"/>
                                       <code code="46240-8" displayName="Encounter list" codeSystem="2.16.840.1.113883.6.1"/>
                                       <sourceOf typeCode="COMP">
                                          <encounter classCode="ENC" moodCode="EVN" isCriterionInd="true">
                                             <code code="2.16.840.1.113883.3.526.02.28" displayName="Encounter Nursing Facility CPT Code List"/>
                                             <title>Encounter: Encounter Nursing Facility</title>
                                          </encounter>
                                       </sourceOf>
                                    </act>
                                 </sourceOf>
                                 <sourceOf typeCode="PRCN">
                                    <conjunctionCode code="OR"/>
                                    <act classCode="ACT" moodCode="EVN" isCriterionInd="true"><!-- encounter pattern -->
                                       <templateId root="2.16.840.1.113883.3.560.1.4"/>
                                       <id root="6ABD949F-B148-4AC5-A8A8-5B04864F0033"/>
                                       <code code="46240-8" displayName="Encounter list" codeSystem="2.16.840.1.113883.6.1"/>
                                       <sourceOf typeCode="COMP">
                                          <encounter classCode="ENC" moodCode="EVN" isCriterionInd="true">
                                             <code code="2.16.840.1.113883.3.526.02.99" displayName="Encounter Office &amp; Outpatient Consult CPT Code List"/>
                                             <title>Encounter: Encounter Office &amp; Outpatient Consult</title>
                                          </encounter>
                                       </sourceOf>
                                    </act>
                                 </sourceOf>
                                 <sourceOf typeCode="PRCN">
                                    <conjunctionCode code="OR"/>
                                    <act classCode="ACT" moodCode="EVN" isCriterionInd="true"><!-- encounter pattern -->
                                       <templateId root="2.16.840.1.113883.3.560.1.4"/>
                                       <id root="273F55CF-2EE2-4231-B06D-1D74AE150B37"/>
                                       <code code="46240-8" displayName="Encounter list" codeSystem="2.16.840.1.113883.6.1"/>
                                       <sourceOf typeCode="COMP">
                                          <encounter classCode="ENC" moodCode="EVN" isCriterionInd="true">
                                             <code code="2.16.840.1.113883.3.526.02.111" displayName="Encounter Ophthalmological Services CPT Code List"/>
                                             <title>Encounter: Encounter Ophthalmological Services</title>
                                          </encounter>
                                       </sourceOf>
                                    </act>
                                 </sourceOf>
                                 <sourceOf typeCode="DURING">
                                    <observation classCode="OBS" moodCode="EVN" isCriterionInd="true">
                                       <id root="7CAC2908-7C6C-4365-8F05-5757CB96266E"/>
                                       <title>Measurement period</title>
                                    </observation>
                                 </sourceOf>
                              </act>
                           </sourceOf>
                        </procedure>
                     </sourceOf>
                  </act>
               </sourceOf>
               <sourceOf typeCode="PRCN">
                  <conjunctionCode code="AND"/>
                  <act classCode="ACT" moodCode="EVN" isCriterionInd="true">
                     <sourceOf typeCode="PRCN">
                        <conjunctionCode code="OR"/>
                        <act classCode="ACT" moodCode="EVN" isCriterionInd="true"><!-- physical exam finding pattern -->
                           <templateId root="2.16.840.1.113883.3.560.1.18"/>
                           <id root="4A139922-3C22-484B-B919-C82D746A409E"/>
                           <code code="29545-1" codeSystem="2.16.840.1.113883.6.1" displayName="Physical Examination"/>
                           <sourceOf typeCode="COMP">
                              <observation classCode="OBS" moodCode="EVN" isCriterionInd="true">
                                 <code code="2.16.840.1.113883.3.526.02.153" displayName="Severity of Retinopathy and Macular Edema Findings SNOMED-CT Code List"/>
                                 <title>Physical exam finding: Severity of Retinopathy and Macular Edema Findings</title>
                                 <sourceOf typeCode="EAS" inversionInd="true">
                                    <act classCode="ACT" moodCode="EVN" isCriterionInd="true">
                                       <sourceOf typeCode="PRCN">
                                          <conjunctionCode code="OR"/>
                                          <act classCode="ACT" moodCode="EVN" isCriterionInd="true"><!-- encounter pattern -->
                                             <templateId root="2.16.840.1.113883.3.560.1.4"/>
                                             <id root="A25C4311-EC7C-40FE-9C5F-3BDAB7F06074"/>
                                             <code code="46240-8" displayName="Encounter list" codeSystem="2.16.840.1.113883.6.1"/>
                                             <sourceOf typeCode="COMP">
                                                <encounter classCode="ENC" moodCode="EVN" isCriterionInd="true">
                                                   <code code="2.16.840.1.113883.3.526.02.110" displayName="Encounter Domiciliary CPT Code List"/>
                                                   <title>Encounter: Encounter Domiciliary</title>
                                                </encounter>
                                             </sourceOf>
                                          </act>
                                       </sourceOf>
                                       <sourceOf typeCode="PRCN">
                                          <conjunctionCode code="OR"/>
                                          <act classCode="ACT" moodCode="EVN" isCriterionInd="true"><!-- encounter pattern -->
                                             <templateId root="2.16.840.1.113883.3.560.1.4"/>
                                             <id root="C3142F4D-5A3B-4821-9F17-9B7CBABF8C06"/>
                                             <code code="46240-8" displayName="Encounter list" codeSystem="2.16.840.1.113883.6.1"/>
                                             <sourceOf typeCode="COMP">
                                                <encounter classCode="ENC" moodCode="EVN" isCriterionInd="true">
                                                   <code code="2.16.840.1.113883.3.526.02.28" displayName="Encounter Nursing Facility CPT Code List"/>
                                                   <title>Encounter: Encounter Nursing Facility</title>
                                                </encounter>
                                             </sourceOf>
                                          </act>
                                       </sourceOf>
                                       <sourceOf typeCode="PRCN">
                                          <conjunctionCode code="OR"/>
                                          <act classCode="ACT" moodCode="EVN" isCriterionInd="true"><!-- encounter pattern -->
                                             <templateId root="2.16.840.1.113883.3.560.1.4"/>
                                             <id root="6ABD949F-B148-4AC5-A8A8-5B04864F0033"/>
                                             <code code="46240-8" displayName="Encounter list" codeSystem="2.16.840.1.113883.6.1"/>
                                             <sourceOf typeCode="COMP">
                                                <encounter classCode="ENC" moodCode="EVN" isCriterionInd="true">
                                                   <code code="2.16.840.1.113883.3.526.02.99" displayName="Encounter Office &amp; Outpatient Consult CPT Code List"/>
                                                   <title>Encounter: Encounter Office &amp; Outpatient Consult</title>
                                                </encounter>
                                             </sourceOf>
                                          </act>
                                       </sourceOf>
                                       <sourceOf typeCode="PRCN">
                                          <conjunctionCode code="OR"/>
                                          <act classCode="ACT" moodCode="EVN" isCriterionInd="true"><!-- encounter pattern -->
                                             <templateId root="2.16.840.1.113883.3.560.1.4"/>
                                             <id root="273F55CF-2EE2-4231-B06D-1D74AE150B37"/>
                                             <code code="46240-8" displayName="Encounter list" codeSystem="2.16.840.1.113883.6.1"/>
                                             <sourceOf typeCode="COMP">
                                                <encounter classCode="ENC" moodCode="EVN" isCriterionInd="true">
                                                   <code code="2.16.840.1.113883.3.526.02.111" displayName="Encounter Ophthalmological Services CPT Code List"/>
                                                   <title>Encounter: Encounter Ophthalmological Services</title>
                                                </encounter>
                                             </sourceOf>
                                          </act>
                                       </sourceOf>
                                       <sourceOf typeCode="DURING">
                                          <observation classCode="OBS" moodCode="EVN" isCriterionInd="true">
                                             <id root="7CAC2908-7C6C-4365-8F05-5757CB96266E"/>
                                             <title>Measurement period</title>
                                          </observation>
                                       </sourceOf>
                                    </act>
                                 </sourceOf>
                              </observation>
                           </sourceOf>
                        </act>
                     </sourceOf>
                     <sourceOf typeCode="PRCN">
                        <conjunctionCode code="OR"/>
                        <act classCode="ACT" moodCode="EVN" isCriterionInd="true">
                           <sourceOf typeCode="PRCN">
                              <conjunctionCode code="AND"/>
                              <act classCode="ACT" moodCode="EVN" isCriterionInd="true"><!-- physical exam finding pattern -->
                                 <templateId root="2.16.840.1.113883.3.560.1.18"/>
                                 <id root="D072AC74-E48D-4018-A7DF-C30DCDA4726E"/>
                                 <code code="29545-1" codeSystem="2.16.840.1.113883.6.1" displayName="Physical Examination"/>
                                 <sourceOf typeCode="COMP">
                                    <observation classCode="OBS" moodCode="EVN" isCriterionInd="true">
                                       <code code="2.16.840.1.113883.3.526.02.155" displayName="Macular Edema Findings SNOMED-CT Code List"/>
                                       <title>Physical exam finding: Macular Edema Findings</title>
                                       <sourceOf typeCode="EAS" inversionInd="true">
                                          <act classCode="ACT" moodCode="EVN" isCriterionInd="true">
                                             <sourceOf typeCode="PRCN">
                                                <conjunctionCode code="OR"/>
                                                <act classCode="ACT" moodCode="EVN" isCriterionInd="true"><!-- encounter pattern -->
                                                   <templateId root="2.16.840.1.113883.3.560.1.4"/>
                                                   <id root="A25C4311-EC7C-40FE-9C5F-3BDAB7F06074"/>
                                                   <code code="46240-8" displayName="Encounter list" codeSystem="2.16.840.1.113883.6.1"/>
                                                   <sourceOf typeCode="COMP">
                                                      <encounter classCode="ENC" moodCode="EVN" isCriterionInd="true">
                                                         <code code="2.16.840.1.113883.3.526.02.110" displayName="Encounter Domiciliary CPT Code List"/>
                                                         <title>Encounter: Encounter Domiciliary</title>
                                                      </encounter>
                                                   </sourceOf>
                                                </act>
                                             </sourceOf>
                                             <sourceOf typeCode="PRCN">
                                                <conjunctionCode code="OR"/>
                                                <act classCode="ACT" moodCode="EVN" isCriterionInd="true"><!-- encounter pattern -->
                                                   <templateId root="2.16.840.1.113883.3.560.1.4"/>
                                                   <id root="C3142F4D-5A3B-4821-9F17-9B7CBABF8C06"/>
                                                   <code code="46240-8" displayName="Encounter list" codeSystem="2.16.840.1.113883.6.1"/>
                                                   <sourceOf typeCode="COMP">
                                                      <encounter classCode="ENC" moodCode="EVN" isCriterionInd="true">
                                                         <code code="2.16.840.1.113883.3.526.02.28" displayName="Encounter Nursing Facility CPT Code List"/>
                                                         <title>Encounter: Encounter Nursing Facility</title>
                                                      </encounter>
                                                   </sourceOf>
                                                </act>
                                             </sourceOf>
                                             <sourceOf typeCode="PRCN">
                                                <conjunctionCode code="OR"/>
                                                <act classCode="ACT" moodCode="EVN" isCriterionInd="true"><!-- encounter pattern -->
                                                   <templateId root="2.16.840.1.113883.3.560.1.4"/>
                                                   <id root="6ABD949F-B148-4AC5-A8A8-5B04864F0033"/>
                                                   <code code="46240-8" displayName="Encounter list" codeSystem="2.16.840.1.113883.6.1"/>
                                                   <sourceOf typeCode="COMP">
                                                      <encounter classCode="ENC" moodCode="EVN" isCriterionInd="true">
                                                         <code code="2.16.840.1.113883.3.526.02.99" displayName="Encounter Office &amp; Outpatient Consult CPT Code List"/>
                                                         <title>Encounter: Encounter Office &amp; Outpatient Consult</title>
                                                      </encounter>
                                                   </sourceOf>
                                                </act>
                                             </sourceOf>
                                             <sourceOf typeCode="PRCN">
                                                <conjunctionCode code="OR"/>
                                                <act classCode="ACT" moodCode="EVN" isCriterionInd="true"><!-- encounter pattern -->
                                                   <templateId root="2.16.840.1.113883.3.560.1.4"/>
                                                   <id root="273F55CF-2EE2-4231-B06D-1D74AE150B37"/>
                                                   <code code="46240-8" displayName="Encounter list" codeSystem="2.16.840.1.113883.6.1"/>
                                                   <sourceOf typeCode="COMP">
                                                      <encounter classCode="ENC" moodCode="EVN" isCriterionInd="true">
                                                         <code code="2.16.840.1.113883.3.526.02.111" displayName="Encounter Ophthalmological Services CPT Code List"/>
                                                         <title>Encounter: Encounter Ophthalmological Services</title>
                                                      </encounter>
                                                   </sourceOf>
                                                </act>
                                             </sourceOf>
                                             <sourceOf typeCode="DURING">
                                                <observation classCode="OBS" moodCode="EVN" isCriterionInd="true">
                                                   <id root="7CAC2908-7C6C-4365-8F05-5757CB96266E"/>
                                                   <title>Measurement period</title>
                                                </observation>
                                             </sourceOf>
                                          </act>
                                       </sourceOf>
                                    </observation>
                                 </sourceOf>
                              </act>
                           </sourceOf>
                           <sourceOf typeCode="PRCN">
                              <conjunctionCode code="AND"/>
                              <act classCode="ACT" moodCode="EVN" isCriterionInd="true"><!-- physical exam finding pattern -->
                                 <templateId root="2.16.840.1.113883.3.560.1.18"/>
                                 <id root="9512BFFE-38C3-472D-A53C-1105D4C6F51F"/>
                                 <code code="29545-1" codeSystem="2.16.840.1.113883.6.1" displayName="Physical Examination"/>
                                 <sourceOf typeCode="COMP">
                                    <observation classCode="OBS" moodCode="EVN" isCriterionInd="true">
                                       <code code="2.16.840.1.113883.3.526.02.154" displayName="Level of Severity of Retinopathy Findings SNOMED-CT Code List"/>
                                       <title>Physical exam finding: Level of Severity of Retinopathy Findings</title>
                                       <sourceOf typeCode="EAS" inversionInd="true">
                                          <act classCode="ACT" moodCode="EVN" isCriterionInd="true">
                                             <sourceOf typeCode="PRCN">
                                                <conjunctionCode code="OR"/>
                                                <act classCode="ACT" moodCode="EVN" isCriterionInd="true"><!-- encounter pattern -->
                                                   <templateId root="2.16.840.1.113883.3.560.1.4"/>
                                                   <id root="A25C4311-EC7C-40FE-9C5F-3BDAB7F06074"/>
                                                   <code code="46240-8" displayName="Encounter list" codeSystem="2.16.840.1.113883.6.1"/>
                                                   <sourceOf typeCode="COMP">
                                                      <encounter classCode="ENC" moodCode="EVN" isCriterionInd="true">
                                                         <code code="2.16.840.1.113883.3.526.02.110" displayName="Encounter Domiciliary CPT Code List"/>
                                                         <title>Encounter: Encounter Domiciliary</title>
                                                      </encounter>
                                                   </sourceOf>
                                                </act>
                                             </sourceOf>
                                             <sourceOf typeCode="PRCN">
                                                <conjunctionCode code="OR"/>
                                                <act classCode="ACT" moodCode="EVN" isCriterionInd="true"><!-- encounter pattern -->
                                                   <templateId root="2.16.840.1.113883.3.560.1.4"/>
                                                   <id root="C3142F4D-5A3B-4821-9F17-9B7CBABF8C06"/>
                                                   <code code="46240-8" displayName="Encounter list" codeSystem="2.16.840.1.113883.6.1"/>
                                                   <sourceOf typeCode="COMP">
                                                      <encounter classCode="ENC" moodCode="EVN" isCriterionInd="true">
                                                         <code code="2.16.840.1.113883.3.526.02.28" displayName="Encounter Nursing Facility CPT Code List"/>
                                                         <title>Encounter: Encounter Nursing Facility</title>
                                                      </encounter>
                                                   </sourceOf>
                                                </act>
                                             </sourceOf>
                                             <sourceOf typeCode="PRCN">
                                                <conjunctionCode code="OR"/>
                                                <act classCode="ACT" moodCode="EVN" isCriterionInd="true"><!-- encounter pattern -->
                                                   <templateId root="2.16.840.1.113883.3.560.1.4"/>
                                                   <id root="6ABD949F-B148-4AC5-A8A8-5B04864F0033"/>
                                                   <code code="46240-8" displayName="Encounter list" codeSystem="2.16.840.1.113883.6.1"/>
                                                   <sourceOf typeCode="COMP">
                                                      <encounter classCode="ENC" moodCode="EVN" isCriterionInd="true">
                                                         <code code="2.16.840.1.113883.3.526.02.99" displayName="Encounter Office &amp; Outpatient Consult CPT Code List"/>
                                                         <title>Encounter: Encounter Office &amp; Outpatient Consult</title>
                                                      </encounter>
                                                   </sourceOf>
                                                </act>
                                             </sourceOf>
                                             <sourceOf typeCode="PRCN">
                                                <conjunctionCode code="OR"/>
                                                <act classCode="ACT" moodCode="EVN" isCriterionInd="true"><!-- encounter pattern -->
                                                   <templateId root="2.16.840.1.113883.3.560.1.4"/>
                                                   <id root="273F55CF-2EE2-4231-B06D-1D74AE150B37"/>
                                                   <code code="46240-8" displayName="Encounter list" codeSystem="2.16.840.1.113883.6.1"/>
                                                   <sourceOf typeCode="COMP">
                                                      <encounter classCode="ENC" moodCode="EVN" isCriterionInd="true">
                                                         <code code="2.16.840.1.113883.3.526.02.111" displayName="Encounter Ophthalmological Services CPT Code List"/>
                                                         <title>Encounter: Encounter Ophthalmological Services</title>
                                                      </encounter>
                                                   </sourceOf>
                                                </act>
                                             </sourceOf>
                                             <sourceOf typeCode="DURING">
                                                <observation classCode="OBS" moodCode="EVN" isCriterionInd="true">
                                                   <id root="7CAC2908-7C6C-4365-8F05-5757CB96266E"/>
                                                   <title>Measurement period</title>
                                                </observation>
                                             </sourceOf>
                                          </act>
                                       </sourceOf>
                                    </observation>
                                 </sourceOf>
                              </act>
                           </sourceOf>
                        </act>
                     </sourceOf>
                  </act>
               </sourceOf>
            </observation>
         </entry><!--
            **************************************************************   
            Population Criteria Section: exceptions 
            **************************************************************
      -->
         <entry typeCode="DRIV">
            <observation classCode="OBS" moodCode="EVN.CRT" isCriterionInd="true">
               <id root="FC7A5B66-DD1C-48CE-82AE-E5F66E58211B"/>
               <code code="ASSERTION" codeSystem="2.16.840.1.113883.5.4"/>
               <value xsi:type="CD" code="DENEXCEP" codeSystem="2.16.840.1.113883.5.1063" codeSystemName="HL7 Observation Value" displayName="Denominator Exception"/><!--  top and/or -->
               <sourceOf typeCode="PRCN">
                  <conjunctionCode code="OR"/>
                  <act classCode="ACT" moodCode="EVN" isCriterionInd="true">
                     <sourceOf typeCode="PRCN">
                        <conjunctionCode code="OR"/>
                        <act classCode="ACT" moodCode="EVN" isCriterionInd="true" actionNegationInd="true"><!-- procedure performed pattern -->
                           <templateId root="2.16.840.1.113883.3.560.1.106"/>
                           <id root="9287309D-664E-41FC-8E26-A2C47FB35D40"/>
                           <code code="47519-4" displayName="Procedures" codeSystem="2.16.840.1.113883.6.1"/>
                           <sourceOf typeCode="COMP">
                              <procedure classCode="PROC" moodCode="EVN" isCriterionInd="true">
                                 <code code="2.16.840.1.113883.3.526.02.152" displayName="Macular or Fundus Exam SNOMED-CT Code List"/>
                                 <title>Procedure performed not done: Medical reason</title>
                                 <sourceOf typeCode="RSON">
                                    <observation classCode="OBS" moodCode="EVN" isCriterionInd="true">
                                       <code code="ASSERTION" codeSystem="2.16.840.1.113883.5.4"/>
                                       <value xsi:type="CD" code="2.16.840.1.113883.3.526.02.313" displayName="Macular or Fundus Exam SNOMED-CT Code List"/>
                                    </observation>
                                 </sourceOf>
                              </procedure>
                           </sourceOf>
                        </act>
                     </sourceOf>
                     <sourceOf typeCode="PRCN">
                        <conjunctionCode code="OR"/>
                        <act classCode="ACT" moodCode="EVN" isCriterionInd="true" actionNegationInd="true"><!-- procedure performed pattern -->
                           <templateId root="2.16.840.1.113883.3.560.1.106"/>
                           <id root="9287309D-664E-41FC-8E26-A2C47FB35D40"/>
                           <code code="47519-4" displayName="Procedures" codeSystem="2.16.840.1.113883.6.1"/>
                           <sourceOf typeCode="COMP">
                              <procedure classCode="PROC" moodCode="EVN" isCriterionInd="true">
                                 <code code="2.16.840.1.113883.3.526.02.152" displayName="Macular or Fundus Exam SNOMED-CT Code List"/>
                                 <title>Procedure performed not done: Patient reason</title>
                                 <sourceOf typeCode="RSON">
                                    <observation classCode="OBS" moodCode="EVN" isCriterionInd="true">
                                       <code code="ASSERTION" codeSystem="2.16.840.1.113883.5.4"/>
                                       <value xsi:type="CD" code="2.16.840.1.113883.3.526.02.311" displayName="Macular or Fundus Exam SNOMED-CT Code List"/>
                                    </observation>
                                 </sourceOf>
                              </procedure>
                           </sourceOf>
                        </act>
                     </sourceOf>
                     <sourceOf typeCode="DURING">
                        <act classCode="ACT" moodCode="EVN" isCriterionInd="true">
                           <sourceOf typeCode="PRCN">
                              <conjunctionCode code="OR"/>
                              <act classCode="ACT" moodCode="EVN" isCriterionInd="true"><!-- encounter pattern -->
                                 <templateId root="2.16.840.1.113883.3.560.1.4"/>
                                 <id root="A25C4311-EC7C-40FE-9C5F-3BDAB7F06074"/>
                                 <code code="46240-8" displayName="Encounter list" codeSystem="2.16.840.1.113883.6.1"/>
                                 <sourceOf typeCode="COMP">
                                    <encounter classCode="ENC" moodCode="EVN" isCriterionInd="true">
                                       <code code="2.16.840.1.113883.3.526.02.110" displayName="Encounter Domiciliary CPT Code List"/>
                                       <title>Encounter: Encounter Domiciliary</title>
                                    </encounter>
                                 </sourceOf>
                              </act>
                           </sourceOf>
                           <sourceOf typeCode="PRCN">
                              <conjunctionCode code="OR"/>
                              <act classCode="ACT" moodCode="EVN" isCriterionInd="true"><!-- encounter pattern -->
                                 <templateId root="2.16.840.1.113883.3.560.1.4"/>
                                 <id root="C3142F4D-5A3B-4821-9F17-9B7CBABF8C06"/>
                                 <code code="46240-8" displayName="Encounter list" codeSystem="2.16.840.1.113883.6.1"/>
                                 <sourceOf typeCode="COMP">
                                    <encounter classCode="ENC" moodCode="EVN" isCriterionInd="true">
                                       <code code="2.16.840.1.113883.3.526.02.28" displayName="Encounter Nursing Facility CPT Code List"/>
                                       <title>Encounter: Encounter Nursing Facility</title>
                                    </encounter>
                                 </sourceOf>
                              </act>
                           </sourceOf>
                           <sourceOf typeCode="PRCN">
                              <conjunctionCode code="OR"/>
                              <act classCode="ACT" moodCode="EVN" isCriterionInd="true"><!-- encounter pattern -->
                                 <templateId root="2.16.840.1.113883.3.560.1.4"/>
                                 <id root="6ABD949F-B148-4AC5-A8A8-5B04864F0033"/>
                                 <code code="46240-8" displayName="Encounter list" codeSystem="2.16.840.1.113883.6.1"/>
                                 <sourceOf typeCode="COMP">
                                    <encounter classCode="ENC" moodCode="EVN" isCriterionInd="true">
                                       <code code="2.16.840.1.113883.3.526.02.99" displayName="Encounter Office &amp; Outpatient Consult CPT Code List"/>
                                       <title>Encounter: Encounter Office &amp; Outpatient Consult</title>
                                    </encounter>
                                 </sourceOf>
                              </act>
                           </sourceOf>
                           <sourceOf typeCode="PRCN">
                              <conjunctionCode code="OR"/>
                              <act classCode="ACT" moodCode="EVN" isCriterionInd="true"><!-- encounter pattern -->
                                 <templateId root="2.16.840.1.113883.3.560.1.4"/>
                                 <id root="273F55CF-2EE2-4231-B06D-1D74AE150B37"/>
                                 <code code="46240-8" displayName="Encounter list" codeSystem="2.16.840.1.113883.6.1"/>
                                 <sourceOf typeCode="COMP">
                                    <encounter classCode="ENC" moodCode="EVN" isCriterionInd="true">
                                       <code code="2.16.840.1.113883.3.526.02.111" displayName="Encounter Ophthalmological Services CPT Code List"/>
                                       <title>Encounter: Encounter Ophthalmological Services</title>
                                    </encounter>
                                 </sourceOf>
                              </act>
                           </sourceOf>
                           <sourceOf typeCode="DURING">
                              <observation classCode="OBS" moodCode="EVN" isCriterionInd="true">
                                 <id root="7CAC2908-7C6C-4365-8F05-5757CB96266E"/>
                                 <title>Measurement period</title>
                              </observation>
                           </sourceOf>
                        </act>
                     </sourceOf>
                  </act>
               </sourceOf>
            </observation>
         </entry>
      </section>
   </component>
         
      <!--
         ******************************************   
         Data Criteria Section
         ******************************************
      --><component typeCode="COMP">
      <section>
         <code code="57025-9" codeSystem="2.16.840.1.113883.6.1" displayName="Data criteria (QDS Data Elements)"/>
         <title>Data criteria (QDS Data Elements)</title>
         <text>
            <list>
               <item>
                  <content>"Diagnosis active: Diabetic Retinopathy"</content> using "Diabetic Retinopathy Code List GROUPING (2.16.840.1.113883.3.526.03.327)"</item>
               <item>
                  <content>"Encounter: Encounter Domiciliary"</content> using "Encounter Domiciliary CPT Code List (2.16.840.1.113883.3.526.02.110)"</item>
               <item>
                  <content>"Encounter: Encounter Nursing Facility"</content> using "Encounter Nursing Facility CPT Code List (2.16.840.1.113883.3.526.02.28)"</item>
               <item>
                  <content>"Encounter: Encounter Office &amp; Outpatient Consult"</content> using "Encounter Office &amp; Outpatient Consult CPT Code List (2.16.840.1.113883.3.526.02.99)"</item>
               <item>
                  <content>"Encounter: Encounter Ophthalmological Services"</content> using "Encounter Ophthalmological Services CPT Code List (2.16.840.1.113883.3.526.02.111)"</item>
               <item>
                  <content>"Patient characteristic: birth date" (age)</content> using "birth date HL7 Code List (2.16.840.1.113883.3.526.02.8)"</item>
               <item>
                  <content>"Physical exam finding: Level of Severity of Retinopathy Findings"</content> using "Level of Severity of Retinopathy Findings SNOMED-CT Code List (2.16.840.1.113883.3.526.02.154)"</item>
               <item>
                  <content>"Physical exam finding: Macular Edema Findings"</content> using "Macular Edema Findings SNOMED-CT Code List (2.16.840.1.113883.3.526.02.155)"</item>
               <item>
                  <content>"Physical exam finding: Severity of Retinopathy and Macular Edema Findings"</content> using "Severity of Retinopathy and Macular Edema Findings SNOMED-CT Code List (2.16.840.1.113883.3.526.02.153)"</item>
               <item>
                  <content>"Procedure performed: Macular or Fundus Exam"</content> using "Macular or Fundus Exam SNOMED-CT Code List (2.16.840.1.113883.3.526.02.152)"</item>
               <item>
                  <content>"Procedure performed not done: Medical reason"</content> using "Medical reason HL7 Code List (2.16.840.1.113883.3.526.02.313)"</item>
               <item>
                  <content>"Procedure performed not done: Patient reason"</content> using "Patient reason HL7 Code List (2.16.840.1.113883.3.526.02.311)"</item>
            </list>
         </text>
         <entry typeCode="DRIV">
            <act classCode="ACT" moodCode="EVN" isCriterionInd="true"><!-- patient characteristic pattern -->
               <templateId root="2.16.840.1.113883.3.560.1.25"/>
               <id root="DCD57BC7-5B62-42C5-85F6-7CA6358EC5F4"/>
               <code code="45970-1" displayName="Demographics" codeSystem="2.16.840.1.113883.6.1"/>
               <sourceOf typeCode="COMP">
                  <observation classCode="OBS" moodCode="EVN" isCriterionInd="true">
                     <code code="2.16.840.1.113883.3.526.02.8" displayName="birth date HL7 Code List"/>
                     <title>Patient characteristic: birth date</title>
                  </observation>
               </sourceOf>
            </act>
         </entry>
         <entry typeCode="DRIV">
            <act classCode="ACT" moodCode="EVN" isCriterionInd="true"><!-- diagnosis active pattern -->
               <templateId root="2.16.840.1.113883.3.560.1.2"/>
               <id root="2642C42B-6097-46AB-B3E9-F98A8D4F92B3"/>
               <code code="11450-4" displayName="Problem" codeSystem="2.16.840.1.113883.6.1"/>
               <sourceOf typeCode="COMP">
                  <observation classCode="OBS" moodCode="EVN" isCriterionInd="true">
                     <code code="55607006" codeSystem="2.16.840.1.113883.6.96" displayName="Problem"/>
                     <title>Diagnosis active: Diabetic Retinopathy</title>
                     <value xsi:type="CD" code="2.16.840.1.113883.3.526.03.327" displayName="Diabetic Retinopathy Code List GROUPING"/>
                     <sourceOf typeCode="REFR">
                        <observation classCode="OBS" moodCode="EVN" isCriterionInd="true">
                           <code code="33999-4" codeSystem="2.16.840.1.113883.6.1" displayName="Status"/>
                           <value xsi:type="CD" code="55561003" displayName="active" codeSystem="2.16.840.1.113883.6.96"/>
                        </observation>
                     </sourceOf>
                  </observation>
               </sourceOf>
            </act>
         </entry>
         <entry typeCode="DRIV">
            <act classCode="ACT" moodCode="EVN" isCriterionInd="true"><!-- encounter pattern -->
               <templateId root="2.16.840.1.113883.3.560.1.4"/>
               <id root="A25C4311-EC7C-40FE-9C5F-3BDAB7F06074"/>
               <code code="46240-8" displayName="Encounter list" codeSystem="2.16.840.1.113883.6.1"/>
               <sourceOf typeCode="COMP">
                  <encounter classCode="ENC" moodCode="EVN" isCriterionInd="true">
                     <code code="2.16.840.1.113883.3.526.02.110" displayName="Encounter Domiciliary CPT Code List"/>
                     <title>Encounter: Encounter Domiciliary</title>
                  </encounter>
               </sourceOf>
            </act>
         </entry>
         <entry typeCode="DRIV">
            <act classCode="ACT" moodCode="EVN" isCriterionInd="true"><!-- encounter pattern -->
               <templateId root="2.16.840.1.113883.3.560.1.4"/>
               <id root="C3142F4D-5A3B-4821-9F17-9B7CBABF8C06"/>
               <code code="46240-8" displayName="Encounter list" codeSystem="2.16.840.1.113883.6.1"/>
               <sourceOf typeCode="COMP">
                  <encounter classCode="ENC" moodCode="EVN" isCriterionInd="true">
                     <code code="2.16.840.1.113883.3.526.02.28" displayName="Encounter Nursing Facility CPT Code List"/>
                     <title>Encounter: Encounter Nursing Facility</title>
                  </encounter>
               </sourceOf>
            </act>
         </entry>
         <entry typeCode="DRIV">
            <act classCode="ACT" moodCode="EVN" isCriterionInd="true"><!-- encounter pattern -->
               <templateId root="2.16.840.1.113883.3.560.1.4"/>
               <id root="6ABD949F-B148-4AC5-A8A8-5B04864F0033"/>
               <code code="46240-8" displayName="Encounter list" codeSystem="2.16.840.1.113883.6.1"/>
               <sourceOf typeCode="COMP">
                  <encounter classCode="ENC" moodCode="EVN" isCriterionInd="true">
                     <code code="2.16.840.1.113883.3.526.02.99" displayName="Encounter Office &amp; Outpatient Consult CPT Code List"/>
                     <title>Encounter: Encounter Office &amp; Outpatient Consult</title>
                  </encounter>
               </sourceOf>
            </act>
         </entry>
         <entry typeCode="DRIV">
            <act classCode="ACT" moodCode="EVN" isCriterionInd="true"><!-- encounter pattern -->
               <templateId root="2.16.840.1.113883.3.560.1.4"/>
               <id root="273F55CF-2EE2-4231-B06D-1D74AE150B37"/>
               <code code="46240-8" displayName="Encounter list" codeSystem="2.16.840.1.113883.6.1"/>
               <sourceOf typeCode="COMP">
                  <encounter classCode="ENC" moodCode="EVN" isCriterionInd="true">
                     <code code="2.16.840.1.113883.3.526.02.111" displayName="Encounter Ophthalmological Services CPT Code List"/>
                     <title>Encounter: Encounter Ophthalmological Services</title>
                  </encounter>
               </sourceOf>
            </act>
         </entry>
         <entry typeCode="DRIV">
            <act classCode="ACT" moodCode="EVN" isCriterionInd="true"><!-- physical exam finding pattern -->
               <templateId root="2.16.840.1.113883.3.560.1.18"/>
               <id root="9512BFFE-38C3-472D-A53C-1105D4C6F51F"/>
               <code code="29545-1" codeSystem="2.16.840.1.113883.6.1" displayName="Physical Examination"/>
               <sourceOf typeCode="COMP">
                  <observation classCode="OBS" moodCode="EVN" isCriterionInd="true">
                     <code code="2.16.840.1.113883.3.526.02.154" displayName="Level of Severity of Retinopathy Findings SNOMED-CT Code List"/>
                     <title>Physical exam finding: Level of Severity of Retinopathy Findings</title>
                  </observation>
               </sourceOf>
            </act>
         </entry>
         <entry typeCode="DRIV">
            <act classCode="ACT" moodCode="EVN" isCriterionInd="true"><!-- physical exam finding pattern -->
               <templateId root="2.16.840.1.113883.3.560.1.18"/>
               <id root="D072AC74-E48D-4018-A7DF-C30DCDA4726E"/>
               <code code="29545-1" codeSystem="2.16.840.1.113883.6.1" displayName="Physical Examination"/>
               <sourceOf typeCode="COMP">
                  <observation classCode="OBS" moodCode="EVN" isCriterionInd="true">
                     <code code="2.16.840.1.113883.3.526.02.155" displayName="Macular Edema Findings SNOMED-CT Code List"/>
                     <title>Physical exam finding: Macular Edema Findings</title>
                  </observation>
               </sourceOf>
            </act>
         </entry>
         <entry typeCode="DRIV">
            <act classCode="ACT" moodCode="EVN" isCriterionInd="true"><!-- procedure performed pattern -->
               <templateId root="2.16.840.1.113883.3.560.1.6"/>
               <id root="9287309D-664E-41FC-8E26-A2C47FB35D40"/>
               <code code="47519-4" displayName="Procedures" codeSystem="2.16.840.1.113883.6.1"/>
               <sourceOf typeCode="COMP">
                  <procedure classCode="PROC" moodCode="EVN" isCriterionInd="true">
                     <code code="2.16.840.1.113883.3.526.02.152" displayName="Macular or Fundus Exam SNOMED-CT Code List"/>
                     <title>Procedure performed: Macular or Fundus Exam</title>
                  </procedure>
               </sourceOf>
            </act>
         </entry>
         <entry typeCode="DRIV">
            <act classCode="ACT" moodCode="EVN" isCriterionInd="true"><!-- procedure performed not done pattern -->
               <templateId root="2.16.840.1.113883.3.560.1.106"/>
               <id root="E0D0F297-9BE7-4029-B86C-11870D5ACB15"/>
               <code code="47519-4" displayName="Procedures" codeSystem="2.16.840.1.113883.6.1"/>
               <sourceOf typeCode="COMP">
                  <procedure classCode="PROC" moodCode="EVN" isCriterionInd="true">
                     <code code="2.16.840.1.113883.3.526.02.313" displayName="Medical reason HL7 Code List"/>
                     <title>Procedure performed not done: Medical reason</title>
                  </procedure>
               </sourceOf>
            </act>
         </entry>
         <entry typeCode="DRIV">
            <act classCode="ACT" moodCode="EVN" isCriterionInd="true"><!-- procedure performed not done pattern -->
               <templateId root="2.16.840.1.113883.3.560.1.106"/>
               <id root="6183BB9B-0A03-4453-9DDE-00D8E8F3FC1D"/>
               <code code="47519-4" displayName="Procedures" codeSystem="2.16.840.1.113883.6.1"/>
               <sourceOf typeCode="COMP">
                  <procedure classCode="PROC" moodCode="EVN" isCriterionInd="true">
                     <code code="2.16.840.1.113883.3.526.02.311" displayName="Patient reason HL7 Code List"/>
                     <title>Procedure performed not done: Patient reason</title>
                  </procedure>
               </sourceOf>
            </act>
         </entry>
         <entry typeCode="DRIV">
            <act classCode="ACT" moodCode="EVN" isCriterionInd="true"><!-- physical exam finding pattern -->
               <templateId root="2.16.840.1.113883.3.560.1.18"/>
               <id root="4A139922-3C22-484B-B919-C82D746A409E"/>
               <code code="29545-1" codeSystem="2.16.840.1.113883.6.1" displayName="Physical Examination"/>
               <sourceOf typeCode="COMP">
                  <observation classCode="OBS" moodCode="EVN" isCriterionInd="true">
                     <code code="2.16.840.1.113883.3.526.02.153" displayName="Severity of Retinopathy and Macular Edema Findings SNOMED-CT Code List"/>
                     <title>Physical exam finding: Severity of Retinopathy and Macular Edema Findings</title>
                  </observation>
               </sourceOf>
            </act>
         </entry>
      </section>
   </component>
   <component typeCode="COMP">
      <section>
         <title>Summary Calculation</title>
         <text>
            <content>Calculation is generic to all measures:</content>
            <list>
               <item>Calculate the final denominator by adding all that meet denominator criteria.</item>
               <item>Subtract from the final denominator all that do not meet numerator criteria yet also meet exclusion criteria.  Note some measures do not have exclusion criteria.</item>
               <item>The performance calculation is based on the "Measure scoring" from header information above:
					        	<list>
                     <item>For "Proportion" measures, the calculation is the number meeting numerator criteria divided by the final denominator.</item>
                     <item>For "Ratio" and "Continuous Variable" measures, follow the calculation instructions in the Data Aggregation header information above, if present.</item>
                  </list>
               </item>
               <item>For measures with multiple denominators, repeat this process for each denominator and report each result separately.</item>
               <item>For measures with multiple patient populations, repeat this process for each patient population and report each result separately.</item>
               <item>For measures with multiple numerators, calculate each numerator separately within each population using the paired exclusion.</item>
            </list>
         </text>
      </section>
   </component>
</QualityMeasureDocument>