<?xml version="1.0" encoding="UTF-8"?>
<?xml-stylesheet type="text/xsl" href="../xslt/eMeasure.xsl"?>
<QualityMeasureDocument xmlns:xsi="http://www.w3.org/2001/XMLSchema-instance" xmlns="urn:hl7-org:v3">
         
      <!--
         **************************************************************   
         Measure Header Section
         **************************************************************
      --><typeId root="2.16.840.1.113883.1.3" extension="POQM_HD000001"/>
   <id root="0B663DA8-F23E-4DBF-8455-E2F42CDB8F97"/>
   <code code="57024-2" codeSystem="2.16.840.1.113883.6.1" displayName="Health Quality Measure Document"/>
   <title>Endoscopy &amp; Polyp Surveillance: Colonoscopy Interval for Patients with a History of Adenomatous Polyps - Avoidance of Inappropriate Use (NQF ACP-017-10)</title>
   <text>Percentage of patients aged 18 years and older receiving a surveillance colonoscopy, with a history of a prior colonic polyp in previous colonoscopy findings who had a follow-up interval of 3 or more years since their last colonoscopy documented in the colonoscopy report</text>
   <statusCode code="completed"/>
   <setId root="1F8BFD0E-B69C-48AE-A901-7575EE908DC4"/>
   <versionNumber value="1"/>
   <author typeCode="AUT">
      <assignedPerson classCode="ASSIGNED">
         <representedOrganization classCode="ORG" determinerCode="INSTANCE">
            <id root="2.16.840.1.113883.3.526"/>
            <name>American Medical Association - Physician Consortium for Performance Improvement</name>
            <contactParty classCode="CON" nullFlavor="UNK"/>
         </representedOrganization>
      </assignedPerson>
   </author>
   <custodian>
      <assignedPerson classCode="ASSIGNED">
         <representedOrganization classCode="ORG" determinerCode="INSTANCE">
            <id root="2.16.840.1.113883.3.526"/>
            <name>American Medical Association - Physician Consortium for Performance Improvement</name>
            <contactParty classCode="CON" nullFlavor="UNK"/>
         </representedOrganization>
      </assignedPerson>
   </custodian>
   <verifier typeCode="VRF">
      <assignedPerson classCode="ASSIGNED">
         <representedOrganization classCode="ORG" determinerCode="INSTANCE">
            <id root="2.16.840.1.113883.3.560"/>
            <name>National Quality Forum</name>
            <contactParty classCode="CON" nullFlavor="UNK"/>
         </representedOrganization>
      </assignedPerson>
   </verifier>
   <subjectOf>
      <measureAttribute>
         <code code="COPY" codeSystem="2.16.840.1.113883.5.4" displayName="Copyright"/>
         <value xsi:type="ED" mediaType="text/plain">© 2010 American Medical Association  and/or National Committee for Quality Assurance. All Rights Reserved</value>
      </measureAttribute>
   </subjectOf>
   <subjectOf>
      <measureAttribute>
         <code code="MSRSCORE" codeSystem="2.16.840.1.113883.5.4" displayName="Measure scoring"/>
         <value xsi:type="CD" code="PROPOR" codeSystem="2.16.840.1.113883.5.1063" displayName="Proportion"/>
      </measureAttribute>
   </subjectOf>
   <subjectOf>
      <measureAttribute>
         <code code="MSRTYPE" codeSystem="2.16.840.1.113883.5.4" displayName="Measure type"/>
         <value xsi:type="CD" code="PROCESS" codeSystem="2.16.840.1.113883.5.1063" displayName="Process"/>
      </measureAttribute>
   </subjectOf>
   <subjectOf>
      <measureAttribute>
         <code code="STRAT" codeSystem="2.16.840.1.113883.5.4" displayName="Stratification"/>
         <value xsi:type="ED" mediaType="text/plain">None</value>
      </measureAttribute>
   </subjectOf>
   <subjectOf>
      <measureAttribute>
         <code code="MSRADJ" codeSystem="2.16.840.1.113883.5.4" displayName="Risk Adjustment"/>
         <value xsi:type="ED" mediaType="text/plain">None</value>
      </measureAttribute>
   </subjectOf>
   <subjectOf>
      <measureAttribute>
         <code code="MSRAGG" codeSystem="2.16.840.1.113883.5.4" displayName="Data Aggregation"/>
         <value xsi:type="ED" mediaType="text/plain"/>
      </measureAttribute>
   </subjectOf>
   <subjectOf>
      <measureAttribute>
         <code code="RAT" codeSystem="2.16.840.1.113883.5.4" displayName="Rationale"/>
         <value xsi:type="ED" mediaType="text/plain">Colonoscopy is the recommended method of surveillance after the removal of adenomatous polyps because it has been shown to significantly reduce subsequent Colorectal Cancer incidence. The timing of follow-up colonoscopy should be tailored to the number, size, and pathologic findings of the adenomatous polyps removed. The time interval for the development of malignant changes in adenomatous polyps is estimated at 5 to 25 years (ICSI, 2006). A randomized controlled trial of 699 patients showed that after newly diagnosed adenomatous polyps have been removed by colonoscopy, follow-up colonoscopy at 3 years detects important colonic lesions as effectively as follow-up colonoscopy at both 1 and 3 years (ICSI, 2006). Performing colonoscopy too often not only increases patients’ exposure to procedural harm, but also drains limited resources that could be more effectively used to adequately screen those in need. Recent evidence from 4 surveys indicated that postpolypectomy surveillance colonoscopy in the United States is frequently performed at intervals that are shorter than those recommended in guidelines (Rex et al, 2006). Some endoscopists in these studies performed colonoscopy in patients with only small hyperplastic polyps or a single tubular adenoma at 1 year. These surveys underscore the importance of measuring intervals between examinations in continuous quality improvement programs.</value>
      </measureAttribute>
   </subjectOf>
   <subjectOf>
      <measureAttribute>
         <code code="CRS" codeSystem="2.16.840.1.113883.3.560" displayName="Clinical Recommendation Statement"/>
         <value xsi:type="ED" mediaType="text/plain">Patients with 1 to 2 small (1 cm) tubular adenomas with only low-grade dysplasia should undergo follow-up colonoscopy no earlier than 5 years later. Patients with advanced adenomatous lesions or &gt;3 adenomas should have repeat colonoscopy in 3 years as long as all visualized polyps were completely removed, the colonoscopy was completed up to the cecum, and the colonic preparation was adequate. A shorter interval of follow-up is recommended in those patients with numerous adenomatous (&gt;10) polyps and in those in whom the colonoscopy was incomplete or the preparation was inadequate. After a surveillance colonoscopy has normal results, repeat examinations should be done at 5-year intervals. Patients with large, sessile adenomatous lesions removed in a piecemeal fashion should have a repeat examination within 2 to 6 months to exclude and remove and remnant polypoid tissue (Davila et al, 2006).</value>
      </measureAttribute>
   </subjectOf>
   <subjectOf>
      <measureAttribute>
         <code code="IDUR" codeSystem="2.16.840.1.113883.3.560" displayName="Improvement notation"/>
         <value xsi:type="ED" mediaType="text/plain">Higher score indicates better quality</value>
      </measureAttribute>
   </subjectOf>
   <subjectOf>
      <measureAttribute>
         <templateId root="2.16.840.1.113883.3.560.1.74"/>
         <id root="D8553B0E-36DA-40AD-B376-8CC02A4FB68A"/>
         <code code="MSRTP" displayName="Measurement period" codeSystem="2.16.840.1.113883.3.560"/>
         <value xsi:type="EXPR_PQ" value="12" unit="m">
            <expression mediaType="text/plain">measureEndDate - measureStartDate</expression>
         </value>
      </measureAttribute>
   </subjectOf>
   <subjectOf>
      <localVariableName>measureStartDate</localVariableName>
      <measureAttribute>
         <templateId root="2.16.840.1.113883.3.560.1.75"/>
         <id root="2C7484BE-E0BE-40A2-864A-622EDE7164EB"/>
         <code code="MSRSD" displayName="Measurement start date" codeSystem="2.16.840.1.113883.3.560"/>
         <value xsi:type="TS" value="00000101"/>
      </measureAttribute>
   </subjectOf>
   <subjectOf>
      <localVariableName>measureEndDate</localVariableName>
      <measureAttribute>
         <templateId root="2.16.840.1.113883.3.560.1.75"/>
         <id root="3212E00E-159C-40AF-91D7-B2034546D3B7"/>
         <code code="MSRED" displayName="Measurement end date" codeSystem="2.16.840.1.113883.3.560"/>
         <value xsi:type="TS" value="00001231"/>
      </measureAttribute>
   </subjectOf>
   <subjectOf>
      <measureAttribute>
         <code code="MSRMD" codeSystem="2.16.840.1.113883.3.560" displayName="Measurement duration"/>
         <value xsi:type="ED" mediaType="text/plain">12 month(s)</value>
      </measureAttribute>
   </subjectOf>
   <subjectOf>
      <measureAttribute>
         <code code="REF" codeSystem="2.16.840.1.113883.5.4" displayName="Reference"/>
         <value xsi:type="ED" mediaType="text/plain">Institute for Clinical Systems Improvement (ICSI). Colorectal cancer screening. Bloomington (MN): Institute for Clinical Systems Improvement (ICSI); 2006 Jun. 50 p.</value>
      </measureAttribute>
   </subjectOf>
   <subjectOf>
      <measureAttribute>
         <code code="REF" codeSystem="2.16.840.1.113883.5.4" displayName="Reference"/>
         <value xsi:type="ED" mediaType="text/plain">Rex, D.K., M.D., J.L. Petrini, M.D., T.H. Baron, M.D., A. Chak, M.D., J. Cohen, M.D., S.E. Deal, M.D., B. Hoffman, M.D., B.C. Jacobson, M.D., M.P.H., K. Mergener, M.D., Ph.D., B.T. Petersen, M.D., M.A. Safdi, M.D., D.O. Faigel, M.D., ASGE Co-Chair, I.M. Pike, M.D., ACG Co-Chair. ASGE/ACG Taskforce on Quality in Endoscopy. Am J Gastroenterol 2006; 101:873–885.</value>
      </measureAttribute>
   </subjectOf>
   <subjectOf>
      <measureAttribute>
         <code code="REF" codeSystem="2.16.840.1.113883.5.4" displayName="Reference"/>
         <value xsi:type="ED" mediaType="text/plain">Davila, R, Rajan, E, Baron, T. American Society for Gastrointestinal Endoscopy. ASGE guideline: colorectal cancer screening and surveillance. Vol. 63. No.4; 2006.</value>
      </measureAttribute>
   </subjectOf>
   <subjectOf>
      <measureAttribute>
         <code code="DEF" codeSystem="2.16.840.1.113883.3.560" displayName="Definition"/>
         <value xsi:type="ED" mediaType="text/plain" nullFlavor="NI"/>
      </measureAttribute>
   </subjectOf>
   <subjectOf>
      <measureAttribute>
         <code code="GUIDE" codeSystem="2.16.840.1.113883.5.4" displayName="Guidance"/>
         <value xsi:type="ED" mediaType="text/plain"/>
      </measureAttribute>
   </subjectOf>
   <componentOf>
      <qualityMeasureSet classCode="ACT">
         <id root="B1EB421F-C28C-453C-8DEE-7C6EFE318EB1"/>
         <title>CLINICAL QUALITY MEASURE SET 2011-2012</title>
      </qualityMeasureSet>
   </componentOf>
         
      <!--
         **************************************************************   
         Population Criteria Section
         **************************************************************
      --><component typeCode="COMP">
      <section>
         <code code="57026-7" codeSystem="2.16.840.1.113883.6.1" displayName="Population criteria"/>
         <title>Population criteria</title>
         <text>
            <list>
               <item>
                  <content styleCode="Bold">Initial Patient Population =</content>
                  <list>
                     <item>AND: "Patient characteristic: birth date"  &gt;= 18 year(s) starts before start of "Measurement period"</item>
                     <item>AND: <list>
                           <item>AND: "Diagnosis inactive: Colonic Polyps"</item>
                           <item>AND: "Procedure performed: Colonoscopy"</item>
                           <item> during "Measurement period"</item>
                        </list>
                     </item>
                  </list>
               </item>
               <item>
                  <content styleCode="Bold">Denominator =</content>
                  <list>
                     <item>AND: "Initial Patient Population"</item>
                  </list>
               </item>
               <item>
                  <content styleCode="Bold">Numerator =</content>
                  <list>
                     <item>AND: <list>
                           <item>AND: CURRENT "Procedure performed: Colonoscopy"</item>
                           <item>  &gt;= 3 years starts after start of <list>
                                 <item>OR: IMMEDIATE PRIOR "Procedure performed: Colonoscopy"</item>
                                 <item>OR: IMMEDIATE PRIOR "Procedure performed: Colonoscopy, non-high risk screening"</item>
                              </list>
                           </item>
                        </list>
                     </item>
                  </list>
               </item>
               <item>
                  <content styleCode="Bold">Exclusions =</content>
                  <list>
                     <item>OR: "Diagnosis active: High Risk for Colon CA" starts before or during "Measurement period"</item>
                     <item>OR: "Diagnosis active: High Risk for Colon CA Current"  &lt;= 1 year(s) starts before start of ("Procedure performed: Colonoscopy" during "Measurement period")</item>
                     <item>OR: IMMEDIATE PRIOR "Procedure result: Colonoscopy (status: 'Final Report', result value: 'Incomplete procedure')"  &lt; 3 year(s) starts before start of (CURRENT "Procedure performed: Colonoscopy" during "Measurement period")</item>
                     <item>OR: IMMEDIATE PRIOR "Procedure result: Colonoscopy (status: 'Final Report', result value: 'Inadequate bowel preparation')"  &lt; 3 year(s) starts before start of (CURRENT "Procedure performed: Colonoscopy" during "Measurement period")</item>
                     <item>OR: IMMEDIATE PRIOR "Procedure result: Colonoscopy (status: 'Final Report', result value: 'Adenomatous polyp of colon' &gt; 10 count(s))"  &lt; 3 year(s) starts before start of (CURRENT "Procedure performed: Colonoscopy" during "Measurement period")</item>
                     <item>OR: IMMEDIATE PRIOR "Procedure result: Colonoscopy (status: 'Final Report')"  &lt; 3 year(s) starts before start of (CURRENT "Procedure performed: Colonoscopy (reason: 'is present')" during "Measurement period")</item>
                  </list>
               </item>
            </list>
         </text><!--
            **************************************************************   
            Population Criteria Section: population 
            **************************************************************
      -->
         <entry typeCode="DRIV">
            <observation classCode="OBS" moodCode="EVN.CRT" isCriterionInd="true">
               <id root="7EFB5596-8E4F-4E11-89FD-6381F812D674"/>
               <code code="ASSERTION" codeSystem="2.16.840.1.113883.5.4"/>
               <value xsi:type="CD" code="IPP" codeSystem="2.16.840.1.113883.5.1063" codeSystemName="HL7 Observation Value" displayName="Initial Patient Population"/><!--  top and/or -->
               <sourceOf typeCode="PRCN">
                  <conjunctionCode code="AND"/>
                  <act classCode="ACT" moodCode="EVN" isCriterionInd="true"><!-- patient characteristic pattern -->
                     <templateId root="2.16.840.1.113883.3.560.1.25"/>
                     <id root="ED68479F-D1A0-4C59-B718-EBED8A747D0D"/>
                     <code code="45970-1" displayName="Demographics" codeSystem="2.16.840.1.113883.6.1"/>
                     <sourceOf typeCode="COMP">
                        <observation classCode="OBS" moodCode="EVN" isCriterionInd="true">
                           <code code="2.16.840.1.113883.3.526.02.8" displayName="birth date HL7 Code List"/>
                           <title>Patient characteristic: birth date</title>
                           <sourceOf typeCode="SBS">
                              <pauseQuantity xsi:type="IVL_PQ">
                                 <low value="18" unit="a" inclusive="true"/>
                              </pauseQuantity>
                              <observation classCode="OBS" moodCode="EVN">
                                 <id root="D8553B0E-36DA-40AD-B376-8CC02A4FB68A"/>
                                 <title>Measurement period</title>
                              </observation>
                           </sourceOf>
                        </observation>
                     </sourceOf>
                  </act>
               </sourceOf>
               <sourceOf typeCode="PRCN">
                  <conjunctionCode code="AND"/>
                  <act classCode="ACT" moodCode="EVN" isCriterionInd="true">
                     <sourceOf typeCode="PRCN">
                        <conjunctionCode code="AND"/>
                        <act classCode="ACT" moodCode="EVN" isCriterionInd="true"><!-- diagnosis inactive pattern -->
                           <templateId root="2.16.840.1.113883.3.560.1.23"/>
                           <id root="A63725EE-3420-45DE-971C-71F7F689776C"/>
                           <code code="11450-4" displayName="Problem" codeSystem="2.16.840.1.113883.6.1"/>
                           <sourceOf typeCode="COMP">
                              <observation classCode="OBS" moodCode="EVN" isCriterionInd="true">
                                 <code code="55607006" codeSystem="2.16.840.1.113883.6.96" displayName="Problem"/>
                                 <title>Diagnosis inactive: Colonic Polyps</title>
                                 <value xsi:type="CD" code="2.16.840.1.113883.3.526.03.721" displayName="Colonic Polyps Code List GROUPING"/>
                                 <sourceOf typeCode="REFR">
                                    <observation classCode="OBS" moodCode="EVN" isCriterionInd="true">
                                       <code code="33999-4" codeSystem="2.16.840.1.113883.6.1" displayName="Status"/>
                                       <value xsi:type="CD" code="73425007" displayName="inactive" codeSystem="2.16.840.1.113883.6.96"/>
                                    </observation>
                                 </sourceOf>
                              </observation>
                           </sourceOf>
                        </act>
                     </sourceOf>
                     <sourceOf typeCode="PRCN">
                        <conjunctionCode code="AND"/>
                        <act classCode="ACT" moodCode="EVN" isCriterionInd="true"><!-- procedure performed pattern -->
                           <templateId root="2.16.840.1.113883.3.560.1.6"/>
                           <id root="4DE9A7EE-56E5-45A9-862E-D6151A545F48"/>
                           <code code="47519-4" displayName="Procedures" codeSystem="2.16.840.1.113883.6.1"/>
                           <sourceOf typeCode="COMP">
                              <procedure classCode="PROC" moodCode="EVN" isCriterionInd="true">
                                 <code code="2.16.840.1.113883.3.526.03.784" displayName="Colonoscopy Code List GROUPING"/>
                                 <title>Procedure performed: Colonoscopy</title>
                              </procedure>
                           </sourceOf>
                        </act>
                     </sourceOf>
                     <sourceOf typeCode="DURING">
                        <observation classCode="OBS" moodCode="EVN" isCriterionInd="true">
                           <id root="D8553B0E-36DA-40AD-B376-8CC02A4FB68A"/>
                           <title>Measurement period</title>
                        </observation>
                     </sourceOf>
                  </act>
               </sourceOf>
            </observation>
         </entry><!--
            **************************************************************   
            Population Criteria Section: denominator 
            **************************************************************
      -->
         <entry typeCode="DRIV">
            <observation classCode="OBS" moodCode="EVN.CRT" isCriterionInd="true">
               <id root="49213F68-46BE-4335-A904-AC392CF82B42"/>
               <code code="ASSERTION" codeSystem="2.16.840.1.113883.5.4"/>
               <value xsi:type="CD" code="DENOM" codeSystem="2.16.840.1.113883.5.1063" codeSystemName="HL7 Observation Value" displayName="Denominator"/><!--  top and/or -->
               <sourceOf typeCode="PRCN">
                  <conjunctionCode code="AND"/>
                  <observation classCode="OBS" moodCode="EVN" isCriterionInd="true">
                     <id root="7EFB5596-8E4F-4E11-89FD-6381F812D674"/>
                     <title>Initial Patient Population</title>
                  </observation>
               </sourceOf>
            </observation>
         </entry><!--
            **************************************************************   
            Population Criteria Section: numerator 
            **************************************************************
      -->
         <entry typeCode="DRIV">
            <observation classCode="OBS" moodCode="EVN.CRT" isCriterionInd="true">
               <id root="3D52FC7C-B96B-4558-9850-1DF41F87C25F"/>
               <code code="ASSERTION" codeSystem="2.16.840.1.113883.5.4"/>
               <value xsi:type="CD" code="NUMER" codeSystem="2.16.840.1.113883.5.1063" codeSystemName="HL7 Observation Value" displayName="Numerator"/><!--  top and/or -->
               <sourceOf typeCode="PRCN">
                  <conjunctionCode code="AND"/>
                  <act classCode="ACT" moodCode="EVN" isCriterionInd="true">
                     <sourceOf typeCode="PRCN">
                        <sequenceNumber value="2"/>
                        <conjunctionCode code="AND"/>
                        <act classCode="ACT" moodCode="EVN" isCriterionInd="true"><!-- procedure performed pattern -->
                           <templateId root="2.16.840.1.113883.3.560.1.6"/>
                           <id root="4DE9A7EE-56E5-45A9-862E-D6151A545F48"/>
                           <code code="47519-4" displayName="Procedures" codeSystem="2.16.840.1.113883.6.1"/>
                           <sourceOf typeCode="COMP">
                              <procedure classCode="PROC" moodCode="EVN" isCriterionInd="true">
                                 <code code="2.16.840.1.113883.3.526.03.784" displayName="Colonoscopy Code List GROUPING"/>
                                 <title>Procedure performed: Colonoscopy</title>
                              </procedure>
                           </sourceOf>
                        </act>
                     </sourceOf>
                     <sourceOf typeCode="SAS">
                        <pauseQuantity xsi:type="URG_PQ">
                           <low value="3" unit="years" inclusive="true"/>
                        </pauseQuantity>
                        <act classCode="ACT" moodCode="EVN" isCriterionInd="true">
                           <sourceOf typeCode="PRCN">
                              <sequenceNumber value="1"/>
                              <conjunctionCode code="OR"/>
                              <act classCode="ACT" moodCode="EVN" isCriterionInd="true"><!-- procedure performed pattern -->
                                 <templateId root="2.16.840.1.113883.3.560.1.6"/>
                                 <id root="4DE9A7EE-56E5-45A9-862E-D6151A545F48"/>
                                 <code code="47519-4" displayName="Procedures" codeSystem="2.16.840.1.113883.6.1"/>
                                 <sourceOf typeCode="COMP">
                                    <procedure classCode="PROC" moodCode="EVN" isCriterionInd="true">
                                       <code code="2.16.840.1.113883.3.526.03.784" displayName="Colonoscopy Code List GROUPING"/>
                                       <title>Procedure performed: Colonoscopy</title>
                                    </procedure>
                                 </sourceOf>
                              </act>
                           </sourceOf>
                           <sourceOf typeCode="PRCN">
                              <sequenceNumber value="1"/>
                              <conjunctionCode code="OR"/>
                              <act classCode="ACT" moodCode="EVN" isCriterionInd="true"><!-- procedure performed pattern -->
                                 <templateId root="2.16.840.1.113883.3.560.1.6"/>
                                 <id root="ED0C3AAA-245F-4DC5-91E1-4F9ABE20E15D"/>
                                 <code code="47519-4" displayName="Procedures" codeSystem="2.16.840.1.113883.6.1"/>
                                 <sourceOf typeCode="COMP">
                                    <procedure classCode="PROC" moodCode="EVN" isCriterionInd="true">
                                       <code code="2.16.840.1.113883.3.526.02.789" displayName="Colonoscopy, non-high risk screening HCPCS Code List"/>
                                       <title>Procedure performed: Colonoscopy, non-high risk screening</title>
                                    </procedure>
                                 </sourceOf>
                              </act>
                           </sourceOf>
                        </act>
                     </sourceOf>
                  </act>
               </sourceOf>
            </observation>
         </entry><!--
            **************************************************************   
            Population Criteria Section: exceptions 
            **************************************************************
      -->
         <entry typeCode="DRIV">
            <observation classCode="OBS" moodCode="EVN.CRT" isCriterionInd="true">
               <id root="B7423AFA-7C94-4CA5-A041-AF65419CEF27"/>
               <code code="ASSERTION" codeSystem="2.16.840.1.113883.5.4"/>
               <value xsi:type="CD" code="DENEXCEP" codeSystem="2.16.840.1.113883.5.1063" codeSystemName="HL7 Observation Value" displayName="Denominator Exception"/><!--  top and/or -->
               <sourceOf typeCode="PRCN">
                  <conjunctionCode code="OR"/>
                  <act classCode="ACT" moodCode="EVN" isCriterionInd="true"><!-- diagnosis active pattern -->
                     <templateId root="2.16.840.1.113883.3.560.1.2"/>
                     <id root="8F7CA3D5-5385-4070-B37D-F54865685477"/>
                     <code code="11450-4" displayName="Problem" codeSystem="2.16.840.1.113883.6.1"/>
                     <sourceOf typeCode="COMP">
                        <observation classCode="OBS" moodCode="EVN" isCriterionInd="true">
                           <code code="55607006" codeSystem="2.16.840.1.113883.6.96" displayName="Problem"/>
                           <title>Diagnosis active: High Risk for Colon CA</title>
                           <value xsi:type="CD" code="2.16.840.1.113883.3.526.03.776" displayName="High Risk for Colon CA Code List GROUPING"/>
                           <sourceOf typeCode="REFR">
                              <observation classCode="OBS" moodCode="EVN" isCriterionInd="true">
                                 <code code="33999-4" codeSystem="2.16.840.1.113883.6.1" displayName="Status"/>
                                 <value xsi:type="CD" code="55561003" displayName="active" codeSystem="2.16.840.1.113883.6.96"/>
                              </observation>
                           </sourceOf>
                           <sourceOf typeCode="EAS" inversionInd="true">
                              <observation classCode="OBS" moodCode="EVN">
                                 <id root="D8553B0E-36DA-40AD-B376-8CC02A4FB68A"/>
                                 <title>Measurement period</title>
                              </observation>
                           </sourceOf>
                        </observation>
                     </sourceOf>
                  </act>
               </sourceOf>
               <sourceOf typeCode="PRCN">
                  <conjunctionCode code="OR"/>
                  <act classCode="ACT" moodCode="EVN" isCriterionInd="true"><!-- diagnosis active pattern -->
                     <templateId root="2.16.840.1.113883.3.560.1.2"/>
                     <id root="C78A9571-3B0D-4453-8DEE-E18ADEE60EB0"/>
                     <code code="11450-4" displayName="Problem" codeSystem="2.16.840.1.113883.6.1"/>
                     <sourceOf typeCode="COMP">
                        <observation classCode="OBS" moodCode="EVN" isCriterionInd="true">
                           <code code="55607006" codeSystem="2.16.840.1.113883.6.96" displayName="Problem"/>
                           <title>Diagnosis active: High Risk for Colon CA Current</title>
                           <value xsi:type="CD" code="2.16.840.1.113883.3.526.03.788" displayName="High Risk for Colon CA Current Code List GROUPING"/>
                           <sourceOf typeCode="REFR">
                              <observation classCode="OBS" moodCode="EVN" isCriterionInd="true">
                                 <code code="33999-4" codeSystem="2.16.840.1.113883.6.1" displayName="Status"/>
                                 <value xsi:type="CD" code="55561003" displayName="active" codeSystem="2.16.840.1.113883.6.96"/>
                              </observation>
                           </sourceOf>
                           <sourceOf typeCode="SBS">
                              <pauseQuantity xsi:type="IVL_PQ">
                                 <high value="1" unit="a" inclusive="true"/>
                              </pauseQuantity>
                              <act classCode="ACT" moodCode="EVN" isCriterionInd="true"><!-- procedure performed pattern -->
                                 <templateId root="2.16.840.1.113883.3.560.1.6"/>
                                 <id root="4DE9A7EE-56E5-45A9-862E-D6151A545F48"/>
                                 <code code="47519-4" displayName="Procedures" codeSystem="2.16.840.1.113883.6.1"/>
                                 <sourceOf typeCode="COMP">
                                    <procedure classCode="PROC" moodCode="EVN" isCriterionInd="true">
                                       <code code="2.16.840.1.113883.3.526.03.784" displayName="Colonoscopy Code List GROUPING"/>
                                       <title>Procedure performed: Colonoscopy</title>
                                       <sourceOf typeCode="DURING">
                                          <observation classCode="OBS" moodCode="EVN">
                                             <id root="D8553B0E-36DA-40AD-B376-8CC02A4FB68A"/>
                                             <title>Measurement period</title>
                                          </observation>
                                       </sourceOf>
                                    </procedure>
                                 </sourceOf>
                              </act>
                           </sourceOf>
                        </observation>
                     </sourceOf>
                  </act>
               </sourceOf>
               <sourceOf typeCode="PRCN">
                  <sequenceNumber value="1"/>
                  <conjunctionCode code="OR"/>
                  <act classCode="ACT" moodCode="EVN" isCriterionInd="true"><!-- procedure result pattern -->
                     <templateId root="2.16.840.1.113883.3.560.1.63"/>
                     <id root="6619A7EE-56E5-45A9-862E-D6151A545F48"/>
                     <code code="47519-4" displayName="Procedures" codeSystem="2.16.840.1.113883.6.1"/>
                     <sourceOf typeCode="COMP">
                        <procedure classCode="PROC" moodCode="EVN" isCriterionInd="true">
                           <code code="2.16.840.1.113883.3.526.03.784" displayName="Colonoscopy Code List GROUPING"/>
                           <title>Procedure result: Colonoscopy (status: 'Final Report', result value: 'Incomplete procedure')</title>
                           <sourceOf typeCode="REFR">
                              <observation classCode="OBS" moodCode="EVN" isCriterionInd="true">
                                 <code code="33999-4" codeSystem="2.16.840.1.113883.6.1" displayName="Status"/>
                                 <value xsi:type="CD" code="2.16.840.1.113883.3.526.02.796" displayName="Final Report"/>
                              </observation>
                           </sourceOf>
                           <sourceOf typeCode="OUTC">
                              <observation classCode="OBS" moodCode="EVN" isCriterionInd="true">
                                 <code code="2.16.840.1.113883.3.526.02.792" displayName="Incomplete procedure"/>
                              </observation>
                           </sourceOf>
                           <sourceOf typeCode="SBS">
                              <sequenceNumber value="2"/>
                              <pauseQuantity xsi:type="IVL_PQ">
                                 <high value="3" unit="a" inclusive="false"/>
                              </pauseQuantity>
                              <act classCode="ACT" moodCode="EVN" isCriterionInd="true"><!-- procedure performed pattern -->
                                 <templateId root="2.16.840.1.113883.3.560.1.6"/>
                                 <id root="4DE9A7EE-56E5-45A9-862E-D6151A545F48"/>
                                 <code code="47519-4" displayName="Procedures" codeSystem="2.16.840.1.113883.6.1"/>
                                 <sourceOf typeCode="COMP">
                                    <procedure classCode="PROC" moodCode="EVN" isCriterionInd="true">
                                       <code code="2.16.840.1.113883.3.526.03.784" displayName="Colonoscopy Code List GROUPING"/>
                                       <title>Procedure performed: Colonoscopy</title>
                                       <sourceOf typeCode="DURING">
                                          <observation classCode="OBS" moodCode="EVN">
                                             <id root="D8553B0E-36DA-40AD-B376-8CC02A4FB68A"/>
                                             <title>Measurement period</title>
                                          </observation>
                                       </sourceOf>
                                    </procedure>
                                 </sourceOf>
                              </act>
                           </sourceOf>
                        </procedure>
                     </sourceOf>
                  </act>
               </sourceOf>
               <sourceOf typeCode="PRCN">
                  <sequenceNumber value="1"/>
                  <conjunctionCode code="OR"/>
                  <act classCode="ACT" moodCode="EVN" isCriterionInd="true"><!-- procedure result pattern -->
                     <templateId root="2.16.840.1.113883.3.560.1.63"/>
                     <id root="6619A7EE-56E5-45A9-862E-D6151A545F48"/>
                     <code code="47519-4" displayName="Procedures" codeSystem="2.16.840.1.113883.6.1"/>
                     <sourceOf typeCode="COMP">
                        <procedure classCode="PROC" moodCode="EVN" isCriterionInd="true">
                           <code code="2.16.840.1.113883.3.526.03.784" displayName="Colonoscopy Code List GROUPING"/>
                           <title>Procedure result: Colonoscopy (status: 'Final Report', result value: 'Inadequate bowel preparation')</title>
                           <sourceOf typeCode="REFR">
                              <observation classCode="OBS" moodCode="EVN" isCriterionInd="true">
                                 <code code="33999-4" codeSystem="2.16.840.1.113883.6.1" displayName="Status"/>
                                 <value xsi:type="CD" code="2.16.840.1.113883.3.526.02.796" displayName="Final Report"/>
                              </observation>
                           </sourceOf>
                           <sourceOf typeCode="OUTC">
                              <observation classCode="OBS" moodCode="EVN" isCriterionInd="true">
                                 <code code="2.16.840.1.113883.3.526.02.791" displayName="Inadequate bowel preparation"/>
                              </observation>
                           </sourceOf>
                           <sourceOf typeCode="SBS">
                              <sequenceNumber value="2"/>
                              <pauseQuantity xsi:type="IVL_PQ">
                                 <high value="3" unit="a" inclusive="false"/>
                              </pauseQuantity>
                              <act classCode="ACT" moodCode="EVN" isCriterionInd="true"><!-- procedure performed pattern -->
                                 <templateId root="2.16.840.1.113883.3.560.1.6"/>
                                 <id root="4DE9A7EE-56E5-45A9-862E-D6151A545F48"/>
                                 <code code="47519-4" displayName="Procedures" codeSystem="2.16.840.1.113883.6.1"/>
                                 <sourceOf typeCode="COMP">
                                    <procedure classCode="PROC" moodCode="EVN" isCriterionInd="true">
                                       <code code="2.16.840.1.113883.3.526.03.784" displayName="Colonoscopy Code List GROUPING"/>
                                       <title>Procedure performed: Colonoscopy</title>
                                       <sourceOf typeCode="DURING">
                                          <observation classCode="OBS" moodCode="EVN">
                                             <id root="D8553B0E-36DA-40AD-B376-8CC02A4FB68A"/>
                                             <title>Measurement period</title>
                                          </observation>
                                       </sourceOf>
                                    </procedure>
                                 </sourceOf>
                              </act>
                           </sourceOf>
                        </procedure>
                     </sourceOf>
                  </act>
               </sourceOf>
               <sourceOf typeCode="PRCN">
                  <sequenceNumber value="1"/>
                  <conjunctionCode code="OR"/>
                  <act classCode="ACT" moodCode="EVN" isCriterionInd="true"><!-- procedure result pattern -->
                     <templateId root="2.16.840.1.113883.3.560.1.63"/>
                     <id root="6619A7EE-56E5-45A9-862E-D6151A545F48"/>
                     <code code="47519-4" displayName="Procedures" codeSystem="2.16.840.1.113883.6.1"/>
                     <sourceOf typeCode="COMP">
                        <procedure classCode="PROC" moodCode="EVN" isCriterionInd="true">
                           <code code="2.16.840.1.113883.3.526.03.784" displayName="Colonoscopy Code List GROUPING"/>
                           <title>Procedure result: Colonoscopy (status: 'Final Report', result value: 'Adenomatous polyp of colon' &gt; 10  count(s))</title>
                           <sourceOf typeCode="REFR">
                              <observation classCode="OBS" moodCode="EVN" isCriterionInd="true">
                                 <code code="33999-4" codeSystem="2.16.840.1.113883.6.1" displayName="Status"/>
                                 <value xsi:type="CD" code="2.16.840.1.113883.3.526.02.796" displayName="Final Report"/>
                              </observation>
                           </sourceOf>
                           <sourceOf typeCode="OUTC">
                              <observation classCode="OBS" moodCode="EVN" isCriterionInd="true">
                                 <code code="2.16.840.1.113883.3.526.02.793" displayName="Adenomatous polyp of colon"/>
                                 <value xsi:type="IVL_PQ">
                                    <low value="10" unit="count(s)" inclusive="false"/>
                                 </value>
                              </observation>
                           </sourceOf>
                           <sourceOf typeCode="SBS">
                              <sequenceNumber value="2"/>
                              <pauseQuantity xsi:type="IVL_PQ">
                                 <high value="3" unit="a" inclusive="false"/>
                              </pauseQuantity>
                              <act classCode="ACT" moodCode="EVN" isCriterionInd="true"><!-- procedure performed pattern -->
                                 <templateId root="2.16.840.1.113883.3.560.1.6"/>
                                 <id root="4DE9A7EE-56E5-45A9-862E-D6151A545F48"/>
                                 <code code="47519-4" displayName="Procedures" codeSystem="2.16.840.1.113883.6.1"/>
                                 <sourceOf typeCode="COMP">
                                    <procedure classCode="PROC" moodCode="EVN" isCriterionInd="true">
                                       <code code="2.16.840.1.113883.3.526.03.784" displayName="Colonoscopy Code List GROUPING"/>
                                       <title>Procedure performed: Colonoscopy</title>
                                       <sourceOf typeCode="DURING">
                                          <observation classCode="OBS" moodCode="EVN">
                                             <id root="D8553B0E-36DA-40AD-B376-8CC02A4FB68A"/>
                                             <title>Measurement period</title>
                                          </observation>
                                       </sourceOf>
                                    </procedure>
                                 </sourceOf>
                              </act>
                           </sourceOf>
                        </procedure>
                     </sourceOf>
                  </act>
               </sourceOf>
               <sourceOf typeCode="PRCN">
                  <sequenceNumber value="1"/>
                  <conjunctionCode code="OR"/>
                  <act classCode="ACT" moodCode="EVN" isCriterionInd="true"><!-- procedure result pattern -->
                     <templateId root="2.16.840.1.113883.3.560.1.63"/>
                     <id root="6619A7EE-56E5-45A9-862E-D6151A545F48"/>
                     <code code="47519-4" displayName="Procedures" codeSystem="2.16.840.1.113883.6.1"/>
                     <sourceOf typeCode="COMP">
                        <procedure classCode="PROC" moodCode="EVN" isCriterionInd="true">
                           <code code="2.16.840.1.113883.3.526.03.784" displayName="Colonoscopy Code List GROUPING"/>
                           <title>Procedure result: Colonoscopy (status: 'Final Report')</title>
                           <sourceOf typeCode="REFR">
                              <observation classCode="OBS" moodCode="EVN" isCriterionInd="true">
                                 <code code="33999-4" codeSystem="2.16.840.1.113883.6.1" displayName="Status"/>
                                 <value xsi:type="CD" code="2.16.840.1.113883.3.526.02.796" displayName="Final Report"/>
                              </observation>
                           </sourceOf>
                           <sourceOf typeCode="SBS">
                              <sequenceNumber value="2"/>
                              <pauseQuantity xsi:type="IVL_PQ">
                                 <high value="3" unit="a" inclusive="false"/>
                              </pauseQuantity>
                              <act classCode="ACT" moodCode="EVN" isCriterionInd="true"><!-- procedure performed pattern -->
                                 <templateId root="2.16.840.1.113883.3.560.1.6"/>
                                 <id root="4DE9A7EE-56E5-45A9-862E-D6151A545F48"/>
                                 <code code="47519-4" displayName="Procedures" codeSystem="2.16.840.1.113883.6.1"/>
                                 <sourceOf typeCode="COMP">
                                    <procedure classCode="PROC" moodCode="EVN" isCriterionInd="true">
                                       <code code="2.16.840.1.113883.3.526.03.784" displayName="Colonoscopy Code List GROUPING"/>
                                       <title>Procedure performed: Colonoscopy (reason: 'is present')</title>
                                       <sourceOf typeCode="REFR">
                                          <observation classCode="OBS" moodCode="EVN" isCriterionInd="true">
                                             <code code="410666004" codeSystem="2.16.840.1.113883.6.96" displayName="Reason"/>
                                          </observation>
                                       </sourceOf>
                                       <sourceOf typeCode="DURING">
                                          <observation classCode="OBS" moodCode="EVN">
                                             <id root="D8553B0E-36DA-40AD-B376-8CC02A4FB68A"/>
                                             <title>Measurement period</title>
                                          </observation>
                                       </sourceOf>
                                    </procedure>
                                 </sourceOf>
                              </act>
                           </sourceOf>
                        </procedure>
                     </sourceOf>
                  </act>
               </sourceOf>
            </observation>
         </entry>
      </section>
   </component>
         
      <!--
         ******************************************   
         Data Criteria Section
         ******************************************
      --><component typeCode="COMP">
      <section>
         <code code="57025-9" codeSystem="2.16.840.1.113883.6.1" displayName="Data criteria (QDS Data Elements)"/>
         <title>Data criteria (QDS Data Elements)</title>
         <text>
            <list>
               <item>
                  <content>"Diagnosis active: High Risk for Colon CA"</content> using "High Risk for Colon CA Code List GROUPING (2.16.840.1.113883.3.526.03.776)"</item>
               <item>
                  <content>"Diagnosis active: High Risk for Colon CA Current"</content> using "High Risk for Colon CA Current Code List GROUPING (2.16.840.1.113883.3.526.03.788)"</item>
               <item>
                  <content>"Diagnosis inactive: Colonic Polyps"</content> using "Colonic Polyps Code List GROUPING (2.16.840.1.113883.3.526.03.721)"</item>
               <item>
                  <content>"Patient characteristic: birth date" (age)</content> using "birth date HL7 Code List (2.16.840.1.113883.3.526.02.8)"</item>
               <item>
                  <content>"Procedure performed: Colonoscopy"</content> using "Colonoscopy Code List GROUPING (2.16.840.1.113883.3.526.03.784)"</item>
               <item>
                  <content>"Procedure performed: Colonoscopy, non-high risk screening"</content> using "Colonoscopy, non-high risk screening HCPCS Code List (2.16.840.1.113883.3.526.02.789)"</item>
               <item>
                  <content>"Procedure result: Colonoscopy"</content> using "Colonoscopy Code List GROUPING (2.16.840.1.113883.3.526.03.784)"</item>
               <item>
                  <content>Attribute: "Result value: Adenomatous polyp of colon"</content> using "Adenomatous polyp of colon SNOMED-CT Code List  (2.16.840.1.113883.3.526.02.793)"</item>
               <item>
                  <content>Attribute: "Result value: Inadequate bowel preparation"</content> using "Inadequate bowel preparation SNOMED-CT Code List  (2.16.840.1.113883.3.526.02.791)"</item>
               <item>
                  <content>Attribute: "Result value: Incomplete procedure"</content> using "Incomplete procedure SNOMED-CT Code List  (2.16.840.1.113883.3.526.02.792)"</item>
               <item>
                  <content>Attribute: "Status: Final Report"</content> using "Final Report SNOMED-CT Code List  (2.16.840.1.113883.3.526.02.796)"</item>
            </list>
         </text>
         <entry typeCode="DRIV">
            <act classCode="ACT" moodCode="EVN" isCriterionInd="true"><!-- patient characteristic pattern -->
               <templateId root="2.16.840.1.113883.3.560.1.25"/>
               <id root="ED68479F-D1A0-4C59-B718-EBED8A747D0D"/>
               <code code="45970-1" displayName="Demographics" codeSystem="2.16.840.1.113883.6.1"/>
               <sourceOf typeCode="COMP">
                  <observation classCode="OBS" moodCode="EVN" isCriterionInd="true">
                     <code code="2.16.840.1.113883.3.526.02.8" displayName="birth date HL7 Code List"/>
                     <title>Patient characteristic: birth date</title>
                  </observation>
               </sourceOf>
            </act>
         </entry>
         <entry typeCode="DRIV">
            <act classCode="ACT" moodCode="EVN" isCriterionInd="true"><!-- diagnosis inactive pattern -->
               <templateId root="2.16.840.1.113883.3.560.1.23"/>
               <id root="A63725EE-3420-45DE-971C-71F7F689776C"/>
               <code code="11450-4" displayName="Problem" codeSystem="2.16.840.1.113883.6.1"/>
               <sourceOf typeCode="COMP">
                  <observation classCode="OBS" moodCode="EVN" isCriterionInd="true">
                     <code code="55607006" codeSystem="2.16.840.1.113883.6.96" displayName="Problem"/>
                     <title>Diagnosis inactive: Colonic Polyps</title>
                     <value xsi:type="CD" code="2.16.840.1.113883.3.526.03.721" displayName="Colonic Polyps Code List GROUPING"/>
                     <sourceOf typeCode="REFR">
                        <observation classCode="OBS" moodCode="EVN" isCriterionInd="true">
                           <code code="33999-4" codeSystem="2.16.840.1.113883.6.1" displayName="Status"/>
                           <value xsi:type="CD" code="73425007" displayName="inactive" codeSystem="2.16.840.1.113883.6.96"/>
                        </observation>
                     </sourceOf>
                  </observation>
               </sourceOf>
            </act>
         </entry>
         <entry typeCode="DRIV">
            <act classCode="ACT" moodCode="EVN" isCriterionInd="true"><!-- procedure performed pattern -->
               <templateId root="2.16.840.1.113883.3.560.1.6"/>
               <id root="4DE9A7EE-56E5-45A9-862E-D6151A545F48"/>
               <code code="47519-4" displayName="Procedures" codeSystem="2.16.840.1.113883.6.1"/>
               <sourceOf typeCode="COMP">
                  <procedure classCode="PROC" moodCode="EVN" isCriterionInd="true">
                     <code code="2.16.840.1.113883.3.526.03.784" displayName="Colonoscopy Code List GROUPING"/>
                     <title>Procedure performed: Colonoscopy</title>
                  </procedure>
               </sourceOf>
            </act>
         </entry>
         <entry typeCode="DRIV">
            <act classCode="ACT" moodCode="EVN" isCriterionInd="true"><!-- procedure result pattern -->
               <templateId root="2.16.840.1.113883.3.560.1.63"/>
               <id root="6619A7EE-56E5-45A9-862E-D6151A545F48"/>
               <code code="47519-4" displayName="Procedures" codeSystem="2.16.840.1.113883.6.1"/>
               <sourceOf typeCode="COMP">
                  <procedure classCode="PROC" moodCode="EVN" isCriterionInd="true">
                     <code code="2.16.840.1.113883.3.526.03.784" displayName="Colonoscopy Code List GROUPING"/>
                     <title>Procedure result: Colonoscopy</title>
                  </procedure>
               </sourceOf>
            </act>
         </entry>
         <entry typeCode="DRIV">
            <act classCode="ACT" moodCode="EVN" isCriterionInd="true"><!-- procedure performed pattern -->
               <templateId root="2.16.840.1.113883.3.560.1.6"/>
               <id root="ED0C3AAA-245F-4DC5-91E1-4F9ABE20E15D"/>
               <code code="47519-4" displayName="Procedures" codeSystem="2.16.840.1.113883.6.1"/>
               <sourceOf typeCode="COMP">
                  <procedure classCode="PROC" moodCode="EVN" isCriterionInd="true">
                     <code code="2.16.840.1.113883.3.526.02.789" displayName="Colonoscopy, non-high risk screening HCPCS Code List"/>
                     <title>Procedure performed: Colonoscopy, non-high risk screening</title>
                  </procedure>
               </sourceOf>
            </act>
         </entry>
         <entry typeCode="DRIV">
            <act classCode="ACT" moodCode="EVN" isCriterionInd="true"><!-- diagnosis active pattern -->
               <templateId root="2.16.840.1.113883.3.560.1.2"/>
               <id root="8F7CA3D5-5385-4070-B37D-F54865685477"/>
               <code code="11450-4" displayName="Problem" codeSystem="2.16.840.1.113883.6.1"/>
               <sourceOf typeCode="COMP">
                  <observation classCode="OBS" moodCode="EVN" isCriterionInd="true">
                     <code code="55607006" codeSystem="2.16.840.1.113883.6.96" displayName="Problem"/>
                     <title>Diagnosis active: High Risk for Colon CA</title>
                     <value xsi:type="CD" code="2.16.840.1.113883.3.526.03.776" displayName="High Risk for Colon CA Code List GROUPING"/>
                     <sourceOf typeCode="REFR">
                        <observation classCode="OBS" moodCode="EVN" isCriterionInd="true">
                           <code code="33999-4" codeSystem="2.16.840.1.113883.6.1" displayName="Status"/>
                           <value xsi:type="CD" code="55561003" displayName="active" codeSystem="2.16.840.1.113883.6.96"/>
                        </observation>
                     </sourceOf>
                  </observation>
               </sourceOf>
            </act>
         </entry>
         <entry typeCode="DRIV">
            <act classCode="ACT" moodCode="EVN" isCriterionInd="true"><!-- diagnosis active pattern -->
               <templateId root="2.16.840.1.113883.3.560.1.2"/>
               <id root="C78A9571-3B0D-4453-8DEE-E18ADEE60EB0"/>
               <code code="11450-4" displayName="Problem" codeSystem="2.16.840.1.113883.6.1"/>
               <sourceOf typeCode="COMP">
                  <observation classCode="OBS" moodCode="EVN" isCriterionInd="true">
                     <code code="55607006" codeSystem="2.16.840.1.113883.6.96" displayName="Problem"/>
                     <title>Diagnosis active: High Risk for Colon CA Current</title>
                     <value xsi:type="CD" code="2.16.840.1.113883.3.526.03.788" displayName="High Risk for Colon CA Current Code List GROUPING"/>
                     <sourceOf typeCode="REFR">
                        <observation classCode="OBS" moodCode="EVN" isCriterionInd="true">
                           <code code="33999-4" codeSystem="2.16.840.1.113883.6.1" displayName="Status"/>
                           <value xsi:type="CD" code="55561003" displayName="active" codeSystem="2.16.840.1.113883.6.96"/>
                        </observation>
                     </sourceOf>
                  </observation>
               </sourceOf>
            </act>
         </entry>
      </section>
   </component>
   <component typeCode="COMP">
      <section>
         <title>Summary Calculation</title>
         <text>
            <content>Calculation is generic to all measures:</content>
            <list>
               <item>Calculate the final denominator by adding all that meet denominator criteria.</item>
               <item>Subtract from the final denominator all that do not meet numerator criteria yet also meet exclusion criteria.  Note some measures do not have exclusion criteria.</item>
               <item>The performance calculation is based on the "Measure scoring" from header information above:
					        	<list>
                     <item>For "Proportion" measures, the calculation is the number meeting numerator criteria divided by the final denominator.</item>
                     <item>For "Ratio" and "Continuous Variable" measures, follow the calculation instructions in the Data Aggregation header information above, if present.</item>
                  </list>
               </item>
               <item>For measures with multiple denominators, repeat this process for each denominator and report each result separately.</item>
               <item>For measures with multiple patient populations, repeat this process for each patient population and report each result separately.</item>
               <item>For measures with multiple numerators, calculate each numerator separately within each population using the paired exclusion.</item>
            </list>
         </text>
      </section>
   </component>
</QualityMeasureDocument>