<?xml version="1.0" encoding="UTF-8"?>
<?xml-stylesheet type="text/xsl" href="HQMFreader.xsl"?>
<QualityMeasureDocument xmlns:xsi="http://www.w3.org/2001/XMLSchema-instance" xmlns="urn:hl7-org:v3">
         
      <!--
         **************************************************************   
         Measure Header Section
         **************************************************************
      --><typeId root="2.16.840.1.113883.1.3" extension="POQM_HD000001"/>
   <id root="80BC21B2-5D52-48A3-8924-E61E0039AB15"/>
   <code code="57024-2" codeSystem="2.16.840.1.113883.6.1" displayName="Health Quality Measure Document"/>
   <title>Depression Remission at Six Months (NQF OT3-012-10)</title>
   <text>Adult patients age 18 and older with major depression or dysthymia and an initial PHQ-9 score &gt; 9 who demonstrate remission at six months defined as PHQ-9 score less than 5. This measure applies to both patients with newly diagnosed and existing depression whose current PHQ-9 score indicates a need for treatment.</text>
   <statusCode code="completed"/>
   <setId root="65E2D66A-63FA-411E-9541-0AD939C6AE4A"/>
   <versionNumber value="1"/>
   <author typeCode="AUT">
      <assignedPerson classCode="ASSIGNED">
         <representedOrganization classCode="ORG" determinerCode="INSTANCE">
            <id root="2.16.840.1.113883.3.67.1.101"/>
            <name>Iowa Foundation for Medical Care</name>
            <contactParty classCode="CON" nullFlavor="UNK"/>
         </representedOrganization>
      </assignedPerson>
   </author>
   <custodian>
      <assignedPerson classCode="ASSIGNED">
         <representedOrganization classCode="ORG" determinerCode="INSTANCE">
            <id root="2.16.840.1.113883.3.560.3.13"/>
            <name>Minnesota Community Measurement</name>
            <contactParty classCode="CON" nullFlavor="UNK"/>
         </representedOrganization>
      </assignedPerson>
   </custodian>
   <verifier typeCode="VRF">
      <assignedPerson classCode="ASSIGNED">
         <representedOrganization classCode="ORG" determinerCode="INSTANCE">
            <id root="2.16.840.1.113883.3.560"/>
            <name>National Quality Forum</name>
            <contactParty classCode="CON" nullFlavor="UNK"/>
         </representedOrganization>
      </assignedPerson>
   </verifier>
   <subjectOf>
      <measureAttribute>
         <code code="COPY" codeSystem="2.16.840.1.113883.5.4" displayName="Copyright"/>
         <value xsi:type="ED" mediaType="text/plain"/>
      </measureAttribute>
   </subjectOf>
   <subjectOf>
      <measureAttribute>
         <code code="MSRSCORE" codeSystem="2.16.840.1.113883.5.4" displayName="Measure scoring"/>
         <value xsi:type="CD" code="PROPOR" codeSystem="2.16.840.1.113883.5.1063" displayName="Proportion"/>
      </measureAttribute>
   </subjectOf>
   <subjectOf>
      <measureAttribute>
         <code code="MSRTYPE" codeSystem="2.16.840.1.113883.5.4" displayName="Measure type"/>
         <value xsi:type="CD" code="OUTCOME" codeSystem="2.16.840.1.113883.5.1063" displayName="Outcome"/>
      </measureAttribute>
   </subjectOf>
   <subjectOf>
      <measureAttribute>
         <code code="STRAT" codeSystem="2.16.840.1.113883.5.4" displayName="Stratification"/>
         <value xsi:type="ED" mediaType="text/plain">None</value>
      </measureAttribute>
   </subjectOf>
   <subjectOf>
      <measureAttribute>
         <code code="MSRADJ" codeSystem="2.16.840.1.113883.5.4" displayName="Risk Adjustment"/>
         <value xsi:type="ED" mediaType="text/plain">None</value>
      </measureAttribute>
   </subjectOf>
   <subjectOf>
      <measureAttribute>
         <code code="MSRAGG" codeSystem="2.16.840.1.113883.5.4" displayName="Data Aggregation"/>
         <value xsi:type="ED" mediaType="text/plain"/>
      </measureAttribute>
   </subjectOf>
   <subjectOf>
      <measureAttribute>
         <code code="RAT" codeSystem="2.16.840.1.113883.5.4" displayName="Rationale"/>
         <value xsi:type="ED" mediaType="text/plain">The Centers for Disease Control and Prevention states that nationally 15.7% of people report being told by a health care professional that they had depression at some point in their lifetime. Persons with a current diagnosis of depression and a lifetime diagnosis of depression or anxiety were significantly more likely than persons without these conditions to have cardiovascular disease, diabetes, asthma and obesity and to be a current smoker, to be physically inactive and to drink heavily. According to National Institute of Mental Health (NIMH), 6.7 percent of the U.S. population ages 18 and older (14.8 million people) in any given year have a diagnosis of a major depressive disorder. Major depression is the leading cause of disability in the U.S. for ages 15 - 44. Additionally, dysthymia accounts for an additional 3.3 million Americans.</value>
      </measureAttribute>
   </subjectOf>
   <subjectOf>
      <measureAttribute>
         <code code="CRS" codeSystem="2.16.840.1.113883.3.560" displayName="Clinical Recommendation Statement"/>
         <value xsi:type="ED" mediaType="text/plain">Improvement in the symptoms of depression and an ongoing assessment of the current treatment plan is crucial to the reduction of symptoms and psychosocial well being of patients with major depression. Most people treated for initial depression need to be on medication at least six to twelve months after adequate response to symptoms, patients with recurrent depression need to be treated for three years or more and response with psychotherapy can take eight to twelve weeks of regular and frequent therapy to show improvement. Remission is defined as a PHQ-9 score of less than five at twelve months. The Patient Health Questionnaire (PHQ-9) tool is a widely accepted, standardized tool [Copyright © 2005 Pfizer, Inc. All rights reserved] that is completed by the patient, ideally at each visit, and utilized by the provider to monitor treatment progress. This tool was selected for measuring outcomes for this population because it is 1) validated with a sensitivity of .080 and a specificity of 0.92 with substantial heterogeneity I2 = 82%, 2) widely accepted and utilized in our state, 3) available for clinical use, 4) translated into many languages and 5) easy for the patient to complete and the provider to score. This nine question tool contains the following questions which are scored on a scale of 0 to 27 based on the scale of Not at All (0), Several Days (1), More Than Half the Days (2), or Nearly Every Day (3) for responses to the questions over the last 2 weeks. 
• Little interest or pleasure in doing things 
• Feeling down, depressed, or hopeless
• Feeling tired or having little energy 
• Poor appetite or overeating 
• Feeling bad about yourself - or that you are a failure or have let yourself or your family down 
• Trouble concentrating on things, such as reading the newspaper or watching television 
• Moving or speaking so slowly that other people could have noticed? Or the opposite - being so fidgety or restless that you have been moving around a lot more than usual 
• Thoughts that you would be better off dead or of hurting yourself in some way</value>
      </measureAttribute>
   </subjectOf>
   <subjectOf>
      <measureAttribute>
         <code code="IDUR" codeSystem="2.16.840.1.113883.3.560" displayName="Improvement notation"/>
         <value xsi:type="ED" mediaType="text/plain">Higher scores indicate better quality</value>
      </measureAttribute>
   </subjectOf>
   <subjectOf>
      <measureAttribute>
         <templateId root="2.16.840.1.113883.3.560.1.74"/>
         <id root="149403E4-D664-4F06-8A0B-84812F754780"/>
         <code code="MSRTP" displayName="Measurement period" codeSystem="2.16.840.1.113883.3.560"/>
         <value xsi:type="EXPR_PQ" value="12" unit="m">
            <expression mediaType="text/plain">measureEndDate - measureStartDate</expression>
         </value>
      </measureAttribute>
   </subjectOf>
   <subjectOf>
      <localVariableName>measureStartDate</localVariableName>
      <measureAttribute>
         <templateId root="2.16.840.1.113883.3.560.1.75"/>
         <id root="D43F525E-B416-459E-9D16-6BAF0649863A"/>
         <code code="MSRSD" displayName="Measurement start date" codeSystem="2.16.840.1.113883.3.560"/>
         <value xsi:type="TS" value="00000101"/>
      </measureAttribute>
   </subjectOf>
   <subjectOf>
      <localVariableName>measureEndDate</localVariableName>
      <measureAttribute>
         <templateId root="2.16.840.1.113883.3.560.1.75"/>
         <id root="A75B82CF-7022-483D-957C-73C4005DB38E"/>
         <code code="MSRED" displayName="Measurement end date" codeSystem="2.16.840.1.113883.3.560"/>
         <value xsi:type="TS" value="00001231"/>
      </measureAttribute>
   </subjectOf>
   <subjectOf>
      <measureAttribute>
         <code code="MSRMD" codeSystem="2.16.840.1.113883.3.560" displayName="Measurement duration"/>
         <value xsi:type="ED" mediaType="text/plain">12 month(s)</value>
      </measureAttribute>
   </subjectOf>
   <subjectOf>
      <measureAttribute>
         <code code="REF" codeSystem="2.16.840.1.113883.5.4" displayName="Reference"/>
         <value xsi:type="ED" mediaType="text/plain">Institute for Clinical Systems Improvement (ICSI) Major Depression in Adults in Primary Care 12th edition May 2009   www.icsi.org</value>
      </measureAttribute>
   </subjectOf>
   <subjectOf>
      <measureAttribute>
         <code code="REF" codeSystem="2.16.840.1.113883.5.4" displayName="Reference"/>
         <value xsi:type="ED" mediaType="text/plain">Centers for Disease Control and Prevention: Anxiety and Depression Effective Treatments Exist: People with depression and anxiety should seek help as early as possible to reduce health effects and improve quality of life. March 2009. Based on 2006 Behavior Risk Factor Surveillance System www.cdc.gov/Features/dsBRFSSDepressionAnxiety/</value>
      </measureAttribute>
   </subjectOf>
   <subjectOf>
      <measureAttribute>
         <code code="REF" codeSystem="2.16.840.1.113883.5.4" displayName="Reference"/>
         <value xsi:type="ED" mediaType="text/plain">Suicide Prevention Resource Center: Minnesota Suicide Fact Sheet; Suicides 1999 - 2005 www.sprc.org/</value>
      </measureAttribute>
   </subjectOf>
   <subjectOf>
      <measureAttribute>
         <code code="REF" codeSystem="2.16.840.1.113883.5.4" displayName="Reference"/>
         <value xsi:type="ED" mediaType="text/plain">www.nimh.nih.gov/health/publications/the-numbers-count-mental-disorders-in-america</value>
      </measureAttribute>
   </subjectOf>
   <subjectOf>
      <measureAttribute>
         <code code="REF" codeSystem="2.16.840.1.113883.5.4" displayName="Reference"/>
         <value xsi:type="ED" mediaType="text/plain">National Institute of Mental Health: The Numbers Count: Mental Disorders in America August 2009</value>
      </measureAttribute>
   </subjectOf>
   <subjectOf>
      <measureAttribute>
         <code code="REF" codeSystem="2.16.840.1.113883.5.4" displayName="Reference"/>
         <value xsi:type="ED" mediaType="text/plain">Screening for Depression in Medical Settings with the Patient Health Questionnaire (PHQ) A Diagnostic Meta Analysis. Gilbody, Simon et al Journal of General Internal Medicine Sept 2007</value>
      </measureAttribute>
   </subjectOf>
   <subjectOf>
      <measureAttribute>
         <code code="REF" codeSystem="2.16.840.1.113883.5.4" displayName="Reference"/>
         <value xsi:type="ED" mediaType="text/plain">The PHQ-9: Validity of a Brief Depression Severity Measure Kurt Kroenke, MD, Robert Spitzer, MD J Gen Intern Med 2001 16:606-613</value>
      </measureAttribute>
   </subjectOf>
   <subjectOf>
      <measureAttribute>
         <code code="DEF" codeSystem="2.16.840.1.113883.3.560" displayName="Definition"/>
         <value xsi:type="ED" mediaType="text/plain">Remission is defined as a PHQ-9 score of less than five

Six Months is defined the point in time from the date in the measurement period that a patient meets the inclusion criteria (diagnosis and elevated PHQ-9 &gt; 9) extending out six months and then allowing a grace period of thirty days prior to and thirty days after this date.  Any PHQ-9 less than five obtained during this period is deemed as remission at six months, values obtained prior to or after this period are not counted as numerator compliant (remission)</value>
      </measureAttribute>
   </subjectOf>
   <subjectOf>
      <measureAttribute>
         <code code="GUIDE" codeSystem="2.16.840.1.113883.5.4" displayName="Guidance"/>
         <value xsi:type="ED" mediaType="text/plain"/>
      </measureAttribute>
   </subjectOf>
   <componentOf>
      <qualityMeasureSet classCode="ACT">
         <id root="B1EB421F-C28C-453C-8DEE-7C6EFE318EB1 67D7CD2B-96A5-4872-88F9-C78B3814C93E"/>
         <title>CLINICAL QUALITY MEASURE SET 2011-2012 CLINICAL QUALITY MEASURE SET 2011-2012</title>
      </qualityMeasureSet>
   </componentOf>
         
      <!--
         **************************************************************   
         Population Criteria Section
         **************************************************************
      --><component typeCode="COMP">
      <section>
         <code code="57026-7" codeSystem="2.16.840.1.113883.6.1" displayName="Population criteria"/>
         <title>Population criteria</title>
         <text>
            <list>
               <item>
                  <content styleCode="Bold">Initial Patient Population =</content>
                  <list>
                     <item>AND: "Patient characteristic: birth date"  &gt;= 18 year(s) starts before start of "Measurement period"</item>
                     <item>AND: <list>
                           <item>OR: <list>
                                 <item>OR: "Diagnosis active: Major Depression (ordinality: 'principal')"</item>
                                 <item>OR: "Diagnosis active: Dysthymia (ordinality: 'principal')"</item>
                                 <item> during  ("Instance A of Encounter: Psychiatric Office Visit/Therapy" during "Measurement period")</item>
                              </list>
                           </item>
                           <item>OR: <list>
                                 <item>OR: "Diagnosis active: Major Depression"</item>
                                 <item>OR: "Diagnosis active: Dysthymia"</item>
                                 <item> during  ("Instance A of Encounter: Primary Care Visit" during "Measurement period")</item>
                              </list>
                           </item>
                           <item>OR: "Instance A of Risk category / assessment: PHQ-9 Score (result value &gt; 9 )"  &lt; 19 month(s) ends before or during "Measurement end date"</item>
                        </list>
                     </item>
                  </list>
               </item>
               <item>
                  <content styleCode="Bold">Denominator =</content>
                  <list>
                     <item>AND: "Initial Patient Population"</item>
                     <item>AND: <list>
                           <item>AND NOT: <list>
                                 <item>OR: "Patient characteristic: Deceased" during "Measurement period"</item>
                                 <item>OR: <list>
                                       <item>AND: "Instance A of Patient characteristic: Residence (residence: 'nursing home')"  &gt; 1 year(s) starts before start of <list>
                                             <item>OR: "Instance A of Encounter: Psychiatric Office Visit/Therapy"</item>
                                             <item>OR: "Instance A of Encounter: Primary Care Visit"</item>
                                             <item> during "Measurement period"</item>
                                          </list>
                                       </item>
                                       <item>AND: <list>
                                             <item>OR: "Instance A of Encounter: Psychiatric Office Visit/Therapy"</item>
                                             <item>OR: "Instance A of Encounter: Primary Care Visit"</item>
                                             <item> during "Instance A of Patient characteristic: Residence (residence: 'nursing home')"</item>
                                          </list>
                                       </item>
                                    </list>
                                 </item>
                                 <item>OR: "Patient characteristic: Care Type (care type: 'hospice')" during "Measurement period"</item>
                                 <item>OR: "Diagnosis active: Bipolar Disorder" during "Measurement period"</item>
                                 <item>OR: "Diagnosis active: Personality Disorder" during "Measurement period"</item>
                              </list>
                           </item>
                        </list>
                     </item>
                  </list>
               </item>
               <item>
                  <content styleCode="Bold">Numerator =</content>
                  <list>
                     <item>AND: "Instance B of Risk category / assessment: PHQ-9 Score (result value &lt; 5 , status: 'complete')" during <list>
                           <item>AND: <list>
                                 <item>AND: <list>
                                       <item>OR: "Instance A of Encounter: Psychiatric Office Visit/Therapy"</item>
                                       <item>OR: "Instance A of Encounter: Primary Care Visit"</item>
                                       <item> during "Measurement period"</item>
                                    </list>
                                 </item>
                                 <item>  &gt;= 5 months starts after end of  ("Instance A of Risk category / assessment: PHQ-9 Score (result value &gt; 9 )"  &lt; 19 month(s) ends before or during "Measurement end date")</item>
                              </list>
                           </item>
                           <item>AND: <list>
                                 <item>AND: <list>
                                       <item>OR: "Instance A of Encounter: Psychiatric Office Visit/Therapy"</item>
                                       <item>OR: "Instance A of Encounter: Primary Care Visit"</item>
                                       <item> during "Measurement period"</item>
                                    </list>
                                 </item>
                                 <item>  &lt;= 7 months starts after end of  ("Instance A of Risk category / assessment: PHQ-9 Score (result value &gt; 9 )"  &lt; 19 month(s) ends before or during "Measurement end date")</item>
                              </list>
                           </item>
                        </list>
                     </item>
                  </list>
               </item>
               <item>
                  <content styleCode="Bold">Exclusions =</content>
                  <list>
                     <item>None</item>
                  </list>
               </item>
            </list>
         </text><!--
            **************************************************************   
            Population Criteria Section: population 
            **************************************************************
      -->
         <entry typeCode="DRIV">
            <observation classCode="OBS" moodCode="EVN.CRT" isCriterionInd="true">
               <id root="3B01BE28-C9D9-435B-8BA2-274B68CC3C7D"/>
               <code code="ASSERTION" codeSystem="2.16.840.1.113883.5.4"/>
               <value xsi:type="CD" code="IPP" codeSystem="2.16.840.1.113883.5.1063" codeSystemName="HL7 Observation Value" displayName="Initial Patient Population"/><!--  top and/or -->
               <sourceOf typeCode="PRCN">
                  <conjunctionCode code="AND"/>
                  <act classCode="ACT" moodCode="EVN" isCriterionInd="true"><!-- patient characteristic pattern -->
                     <templateId root="2.16.840.1.113883.3.560.1.25"/>
                     <id root="33746E41-C2C6-45BB-B06C-5F9E1F918C63"/>
                     <code code="45970-1" displayName="Demographics" codeSystem="2.16.840.1.113883.6.1"/>
                     <sourceOf typeCode="COMP">
                        <observation classCode="OBS" moodCode="EVN" isCriterionInd="true">
                           <code code="2.16.840.1.113883.3.67.1.101.1.24" displayName="birth date HL7 Code List"/>
                           <title>Patient characteristic: birth date</title>
                           <sourceOf typeCode="SBS">
                              <pauseQuantity xsi:type="IVL_PQ">
                                 <low value="18" unit="a" inclusive="true"/>
                              </pauseQuantity>
                              <observation classCode="OBS" moodCode="EVN">
                                 <id root="149403E4-D664-4F06-8A0B-84812F754780"/>
                                 <title>Measurement period</title>
                              </observation>
                           </sourceOf>
                        </observation>
                     </sourceOf>
                  </act>
               </sourceOf>
               <sourceOf typeCode="PRCN">
                  <conjunctionCode code="AND"/>
                  <act classCode="ACT" moodCode="EVN" isCriterionInd="true">
                     <sourceOf typeCode="PRCN">
                        <conjunctionCode code="OR"/>
                        <act classCode="ACT" moodCode="EVN" isCriterionInd="true">
                           <sourceOf typeCode="PRCN">
                              <conjunctionCode code="OR"/>
                              <act classCode="ACT" moodCode="EVN" isCriterionInd="true"><!-- diagnosis active pattern -->
                                 <templateId root="2.16.840.1.113883.3.560.1.2"/>
                                 <id root="6AA32B40-2AD2-4BC8-BD2F-CA81E1A3E0E8"/>
                                 <code code="11450-4" displayName="Problem" codeSystem="2.16.840.1.113883.6.1"/>
                                 <sourceOf typeCode="COMP">
                                    <observation classCode="OBS" moodCode="EVN" isCriterionInd="true">
                                       <code code="55607006" codeSystem="2.16.840.1.113883.6.96" displayName="Problem"/>
                                       <title>Diagnosis active: Major Depression (ordinality: 'principal')</title>
                                       <value xsi:type="CD" code="2.16.840.1.113883.3.67.1.101.1.250" displayName="Major Depression Code List GROUPING"/>
                                       <sourceOf typeCode="REFR">
                                          <observation classCode="OBS" moodCode="EVN" isCriterionInd="true">
                                             <code code="33999-4" codeSystem="2.16.840.1.113883.6.1" displayName="Status"/>
                                             <value xsi:type="CD" code="55561003" displayName="active" codeSystem="2.16.840.1.113883.6.96"/>
                                          </observation>
                                       </sourceOf>
                                       <sourceOf typeCode="SUBJ">
                                          <observation classCode="OBS" moodCode="EVN" isCriterionInd="true">
                                             <code code="117363000" codeSystem="2.16.840.1.113883.6.96" displayName="Ordinal"/>
                                             <value xsi:type="CD" code="2.16.840.1.113883.3.67.1.101.1.287" displayName="principal"/>
                                          </observation>
                                       </sourceOf>
                                    </observation>
                                 </sourceOf>
                              </act>
                           </sourceOf>
                           <sourceOf typeCode="PRCN">
                              <conjunctionCode code="OR"/>
                              <act classCode="ACT" moodCode="EVN" isCriterionInd="true"><!-- diagnosis active pattern -->
                                 <templateId root="2.16.840.1.113883.3.560.1.2"/>
                                 <id root="C35BDCBC-20DA-45CA-9C3C-A623188FF917"/>
                                 <code code="11450-4" displayName="Problem" codeSystem="2.16.840.1.113883.6.1"/>
                                 <sourceOf typeCode="COMP">
                                    <observation classCode="OBS" moodCode="EVN" isCriterionInd="true">
                                       <code code="55607006" codeSystem="2.16.840.1.113883.6.96" displayName="Problem"/>
                                       <title>Diagnosis active: Dysthymia (ordinality: 'principal')</title>
                                       <value xsi:type="CD" code="2.16.840.1.113883.3.67.1.101.1.254" displayName="Dysthymia Code List GROUPING"/>
                                       <sourceOf typeCode="REFR">
                                          <observation classCode="OBS" moodCode="EVN" isCriterionInd="true">
                                             <code code="33999-4" codeSystem="2.16.840.1.113883.6.1" displayName="Status"/>
                                             <value xsi:type="CD" code="55561003" displayName="active" codeSystem="2.16.840.1.113883.6.96"/>
                                          </observation>
                                       </sourceOf>
                                       <sourceOf typeCode="SUBJ">
                                          <observation classCode="OBS" moodCode="EVN" isCriterionInd="true">
                                             <code code="117363000" codeSystem="2.16.840.1.113883.6.96" displayName="Ordinal"/>
                                             <value xsi:type="CD" code="2.16.840.1.113883.3.67.1.101.1.287" displayName="principal"/>
                                          </observation>
                                       </sourceOf>
                                    </observation>
                                 </sourceOf>
                              </act>
                           </sourceOf>
                           <sourceOf typeCode="DURING">
                              <act classCode="ACT" moodCode="EVN" isCriterionInd="true"><!-- encounter pattern -->
                                 <templateId root="2.16.840.1.113883.3.560.1.4"/>
                                 <id root="B881CD3C-A1F6-408A-930E-2CC352D67AEF"/>
                                 <code code="46240-8" displayName="Encounter list" codeSystem="2.16.840.1.113883.6.1"/>
                                 <sourceOf typeCode="COMP">
                                    <encounter classCode="ENC" moodCode="EVN" isCriterionInd="true">
                                       <code code="2.16.840.1.113883.3.67.1.101.1.244" displayName="Psychiatric Office Visit/Therapy SNOMED-CT Code List"/>
                                       <title>Instance A of Encounter: Psychiatric Office Visit/Therapy</title>
                                       <sourceOf typeCode="DURING">
                                          <observation classCode="OBS" moodCode="EVN">
                                             <id root="149403E4-D664-4F06-8A0B-84812F754780"/>
                                             <title>Measurement period</title>
                                          </observation>
                                       </sourceOf>
                                    </encounter>
                                 </sourceOf>
                              </act>
                           </sourceOf>
                        </act>
                     </sourceOf>
                     <sourceOf typeCode="PRCN">
                        <conjunctionCode code="OR"/>
                        <act classCode="ACT" moodCode="EVN" isCriterionInd="true">
                           <sourceOf typeCode="PRCN">
                              <conjunctionCode code="OR"/>
                              <act classCode="ACT" moodCode="EVN" isCriterionInd="true"><!-- diagnosis active pattern -->
                                 <templateId root="2.16.840.1.113883.3.560.1.2"/>
                                 <id root="6AA32B40-2AD2-4BC8-BD2F-CA81E1A3E0E8"/>
                                 <code code="11450-4" displayName="Problem" codeSystem="2.16.840.1.113883.6.1"/>
                                 <sourceOf typeCode="COMP">
                                    <observation classCode="OBS" moodCode="EVN" isCriterionInd="true">
                                       <code code="55607006" codeSystem="2.16.840.1.113883.6.96" displayName="Problem"/>
                                       <title>Diagnosis active: Major Depression</title>
                                       <value xsi:type="CD" code="2.16.840.1.113883.3.67.1.101.1.250" displayName="Major Depression Code List GROUPING"/>
                                       <sourceOf typeCode="REFR">
                                          <observation classCode="OBS" moodCode="EVN" isCriterionInd="true">
                                             <code code="33999-4" codeSystem="2.16.840.1.113883.6.1" displayName="Status"/>
                                             <value xsi:type="CD" code="55561003" displayName="active" codeSystem="2.16.840.1.113883.6.96"/>
                                          </observation>
                                       </sourceOf>
                                    </observation>
                                 </sourceOf>
                              </act>
                           </sourceOf>
                           <sourceOf typeCode="PRCN">
                              <conjunctionCode code="OR"/>
                              <act classCode="ACT" moodCode="EVN" isCriterionInd="true"><!-- diagnosis active pattern -->
                                 <templateId root="2.16.840.1.113883.3.560.1.2"/>
                                 <id root="C35BDCBC-20DA-45CA-9C3C-A623188FF917"/>
                                 <code code="11450-4" displayName="Problem" codeSystem="2.16.840.1.113883.6.1"/>
                                 <sourceOf typeCode="COMP">
                                    <observation classCode="OBS" moodCode="EVN" isCriterionInd="true">
                                       <code code="55607006" codeSystem="2.16.840.1.113883.6.96" displayName="Problem"/>
                                       <title>Diagnosis active: Dysthymia</title>
                                       <value xsi:type="CD" code="2.16.840.1.113883.3.67.1.101.1.254" displayName="Dysthymia Code List GROUPING"/>
                                       <sourceOf typeCode="REFR">
                                          <observation classCode="OBS" moodCode="EVN" isCriterionInd="true">
                                             <code code="33999-4" codeSystem="2.16.840.1.113883.6.1" displayName="Status"/>
                                             <value xsi:type="CD" code="55561003" displayName="active" codeSystem="2.16.840.1.113883.6.96"/>
                                          </observation>
                                       </sourceOf>
                                    </observation>
                                 </sourceOf>
                              </act>
                           </sourceOf>
                           <sourceOf typeCode="DURING">
                              <act classCode="ACT" moodCode="EVN" isCriterionInd="true"><!-- encounter pattern -->
                                 <templateId root="2.16.840.1.113883.3.560.1.4"/>
                                 <id root="A8683BB1-D07B-407C-B598-FED03050AD8F"/>
                                 <code code="46240-8" displayName="Encounter list" codeSystem="2.16.840.1.113883.6.1"/>
                                 <sourceOf typeCode="COMP">
                                    <encounter classCode="ENC" moodCode="EVN" isCriterionInd="true">
                                       <code code="2.16.840.1.113883.3.67.1.101.1.245" displayName="Primary Care Visit SNOMED-CT Code List"/>
                                       <title>Instance A of Encounter: Primary Care Visit</title>
                                       <sourceOf typeCode="DURING">
                                          <observation classCode="OBS" moodCode="EVN">
                                             <id root="149403E4-D664-4F06-8A0B-84812F754780"/>
                                             <title>Measurement period</title>
                                          </observation>
                                       </sourceOf>
                                    </encounter>
                                 </sourceOf>
                              </act>
                           </sourceOf>
                        </act>
                     </sourceOf>
                     <sourceOf typeCode="PRCN">
                        <conjunctionCode code="OR"/>
                        <act classCode="ACT" moodCode="EVN" isCriterionInd="true"><!-- risk category / assessment pattern -->
                           <templateId root="2.16.840.1.113883.3.560.1.21"/>
                           <id root="5FF8B4B8-A09F-42BA-AA14-A797E1C9B296"/>
                           <code code="51848-0" displayName="Assessment" codeSystem="2.16.840.1.113883.6.1" codeSystemName="LOINC"/>
                           <sourceOf typeCode="COMP">
                              <observation classCode="OBS" moodCode="EVN" isCriterionInd="true">
                                 <code code="2.16.840.1.113883.3.67.1.101.1.263" displayName="PHQ-9 Score LOINC Code List"/>
                                 <title>Instance A of Risk category / assessment: PHQ-9 Score (result value &gt; 9 )</title>
                                 <statusCode code="completed"/>
                                 <value xsi:type="IVL_PQ">
                                    <low value="9" inclusive="false"/>
                                 </value>
                                 <sourceOf typeCode="EAE" inversionInd="true">
                                    <pauseQuantity xsi:type="IVL_PQ">
                                       <high value="19" unit="m" inclusive="false"/>
                                    </pauseQuantity>
                                    <observation classCode="OBS" moodCode="EVN">
                                       <id root="A75B82CF-7022-483D-957C-73C4005DB38E"/>
                                       <title>Measurement end date</title>
                                    </observation>
                                 </sourceOf>
                              </observation>
                           </sourceOf>
                        </act>
                     </sourceOf>
                  </act>
               </sourceOf>
            </observation>
         </entry><!--
            **************************************************************   
            Population Criteria Section: denominator 
            **************************************************************
      -->
         <entry typeCode="DRIV">
            <observation classCode="OBS" moodCode="EVN.CRT" isCriterionInd="true">
               <id root="F1FD1E1A-238C-4D1B-B92C-56961F231FE1"/>
               <code code="ASSERTION" codeSystem="2.16.840.1.113883.5.4"/>
               <value xsi:type="CD" code="DENOM" codeSystem="2.16.840.1.113883.5.1063" codeSystemName="HL7 Observation Value" displayName="Denominator"/><!--  top and/or -->
               <sourceOf typeCode="PRCN">
                  <conjunctionCode code="AND"/>
                  <observation classCode="OBS" moodCode="EVN" isCriterionInd="true">
                     <id root="3B01BE28-C9D9-435B-8BA2-274B68CC3C7D"/>
                     <title>Initial Patient Population</title>
                  </observation>
               </sourceOf>
               <sourceOf typeCode="PRCN">
                  <conjunctionCode code="AND"/>
                  <act classCode="ACT" moodCode="EVN" isCriterionInd="true" actionNegationInd="true">
                     <sourceOf typeCode="PRCN">
                        <conjunctionCode code="AND"/>
                        <act classCode="ACT" moodCode="EVN" isCriterionInd="true">
                           <sourceOf typeCode="PRCN">
                              <conjunctionCode code="OR"/>
                              <act classCode="ACT" moodCode="EVN" isCriterionInd="true"><!-- patient characteristic pattern -->
                                 <templateId root="2.16.840.1.113883.3.560.1.1001"/>
                                 <id root="3701C795-A89C-42D4-BBFB-34483E261CCD"/>
                                 <code code="ASSERTION" codeSystem="2.16.840.1.113883.5.4"/>
                                 <sourceOf typeCode="COMP">
                                    <observation classCode="OBS" moodCode="EVN" isCriterionInd="true">
                                       <code code="ASSERTION" codeSystem="2.16.840.1.113883.5.4"/>
                                       <title>Patient characteristic: Deceased</title>
                                       <value xsi:type="CD" code="2.16.840.1.113883.3.67.1.101.1.262" displayName="Deceased SNOMED-CT Code List"/>
                                       <sourceOf typeCode="DURING">
                                          <observation classCode="OBS" moodCode="EVN" isCriterionInd="true">
                                             <id root="149403E4-D664-4F06-8A0B-84812F754780"/>
                                             <title>Measurement period</title>
                                          </observation>
                                       </sourceOf>
                                    </observation>
                                 </sourceOf>
                              </act>
                           </sourceOf>
                           <sourceOf typeCode="PRCN">
                              <conjunctionCode code="OR"/>
                              <act classCode="ACT" moodCode="EVN" isCriterionInd="true">
                                 <sourceOf typeCode="PRCN">
                                    <conjunctionCode code="AND"/>
                                    <act classCode="ACT" moodCode="EVN" isCriterionInd="true"><!-- patient characteristic pattern -->
                                       <templateId root="2.16.840.1.113883.3.560.1.1002"/>
                                       <id root="E6D8C77F-9669-498D-871F-9F4E851814D6"/>
                                       <code code="ASSERTION" codeSystem="2.16.840.1.113883.5.4"/>
                                       <sourceOf typeCode="COMP">
                                          <observation classCode="OBS" moodCode="EVN" isCriterionInd="true">
                                             <code code="2.16.840.1.113883.3.67.1.101.1.258" displayName="Residence SNOMED-CT Code List"/>
                                             <title>Instance A of Patient characteristic: Residence (residence: 'nursing home')</title>
                                             <value xsi:type="CD" code="2.16.840.1.113883.3.67.1.101.1.259" displayName="nursing home"/>
                                             <sourceOf typeCode="SBS">
                                                <pauseQuantity xsi:type="IVL_PQ">
                                                   <low value="1" unit="a" inclusive="false"/>
                                                </pauseQuantity>
                                                <act classCode="ACT" moodCode="EVN" isCriterionInd="true">
                                                   <sourceOf typeCode="PRCN">
                                                      <conjunctionCode code="OR"/>
                                                      <act classCode="ACT" moodCode="EVN" isCriterionInd="true"><!-- encounter pattern -->
                                                         <templateId root="2.16.840.1.113883.3.560.1.4"/>
                                                         <id root="B881CD3C-A1F6-408A-930E-2CC352D67AEF"/>
                                                         <code code="46240-8" displayName="Encounter list" codeSystem="2.16.840.1.113883.6.1"/>
                                                         <sourceOf typeCode="COMP">
                                                            <encounter classCode="ENC" moodCode="EVN" isCriterionInd="true">
                                                               <code code="2.16.840.1.113883.3.67.1.101.1.244" displayName="Psychiatric Office Visit/Therapy SNOMED-CT Code List"/>
                                                               <title>Instance A of Encounter: Psychiatric Office Visit/Therapy</title>
                                                            </encounter>
                                                         </sourceOf>
                                                      </act>
                                                   </sourceOf>
                                                   <sourceOf typeCode="PRCN">
                                                      <conjunctionCode code="OR"/>
                                                      <act classCode="ACT" moodCode="EVN" isCriterionInd="true"><!-- encounter pattern -->
                                                         <templateId root="2.16.840.1.113883.3.560.1.4"/>
                                                         <id root="A8683BB1-D07B-407C-B598-FED03050AD8F"/>
                                                         <code code="46240-8" displayName="Encounter list" codeSystem="2.16.840.1.113883.6.1"/>
                                                         <sourceOf typeCode="COMP">
                                                            <encounter classCode="ENC" moodCode="EVN" isCriterionInd="true">
                                                               <code code="2.16.840.1.113883.3.67.1.101.1.245" displayName="Primary Care Visit SNOMED-CT Code List"/>
                                                               <title>Instance A of Encounter: Primary Care Visit</title>
                                                            </encounter>
                                                         </sourceOf>
                                                      </act>
                                                   </sourceOf>
                                                   <sourceOf typeCode="DURING">
                                                      <observation classCode="OBS" moodCode="EVN" isCriterionInd="true">
                                                         <id root="149403E4-D664-4F06-8A0B-84812F754780"/>
                                                         <title>Measurement period</title>
                                                      </observation>
                                                   </sourceOf>
                                                </act>
                                             </sourceOf>
                                          </observation>
                                       </sourceOf>
                                    </act>
                                 </sourceOf>
                                 <sourceOf typeCode="PRCN">
                                    <conjunctionCode code="AND"/>
                                    <act classCode="ACT" moodCode="EVN" isCriterionInd="true">
                                       <sourceOf typeCode="PRCN">
                                          <conjunctionCode code="OR"/>
                                          <act classCode="ACT" moodCode="EVN" isCriterionInd="true"><!-- encounter pattern -->
                                             <templateId root="2.16.840.1.113883.3.560.1.4"/>
                                             <id root="B881CD3C-A1F6-408A-930E-2CC352D67AEF"/>
                                             <code code="46240-8" displayName="Encounter list" codeSystem="2.16.840.1.113883.6.1"/>
                                             <sourceOf typeCode="COMP">
                                                <encounter classCode="ENC" moodCode="EVN" isCriterionInd="true">
                                                   <code code="2.16.840.1.113883.3.67.1.101.1.244" displayName="Psychiatric Office Visit/Therapy SNOMED-CT Code List"/>
                                                   <title>Instance A of Encounter: Psychiatric Office Visit/Therapy</title>
                                                </encounter>
                                             </sourceOf>
                                          </act>
                                       </sourceOf>
                                       <sourceOf typeCode="PRCN">
                                          <conjunctionCode code="OR"/>
                                          <act classCode="ACT" moodCode="EVN" isCriterionInd="true"><!-- encounter pattern -->
                                             <templateId root="2.16.840.1.113883.3.560.1.4"/>
                                             <id root="A8683BB1-D07B-407C-B598-FED03050AD8F"/>
                                             <code code="46240-8" displayName="Encounter list" codeSystem="2.16.840.1.113883.6.1"/>
                                             <sourceOf typeCode="COMP">
                                                <encounter classCode="ENC" moodCode="EVN" isCriterionInd="true">
                                                   <code code="2.16.840.1.113883.3.67.1.101.1.245" displayName="Primary Care Visit SNOMED-CT Code List"/>
                                                   <title>Instance A of Encounter: Primary Care Visit</title>
                                                </encounter>
                                             </sourceOf>
                                          </act>
                                       </sourceOf>
                                       <sourceOf typeCode="DURING">
                                          <act classCode="ACT" moodCode="EVN" isCriterionInd="true"><!-- patient characteristic pattern -->
                                             <templateId root="2.16.840.1.113883.3.560.1.1002"/>
                                             <id root="E6D8C77F-9669-498D-871F-9F4E851814D6"/>
                                             <code code="ASSERTION" codeSystem="2.16.840.1.113883.5.4"/>
                                             <sourceOf typeCode="COMP">
                                                <observation classCode="OBS" moodCode="EVN" isCriterionInd="true">
                                                   <code code="2.16.840.1.113883.3.67.1.101.1.258" displayName="Residence SNOMED-CT Code List"/>
                                                   <title>Instance A of Patient characteristic: Residence (residence: 'nursing home')</title>
                                                   <value xsi:type="CD" code="2.16.840.1.113883.3.67.1.101.1.259" displayName="nursing home"/>
                                                </observation>
                                             </sourceOf>
                                          </act>
                                       </sourceOf>
                                    </act>
                                 </sourceOf>
                              </act>
                           </sourceOf>
                           <sourceOf typeCode="PRCN">
                              <conjunctionCode code="OR"/>
                              <act classCode="ACT" moodCode="EVN" isCriterionInd="true"><!-- patient characteristic pattern -->
                                 <templateId root="2.16.840.1.113883.3.560.1.1003"/>
                                 <id root="0F95B076-F1DC-4BB2-8BF2-C559BBD6C765"/>
                                 <code code="ASSERTION" codeSystem="2.16.840.1.113883.5.4"/>
                                 <sourceOf typeCode="COMP">
                                    <observation classCode="OBS" moodCode="EVN" isCriterionInd="true">
                                       <code code="2.16.840.1.113883.3.67.1.101.1.260" displayName="Care Type SNOMED-CT Code List"/>
                                       <title>Patient characteristic: Care Type (care type: 'hospice')</title>
                                       <value xsi:type="CD" code="2.16.840.1.113883.3.67.1.101.1.261" displayName="hospice"/>
                                       <sourceOf typeCode="DURING">
                                          <observation classCode="OBS" moodCode="EVN">
                                             <id root="149403E4-D664-4F06-8A0B-84812F754780"/>
                                             <title>Measurement period</title>
                                          </observation>
                                       </sourceOf>
                                    </observation>
                                 </sourceOf>
                              </act>
                           </sourceOf>
                           <sourceOf typeCode="PRCN">
                              <conjunctionCode code="OR"/>
                              <act classCode="ACT" moodCode="EVN" isCriterionInd="true"><!-- diagnosis active pattern -->
                                 <templateId root="2.16.840.1.113883.3.560.1.2"/>
                                 <id root="BF77796C-9057-4F42-9D66-EDFDBF953376"/>
                                 <code code="11450-4" displayName="Problem" codeSystem="2.16.840.1.113883.6.1"/>
                                 <sourceOf typeCode="COMP">
                                    <observation classCode="OBS" moodCode="EVN" isCriterionInd="true">
                                       <code code="55607006" codeSystem="2.16.840.1.113883.6.96" displayName="Problem"/>
                                       <title>Diagnosis active: Bipolar Disorder</title>
                                       <value xsi:type="CD" code="2.16.840.1.113883.3.67.1.101.1.128" displayName="Bipolar Disorder Code List GROUPING"/>
                                       <sourceOf typeCode="REFR">
                                          <observation classCode="OBS" moodCode="EVN" isCriterionInd="true">
                                             <code code="33999-4" codeSystem="2.16.840.1.113883.6.1" displayName="Status"/>
                                             <value xsi:type="CD" code="55561003" displayName="active" codeSystem="2.16.840.1.113883.6.96"/>
                                          </observation>
                                       </sourceOf>
                                       <sourceOf typeCode="DURING">
                                          <observation classCode="OBS" moodCode="EVN">
                                             <id root="149403E4-D664-4F06-8A0B-84812F754780"/>
                                             <title>Measurement period</title>
                                          </observation>
                                       </sourceOf>
                                    </observation>
                                 </sourceOf>
                              </act>
                           </sourceOf>
                           <sourceOf typeCode="PRCN">
                              <conjunctionCode code="OR"/>
                              <act classCode="ACT" moodCode="EVN" isCriterionInd="true"><!-- diagnosis active pattern -->
                                 <templateId root="2.16.840.1.113883.3.560.1.2"/>
                                 <id root="1C995BAC-B556-4D3B-AB4E-C329149B8AF3"/>
                                 <code code="11450-4" displayName="Problem" codeSystem="2.16.840.1.113883.6.1"/>
                                 <sourceOf typeCode="COMP">
                                    <observation classCode="OBS" moodCode="EVN" isCriterionInd="true">
                                       <code code="55607006" codeSystem="2.16.840.1.113883.6.96" displayName="Problem"/>
                                       <title>Diagnosis active: Personality Disorder</title>
                                       <value xsi:type="CD" code="2.16.840.1.113883.3.67.1.101.1.246" displayName="Personality Disorder Code List GROUPING"/>
                                       <sourceOf typeCode="REFR">
                                          <observation classCode="OBS" moodCode="EVN" isCriterionInd="true">
                                             <code code="33999-4" codeSystem="2.16.840.1.113883.6.1" displayName="Status"/>
                                             <value xsi:type="CD" code="55561003" displayName="active" codeSystem="2.16.840.1.113883.6.96"/>
                                          </observation>
                                       </sourceOf>
                                       <sourceOf typeCode="DURING">
                                          <observation classCode="OBS" moodCode="EVN">
                                             <id root="149403E4-D664-4F06-8A0B-84812F754780"/>
                                             <title>Measurement period</title>
                                          </observation>
                                       </sourceOf>
                                    </observation>
                                 </sourceOf>
                              </act>
                           </sourceOf>
                        </act>
                     </sourceOf>
                  </act>
               </sourceOf>
            </observation>
         </entry><!--
            **************************************************************   
            Population Criteria Section: numerator 
            **************************************************************
      -->
         <entry typeCode="DRIV">
            <observation classCode="OBS" moodCode="EVN.CRT" isCriterionInd="true">
               <id root="65036291-C22B-48B3-B134-04C5248B693D"/>
               <code code="ASSERTION" codeSystem="2.16.840.1.113883.5.4"/>
               <value xsi:type="CD" code="NUMER" codeSystem="2.16.840.1.113883.5.1063" codeSystemName="HL7 Observation Value" displayName="Numerator"/><!--  top and/or -->
               <sourceOf typeCode="PRCN">
                  <conjunctionCode code="AND"/>
                  <act classCode="ACT" moodCode="EVN" isCriterionInd="true"><!-- risk category / assessment pattern -->
                     <templateId root="2.16.840.1.113883.3.560.1.21"/>
                     <id root="E5B99F42-B811-4D47-AAE1-6A4DE00A50FF"/>
                     <code code="51848-0" displayName="Assessment" codeSystem="2.16.840.1.113883.6.1" codeSystemName="LOINC"/>
                     <sourceOf typeCode="COMP">
                        <observation classCode="OBS" moodCode="EVN" isCriterionInd="true">
                           <code code="2.16.840.1.113883.3.67.1.101.1.263" displayName="PHQ-9 Score LOINC Code List"/>
                           <title>Instance B of Risk category / assessment: PHQ-9 Score (result value &lt; 5 , status: 'complete')</title>
                           <statusCode code="completed"/>
                           <value xsi:type="IVL_PQ">
                              <high value="5" inclusive="false"/>
                           </value>
                           <sourceOf typeCode="REFR">
                              <observation classCode="OBS" moodCode="EVN" isCriterionInd="true">
                                 <code code="33999-4" codeSystem="2.16.840.1.113883.6.1" displayName="Status"/>
                                 <value xsi:type="CD" code="2.16.840.1.113883.3.67.1.101.1.264" displayName="complete"/>
                              </observation>
                           </sourceOf>
                           <sourceOf typeCode="DURING">
                              <act classCode="ACT" moodCode="EVN" isCriterionInd="true">
                                 <sourceOf typeCode="PRCN">
                                    <conjunctionCode code="AND"/>
                                    <act classCode="ACT" moodCode="EVN" isCriterionInd="true">
                                       <sourceOf typeCode="PRCN">
                                          <conjunctionCode code="AND"/>
                                          <act classCode="ACT" moodCode="EVN" isCriterionInd="true">
                                             <sourceOf typeCode="PRCN">
                                                <conjunctionCode code="OR"/>
                                                <act classCode="ACT" moodCode="EVN" isCriterionInd="true"><!-- encounter pattern -->
                                                   <templateId root="2.16.840.1.113883.3.560.1.4"/>
                                                   <id root="B881CD3C-A1F6-408A-930E-2CC352D67AEF"/>
                                                   <code code="46240-8" displayName="Encounter list" codeSystem="2.16.840.1.113883.6.1"/>
                                                   <sourceOf typeCode="COMP">
                                                      <encounter classCode="ENC" moodCode="EVN" isCriterionInd="true">
                                                         <code code="2.16.840.1.113883.3.67.1.101.1.244" displayName="Psychiatric Office Visit/Therapy SNOMED-CT Code List"/>
                                                         <title>Instance A of Encounter: Psychiatric Office Visit/Therapy</title>
                                                      </encounter>
                                                   </sourceOf>
                                                </act>
                                             </sourceOf>
                                             <sourceOf typeCode="PRCN">
                                                <conjunctionCode code="OR"/>
                                                <act classCode="ACT" moodCode="EVN" isCriterionInd="true"><!-- encounter pattern -->
                                                   <templateId root="2.16.840.1.113883.3.560.1.4"/>
                                                   <id root="A8683BB1-D07B-407C-B598-FED03050AD8F"/>
                                                   <code code="46240-8" displayName="Encounter list" codeSystem="2.16.840.1.113883.6.1"/>
                                                   <sourceOf typeCode="COMP">
                                                      <encounter classCode="ENC" moodCode="EVN" isCriterionInd="true">
                                                         <code code="2.16.840.1.113883.3.67.1.101.1.245" displayName="Primary Care Visit SNOMED-CT Code List"/>
                                                         <title>Instance A of Encounter: Primary Care Visit</title>
                                                      </encounter>
                                                   </sourceOf>
                                                </act>
                                             </sourceOf>
                                             <sourceOf typeCode="DURING">
                                                <observation classCode="OBS" moodCode="EVN" isCriterionInd="true">
                                                   <id root="149403E4-D664-4F06-8A0B-84812F754780"/>
                                                   <title>Measurement period</title>
                                                </observation>
                                             </sourceOf>
                                          </act>
                                       </sourceOf>
                                       <sourceOf typeCode="SAE">
                                          <pauseQuantity xsi:type="URG_PQ">
                                             <low value="5" unit="months" inclusive="true"/>
                                          </pauseQuantity>
                                          <act classCode="ACT" moodCode="EVN" isCriterionInd="true"><!-- risk category / assessment pattern -->
                                             <templateId root="2.16.840.1.113883.3.560.1.21"/>
                                             <id root="5FF8B4B8-A09F-42BA-AA14-A797E1C9B296"/>
                                             <code code="51848-0" displayName="Assessment" codeSystem="2.16.840.1.113883.6.1" codeSystemName="LOINC"/>
                                             <sourceOf typeCode="COMP">
                                                <observation classCode="OBS" moodCode="EVN" isCriterionInd="true">
                                                   <code code="2.16.840.1.113883.3.67.1.101.1.263" displayName="PHQ-9 Score LOINC Code List"/>
                                                   <title>Instance A of Risk category / assessment: PHQ-9 Score (result value &gt; 9 )</title>
                                                   <statusCode code="completed"/>
                                                   <value xsi:type="IVL_PQ">
                                                      <low value="9" inclusive="false"/>
                                                   </value>
                                                   <sourceOf typeCode="EAE" inversionInd="true">
                                                      <pauseQuantity xsi:type="IVL_PQ">
                                                         <high value="19" unit="m" inclusive="false"/>
                                                      </pauseQuantity>
                                                      <observation classCode="OBS" moodCode="EVN">
                                                         <id root="A75B82CF-7022-483D-957C-73C4005DB38E"/>
                                                         <title>Measurement end date</title>
                                                      </observation>
                                                   </sourceOf>
                                                </observation>
                                             </sourceOf>
                                          </act>
                                       </sourceOf>
                                    </act>
                                 </sourceOf>
                                 <sourceOf typeCode="PRCN">
                                    <conjunctionCode code="AND"/>
                                    <act classCode="ACT" moodCode="EVN" isCriterionInd="true">
                                       <sourceOf typeCode="PRCN">
                                          <conjunctionCode code="AND"/>
                                          <act classCode="ACT" moodCode="EVN" isCriterionInd="true">
                                             <sourceOf typeCode="PRCN">
                                                <conjunctionCode code="OR"/>
                                                <act classCode="ACT" moodCode="EVN" isCriterionInd="true"><!-- encounter pattern -->
                                                   <templateId root="2.16.840.1.113883.3.560.1.4"/>
                                                   <id root="B881CD3C-A1F6-408A-930E-2CC352D67AEF"/>
                                                   <code code="46240-8" displayName="Encounter list" codeSystem="2.16.840.1.113883.6.1"/>
                                                   <sourceOf typeCode="COMP">
                                                      <encounter classCode="ENC" moodCode="EVN" isCriterionInd="true">
                                                         <code code="2.16.840.1.113883.3.67.1.101.1.244" displayName="Psychiatric Office Visit/Therapy SNOMED-CT Code List"/>
                                                         <title>Instance A of Encounter: Psychiatric Office Visit/Therapy</title>
                                                      </encounter>
                                                   </sourceOf>
                                                </act>
                                             </sourceOf>
                                             <sourceOf typeCode="PRCN">
                                                <conjunctionCode code="OR"/>
                                                <act classCode="ACT" moodCode="EVN" isCriterionInd="true"><!-- encounter pattern -->
                                                   <templateId root="2.16.840.1.113883.3.560.1.4"/>
                                                   <id root="A8683BB1-D07B-407C-B598-FED03050AD8F"/>
                                                   <code code="46240-8" displayName="Encounter list" codeSystem="2.16.840.1.113883.6.1"/>
                                                   <sourceOf typeCode="COMP">
                                                      <encounter classCode="ENC" moodCode="EVN" isCriterionInd="true">
                                                         <code code="2.16.840.1.113883.3.67.1.101.1.245" displayName="Primary Care Visit SNOMED-CT Code List"/>
                                                         <title>Instance A of Encounter: Primary Care Visit</title>
                                                      </encounter>
                                                   </sourceOf>
                                                </act>
                                             </sourceOf>
                                             <sourceOf typeCode="DURING">
                                                <observation classCode="OBS" moodCode="EVN" isCriterionInd="true">
                                                   <id root="149403E4-D664-4F06-8A0B-84812F754780"/>
                                                   <title>Measurement period</title>
                                                </observation>
                                             </sourceOf>
                                          </act>
                                       </sourceOf>
                                       <sourceOf typeCode="SAE">
                                          <pauseQuantity xsi:type="URG_PQ">
                                             <high value="7" unit="months" inclusive="true"/>
                                          </pauseQuantity>
                                          <act classCode="ACT" moodCode="EVN" isCriterionInd="true"><!-- risk category / assessment pattern -->
                                             <templateId root="2.16.840.1.113883.3.560.1.21"/>
                                             <id root="5FF8B4B8-A09F-42BA-AA14-A797E1C9B296"/>
                                             <code code="51848-0" displayName="Assessment" codeSystem="2.16.840.1.113883.6.1" codeSystemName="LOINC"/>
                                             <sourceOf typeCode="COMP">
                                                <observation classCode="OBS" moodCode="EVN" isCriterionInd="true">
                                                   <code code="2.16.840.1.113883.3.67.1.101.1.263" displayName="PHQ-9 Score LOINC Code List"/>
                                                   <title>Instance A of Risk category / assessment: PHQ-9 Score (result value &gt; 9 )</title>
                                                   <statusCode code="completed"/>
                                                   <value xsi:type="IVL_PQ">
                                                      <low value="9" inclusive="false"/>
                                                   </value>
                                                   <sourceOf typeCode="EAE" inversionInd="true">
                                                      <pauseQuantity xsi:type="IVL_PQ">
                                                         <high value="19" unit="m" inclusive="false"/>
                                                      </pauseQuantity>
                                                      <observation classCode="OBS" moodCode="EVN">
                                                         <id root="A75B82CF-7022-483D-957C-73C4005DB38E"/>
                                                         <title>Measurement end date</title>
                                                      </observation>
                                                   </sourceOf>
                                                </observation>
                                             </sourceOf>
                                          </act>
                                       </sourceOf>
                                    </act>
                                 </sourceOf>
                              </act>
                           </sourceOf>
                        </observation>
                     </sourceOf>
                  </act>
               </sourceOf>
            </observation>
         </entry>
      </section>
   </component>
         
      <!--
         ******************************************   
         Data Criteria Section
         ******************************************
      --><component typeCode="COMP">
      <section>
         <code code="57025-9" codeSystem="2.16.840.1.113883.6.1" displayName="Data criteria (QDS Data Elements)"/>
         <title>Data criteria (QDS Data Elements)</title>
         <text>
            <list>
               <item>
                  <content>"Diagnosis active: Bipolar Disorder"</content> using "Bipolar Disorder Code List GROUPING (2.16.840.1.113883.3.67.1.101.1.128)"</item>
               <item>
                  <content>"Diagnosis active: Dysthymia"</content> using "Dysthymia Code List GROUPING (2.16.840.1.113883.3.67.1.101.1.254)"</item>
               <item>
                  <content>"Diagnosis active: Major Depression"</content> using "Major Depression Code List GROUPING (2.16.840.1.113883.3.67.1.101.1.250)"</item>
               <item>
                  <content>"Diagnosis active: Personality Disorder"</content> using "Personality Disorder Code List GROUPING (2.16.840.1.113883.3.67.1.101.1.246)"</item>
               <item>
                  <content>"Encounter: Primary Care Visit"</content> using "Primary Care Visit SNOMED-CT Code List (2.16.840.1.113883.3.67.1.101.1.245)"</item>
               <item>
                  <content>"Encounter: Psychiatric Office Visit/Therapy"</content> using "Psychiatric Office Visit/Therapy SNOMED-CT Code List (2.16.840.1.113883.3.67.1.101.1.244)"</item>
               <item>
                  <content>"Patient characteristic: birth date" (age)</content> using "birth date HL7 Code List (2.16.840.1.113883.3.67.1.101.1.24)"</item>
               <item>
                  <content>"Patient characteristic: Care Type"</content> using "Care Type SNOMED-CT Code List (2.16.840.1.113883.3.67.1.101.1.260)"</item>
               <item>
                  <content>"Patient characteristic: Deceased"</content> using "Deceased SNOMED-CT Code List (2.16.840.1.113883.3.67.1.101.1.262)"</item>
               <item>
                  <content>"Patient characteristic: Residence"</content> using "Residence SNOMED-CT Code List (2.16.840.1.113883.3.67.1.101.1.258)"</item>
               <item>
                  <content>"Risk category / assessment: PHQ-9 Score"</content> using "PHQ-9 Score LOINC Code List (2.16.840.1.113883.3.67.1.101.1.263)"</item>
               <item>
                  <content>Attribute: "Care type: Hospice"</content> using "Hospice SNOMED-CT Code List  (2.16.840.1.113883.3.67.1.101.1.261)"</item>
               <item>
                  <content>Attribute: "Ordinality: Principal"</content> using "Principal SNOMED-CT Code List  (2.16.840.1.113883.3.67.1.101.1.287)"</item>
               <item>
                  <content>Attribute: "Residence: Nursing home"</content> using "Nursing home SNOMED-CT Code List  (2.16.840.1.113883.3.67.1.101.1.259)"</item>
               <item>
                  <content>Attribute: "Status: Complete"</content> using "Complete SNOMED-CT Code List  (2.16.840.1.113883.3.67.1.101.1.264)"</item>
            </list>
         </text>
         <entry typeCode="DRIV">
            <act classCode="ACT" moodCode="EVN" isCriterionInd="true"><!-- diagnosis active pattern -->
               <templateId root="2.16.840.1.113883.3.560.1.2"/>
               <id root="BF77796C-9057-4F42-9D66-EDFDBF953376"/>
               <code code="11450-4" displayName="Problem" codeSystem="2.16.840.1.113883.6.1"/>
               <sourceOf typeCode="COMP">
                  <observation classCode="OBS" moodCode="EVN" isCriterionInd="true">
                     <code code="55607006" codeSystem="2.16.840.1.113883.6.96" displayName="Problem"/>
                     <title>Diagnosis active: Bipolar Disorder</title>
                     <value xsi:type="CD" code="2.16.840.1.113883.3.67.1.101.1.128" displayName="Bipolar Disorder Code List GROUPING"/>
                     <sourceOf typeCode="REFR">
                        <observation classCode="OBS" moodCode="EVN" isCriterionInd="true">
                           <code code="33999-4" codeSystem="2.16.840.1.113883.6.1" displayName="Status"/>
                           <value xsi:type="CD" code="55561003" displayName="active" codeSystem="2.16.840.1.113883.6.96"/>
                        </observation>
                     </sourceOf>
                  </observation>
               </sourceOf>
            </act>
         </entry>
         <entry typeCode="DRIV">
            <act classCode="ACT" moodCode="EVN" isCriterionInd="true"><!-- patient characteristic pattern -->
               <templateId root="2.16.840.1.113883.3.560.1.25"/>
               <id root="33746E41-C2C6-45BB-B06C-5F9E1F918C63"/>
               <code code="45970-1" displayName="Demographics" codeSystem="2.16.840.1.113883.6.1"/>
               <sourceOf typeCode="COMP">
                  <observation classCode="OBS" moodCode="EVN" isCriterionInd="true">
                     <code code="2.16.840.1.113883.3.67.1.101.1.24" displayName="birth date HL7 Code List"/>
                     <title>Patient characteristic: birth date</title>
                  </observation>
               </sourceOf>
            </act>
         </entry>
         <entry typeCode="DRIV">
            <act classCode="ACT" moodCode="EVN" isCriterionInd="true"><!-- patient characteristic pattern -->
               <templateId root="2.16.840.1.113883.3.560.1.1003"/>
               <id root="0F95B076-F1DC-4BB2-8BF2-C559BBD6C765"/>
               <code code="ASSERTION" codeSystem="2.16.840.1.113883.5.4"/>
               <sourceOf typeCode="COMP">
                  <observation classCode="OBS" moodCode="EVN" isCriterionInd="true">
                     <code code="2.16.840.1.113883.3.67.1.101.1.260" displayName="Care Type SNOMED-CT Code List"/>
                     <title>Patient characteristic: Care Type</title>
                  </observation>
               </sourceOf>
            </act>
         </entry>
         <entry typeCode="DRIV">
            <act classCode="ACT" moodCode="EVN" isCriterionInd="true"><!-- patient characteristic pattern -->
               <templateId root="2.16.840.1.113883.3.560.1.1001"/>
               <id root="3701C795-A89C-42D4-BBFB-34483E261CCD"/>
               <code code="ASSERTION" codeSystem="2.16.840.1.113883.5.4"/>
               <sourceOf typeCode="COMP">
                  <observation classCode="OBS" moodCode="EVN" isCriterionInd="true">
                     <code code="ASSERTION" codeSystem="2.16.840.1.113883.5.4"/>
                     <title>Patient characteristic: Deceased</title>
                     <value xsi:type="CD" code="2.16.840.1.113883.3.67.1.101.1.262" displayName="Deceased SNOMED-CT Code List"/>
                  </observation>
               </sourceOf>
            </act>
         </entry>
         <entry typeCode="DRIV">
            <act classCode="ACT" moodCode="EVN" isCriterionInd="true"><!-- diagnosis active pattern -->
               <templateId root="2.16.840.1.113883.3.560.1.2"/>
               <id root="C35BDCBC-20DA-45CA-9C3C-A623188FF917"/>
               <code code="11450-4" displayName="Problem" codeSystem="2.16.840.1.113883.6.1"/>
               <sourceOf typeCode="COMP">
                  <observation classCode="OBS" moodCode="EVN" isCriterionInd="true">
                     <code code="55607006" codeSystem="2.16.840.1.113883.6.96" displayName="Problem"/>
                     <title>Diagnosis active: Dysthymia</title>
                     <value xsi:type="CD" code="2.16.840.1.113883.3.67.1.101.1.254" displayName="Dysthymia Code List GROUPING"/>
                     <sourceOf typeCode="REFR">
                        <observation classCode="OBS" moodCode="EVN" isCriterionInd="true">
                           <code code="33999-4" codeSystem="2.16.840.1.113883.6.1" displayName="Status"/>
                           <value xsi:type="CD" code="55561003" displayName="active" codeSystem="2.16.840.1.113883.6.96"/>
                        </observation>
                     </sourceOf>
                  </observation>
               </sourceOf>
            </act>
         </entry>
         <entry typeCode="DRIV">
            <act classCode="ACT" moodCode="EVN" isCriterionInd="true"><!-- diagnosis active pattern -->
               <templateId root="2.16.840.1.113883.3.560.1.2"/>
               <id root="6AA32B40-2AD2-4BC8-BD2F-CA81E1A3E0E8"/>
               <code code="11450-4" displayName="Problem" codeSystem="2.16.840.1.113883.6.1"/>
               <sourceOf typeCode="COMP">
                  <observation classCode="OBS" moodCode="EVN" isCriterionInd="true">
                     <code code="55607006" codeSystem="2.16.840.1.113883.6.96" displayName="Problem"/>
                     <title>Diagnosis active: Major Depression</title>
                     <value xsi:type="CD" code="2.16.840.1.113883.3.67.1.101.1.250" displayName="Major Depression Code List GROUPING"/>
                     <sourceOf typeCode="REFR">
                        <observation classCode="OBS" moodCode="EVN" isCriterionInd="true">
                           <code code="33999-4" codeSystem="2.16.840.1.113883.6.1" displayName="Status"/>
                           <value xsi:type="CD" code="55561003" displayName="active" codeSystem="2.16.840.1.113883.6.96"/>
                        </observation>
                     </sourceOf>
                  </observation>
               </sourceOf>
            </act>
         </entry>
         <entry typeCode="DRIV">
            <act classCode="ACT" moodCode="EVN" isCriterionInd="true"><!-- diagnosis active pattern -->
               <templateId root="2.16.840.1.113883.3.560.1.2"/>
               <id root="1C995BAC-B556-4D3B-AB4E-C329149B8AF3"/>
               <code code="11450-4" displayName="Problem" codeSystem="2.16.840.1.113883.6.1"/>
               <sourceOf typeCode="COMP">
                  <observation classCode="OBS" moodCode="EVN" isCriterionInd="true">
                     <code code="55607006" codeSystem="2.16.840.1.113883.6.96" displayName="Problem"/>
                     <title>Diagnosis active: Personality Disorder</title>
                     <value xsi:type="CD" code="2.16.840.1.113883.3.67.1.101.1.246" displayName="Personality Disorder Code List GROUPING"/>
                     <sourceOf typeCode="REFR">
                        <observation classCode="OBS" moodCode="EVN" isCriterionInd="true">
                           <code code="33999-4" codeSystem="2.16.840.1.113883.6.1" displayName="Status"/>
                           <value xsi:type="CD" code="55561003" displayName="active" codeSystem="2.16.840.1.113883.6.96"/>
                        </observation>
                     </sourceOf>
                  </observation>
               </sourceOf>
            </act>
         </entry>
         <entry typeCode="DRIV">
            <act classCode="ACT" moodCode="EVN" isCriterionInd="true"><!-- risk category / assessment pattern -->
               <templateId root="2.16.840.1.113883.3.560.1.21"/>
               <id root="EBCFDDB1-7B24-4606-ABA9-05DC94C638D2"/>
               <code code="51848-0" displayName="Assessment" codeSystem="2.16.840.1.113883.6.1" codeSystemName="LOINC"/>
               <sourceOf typeCode="COMP">
                  <observation classCode="OBS" moodCode="EVN" isCriterionInd="true">
                     <code code="2.16.840.1.113883.3.67.1.101.1.263" displayName="PHQ-9 Score LOINC Code List"/>
                     <title>Risk category / assessment: PHQ-9 Score</title>
                     <statusCode code="completed"/>
                  </observation>
               </sourceOf>
            </act>
         </entry>
         <entry typeCode="DRIV">
            <act classCode="ACT" moodCode="EVN" isCriterionInd="true"><!-- encounter pattern -->
               <templateId root="2.16.840.1.113883.3.560.1.4"/>
               <id root="507DB9F1-9847-4392-9C0D-B4A6B25C6ED9"/>
               <code code="46240-8" displayName="Encounter list" codeSystem="2.16.840.1.113883.6.1"/>
               <sourceOf typeCode="COMP">
                  <encounter classCode="ENC" moodCode="EVN" isCriterionInd="true">
                     <code code="2.16.840.1.113883.3.67.1.101.1.245" displayName="Primary Care Visit SNOMED-CT Code List"/>
                     <title>Encounter: Primary Care Visit</title>
                  </encounter>
               </sourceOf>
            </act>
         </entry>
         <entry typeCode="DRIV">
            <act classCode="ACT" moodCode="EVN" isCriterionInd="true"><!-- encounter pattern -->
               <templateId root="2.16.840.1.113883.3.560.1.4"/>
               <id root="E5C84BD2-E882-4736-BA54-6D98ABD227C3"/>
               <code code="46240-8" displayName="Encounter list" codeSystem="2.16.840.1.113883.6.1"/>
               <sourceOf typeCode="COMP">
                  <encounter classCode="ENC" moodCode="EVN" isCriterionInd="true">
                     <code code="2.16.840.1.113883.3.67.1.101.1.244" displayName="Psychiatric Office Visit/Therapy SNOMED-CT Code List"/>
                     <title>Encounter: Psychiatric Office Visit/Therapy</title>
                  </encounter>
               </sourceOf>
            </act>
         </entry>
         <entry typeCode="DRIV">
            <act classCode="ACT" moodCode="EVN" isCriterionInd="true"><!-- patient characteristic pattern -->
               <templateId root="2.16.840.1.113883.3.560.1.1002"/>
               <id root="4DA0D793-E7CA-4B9B-9656-AFF90D9FE642"/>
               <code code="ASSERTION" codeSystem="2.16.840.1.113883.5.4"/>
               <sourceOf typeCode="COMP">
                  <observation classCode="OBS" moodCode="EVN" isCriterionInd="true">
                     <code code="2.16.840.1.113883.3.67.1.101.1.258" displayName="Residence SNOMED-CT Code List"/>
                     <title>Patient characteristic: Residence</title>
                  </observation>
               </sourceOf>
            </act>
         </entry>
         <entry typeCode="DRIV">
            <observation classCode="OBS" moodCode="DEF">
               <templateId root="2.16.840.1.113883.3.560.1.4"/>
               <id root="B881CD3C-A1F6-408A-930E-2CC352D67AEF"/>
               <sourceOf typeCode="DRIV">
                  <localVariableName>Psychiatric Office Visit/Therapy</localVariableName>
                  <observation classCode="OBS" moodCode="CRT">
                     <id root="E5C84BD2-E882-4736-BA54-6D98ABD227C3"/>
                  </observation>
               </sourceOf>
            </observation>
         </entry>
         <entry typeCode="DRIV">
            <observation classCode="OBS" moodCode="DEF">
               <templateId root="2.16.840.1.113883.3.560.1.4"/>
               <id root="A8683BB1-D07B-407C-B598-FED03050AD8F"/>
               <sourceOf typeCode="DRIV">
                  <localVariableName>Primary Care Visit</localVariableName>
                  <observation classCode="OBS" moodCode="CRT">
                     <id root="507DB9F1-9847-4392-9C0D-B4A6B25C6ED9"/>
                  </observation>
               </sourceOf>
            </observation>
         </entry>
         <entry typeCode="DRIV">
            <observation classCode="OBS" moodCode="DEF">
               <templateId root="2.16.840.1.113883.3.560.1.1001"/>
               <id root="E6D8C77F-9669-498D-871F-9F4E851814D6"/>
               <sourceOf typeCode="DRIV">
                  <localVariableName>Residence</localVariableName>
                  <observation classCode="OBS" moodCode="CRT">
                     <id root="4DA0D793-E7CA-4B9B-9656-AFF90D9FE642"/>
                  </observation>
               </sourceOf>
            </observation>
         </entry>
         <entry typeCode="DRIV">
            <observation classCode="OBS" moodCode="DEF">
               <templateId root="2.16.840.1.113883.3.560.1.21"/>
               <id root="5FF8B4B8-A09F-42BA-AA14-A797E1C9B296"/>
               <sourceOf typeCode="DRIV">
                  <localVariableName>PHQ-9 Score</localVariableName>
                  <observation classCode="OBS" moodCode="CRT">
                     <id root="EBCFDDB1-7B24-4606-ABA9-05DC94C638D2"/>
                  </observation>
               </sourceOf>
            </observation>
         </entry>
         <entry typeCode="DRIV">
            <observation classCode="OBS" moodCode="DEF">
               <templateId root="2.16.840.1.113883.3.560.1.21"/>
               <id root="E5B99F42-B811-4D47-AAE1-6A4DE00A50FF"/>
               <sourceOf typeCode="DRIV">
                  <localVariableName>PHQ-9 Score</localVariableName>
                  <observation classCode="OBS" moodCode="CRT">
                     <id root="EBCFDDB1-7B24-4606-ABA9-05DC94C638D2"/>
                  </observation>
               </sourceOf>
            </observation>
         </entry>
      </section>
   </component>
   <component typeCode="COMP">
      <section>
         <title>Summary Calculation</title>
         <text>
            <content>Calculation is generic to all measures:</content>
            <list>
               <item>Calculate the final denominator by adding all that meet denominator criteria.</item>
               <item>Subtract from the final denominator all that do not meet numerator criteria yet also meet exclusion criteria.  Note some measures do not have exclusion criteria.</item>
               <item>The performance calculation is based on the "Measure scoring" from header information above:
					        	<list>
                     <item>For "Proportion" measures, the calculation is the number meeting numerator criteria divided by the final denominator.</item>
                     <item>For "Ratio" and "Continuous Variable" measures, follow the calculation instructions in the Data Aggregation header information above, if present.</item>
                  </list>
               </item>
               <item>For measures with multiple denominators, repeat this process for each denominator and report each result separately.</item>
               <item>For measures with multiple patient populations, repeat this process for each patient population and report each result separately.</item>
               <item>For measures with multiple numerators, calculate each numerator separately within each population using the paired exclusion.</item>
            </list>
         </text>
      </section>
   </component>
</QualityMeasureDocument>