<?xml version="1.0" encoding="UTF-8"?>
<?xml-stylesheet type="text/xsl" href="../xslt/eMeasure.xsl"?>
<QualityMeasureDocument xmlns:xsi="http://www.w3.org/2001/XMLSchema-instance" xmlns="urn:hl7-org:v3">
         
      <!--
         **************************************************************   
         Measure Header Section
         **************************************************************
      --><typeId root="2.16.840.1.113883.1.3" extension="POQM_HD000001"/>
   <id root="2E679CD2-3FEC-4A75-A75A-61403E5EFEE8"/>
   <code code="57024-2" codeSystem="2.16.840.1.113883.6.1" displayName="Health Quality Measure Document"/>
   <title>Appropriate Testing for Children with Pharyngitis (NQF 0002)</title>
   <text>The percentage of children 2–18 years of age who were diagnosed with Pharyngitis, dispensed an antibiotic and received a group A streptococcus (strep) test for the episode.
    </text>
   <statusCode code="completed"/>
   <setId root="B5FEE67F-F5C4-4C73-9D58-1941F9729539"/>
   <versionNumber value="1"/>
   <author typeCode="AUT">
      <assignedPerson classCode="ASSIGNED">
         <representedOrganization classCode="ORG" determinerCode="INSTANCE">
            <id root="2.16.840.1.113883.3.464"/>
            <name>National Committee for Quality Assurance</name>
            <contactParty classCode="CON" nullFlavor="UNK"/>
         </representedOrganization>
      </assignedPerson>
   </author>
   <custodian>
      <assignedPerson classCode="ASSIGNED">
         <representedOrganization classCode="ORG" determinerCode="INSTANCE">
            <id root="2.16.840.1.113883.3.464"/>
            <name>National Committee for Quality Assurance</name>
            <contactParty classCode="CON" nullFlavor="UNK"/>
         </representedOrganization>
      </assignedPerson>
   </custodian>
   <verifier typeCode="VRF">
      <assignedPerson classCode="ASSIGNED">
         <representedOrganization classCode="ORG" determinerCode="INSTANCE">
            <id root="2.16.840.1.113883.3.560"/>
            <name>National Quality Forum</name>
            <contactParty classCode="CON" nullFlavor="UNK"/>
         </representedOrganization>
      </assignedPerson>
   </verifier>
   <subjectOf>
      <measureAttribute>
         <code code="COPY" codeSystem="2.16.840.1.113883.5.4" displayName="Copyright"/>
         <value xsi:type="ED" mediaType="text/plain">© National Committee for Quality Assurance. All Rights Reserved</value>
      </measureAttribute>
   </subjectOf>
   <subjectOf>
      <measureAttribute>
         <code code="MSRSCORE" codeSystem="2.16.840.1.113883.5.4" displayName="Measure scoring"/>
         <value xsi:type="CD" code="PROPOR" codeSystem="2.16.840.1.113883.5.1063" displayName="Proportion"/>
      </measureAttribute>
   </subjectOf>
   <subjectOf>
      <measureAttribute>
         <code code="MSRTYPE" codeSystem="2.16.840.1.113883.5.4" displayName="Measure type"/>
         <value xsi:type="CD" code="PROCESS" codeSystem="2.16.840.1.113883.5.1063" displayName="Process"/>
      </measureAttribute>
   </subjectOf>
   <subjectOf>
      <measureAttribute>
         <code code="STRAT" codeSystem="2.16.840.1.113883.5.4" displayName="Stratification"/>
         <value xsi:type="ED" mediaType="text/plain">None</value>
      </measureAttribute>
   </subjectOf>
   <subjectOf>
      <measureAttribute>
         <code code="MSRADJ" codeSystem="2.16.840.1.113883.5.4" displayName="Risk Adjustment"/>
         <value xsi:type="ED" mediaType="text/plain">None</value>
      </measureAttribute>
   </subjectOf>
   <subjectOf>
      <measureAttribute>
         <code code="MSRAGG" codeSystem="2.16.840.1.113883.5.4" displayName="Data Aggregation"/>
         <value xsi:type="ED" mediaType="text/plain"/>
      </measureAttribute>
   </subjectOf>
   <subjectOf>
      <measureAttribute>
         <code code="RAT" codeSystem="2.16.840.1.113883.5.4" displayName="Rationale"/>
         <value xsi:type="ED" mediaType="text/plain">This measure assesses the proportion of age-appropriate children diagnosed with pharyngitis who were prescribed an antibiotic at an outpatient visit and who received a group A streptococcus (group A strep) test. Pharyngitis occurs in all age groups, but those aged 5-18 years have the highest incidence of streptococcal infections. A physician’s clinical diagnosis can be validated with an objective diagnostic (group A strep) test. This test, which is widely available to practitioners, can result in a reduction of two-thirds of antibiotic consumption of pharyngitis while maintaining significant benefits for patients. In a recent nationwide physician survey, however, 42% of physicians reported that they would start antibiotic treatment for children with pharyngitis before knowing the results of a group A strep test, and would continue treatment regardless. This measure is important because it requires initial antigen screening to ensure accurate diagnosis and promotes judicious use of antibiotics and reduction of antibiotic overuse.</value>
      </measureAttribute>
   </subjectOf>
   <subjectOf>
      <measureAttribute>
         <code code="CRS" codeSystem="2.16.840.1.113883.3.560" displayName="Clinical Recommendation Statement"/>
         <value xsi:type="ED" mediaType="text/plain">Clinical practice guidelines recommend group A streptococcus pharyngitis be treated with antibiotics. 

Specifically, the guidelines set out 3 principles:
1. Diagnosis of group A strep. pharyngitis is based on appropriate lab tests and clinical/epidemiological findings
2. Antibiotics are only given with a diagnosis of group A strep. pharyngitis or other bacterial infection
3. Penicillin is the drug of choice for group A strep. pharyngitis

The group A strep. test (rapid assay or throat culture) is the definitive test of group A strep. pharyngitis. Pharyngitis is the only respiratory tract infection with an objective diagnostic test that can be validated with administrative data, and not medical records. A process measure that requires the performance of a group A strep. test for children given antibiotics for pharyngitis is supported by the guidelines.
    </value>
      </measureAttribute>
   </subjectOf>
   <subjectOf>
      <measureAttribute>
         <code code="IDUR" codeSystem="2.16.840.1.113883.3.560" displayName="Improvement notation"/>
         <value xsi:type="ED" mediaType="text/plain">Higher scores indicate better quality</value>
      </measureAttribute>
   </subjectOf>
   <subjectOf>
      <measureAttribute>
         <templateId root="2.16.840.1.113883.3.560.1.74"/>
         <id root="D578142D-F78F-4BF4-8194-82015DE21A7F"/>
         <code code="MSRTP" displayName="Measurement period" codeSystem="2.16.840.1.113883.3.560"/>
         <value xsi:type="EXPR_PQ" value="12" unit="m">
            <expression mediaType="text/plain">measureEndDate - measureStartDate</expression>
         </value>
      </measureAttribute>
   </subjectOf>
   <subjectOf>
      <localVariableName>measureStartDate</localVariableName>
      <measureAttribute>
         <templateId root="2.16.840.1.113883.3.560.1.75"/>
         <id root="30235563-1758-4C31-9172-0CF34BEF23D6"/>
         <code code="MSRSD" displayName="Measurement start date" codeSystem="2.16.840.1.113883.3.560"/>
         <value xsi:type="TS" value="00000101"/>
      </measureAttribute>
   </subjectOf>
   <subjectOf>
      <localVariableName>measureEndDate</localVariableName>
      <measureAttribute>
         <templateId root="2.16.840.1.113883.3.560.1.75"/>
         <id root="6921326D-5B7C-4294-91C1-2789EDF323BF"/>
         <code code="MSRED" displayName="Measurement end date" codeSystem="2.16.840.1.113883.3.560"/>
         <value xsi:type="TS" value="00001231"/>
      </measureAttribute>
   </subjectOf>
   <subjectOf>
      <measureAttribute>
         <code code="MSRMD" codeSystem="2.16.840.1.113883.3.560" displayName="Measurement duration"/>
         <value xsi:type="ED" mediaType="text/plain">12 month(s)</value>
      </measureAttribute>
   </subjectOf>
   <subjectOf>
      <measureAttribute>
         <code code="REF" codeSystem="2.16.840.1.113883.5.4" displayName="Reference"/>
         <value xsi:type="ED" mediaType="text/plain">Schwartz B, Marcy SM, Phillips WR, Gerber MA, Dowell SF. Pharyngitis - principles of judicious use of antimicrobial agents. Pediatrics 1998; 101(1):171-174.</value>
      </measureAttribute>
   </subjectOf>
   <subjectOf>
      <measureAttribute>
         <code code="DEF" codeSystem="2.16.840.1.113883.3.560" displayName="Definition"/>
         <value xsi:type="ED" mediaType="text/plain" nullFlavor="NI"/>
      </measureAttribute>
   </subjectOf>
   <subjectOf>
      <measureAttribute>
         <code code="GUIDE" codeSystem="2.16.840.1.113883.5.4" displayName="Guidance"/>
         <value xsi:type="ED" mediaType="text/plain"/>
      </measureAttribute>
   </subjectOf>
   <componentOf>
      <qualityMeasureSet classCode="ACT">
         <id root="B1EB421F-C28C-453C-8DEE-7C6EFE318EB1"/>
         <title>CLINICAL QUALITY MEASURE SET 2011-2012</title>
      </qualityMeasureSet>
   </componentOf>
         
      <!--
         **************************************************************   
         Population Criteria Section
         **************************************************************
      --><component typeCode="COMP">
      <section>
         <code code="57026-7" codeSystem="2.16.840.1.113883.6.1" displayName="Population criteria"/>
         <title>Population criteria</title>
         <text>
            <list>
               <item>
                  <content styleCode="Bold">Initial Patient Population =</content>
                  <list>
                     <item>AND: "Patient characteristic: birth date"  &gt;= 2 year(s) starts before start of "Measurement period"</item>
                     <item>AND: "Patient characteristic: birth date"  &lt;= 18 year(s) starts before start of "Measurement period"</item>
                  </list>
               </item>
               <item>
                  <content styleCode="Bold">Denominator=</content>
                  <list>
                     <item>AND: "Initial Patient Population"</item>
                     <item>AND: "Encounter: encounter ambulatory including pediatrics" during "Measurement period"</item>
                     <item>AND: "Diagnosis active: pharyngitis" during ("Encounter: encounter ambulatory including pediatrics" during "Measurement period")</item>
                     <item>AND: <list>
                           <item>OR: "Encounter: encounter ambulatory including pediatrics" during "Measurement period"</item>
                           <item>  &lt;= 3 days starts before start of <list>
                                 <item>OR: "Medication dispensed: pharyngitis antibiotics"</item>
                                 <item>OR: "Medication order: pharyngitis antibiotics"</item>
                                 <item>OR: "Medication active: pharyngitis antibiotics"</item>
                              </list>
                           </item>
                        </list>
                     </item>
                     <item>AND NOT:
                  <list>
                           <item>AND: <list>
                                 <item>OR: "Medication dispensed: pharyngitis antibiotics"</item>
                                 <item>OR: "Medication order: pharyngitis antibiotics"</item>
                                 <item>OR: "Medication active: pharyngitis antibiotics"</item>
                                 <item>  &lt;= 30 days starts before start of  ("Encounter: encounter ambulatory including pediatrics" during "Measurement period")</item>
                              </list>
                           </item>
                        </list>
                     </item>
                  </list>
               </item>
               <item>
                  <content styleCode="Bold">Numerator =</content>
                  <list>
                     <item>AND: "Laboratory test performed: Group A Streptococcus Test"  &lt;= 3 day(s) starts before or during <list>
                           <item>AND: "Encounter: encounter ambulatory including pediatrics" during "Measurement period"</item>
                           <item>  &lt;= 3 days starts before start of <list>
                                 <item>OR: "Medication dispensed: pharyngitis antibiotics"</item>
                                 <item>OR: "Medication order: pharyngitis antibiotics"</item>
                                 <item>OR: "Medication active: pharyngitis antibiotics"</item>
                              </list>
                           </item>
                        </list>
                     </item>
                     <item>AND: "Laboratory test performed: Group A Streptococcus Test"  &lt;= 3 day(s) starts after end of <list>
                           <item>AND: "Encounter: encounter ambulatory including pediatrics" during "Measurement period"</item>
                           <item>  &lt;= 3 days starts before start of <list>
                                 <item>OR: "Medication dispensed: pharyngitis antibiotics"</item>
                                 <item>OR: "Medication order: pharyngitis antibiotics"</item>
                                 <item>OR: "Medication active: pharyngitis antibiotics"</item>
                              </list>
                           </item>
                        </list>
                     </item>
                  </list>
               </item>
               <item>
                  <content styleCode="Bold">Exclusions =</content>
                  <list>
                     <item>None</item>
                  </list>
               </item>
            </list>
         </text><!--
            **************************************************************   
            Population Criteria Section: exclusions 
            **************************************************************
      -->
         <entry typeCode="DRIV">
            <observation classCode="OBS" moodCode="EVN.CRT" isCriterionInd="true" actionNegationInd="true">
               <id root="A6105EE3-7F9E-4311-825E-9FAC4D2FE0CF"/>
               <code code="ASSERTION" codeSystem="2.16.840.1.113883.5.4"/>
               <value xsi:type="CD" code="DENOM" codeSystem="2.16.840.1.113883.5.1063" codeSystemName="HL7 Observation Value" displayName="Denominator"/><!--  top and/or -->
               <sourceOf typeCode="PRCN">
                  <conjunctionCode code="AND"/>
                  <act classCode="ACT" moodCode="EVN" isCriterionInd="true">
                     <sourceOf typeCode="PRCN">
                        <conjunctionCode code="OR"/>
                        <act classCode="ACT" moodCode="EVN" isCriterionInd="true"><!-- medication dispensed pattern -->
                           <templateId root="2.16.840.1.113883.3.560.1.8"/>
                           <id root="C5239EC0-B769-476F-B79E-6927ED720A03"/>
                           <code code="10160-0" displayName="Medications" codeSystem="2.16.840.1.113883.6.1"/>
                           <sourceOf typeCode="COMP">
                              <supply classCode="SPLY" moodCode="EVN" isCriterionInd="true">
                                 <title>Medication dispensed: pharyngitis antibiotics</title>
                                 <participant typeCode="CSM">
                                    <roleParticipant classCode="MANU">
                                       <playingMaterial classCode="MMAT" determinerCode="KIND">
                                          <code code="2.16.840.1.113883.3.464.0001.373" displayName="pharyngitis antibiotics Code List GROUPING"/>
                                       </playingMaterial>
                                    </roleParticipant>
                                 </participant>
                              </supply>
                           </sourceOf>
                        </act>
                     </sourceOf>
                     <sourceOf typeCode="PRCN">
                        <conjunctionCode code="OR"/>
                        <act classCode="ACT" moodCode="EVN" isCriterionInd="true"><!-- medication order pattern -->
                           <templateId root="2.16.840.1.113883.3.560.1.17"/>
                           <id root="B2EC949E-E9FD-4184-941E-F1F73470CB21"/>
                           <code code="10160-0" displayName="Medications" codeSystem="2.16.840.1.113883.6.1"/>
                           <sourceOf typeCode="COMP">
                              <substanceAdministration classCode="SBADM" moodCode="RQO" isCriterionInd="true">
                                 <title>Medication order: pharyngitis antibiotics</title>
                                 <participant typeCode="CSM">
                                    <roleParticipant classCode="MANU">
                                       <playingMaterial classCode="MMAT" determinerCode="KIND">
                                          <code code="2.16.840.1.113883.3.464.0001.373" displayName="pharyngitis antibiotics Code List GROUPING"/>
                                       </playingMaterial>
                                    </roleParticipant>
                                 </participant>
                              </substanceAdministration>
                           </sourceOf>
                        </act>
                     </sourceOf>
                     <sourceOf typeCode="PRCN">
                        <conjunctionCode code="OR"/>
                        <act classCode="ACT" moodCode="EVN" isCriterionInd="true"><!-- medication active pattern -->
                           <templateId root="2.16.840.1.113883.3.560.1.13"/>
                           <id root="6A3F288D-B565-4BE9-B6DD-DCDEAB2E6DD4"/>
                           <code code="10160-0" displayName="Medications" codeSystem="2.16.840.1.113883.6.1"/>
                           <sourceOf typeCode="COMP">
                              <substanceAdministration classCode="SBADM" moodCode="EVN" isCriterionInd="true">
                                 <title>Medication active: pharyngitis antibiotics</title>
                                 <participant typeCode="CSM">
                                    <roleParticipant classCode="MANU">
                                       <playingMaterial classCode="MMAT" determinerCode="KIND">
                                          <code code="2.16.840.1.113883.3.464.0001.373" displayName="pharyngitis antibiotics Code List GROUPING"/>
                                       </playingMaterial>
                                    </roleParticipant>
                                 </participant>
                                 <sourceOf typeCode="REFR">
                                    <observation classCode="OBS" moodCode="EVN" isCriterionInd="true">
                                       <code code="33999-4" displayName="Status" codeSystem="2.16.840.1.113883.6.1"/>
                                       <value xsi:type="CD" code="55561003" displayName="Active" codeSystem="2.16.840.1.113883.6.96"/>
                                    </observation>
                                 </sourceOf>
                              </substanceAdministration>
                           </sourceOf>
                        </act>
                     </sourceOf>
                     <sourceOf typeCode="SBS">
                        <pauseQuantity xsi:type="URG_PQ">
                           <high value="30" unit="days" inclusive="true"/>
                        </pauseQuantity>
                        <act classCode="ACT" moodCode="EVN" isCriterionInd="true"><!-- encounter pattern -->
                           <templateId root="2.16.840.1.113883.3.560.1.4"/>
                           <id root="CA71325F-084A-4F5A-9214-229D925F836D"/>
                           <code code="46240-8" displayName="Encounter list" codeSystem="2.16.840.1.113883.6.1"/>
                           <sourceOf typeCode="COMP">
                              <encounter classCode="ENC" moodCode="EVN" isCriterionInd="true">
                                 <code code="2.16.840.1.113883.3.464.0001.231" displayName="encounter ambulatory including pediatrics Code List GROUPING"/>
                                 <title>Encounter: encounter ambulatory including pediatrics</title>
                                 <sourceOf typeCode="DURING">
                                    <observation classCode="OBS" moodCode="EVN">
                                       <id root="D578142D-F78F-4BF4-8194-82015DE21A7F"/>
                                       <title>Measurement period</title>
                                    </observation>
                                 </sourceOf>
                              </encounter>
                           </sourceOf>
                        </act>
                     </sourceOf>
                  </act>
               </sourceOf>
            </observation>
         </entry><!--
            **************************************************************   
            Population Criteria Section: numerator 
            **************************************************************
      -->
         <entry typeCode="DRIV">
            <observation classCode="OBS" moodCode="EVN.CRT" isCriterionInd="true">
               <id root="1E223193-25A4-4464-9D7E-89B5DCBFC513"/>
               <code code="ASSERTION" codeSystem="2.16.840.1.113883.5.4"/>
               <value xsi:type="CD" code="NUMER" codeSystem="2.16.840.1.113883.5.1063" codeSystemName="HL7 Observation Value" displayName="Numerator"/><!--  top and/or -->
               <sourceOf typeCode="PRCN">
                  <conjunctionCode code="AND"/>
                  <act classCode="ACT" moodCode="EVN" isCriterionInd="true"><!-- laboratory test performed pattern -->
                     <templateId root="2.16.840.1.113883.3.560.1.5"/>
                     <id root="AF9EE784-50CF-413F-9082-41A3330511A1"/>
                     <code code="30954-2" displayName="Results" codeSystem="2.16.840.1.113883.6.1"/>
                     <sourceOf typeCode="COMP">
                        <observation classCode="OBS" moodCode="EVN" isCriterionInd="true">
                           <code code="2.16.840.1.113883.3.464.0001.250" displayName="Group A Streptococcus Test Code List GROUPING"/>
                           <title>Laboratory test performed: Group A Streptococcus Test</title>
                           <statusCode code="completed"/>
                           <sourceOf typeCode="EAS" inversionInd="true">
                              <pauseQuantity xsi:type="IVL_PQ">
                                 <high value="3" unit="d" inclusive="true"/>
                              </pauseQuantity>
                              <act classCode="ACT" moodCode="EVN" isCriterionInd="true">
                                 <sourceOf typeCode="PRCN">
                                    <conjunctionCode code="AND"/>
                                    <act classCode="ACT" moodCode="EVN" isCriterionInd="true"><!-- encounter pattern -->
                                       <templateId root="2.16.840.1.113883.3.560.1.4"/>
                                       <id root="CA71325F-084A-4F5A-9214-229D925F836D"/>
                                       <code code="46240-8" displayName="Encounter list" codeSystem="2.16.840.1.113883.6.1"/>
                                       <sourceOf typeCode="COMP">
                                          <encounter classCode="ENC" moodCode="EVN" isCriterionInd="true">
                                             <code code="2.16.840.1.113883.3.464.0001.231" displayName="encounter ambulatory including pediatrics Code List GROUPING"/>
                                             <title>Encounter: encounter ambulatory including pediatrics</title>
                                             <sourceOf typeCode="DURING">
                                                <observation classCode="OBS" moodCode="EVN">
                                                   <id root="D578142D-F78F-4BF4-8194-82015DE21A7F"/>
                                                   <title>Measurement period</title>
                                                </observation>
                                             </sourceOf>
                                          </encounter>
                                       </sourceOf>
                                    </act>
                                 </sourceOf>
                                 <sourceOf typeCode="SBS">
                                    <pauseQuantity xsi:type="URG_PQ">
                                       <high value="3" unit="days" inclusive="true"/>
                                    </pauseQuantity>
                                    <act classCode="ACT" moodCode="EVN" isCriterionInd="true">
                                       <sourceOf typeCode="PRCN">
                                          <conjunctionCode code="OR"/>
                                          <act classCode="ACT" moodCode="EVN" isCriterionInd="true"><!-- medication dispensed pattern -->
                                             <templateId root="2.16.840.1.113883.3.560.1.8"/>
                                             <id root="C5239EC0-B769-476F-B79E-6927ED720A03"/>
                                             <code code="10160-0" displayName="Medications" codeSystem="2.16.840.1.113883.6.1"/>
                                             <sourceOf typeCode="COMP">
                                                <supply classCode="SPLY" moodCode="EVN" isCriterionInd="true">
                                                   <title>Medication dispensed: pharyngitis antibiotics</title>
                                                   <participant typeCode="CSM">
                                                      <roleParticipant classCode="MANU">
                                                         <playingMaterial classCode="MMAT" determinerCode="KIND">
                                                            <code code="2.16.840.1.113883.3.464.0001.373" displayName="pharyngitis antibiotics Code List GROUPING"/>
                                                         </playingMaterial>
                                                      </roleParticipant>
                                                   </participant>
                                                </supply>
                                             </sourceOf>
                                          </act>
                                       </sourceOf>
                                       <sourceOf typeCode="PRCN">
                                          <conjunctionCode code="OR"/>
                                          <act classCode="ACT" moodCode="EVN" isCriterionInd="true"><!-- medication order pattern -->
                                             <templateId root="2.16.840.1.113883.3.560.1.17"/>
                                             <id root="B2EC949E-E9FD-4184-941E-F1F73470CB21"/>
                                             <code code="10160-0" displayName="Medications" codeSystem="2.16.840.1.113883.6.1"/>
                                             <sourceOf typeCode="COMP">
                                                <substanceAdministration classCode="SBADM" moodCode="RQO" isCriterionInd="true">
                                                   <title>Medication order: pharyngitis antibiotics</title>
                                                   <participant typeCode="CSM">
                                                      <roleParticipant classCode="MANU">
                                                         <playingMaterial classCode="MMAT" determinerCode="KIND">
                                                            <code code="2.16.840.1.113883.3.464.0001.373" displayName="pharyngitis antibiotics Code List GROUPING"/>
                                                         </playingMaterial>
                                                      </roleParticipant>
                                                   </participant>
                                                </substanceAdministration>
                                             </sourceOf>
                                          </act>
                                       </sourceOf>
                                       <sourceOf typeCode="PRCN">
                                          <conjunctionCode code="OR"/>
                                          <act classCode="ACT" moodCode="EVN" isCriterionInd="true"><!-- medication active pattern -->
                                             <templateId root="2.16.840.1.113883.3.560.1.13"/>
                                             <id root="6A3F288D-B565-4BE9-B6DD-DCDEAB2E6DD4"/>
                                             <code code="10160-0" displayName="Medications" codeSystem="2.16.840.1.113883.6.1"/>
                                             <sourceOf typeCode="COMP">
                                                <substanceAdministration classCode="SBADM" moodCode="EVN" isCriterionInd="true">
                                                   <title>Medication active: pharyngitis antibiotics</title>
                                                   <participant typeCode="CSM">
                                                      <roleParticipant classCode="MANU">
                                                         <playingMaterial classCode="MMAT" determinerCode="KIND">
                                                            <code code="2.16.840.1.113883.3.464.0001.373" displayName="pharyngitis antibiotics Code List GROUPING"/>
                                                         </playingMaterial>
                                                      </roleParticipant>
                                                   </participant>
                                                   <sourceOf typeCode="REFR">
                                                      <observation classCode="OBS" moodCode="EVN" isCriterionInd="true">
                                                         <code code="33999-4" displayName="Status" codeSystem="2.16.840.1.113883.6.1"/>
                                                         <value xsi:type="CD" code="55561003" displayName="Active" codeSystem="2.16.840.1.113883.6.96"/>
                                                      </observation>
                                                   </sourceOf>
                                                </substanceAdministration>
                                             </sourceOf>
                                          </act>
                                       </sourceOf>
                                    </act>
                                 </sourceOf>
                              </act>
                           </sourceOf>
                        </observation>
                     </sourceOf>
                  </act>
               </sourceOf>
               <sourceOf typeCode="PRCN">
                  <conjunctionCode code="AND"/>
                  <act classCode="ACT" moodCode="EVN" isCriterionInd="true"><!-- laboratory test performed pattern -->
                     <templateId root="2.16.840.1.113883.3.560.1.5"/>
                     <id root="AF9EE784-50CF-413F-9082-41A3330511A1"/>
                     <code code="30954-2" displayName="Results" codeSystem="2.16.840.1.113883.6.1"/>
                     <sourceOf typeCode="COMP">
                        <observation classCode="OBS" moodCode="EVN" isCriterionInd="true">
                           <code code="2.16.840.1.113883.3.464.0001.250" displayName="Group A Streptococcus Test Code List GROUPING"/>
                           <title>Laboratory test performed: Group A Streptococcus Test</title>
                           <statusCode code="completed"/>
                           <sourceOf typeCode="SAE">
                              <pauseQuantity xsi:type="IVL_PQ">
                                 <high value="3" unit="d" inclusive="true"/>
                              </pauseQuantity>
                              <act classCode="ACT" moodCode="EVN" isCriterionInd="true">
                                 <sourceOf typeCode="PRCN">
                                    <conjunctionCode code="AND"/>
                                    <act classCode="ACT" moodCode="EVN" isCriterionInd="true"><!-- encounter pattern -->
                                       <templateId root="2.16.840.1.113883.3.560.1.4"/>
                                       <id root="CA71325F-084A-4F5A-9214-229D925F836D"/>
                                       <code code="46240-8" displayName="Encounter list" codeSystem="2.16.840.1.113883.6.1"/>
                                       <sourceOf typeCode="COMP">
                                          <encounter classCode="ENC" moodCode="EVN" isCriterionInd="true">
                                             <code code="2.16.840.1.113883.3.464.0001.231" displayName="encounter ambulatory including pediatrics Code List GROUPING"/>
                                             <title>Encounter: encounter ambulatory including pediatrics</title>
                                             <sourceOf typeCode="DURING">
                                                <observation classCode="OBS" moodCode="EVN">
                                                   <id root="D578142D-F78F-4BF4-8194-82015DE21A7F"/>
                                                   <title>Measurement period</title>
                                                </observation>
                                             </sourceOf>
                                          </encounter>
                                       </sourceOf>
                                    </act>
                                 </sourceOf>
                                 <sourceOf typeCode="SBS">
                                    <pauseQuantity xsi:type="URG_PQ">
                                       <high value="3" unit="days" inclusive="true"/>
                                    </pauseQuantity>
                                    <act classCode="ACT" moodCode="EVN" isCriterionInd="true">
                                       <sourceOf typeCode="PRCN">
                                          <conjunctionCode code="OR"/>
                                          <act classCode="ACT" moodCode="EVN" isCriterionInd="true"><!-- medication dispensed pattern -->
                                             <templateId root="2.16.840.1.113883.3.560.1.8"/>
                                             <id root="C5239EC0-B769-476F-B79E-6927ED720A03"/>
                                             <code code="10160-0" displayName="Medications" codeSystem="2.16.840.1.113883.6.1"/>
                                             <sourceOf typeCode="COMP">
                                                <supply classCode="SPLY" moodCode="EVN" isCriterionInd="true">
                                                   <title>Medication dispensed: pharyngitis antibiotics</title>
                                                   <participant typeCode="CSM">
                                                      <roleParticipant classCode="MANU">
                                                         <playingMaterial classCode="MMAT" determinerCode="KIND">
                                                            <code code="2.16.840.1.113883.3.464.0001.373" displayName="pharyngitis antibiotics Code List GROUPING"/>
                                                         </playingMaterial>
                                                      </roleParticipant>
                                                   </participant>
                                                </supply>
                                             </sourceOf>
                                          </act>
                                       </sourceOf>
                                       <sourceOf typeCode="PRCN">
                                          <conjunctionCode code="OR"/>
                                          <act classCode="ACT" moodCode="EVN" isCriterionInd="true"><!-- medication order pattern -->
                                             <templateId root="2.16.840.1.113883.3.560.1.17"/>
                                             <id root="B2EC949E-E9FD-4184-941E-F1F73470CB21"/>
                                             <code code="10160-0" displayName="Medications" codeSystem="2.16.840.1.113883.6.1"/>
                                             <sourceOf typeCode="COMP">
                                                <substanceAdministration classCode="SBADM" moodCode="RQO" isCriterionInd="true">
                                                   <title>Medication order: pharyngitis antibiotics</title>
                                                   <participant typeCode="CSM">
                                                      <roleParticipant classCode="MANU">
                                                         <playingMaterial classCode="MMAT" determinerCode="KIND">
                                                            <code code="2.16.840.1.113883.3.464.0001.373" displayName="pharyngitis antibiotics Code List GROUPING"/>
                                                         </playingMaterial>
                                                      </roleParticipant>
                                                   </participant>
                                                </substanceAdministration>
                                             </sourceOf>
                                          </act>
                                       </sourceOf>
                                       <sourceOf typeCode="PRCN">
                                          <conjunctionCode code="OR"/>
                                          <act classCode="ACT" moodCode="EVN" isCriterionInd="true"><!-- medication active pattern -->
                                             <templateId root="2.16.840.1.113883.3.560.1.13"/>
                                             <id root="6A3F288D-B565-4BE9-B6DD-DCDEAB2E6DD4"/>
                                             <code code="10160-0" displayName="Medications" codeSystem="2.16.840.1.113883.6.1"/>
                                             <sourceOf typeCode="COMP">
                                                <substanceAdministration classCode="SBADM" moodCode="EVN" isCriterionInd="true">
                                                   <title>Medication active: pharyngitis antibiotics</title>
                                                   <participant typeCode="CSM">
                                                      <roleParticipant classCode="MANU">
                                                         <playingMaterial classCode="MMAT" determinerCode="KIND">
                                                            <code code="2.16.840.1.113883.3.464.0001.373" displayName="pharyngitis antibiotics Code List GROUPING"/>
                                                         </playingMaterial>
                                                      </roleParticipant>
                                                   </participant>
                                                   <sourceOf typeCode="REFR">
                                                      <observation classCode="OBS" moodCode="EVN" isCriterionInd="true">
                                                         <code code="33999-4" displayName="Status" codeSystem="2.16.840.1.113883.6.1"/>
                                                         <value xsi:type="CD" code="55561003" displayName="Active" codeSystem="2.16.840.1.113883.6.96"/>
                                                      </observation>
                                                   </sourceOf>
                                                </substanceAdministration>
                                             </sourceOf>
                                          </act>
                                       </sourceOf>
                                    </act>
                                 </sourceOf>
                              </act>
                           </sourceOf>
                        </observation>
                     </sourceOf>
                  </act>
               </sourceOf>
            </observation>
         </entry><!--
            **************************************************************   
            Population Criteria Section: denominator 
            **************************************************************
      -->
         <entry typeCode="DRIV">
            <observation classCode="OBS" moodCode="EVN.CRT" isCriterionInd="true">
               <id root="66D82442-4198-44A1-A489-EE9F819F1636"/>
               <code code="ASSERTION" codeSystem="2.16.840.1.113883.5.4"/>
               <value xsi:type="CD" code="DENOM" codeSystem="2.16.840.1.113883.5.1063" codeSystemName="HL7 Observation Value" displayName="Denominator"/><!--  top and/or -->
               <sourceOf typeCode="PRCN">
                  <conjunctionCode code="AND"/>
                  <observation classCode="OBS" moodCode="EVN" isCriterionInd="true">
                     <id root="45A1DEFB-0271-4277-B84C-F6DED6B6FD8E"/>
                     <title>Initial Patient Population</title>
                  </observation>
               </sourceOf>
               <sourceOf typeCode="PRCN">
                  <conjunctionCode code="AND"/>
                  <act classCode="ACT" moodCode="EVN" isCriterionInd="true"><!-- encounter pattern -->
                     <templateId root="2.16.840.1.113883.3.560.1.4"/>
                     <id root="CA71325F-084A-4F5A-9214-229D925F836D"/>
                     <code code="46240-8" displayName="Encounter list" codeSystem="2.16.840.1.113883.6.1"/>
                     <sourceOf typeCode="COMP">
                        <encounter classCode="ENC" moodCode="EVN" isCriterionInd="true">
                           <code code="2.16.840.1.113883.3.464.0001.231" displayName="encounter ambulatory including pediatrics Code List GROUPING"/>
                           <title>Encounter: encounter ambulatory including pediatrics</title>
                           <sourceOf typeCode="DURING">
                              <observation classCode="OBS" moodCode="EVN">
                                 <id root="D578142D-F78F-4BF4-8194-82015DE21A7F"/>
                                 <title>Measurement period</title>
                              </observation>
                           </sourceOf>
                        </encounter>
                     </sourceOf>
                  </act>
               </sourceOf>
               <sourceOf typeCode="PRCN">
                  <conjunctionCode code="AND"/>
                  <act classCode="ACT" moodCode="EVN" isCriterionInd="true"><!-- diagnosis active pattern -->
                     <templateId root="2.16.840.1.113883.3.560.1.2"/>
                     <id root="F33D9CE9-A084-4BA1-AB0E-1CBEF3934C88"/>
                     <code code="11450-4" displayName="Problem" codeSystem="2.16.840.1.113883.6.1"/>
                     <sourceOf typeCode="COMP">
                        <observation classCode="OBS" moodCode="EVN" isCriterionInd="true">
                           <code code="55607006" codeSystem="2.16.840.1.113883.6.96" displayName="Problem"/>
                           <title>Diagnosis active: pharyngitis</title>
                           <value xsi:type="CD" code="2.16.840.1.113883.3.464.0001.369" displayName="pharyngitis Code List GROUPING"/>
                           <sourceOf typeCode="REFR">
                              <observation classCode="OBS" moodCode="EVN" isCriterionInd="true">
                                 <code code="33999-4" codeSystem="2.16.840.1.113883.6.1" displayName="Status"/>
                                 <value xsi:type="CD" code="55561003" displayName="active" codeSystem="2.16.840.1.113883.6.96"/>
                              </observation>
                           </sourceOf>
                           <sourceOf typeCode="DURING">
                              <act classCode="ACT" moodCode="EVN" isCriterionInd="true"><!-- encounter pattern -->
                                 <templateId root="2.16.840.1.113883.3.560.1.4"/>
                                 <id root="CA71325F-084A-4F5A-9214-229D925F836D"/>
                                 <code code="46240-8" displayName="Encounter list" codeSystem="2.16.840.1.113883.6.1"/>
                                 <sourceOf typeCode="COMP">
                                    <encounter classCode="ENC" moodCode="EVN" isCriterionInd="true">
                                       <code code="2.16.840.1.113883.3.464.0001.231" displayName="encounter ambulatory including pediatrics Code List GROUPING"/>
                                       <title>Encounter: encounter ambulatory including pediatrics</title>
                                       <sourceOf typeCode="DURING">
                                          <observation classCode="OBS" moodCode="EVN">
                                             <id root="D578142D-F78F-4BF4-8194-82015DE21A7F"/>
                                             <title>Measurement period</title>
                                          </observation>
                                       </sourceOf>
                                    </encounter>
                                 </sourceOf>
                              </act>
                           </sourceOf>
                        </observation>
                     </sourceOf>
                  </act>
               </sourceOf>
               <sourceOf typeCode="PRCN">
                  <conjunctionCode code="AND"/>
                  <act classCode="ACT" moodCode="EVN" isCriterionInd="true">
                     <sourceOf typeCode="PRCN">
                        <conjunctionCode code="OR"/>
                        <act classCode="ACT" moodCode="EVN" isCriterionInd="true"><!-- encounter pattern -->
                           <templateId root="2.16.840.1.113883.3.560.1.4"/>
                           <id root="CA71325F-084A-4F5A-9214-229D925F836D"/>
                           <code code="46240-8" displayName="Encounter list" codeSystem="2.16.840.1.113883.6.1"/>
                           <sourceOf typeCode="COMP">
                              <encounter classCode="ENC" moodCode="EVN" isCriterionInd="true">
                                 <code code="2.16.840.1.113883.3.464.0001.231" displayName="encounter ambulatory including pediatrics Code List GROUPING"/>
                                 <title>Encounter: encounter ambulatory including pediatrics</title>
                                 <sourceOf typeCode="DURING">
                                    <observation classCode="OBS" moodCode="EVN">
                                       <id root="D578142D-F78F-4BF4-8194-82015DE21A7F"/>
                                       <title>Measurement period</title>
                                    </observation>
                                 </sourceOf>
                              </encounter>
                           </sourceOf>
                        </act>
                     </sourceOf>
                     <sourceOf typeCode="SBS">
                        <pauseQuantity xsi:type="URG_PQ">
                           <high value="3" unit="days" inclusive="true"/>
                        </pauseQuantity>
                        <act classCode="ACT" moodCode="EVN" isCriterionInd="true">
                           <sourceOf typeCode="PRCN">
                              <conjunctionCode code="OR"/>
                              <act classCode="ACT" moodCode="EVN" isCriterionInd="true"><!-- medication dispensed pattern -->
                                 <templateId root="2.16.840.1.113883.3.560.1.8"/>
                                 <id root="C5239EC0-B769-476F-B79E-6927ED720A03"/>
                                 <code code="10160-0" displayName="Medications" codeSystem="2.16.840.1.113883.6.1"/>
                                 <sourceOf typeCode="COMP">
                                    <supply classCode="SPLY" moodCode="EVN" isCriterionInd="true">
                                       <title>Medication dispensed: pharyngitis antibiotics</title>
                                       <participant typeCode="CSM">
                                          <roleParticipant classCode="MANU">
                                             <playingMaterial classCode="MMAT" determinerCode="KIND">
                                                <code code="2.16.840.1.113883.3.464.0001.373" displayName="pharyngitis antibiotics Code List GROUPING"/>
                                             </playingMaterial>
                                          </roleParticipant>
                                       </participant>
                                    </supply>
                                 </sourceOf>
                              </act>
                           </sourceOf>
                           <sourceOf typeCode="PRCN">
                              <conjunctionCode code="OR"/>
                              <act classCode="ACT" moodCode="EVN" isCriterionInd="true"><!-- medication order pattern -->
                                 <templateId root="2.16.840.1.113883.3.560.1.17"/>
                                 <id root="B2EC949E-E9FD-4184-941E-F1F73470CB21"/>
                                 <code code="10160-0" displayName="Medications" codeSystem="2.16.840.1.113883.6.1"/>
                                 <sourceOf typeCode="COMP">
                                    <substanceAdministration classCode="SBADM" moodCode="RQO" isCriterionInd="true">
                                       <title>Medication order: pharyngitis antibiotics</title>
                                       <participant typeCode="CSM">
                                          <roleParticipant classCode="MANU">
                                             <playingMaterial classCode="MMAT" determinerCode="KIND">
                                                <code code="2.16.840.1.113883.3.464.0001.373" displayName="pharyngitis antibiotics Code List GROUPING"/>
                                             </playingMaterial>
                                          </roleParticipant>
                                       </participant>
                                    </substanceAdministration>
                                 </sourceOf>
                              </act>
                           </sourceOf>
                           <sourceOf typeCode="PRCN">
                              <conjunctionCode code="OR"/>
                              <act classCode="ACT" moodCode="EVN" isCriterionInd="true"><!-- medication active pattern -->
                                 <templateId root="2.16.840.1.113883.3.560.1.13"/>
                                 <id root="6A3F288D-B565-4BE9-B6DD-DCDEAB2E6DD4"/>
                                 <code code="10160-0" displayName="Medications" codeSystem="2.16.840.1.113883.6.1"/>
                                 <sourceOf typeCode="COMP">
                                    <substanceAdministration classCode="SBADM" moodCode="EVN" isCriterionInd="true">
                                       <title>Medication active: pharyngitis antibiotics</title>
                                       <participant typeCode="CSM">
                                          <roleParticipant classCode="MANU">
                                             <playingMaterial classCode="MMAT" determinerCode="KIND">
                                                <code code="2.16.840.1.113883.3.464.0001.373" displayName="pharyngitis antibiotics Code List GROUPING"/>
                                             </playingMaterial>
                                          </roleParticipant>
                                       </participant>
                                       <sourceOf typeCode="REFR">
                                          <observation classCode="OBS" moodCode="EVN" isCriterionInd="true">
                                             <code code="33999-4" displayName="Status" codeSystem="2.16.840.1.113883.6.1"/>
                                             <value xsi:type="CD" code="55561003" displayName="Active" codeSystem="2.16.840.1.113883.6.96"/>
                                          </observation>
                                       </sourceOf>
                                    </substanceAdministration>
                                 </sourceOf>
                              </act>
                           </sourceOf>
                        </act>
                     </sourceOf>
                  </act>
               </sourceOf>
            </observation>
         </entry><!--
            **************************************************************   
            Population Criteria Section: population 
            **************************************************************
      -->
         <entry typeCode="DRIV">
            <observation classCode="OBS" moodCode="EVN.CRT" isCriterionInd="true">
               <id root="45A1DEFB-0271-4277-B84C-F6DED6B6FD8E"/>
               <code code="ASSERTION" codeSystem="2.16.840.1.113883.5.4"/>
               <value xsi:type="CD" code="IPP" codeSystem="2.16.840.1.113883.5.1063" codeSystemName="HL7 Observation Value" displayName="Initial Patient Population"/><!--  top and/or -->
               <sourceOf typeCode="PRCN">
                  <conjunctionCode code="AND"/>
                  <act classCode="ACT" moodCode="EVN" isCriterionInd="true"><!-- patient characteristic pattern -->
                     <templateId root="2.16.840.1.113883.3.560.1.25"/>
                     <id root="CC73216C-43BF-4D10-96A6-E6DDBD8AC394"/>
                     <code code="45970-1" displayName="Demographics" codeSystem="2.16.840.1.113883.6.1"/>
                     <sourceOf typeCode="COMP">
                        <observation classCode="OBS" moodCode="EVN" isCriterionInd="true">
                           <code code="2.16.840.1.113883.3.464.0001.14" displayName="birth date HL7 Code List"/>
                           <title>Patient characteristic: birth date</title>
                           <sourceOf typeCode="SBS">
                              <pauseQuantity xsi:type="IVL_PQ">
                                 <low value="2" unit="a" inclusive="true"/>
                              </pauseQuantity>
                              <observation classCode="OBS" moodCode="EVN">
                                 <id root="D578142D-F78F-4BF4-8194-82015DE21A7F"/>
                                 <title>Measurement period</title>
                              </observation>
                           </sourceOf>
                        </observation>
                     </sourceOf>
                  </act>
               </sourceOf>
               <sourceOf typeCode="PRCN">
                  <conjunctionCode code="AND"/>
                  <act classCode="ACT" moodCode="EVN" isCriterionInd="true"><!-- patient characteristic pattern -->
                     <templateId root="2.16.840.1.113883.3.560.1.25"/>
                     <id root="CC73216C-43BF-4D10-96A6-E6DDBD8AC394"/>
                     <code code="45970-1" displayName="Demographics" codeSystem="2.16.840.1.113883.6.1"/>
                     <sourceOf typeCode="COMP">
                        <observation classCode="OBS" moodCode="EVN" isCriterionInd="true">
                           <code code="2.16.840.1.113883.3.464.0001.14" displayName="birth date HL7 Code List"/>
                           <title>Patient characteristic: birth date</title>
                           <sourceOf typeCode="SBS">
                              <pauseQuantity xsi:type="IVL_PQ">
                                 <high value="18" unit="a" inclusive="true"/>
                              </pauseQuantity>
                              <observation classCode="OBS" moodCode="EVN">
                                 <id root="D578142D-F78F-4BF4-8194-82015DE21A7F"/>
                                 <title>Measurement period</title>
                              </observation>
                           </sourceOf>
                        </observation>
                     </sourceOf>
                  </act>
               </sourceOf>
            </observation>
         </entry>
      </section>
   </component>
         
      <!--
         ******************************************   
         Data Criteria Section
         ******************************************
      --><component typeCode="COMP">
      <section>
         <code code="57025-9" codeSystem="2.16.840.1.113883.6.1" displayName="Data criteria (QDS Data Elements)"/>
         <title>Data criteria (QDS Data Elements)</title>
         <text>
            <list>
               <item>
                  <content>"Diagnosis active: pharyngitis"</content> using "pharyngitis Code List GROUPING (2.16.840.1.113883.3.464.0001.369)"</item>
               <item>
                  <content>"Encounter: encounter ambulatory including pediatrics"</content> using "encounter ambulatory including pediatrics Code List GROUPING (2.16.840.1.113883.3.464.0001.231)"</item>
               <item>
                  <content>"Laboratory test performed: Group A Streptococcus Test"</content> using "Group A Streptococcus Test Code List GROUPING (2.16.840.1.113883.3.464.0001.250)"</item>
               <item>
                  <content>"Medication active: pharyngitis antibiotics"</content> using "pharyngitis antibiotics Code List GROUPING (2.16.840.1.113883.3.464.0001.373)"</item>
               <item>
                  <content>"Medication dispensed: pharyngitis antibiotics"</content> using "pharyngitis antibiotics Code List GROUPING (2.16.840.1.113883.3.464.0001.373)"</item>
               <item>
                  <content>"Medication order: pharyngitis antibiotics"</content> using "pharyngitis antibiotics Code List GROUPING (2.16.840.1.113883.3.464.0001.373)"</item>
               <item>
                  <content>"Patient characteristic: birth date" (age)</content> using "birth date HL7 Code List (2.16.840.1.113883.3.464.0001.14)"</item>
            </list>
         </text>
         <entry typeCode="DRIV">
            <act classCode="ACT" moodCode="EVN" isCriterionInd="true"><!-- patient characteristic pattern -->
               <templateId root="2.16.840.1.113883.3.560.1.25"/>
               <id root="CC73216C-43BF-4D10-96A6-E6DDBD8AC394"/>
               <code code="45970-1" displayName="Demographics" codeSystem="2.16.840.1.113883.6.1"/>
               <sourceOf typeCode="COMP">
                  <observation classCode="OBS" moodCode="EVN" isCriterionInd="true">
                     <code code="2.16.840.1.113883.3.464.0001.14" displayName="birth date HL7 Code List"/>
                     <title>Patient characteristic: birth date</title>
                  </observation>
               </sourceOf>
            </act>
         </entry>
         <entry typeCode="DRIV">
            <act classCode="ACT" moodCode="EVN" isCriterionInd="true"><!-- encounter pattern -->
               <templateId root="2.16.840.1.113883.3.560.1.4"/>
               <id root="CA71325F-084A-4F5A-9214-229D925F836D"/>
               <code code="46240-8" displayName="Encounter list" codeSystem="2.16.840.1.113883.6.1"/>
               <sourceOf typeCode="COMP">
                  <encounter classCode="ENC" moodCode="EVN" isCriterionInd="true">
                     <code code="2.16.840.1.113883.3.464.0001.231" displayName="encounter ambulatory including pediatrics Code List GROUPING"/>
                     <title>Encounter: encounter ambulatory including pediatrics</title>
                  </encounter>
               </sourceOf>
            </act>
         </entry>
         <entry typeCode="DRIV">
            <act classCode="ACT" moodCode="EVN" isCriterionInd="true"><!-- laboratory test performed pattern -->
               <templateId root="2.16.840.1.113883.3.560.1.5"/>
               <id root="AF9EE784-50CF-413F-9082-41A3330511A1"/>
               <code code="30954-2" displayName="Results" codeSystem="2.16.840.1.113883.6.1"/>
               <sourceOf typeCode="COMP">
                  <observation classCode="OBS" moodCode="EVN" isCriterionInd="true">
                     <code code="2.16.840.1.113883.3.464.0001.250" displayName="Group A Streptococcus Test Code List GROUPING"/>
                     <title>Laboratory test performed: Group A Streptococcus Test</title>
                     <statusCode code="completed"/>
                  </observation>
               </sourceOf>
            </act>
         </entry>
         <entry typeCode="DRIV">
            <act classCode="ACT" moodCode="EVN" isCriterionInd="true"><!-- diagnosis active pattern -->
               <templateId root="2.16.840.1.113883.3.560.1.2"/>
               <id root="F33D9CE9-A084-4BA1-AB0E-1CBEF3934C88"/>
               <code code="11450-4" displayName="Problem" codeSystem="2.16.840.1.113883.6.1"/>
               <sourceOf typeCode="COMP">
                  <observation classCode="OBS" moodCode="EVN" isCriterionInd="true">
                     <code code="55607006" codeSystem="2.16.840.1.113883.6.96" displayName="Problem"/>
                     <title>Diagnosis active: pharyngitis</title>
                     <value xsi:type="CD" code="2.16.840.1.113883.3.464.0001.369" displayName="pharyngitis Code List GROUPING"/>
                     <sourceOf typeCode="REFR">
                        <observation classCode="OBS" moodCode="EVN" isCriterionInd="true">
                           <code code="33999-4" codeSystem="2.16.840.1.113883.6.1" displayName="Status"/>
                           <value xsi:type="CD" code="55561003" displayName="active" codeSystem="2.16.840.1.113883.6.96"/>
                        </observation>
                     </sourceOf>
                  </observation>
               </sourceOf>
            </act>
         </entry>
         <entry typeCode="DRIV">
            <act classCode="ACT" moodCode="EVN" isCriterionInd="true"><!-- medication active pattern -->
               <templateId root="2.16.840.1.113883.3.560.1.13"/>
               <id root="6A3F288D-B565-4BE9-B6DD-DCDEAB2E6DD4"/>
               <code code="10160-0" displayName="Medications" codeSystem="2.16.840.1.113883.6.1"/>
               <sourceOf typeCode="COMP">
                  <substanceAdministration classCode="SBADM" moodCode="EVN" isCriterionInd="true">
                     <title>Medication active: pharyngitis antibiotics</title>
                     <participant typeCode="CSM">
                        <roleParticipant classCode="MANU">
                           <playingMaterial classCode="MMAT" determinerCode="KIND">
                              <code code="2.16.840.1.113883.3.464.0001.373" displayName="pharyngitis antibiotics Code List GROUPING"/>
                           </playingMaterial>
                        </roleParticipant>
                     </participant>
                     <sourceOf typeCode="REFR">
                        <observation classCode="OBS" moodCode="EVN" isCriterionInd="true">
                           <code code="33999-4" displayName="Status" codeSystem="2.16.840.1.113883.6.1"/>
                           <value xsi:type="CD" code="55561003" displayName="Active" codeSystem="2.16.840.1.113883.6.96"/>
                        </observation>
                     </sourceOf>
                  </substanceAdministration>
               </sourceOf>
            </act>
         </entry>
         <entry typeCode="DRIV">
            <act classCode="ACT" moodCode="EVN" isCriterionInd="true"><!-- medication dispensed pattern -->
               <templateId root="2.16.840.1.113883.3.560.1.8"/>
               <id root="C5239EC0-B769-476F-B79E-6927ED720A03"/>
               <code code="10160-0" displayName="Medications" codeSystem="2.16.840.1.113883.6.1"/>
               <sourceOf typeCode="COMP">
                  <supply classCode="SPLY" moodCode="EVN" isCriterionInd="true">
                     <title>Medication dispensed: pharyngitis antibiotics</title>
                     <participant typeCode="CSM">
                        <roleParticipant classCode="MANU">
                           <playingMaterial classCode="MMAT" determinerCode="KIND">
                              <code code="2.16.840.1.113883.3.464.0001.373" displayName="pharyngitis antibiotics Code List GROUPING"/>
                           </playingMaterial>
                        </roleParticipant>
                     </participant>
                  </supply>
               </sourceOf>
            </act>
         </entry>
         <entry typeCode="DRIV">
            <act classCode="ACT" moodCode="EVN" isCriterionInd="true"><!-- medication order pattern -->
               <templateId root="2.16.840.1.113883.3.560.1.17"/>
               <id root="B2EC949E-E9FD-4184-941E-F1F73470CB21"/>
               <code code="10160-0" displayName="Medications" codeSystem="2.16.840.1.113883.6.1"/>
               <sourceOf typeCode="COMP">
                  <substanceAdministration classCode="SBADM" moodCode="RQO" isCriterionInd="true">
                     <title>Medication order: pharyngitis antibiotics</title>
                     <participant typeCode="CSM">
                        <roleParticipant classCode="MANU">
                           <playingMaterial classCode="MMAT" determinerCode="KIND">
                              <code code="2.16.840.1.113883.3.464.0001.373" displayName="pharyngitis antibiotics Code List GROUPING"/>
                           </playingMaterial>
                        </roleParticipant>
                     </participant>
                  </substanceAdministration>
               </sourceOf>
            </act>
         </entry>
      </section>
   </component>
   <component typeCode="COMP">
      <section>
         <title>Summary Calculation</title>
         <text>
            <content>Calculation is generic to all measures:</content>
            <list>
               <item>Calculate the final denominator by adding all that meet denominator criteria.</item>
               <item>Subtract from the final denominator all that do not meet numerator criteria yet also meet exclusion criteria.  Note some measures do not have exclusion criteria.</item>
               <item>The performance calculation is based on the "Measure scoring" from header information above:
					        	<list>
                     <item>For "Proportion" measures, the calculation is the number meeting numerator criteria divided by the final denominator.</item>
                     <item>For "Ratio" and "Continuous Variable" measures, follow the calculation instructions in the Data Aggregation header information above, if present.</item>
                  </list>
               </item>
               <item>For measures with multiple denominators, repeat this process for each denominator and report each result separately.</item>
               <item>For measures with multiple patient populations, repeat this process for each patient population and report each result separately.</item>
               <item>For measures with multiple numerators, calculate each numerator separately within each population using the paired exclusion.</item>
            </list>
         </text>
      </section>
   </component>
</QualityMeasureDocument>