<?xml version="1.0" encoding="UTF-8"?>
<?xml-stylesheet type="text/xsl" href="../xslt/eMeasure.xsl"?>
<QualityMeasureDocument xmlns:xsi="http://www.w3.org/2001/XMLSchema-instance" xmlns="urn:hl7-org:v3">
         
      <!--
         **************************************************************   
         Measure Header Section
         **************************************************************
      --><typeId root="2.16.840.1.113883.1.3" extension="POQM_HD000001"/>
   <id root="00BB652D-8168-4762-84F7-A1EF9C1EDA01"/>
   <code code="57024-2" codeSystem="2.16.840.1.113883.6.1" displayName="Health Quality Measure Document"/>
   <title>Major Depressive Disorder (MDD): Diagnostic Evaluation (NQF 0103)</title>
   <text>Percentage of patients with a  diagnosis of major depressive disorder who met the DSM-IV&#153; criteria during the visit in which the new diagnosis or recurrent episode was identified.</text>
   <statusCode code="completed"/>
   <setId root="7472660A-B5DF-4946-AC29-B8B1DEAB8FBC"/>
   <versionNumber value="1"/>
   <author typeCode="AUT">
      <assignedPerson classCode="ASSIGNED">
         <representedOrganization classCode="ORG" determinerCode="INSTANCE">
            <id root="2.16.840.1.113883.3.526"/>
            <name>American Medical Association - Physician Consortium for Performance Improvement</name>
            <contactParty classCode="CON" nullFlavor="UNK"/>
         </representedOrganization>
      </assignedPerson>
   </author>
   <custodian>
      <assignedPerson classCode="ASSIGNED">
         <representedOrganization classCode="ORG" determinerCode="INSTANCE">
            <id root="2.16.840.1.113883.3.526"/>
            <name>American Medical Association - Physician Consortium for Performance Improvement</name>
            <contactParty classCode="CON" nullFlavor="UNK"/>
         </representedOrganization>
      </assignedPerson>
   </custodian>
   <verifier typeCode="VRF">
      <assignedPerson classCode="ASSIGNED">
         <representedOrganization classCode="ORG" determinerCode="INSTANCE">
            <id root="2.16.840.1.113883.3.560"/>
            <name>National Quality Forum</name>
            <contactParty classCode="CON" nullFlavor="UNK"/>
         </representedOrganization>
      </assignedPerson>
   </verifier>
   <subjectOf>
      <measureAttribute>
         <code code="COPY" codeSystem="2.16.840.1.113883.5.4" displayName="Copyright"/>
         <value xsi:type="ED" mediaType="text/plain">© 2010 American Medical Association. All Rights Reserved</value>
      </measureAttribute>
   </subjectOf>
   <subjectOf>
      <measureAttribute>
         <code code="MSRSCORE" codeSystem="2.16.840.1.113883.5.4" displayName="Measure scoring"/>
         <value xsi:type="CD" code="PROPOR" codeSystem="2.16.840.1.113883.5.1063" displayName="Proportion"/>
      </measureAttribute>
   </subjectOf>
   <subjectOf>
      <measureAttribute>
         <code code="MSRTYPE" codeSystem="2.16.840.1.113883.5.4" displayName="Measure type"/>
         <value xsi:type="CD" code="PROCESS" codeSystem="2.16.840.1.113883.5.1063" displayName="Process"/>
      </measureAttribute>
   </subjectOf>
   <subjectOf>
      <measureAttribute>
         <code code="STRAT" codeSystem="2.16.840.1.113883.5.4" displayName="Stratification"/>
         <value xsi:type="ED" mediaType="text/plain">None</value>
      </measureAttribute>
   </subjectOf>
   <subjectOf>
      <measureAttribute>
         <code code="MSRADJ" codeSystem="2.16.840.1.113883.5.4" displayName="Risk Adjustment"/>
         <value xsi:type="ED" mediaType="text/plain">None</value>
      </measureAttribute>
   </subjectOf>
   <subjectOf>
      <measureAttribute>
         <code code="MSRAGG" codeSystem="2.16.840.1.113883.5.4" displayName="Data Aggregation"/>
         <value xsi:type="ED" mediaType="text/plain"/>
      </measureAttribute>
   </subjectOf>
   <subjectOf>
      <measureAttribute>
         <code code="RAT" codeSystem="2.16.840.1.113883.5.4" displayName="Rationale"/>
         <value xsi:type="ED" mediaType="text/plain">Thorough assessment of depressive symptoms sets the basis for accurate diagnosis and treatment of major depressive disorder.</value>
      </measureAttribute>
   </subjectOf>
   <subjectOf>
      <measureAttribute>
         <code code="CRS" codeSystem="2.16.840.1.113883.3.560" displayName="Clinical Recommendation Statement"/>
         <value xsi:type="ED" mediaType="text/plain">Successful treatment of patients with major depressive disorder is promoted by a thorough assessment of the patient (Category I). Patients with major depressive disorder symptoms should receive a thorough diagnostic evaluation both to determine whether a diagnosis of depression is warranted and to reveal the presence of other psychiatric or general medical conditions. (APA)

Criteria for Major Depressive Episode
A.At least five of the following symptoms have been present during the same 2-week period and represent a change from previous functioning; at least one of the symptoms is either 1) depressed mood or 2) loss of interest or pleasure (do not include symptoms that are clearly due to general medical condition or mood-incongruent delusions or hallucinations).
1.Depressed mood most of the day, nearly every day as indicated by either subjective report (e.g., feels sad or empty) or observation made by others (e.g., appears tearful)
2.Markedly diminished interest or pleasure in all, or almost all, activities most of the day, nearly every day (as indicated by either subjective account or observation made by others)
3.Significant weight loss when not dieting or weight gain (e.g., a change of more than 5% body weight in a month), or decrease in appetite nearly every day
4.Insomnia or hypersomnia nearly every day
5.Psychomotor agitation or retardation nearly every day (observable by others, not merely subjective feelings of restlessness or being slowed down)
6.Fatigue or loss of energy nearly every day
7.Feelings of worthlessness or excessive inappropriate guilt (which may be delusional) nearly every day (not merely self-reproach or guilt about being sick)
8.Diminished ability to think or concentrate, or indecisiveness, nearly every day (either by subjective account or observed by others)
9.Recurrent thoughts of death (not just fear of dying), recurrent suicidal ideation without a specific plan, or a suicide attempt or specific plan for committing suicide
B.The symptoms do not meet criteria for a mixed episode
C.The symptoms cause clinically significant distress or impairment in social, occupational, or other important areas of functioning
D.The symptoms are not due to the direct physiological effects of a substance (e.g., a drug of abuse, a medication) or a general medical condition (e.g., hypothyroidism)
E.The symptoms are not better accounted for by bereavement, i.e., after the loss of a loved one, the symptoms persist for longer than 2 months or are characterized by marked functional impairment, morbid preoccupation with worthlessness, suicidal ideation, psychotic symptoms, or psychomotor retardation. (DSM-IV)

Diagnostic criteria for 296.2x Major Depressive Disorder, Single Episode
A.Presence of a single Major Depressive Episode.
B.The Major Depressive Episode is not better accounted for by Schizoaffective Disorder and is not superimposed on Schizophrenia, Schizophreniform Disorder, Delusional Disorder, or Psychotic Disorder Not Otherwise Specified.
C.There has never been a Manic Episode, a Mixed Episode, or a Hypomanic Episode. Note: This exception does not apply if all of the manic-like, mixed-like, or hypomanic-like episodes are substance or treatment induced or are due to the direct physiological effects of a general medical condition. (DSM-IV)

Diagnostic criteria for 296.3x Major Depressive Disorder, Recurrent
A.Presence of two or more Major Depressive Episodes. Note: To be considered separate episodes, there must be an interval of at least 2 consecutive months in which criteria are not met for a Major Depressive Episode.
B.The Major Depressive Episodes are not better accounted for by Schizoaffective Disorder and are not superimposed on Schizophrenia, Schizophreniform Disorder, Delusional Disorder, or Psychotic Disorder Not Otherwise Specified.
C.There has never been a Manic Episode, a Mixed Episode, or a Hypomanic Episode. Note: This exception does not apply if all of the manic-like, mixed-like, or hypomanic-like episodes are substance or treatment induced or are due to the direct physiological effects of a general medical condition. (DSM-IV)</value>
      </measureAttribute>
   </subjectOf>
   <subjectOf>
      <measureAttribute>
         <code code="IDUR" codeSystem="2.16.840.1.113883.3.560" displayName="Improvement notation"/>
         <value xsi:type="ED" mediaType="text/plain">Higher score indicates better quality</value>
      </measureAttribute>
   </subjectOf>
   <subjectOf>
      <measureAttribute>
         <templateId root="2.16.840.1.113883.3.560.1.74"/>
         <id root="318845ED-EA3E-4C44-A2E0-2AB81D6A5640"/>
         <code code="MSRTP" displayName="Measurement period" codeSystem="2.16.840.1.113883.3.560"/>
         <value xsi:type="EXPR_PQ" value="12" unit="m">
            <expression mediaType="text/plain">measureEndDate - measureStartDate</expression>
         </value>
      </measureAttribute>
   </subjectOf>
   <subjectOf>
      <localVariableName>measureStartDate</localVariableName>
      <measureAttribute>
         <templateId root="2.16.840.1.113883.3.560.1.75"/>
         <id root="EADC5439-B123-4E8C-8AA4-DF46745300C4"/>
         <code code="MSRSD" displayName="Measurement start date" codeSystem="2.16.840.1.113883.3.560"/>
         <value xsi:type="TS" value="00000101"/>
      </measureAttribute>
   </subjectOf>
   <subjectOf>
      <localVariableName>measureEndDate</localVariableName>
      <measureAttribute>
         <templateId root="2.16.840.1.113883.3.560.1.75"/>
         <id root="C78F1785-264D-42DE-AD94-7B570E9E74BB"/>
         <code code="MSRED" displayName="Measurement end date" codeSystem="2.16.840.1.113883.3.560"/>
         <value xsi:type="TS" value="00001231"/>
      </measureAttribute>
   </subjectOf>
   <subjectOf>
      <measureAttribute>
         <code code="MSRMD" codeSystem="2.16.840.1.113883.3.560" displayName="Measurement duration"/>
         <value xsi:type="ED" mediaType="text/plain">12 month(s)</value>
      </measureAttribute>
   </subjectOf>
   <subjectOf>
      <measureAttribute>
         <code code="REF" codeSystem="2.16.840.1.113883.5.4" displayName="Reference"/>
         <value xsi:type="ED" mediaType="text/plain">American Psychiatric Association (APA). Practice guidelines for the treatment of patients with major depressive disorder (revision). Am J Psychiatry. 2000;157(suppl 4): 1-45.</value>
      </measureAttribute>
   </subjectOf>
   <subjectOf>
      <measureAttribute>
         <code code="REF" codeSystem="2.16.840.1.113883.5.4" displayName="Reference"/>
         <value xsi:type="ED" mediaType="text/plain">Diagnostic and Statistical Manual of Mental Disorders, Fourth Edition (DSM-IV). American Psychiatric Association. 1994.</value>
      </measureAttribute>
   </subjectOf>
   <subjectOf>
      <measureAttribute>
         <code code="DEF" codeSystem="2.16.840.1.113883.3.560" displayName="Definition"/>
         <value xsi:type="ED" mediaType="text/plain">DSM-IV Criteria: Includes presence of depressed mood, marked diminished interest/pleasure, significant weight loss or weight gain, insomnia or hypersomnia, psychomotor agitation or retardation, fatigue or loss of energy, feelings of worthlessness, diminished ability to concentrate and recurrent suicidal ideation</value>
      </measureAttribute>
   </subjectOf>
   <subjectOf>
      <measureAttribute>
         <code code="GUIDE" codeSystem="2.16.840.1.113883.5.4" displayName="Guidance"/>
         <value xsi:type="ED" mediaType="text/plain">DSM IV Criteria should be documented during the encounter at which the diagnosis of major depressive disorder was made.</value>
      </measureAttribute>
   </subjectOf>
   <componentOf>
      <qualityMeasureSet classCode="ACT">
         <id root="B1EB421F-C28C-453C-8DEE-7C6EFE318EB1"/>
         <title>CLINICAL QUALITY MEASURE SET 2011-2012</title>
      </qualityMeasureSet>
   </componentOf>
         
      <!--
         **************************************************************   
         Population Criteria Section
         **************************************************************
      --><component typeCode="COMP">
      <section>
         <code code="57026-7" codeSystem="2.16.840.1.113883.6.1" displayName="Population criteria"/>
         <title>Population criteria</title>
         <text>
            <list>
               <item>
                  <content styleCode="Bold">Initial Patient Population =</content>
                  <list>
                     <item>AND: "Patient characteristic: birth date"  &gt;= 18 year(s) starts before start of "Measurement period"</item>
                     <item>AND: <list>
                           <item>AND: "Diagnosis active: Major Depressive Disorder New or Recurrent" starts before or during <list>
                                 <item>OR: "Encounter: Encounter Office &amp; Outpatient Consult"</item>
                                 <item>OR: "Encounter: Encounter Psychiatric &amp; Psychologic"</item>
                                 <item> during "Measurement period"</item>
                              </list>
                           </item>
                           <item>AND:  &gt;= 2 count(s) of<list>
                                 <item>OR: "Encounter: Encounter Office &amp; Outpatient Consult"</item>
                                 <item>OR: "Encounter: Encounter Psychiatric &amp; Psychologic"</item>
                                 <item> during "Measurement period"</item>
                              </list>
                           </item>
                        </list>
                     </item>
                  </list>
               </item>
               <item>
                  <content styleCode="Bold">Denominator =</content>
                  <list>
                     <item>AND: "Initial Patient Population"</item>
                  </list>
               </item>
               <item>
                  <content styleCode="Bold">Numerator =</content>
                  <list>
                     <item>AND: <list>
                           <item>AND: "Symptom active: Loss of Interest"</item>
                           <item>AND:  &gt;= 4 count(s) of<list>
                                 <item>OR: "Symptom active: Depressed Mood"</item>
                                 <item>OR: "Symptom active: Weight change"</item>
                                 <item>OR: "Symptom active: Sleep disturbance"</item>
                                 <item>OR: "Symptom active: Psychomotor Alteration"</item>
                                 <item>OR: "Symptom active: Fatigue"</item>
                                 <item>OR: "Symptom active: Feelings of Worthlessness"</item>
                                 <item>OR: "Symptom active: Diminished Concentration"</item>
                                 <item>OR: "Symptom active: Suicidal Ideation"</item>
                                 <item> during <list>
                                       <item>OR: "Encounter: Encounter Office &amp; Outpatient Consult"</item>
                                       <item>OR: "Encounter: Encounter Psychiatric &amp; Psychologic"</item>
                                       <item> during "Measurement period"</item>
                                    </list>
                                 </item>
                              </list>
                           </item>
                        </list>
                     </item>
                     <item>AND: <list>
                           <item>AND: "Symptom active: Depressed Mood"</item>
                           <item>AND:  &gt;= 4 count(s) of<list>
                                 <item>OR: "Symptom active: Loss of Interest"</item>
                                 <item>OR: "Symptom active: Weight change"</item>
                                 <item>OR: "Symptom active: Sleep disturbance"</item>
                                 <item>OR: "Symptom active: Psychomotor Alteration"</item>
                                 <item>OR: "Symptom active: Fatigue"</item>
                                 <item>OR: "Symptom active: Feelings of Worthlessness"</item>
                                 <item>OR: "Symptom active: Diminished Concentration"</item>
                                 <item>OR: "Symptom active: Suicidal Ideation"</item>
                                 <item> during <list>
                                       <item>OR: "Encounter: Encounter Office &amp; Outpatient Consult"</item>
                                       <item>OR: "Encounter: Encounter Psychiatric &amp; Psychologic"</item>
                                       <item> during "Measurement period"</item>
                                    </list>
                                 </item>
                              </list>
                           </item>
                        </list>
                     </item>
                  </list>
               </item>
               <item>
                  <content styleCode="Bold">Exclusions =</content>
                  <list>
                     <item>None</item>
                  </list>
               </item>
            </list>
         </text><!--
            **************************************************************   
            Population Criteria Section: population 
            **************************************************************
      -->
         <entry typeCode="DRIV">
            <observation classCode="OBS" moodCode="EVN.CRT" isCriterionInd="true">
               <id root="EFC70056-A13C-4271-B6DA-A566BEC0CE70"/>
               <code code="ASSERTION" codeSystem="2.16.840.1.113883.5.4"/>
               <value xsi:type="CD" code="IPP" codeSystem="2.16.840.1.113883.5.1063" codeSystemName="HL7 Observation Value" displayName="Initial Patient Population"/><!--  top and/or -->
               <sourceOf typeCode="PRCN">
                  <conjunctionCode code="AND"/>
                  <act classCode="ACT" moodCode="EVN" isCriterionInd="true"><!-- patient characteristic pattern -->
                     <templateId root="2.16.840.1.113883.3.560.1.25"/>
                     <id root="AC171B2F-005A-4CEA-AED7-1FAE99BB8E42"/>
                     <code code="45970-1" displayName="Demographics" codeSystem="2.16.840.1.113883.6.1"/>
                     <sourceOf typeCode="COMP">
                        <observation classCode="OBS" moodCode="EVN" isCriterionInd="true">
                           <code code="2.16.840.1.113883.3.526.02.8" displayName="birth date HL7 Code List"/>
                           <title>Patient characteristic: birth date</title>
                           <sourceOf typeCode="SBS">
                              <pauseQuantity xsi:type="IVL_PQ">
                                 <low value="18" unit="a" inclusive="true"/>
                              </pauseQuantity>
                              <observation classCode="OBS" moodCode="EVN">
                                 <id root="318845ED-EA3E-4C44-A2E0-2AB81D6A5640"/>
                                 <title>Measurement period</title>
                              </observation>
                           </sourceOf>
                        </observation>
                     </sourceOf>
                  </act>
               </sourceOf>
               <sourceOf typeCode="PRCN">
                  <conjunctionCode code="AND"/>
                  <act classCode="ACT" moodCode="EVN" isCriterionInd="true">
                     <sourceOf typeCode="PRCN">
                        <conjunctionCode code="AND"/>
                        <act classCode="ACT" moodCode="EVN" isCriterionInd="true"><!-- diagnosis active pattern -->
                           <templateId root="2.16.840.1.113883.3.560.1.2"/>
                           <id root="CDDC874D-A14D-4651-A294-624AF1052102"/>
                           <code code="11450-4" displayName="Problem" codeSystem="2.16.840.1.113883.6.1"/>
                           <sourceOf typeCode="COMP">
                              <observation classCode="OBS" moodCode="EVN" isCriterionInd="true">
                                 <code code="55607006" codeSystem="2.16.840.1.113883.6.96" displayName="Problem"/>
                                 <title>Diagnosis active: Major Depressive Disorder New or Recurrent</title>
                                 <value xsi:type="CD" code="2.16.840.1.113883.3.526.03.558" displayName="Major Depressive Disorder New or Recurrent Code List GROUPING"/>
                                 <sourceOf typeCode="REFR">
                                    <observation classCode="OBS" moodCode="EVN" isCriterionInd="true">
                                       <code code="33999-4" codeSystem="2.16.840.1.113883.6.1" displayName="Status"/>
                                       <value xsi:type="CD" code="55561003" displayName="active" codeSystem="2.16.840.1.113883.6.96"/>
                                    </observation>
                                 </sourceOf>
                                 <sourceOf typeCode="EAS" inversionInd="true">
                                    <act classCode="ACT" moodCode="EVN" isCriterionInd="true">
                                       <sourceOf typeCode="PRCN">
                                          <conjunctionCode code="OR"/>
                                          <act classCode="ACT" moodCode="EVN" isCriterionInd="true"><!-- encounter pattern -->
                                             <templateId root="2.16.840.1.113883.3.560.1.4"/>
                                             <id root="9BDDB3B5-DACC-464E-B11A-BA1D4F469D20"/>
                                             <code code="46240-8" displayName="Encounter list" codeSystem="2.16.840.1.113883.6.1"/>
                                             <sourceOf typeCode="COMP">
                                                <encounter classCode="ENC" moodCode="EVN" isCriterionInd="true">
                                                   <code code="2.16.840.1.113883.3.526.02.99" displayName="Encounter Office &amp; Outpatient Consult CPT Code List"/>
                                                   <title>Encounter: Encounter Office &amp; Outpatient Consult</title>
                                                </encounter>
                                             </sourceOf>
                                          </act>
                                       </sourceOf>
                                       <sourceOf typeCode="PRCN">
                                          <conjunctionCode code="OR"/>
                                          <act classCode="ACT" moodCode="EVN" isCriterionInd="true"><!-- encounter pattern -->
                                             <templateId root="2.16.840.1.113883.3.560.1.4"/>
                                             <id root="A2F15EC9-EE99-407E-9358-9C56ED6A89F3"/>
                                             <code code="46240-8" displayName="Encounter list" codeSystem="2.16.840.1.113883.6.1"/>
                                             <sourceOf typeCode="COMP">
                                                <encounter classCode="ENC" moodCode="EVN" isCriterionInd="true">
                                                   <code code="2.16.840.1.113883.3.526.02.103" displayName="Encounter Psychiatric &amp; Psychologic CPT Code List"/>
                                                   <title>Encounter: Encounter Psychiatric &amp; Psychologic</title>
                                                </encounter>
                                             </sourceOf>
                                          </act>
                                       </sourceOf>
                                       <sourceOf typeCode="DURING">
                                          <observation classCode="OBS" moodCode="EVN" isCriterionInd="true">
                                             <id root="318845ED-EA3E-4C44-A2E0-2AB81D6A5640"/>
                                             <title>Measurement period</title>
                                          </observation>
                                       </sourceOf>
                                    </act>
                                 </sourceOf>
                              </observation>
                           </sourceOf>
                        </act>
                     </sourceOf>
                     <sourceOf typeCode="PRCN">
                        <conjunctionCode code="AND"/>
                        <act classCode="ACT" moodCode="EVN" isCriterionInd="true">
                           <repeatNumber>
                              <low value="2" inclusive="true"/>
                           </repeatNumber>
                           <sourceOf typeCode="PRCN">
                              <conjunctionCode code="OR"/>
                              <act classCode="ACT" moodCode="EVN" isCriterionInd="true"><!-- encounter pattern -->
                                 <templateId root="2.16.840.1.113883.3.560.1.4"/>
                                 <id root="9BDDB3B5-DACC-464E-B11A-BA1D4F469D20"/>
                                 <code code="46240-8" displayName="Encounter list" codeSystem="2.16.840.1.113883.6.1"/>
                                 <sourceOf typeCode="COMP">
                                    <encounter classCode="ENC" moodCode="EVN" isCriterionInd="true">
                                       <code code="2.16.840.1.113883.3.526.02.99" displayName="Encounter Office &amp; Outpatient Consult CPT Code List"/>
                                       <title>Encounter: Encounter Office &amp; Outpatient Consult</title>
                                    </encounter>
                                 </sourceOf>
                              </act>
                           </sourceOf>
                           <sourceOf typeCode="PRCN">
                              <conjunctionCode code="OR"/>
                              <act classCode="ACT" moodCode="EVN" isCriterionInd="true"><!-- encounter pattern -->
                                 <templateId root="2.16.840.1.113883.3.560.1.4"/>
                                 <id root="A2F15EC9-EE99-407E-9358-9C56ED6A89F3"/>
                                 <code code="46240-8" displayName="Encounter list" codeSystem="2.16.840.1.113883.6.1"/>
                                 <sourceOf typeCode="COMP">
                                    <encounter classCode="ENC" moodCode="EVN" isCriterionInd="true">
                                       <code code="2.16.840.1.113883.3.526.02.103" displayName="Encounter Psychiatric &amp; Psychologic CPT Code List"/>
                                       <title>Encounter: Encounter Psychiatric &amp; Psychologic</title>
                                    </encounter>
                                 </sourceOf>
                              </act>
                           </sourceOf>
                           <sourceOf typeCode="DURING">
                              <observation classCode="OBS" moodCode="EVN" isCriterionInd="true">
                                 <id root="318845ED-EA3E-4C44-A2E0-2AB81D6A5640"/>
                                 <title>Measurement period</title>
                              </observation>
                           </sourceOf>
                        </act>
                     </sourceOf>
                  </act>
               </sourceOf>
            </observation>
         </entry><!--
            **************************************************************   
            Population Criteria Section: denominator 
            **************************************************************
      -->
         <entry typeCode="DRIV">
            <observation classCode="OBS" moodCode="EVN.CRT" isCriterionInd="true">
               <id root="02E34F69-CD63-472C-9262-CC24BB41EB35"/>
               <code code="ASSERTION" codeSystem="2.16.840.1.113883.5.4"/>
               <value xsi:type="CD" code="DENOM" codeSystem="2.16.840.1.113883.5.1063" codeSystemName="HL7 Observation Value" displayName="Denominator"/><!--  top and/or -->
               <sourceOf typeCode="PRCN">
                  <conjunctionCode code="AND"/>
                  <observation classCode="OBS" moodCode="EVN" isCriterionInd="true">
                     <id root="EFC70056-A13C-4271-B6DA-A566BEC0CE70"/>
                     <title>Initial Patient Population</title>
                  </observation>
               </sourceOf>
            </observation>
         </entry><!--
            **************************************************************   
            Population Criteria Section: numerator 
            **************************************************************
      -->
         <entry typeCode="DRIV">
            <observation classCode="OBS" moodCode="EVN.CRT" isCriterionInd="true">
               <id root="80F1E394-1DD3-495C-BF34-1630C648427D"/>
               <code code="ASSERTION" codeSystem="2.16.840.1.113883.5.4"/>
               <value xsi:type="CD" code="NUMER" codeSystem="2.16.840.1.113883.5.1063" codeSystemName="HL7 Observation Value" displayName="Numerator"/><!--  top and/or -->
               <sourceOf typeCode="PRCN">
                  <conjunctionCode code="AND"/>
                  <act classCode="ACT" moodCode="EVN" isCriterionInd="true">
                     <sourceOf typeCode="PRCN">
                        <conjunctionCode code="AND"/>
                        <act classCode="ACT" moodCode="EVN" isCriterionInd="true"><!-- symptom active pattern -->
                           <templateId root="2.16.840.1.113883.3.560.1.69"/>
                           <id root="81491716-A7AC-4C64-8158-1DF1A08A73B9"/>
                           <code code="46691-2" codeSystem="2.16.840.1.113883.6.1" displayName="Symptoms"/>
                           <sourceOf typeCode="COMP">
                              <observation classCode="OBS" moodCode="EVN" isCriterionInd="true">
                                 <code code="2.16.840.1.113883.3.526.02.350" displayName="Loss of Interest SNOMED-CT Code List"/>
                                 <title>Symptom active: Loss of Interest</title>
                                 <sourceOf typeCode="REFR">
                                    <observation classCode="OBS" moodCode="EVN" isCriterionInd="true">
                                       <code code="33999-4" codeSystem="2.16.840.1.113883.6.1" displayName="Status"/>
                                       <value xsi:type="CD" code="55561003" displayName="active" codeSystem="2.16.840.1.113883.6.96"/>
                                    </observation>
                                 </sourceOf>
                              </observation>
                           </sourceOf>
                        </act>
                     </sourceOf>
                     <sourceOf typeCode="PRCN">
                        <conjunctionCode code="AND"/>
                        <act classCode="ACT" moodCode="EVN" isCriterionInd="true">
                           <repeatNumber>
                              <low value="4" inclusive="true"/>
                           </repeatNumber>
                           <sourceOf typeCode="PRCN">
                              <conjunctionCode code="OR"/>
                              <act classCode="ACT" moodCode="EVN" isCriterionInd="true"><!-- symptom active pattern -->
                                 <templateId root="2.16.840.1.113883.3.560.1.69"/>
                                 <id root="E8D777BC-E63C-4793-83BD-130BA9A04BA3"/>
                                 <code code="46691-2" codeSystem="2.16.840.1.113883.6.1" displayName="Symptoms"/>
                                 <sourceOf typeCode="COMP">
                                    <observation classCode="OBS" moodCode="EVN" isCriterionInd="true">
                                       <code code="2.16.840.1.113883.3.526.02.349" displayName="Depressed Mood SNOMED-CT Code List"/>
                                       <title>Symptom active: Depressed Mood</title>
                                       <sourceOf typeCode="REFR">
                                          <observation classCode="OBS" moodCode="EVN" isCriterionInd="true">
                                             <code code="33999-4" codeSystem="2.16.840.1.113883.6.1" displayName="Status"/>
                                             <value xsi:type="CD" code="55561003" displayName="active" codeSystem="2.16.840.1.113883.6.96"/>
                                          </observation>
                                       </sourceOf>
                                    </observation>
                                 </sourceOf>
                              </act>
                           </sourceOf>
                           <sourceOf typeCode="PRCN">
                              <conjunctionCode code="OR"/>
                              <act classCode="ACT" moodCode="EVN" isCriterionInd="true"><!-- symptom active pattern -->
                                 <templateId root="2.16.840.1.113883.3.560.1.69"/>
                                 <id root="819A89DE-13CD-466C-AB4E-B14549274BC0"/>
                                 <code code="46691-2" codeSystem="2.16.840.1.113883.6.1" displayName="Symptoms"/>
                                 <sourceOf typeCode="COMP">
                                    <observation classCode="OBS" moodCode="EVN" isCriterionInd="true">
                                       <code code="2.16.840.1.113883.3.526.02.547" displayName="Weight change SNOMED-CT Code List"/>
                                       <title>Symptom active: Weight change</title>
                                       <sourceOf typeCode="REFR">
                                          <observation classCode="OBS" moodCode="EVN" isCriterionInd="true">
                                             <code code="33999-4" codeSystem="2.16.840.1.113883.6.1" displayName="Status"/>
                                             <value xsi:type="CD" code="55561003" displayName="active" codeSystem="2.16.840.1.113883.6.96"/>
                                          </observation>
                                       </sourceOf>
                                    </observation>
                                 </sourceOf>
                              </act>
                           </sourceOf>
                           <sourceOf typeCode="PRCN">
                              <conjunctionCode code="OR"/>
                              <act classCode="ACT" moodCode="EVN" isCriterionInd="true"><!-- symptom active pattern -->
                                 <templateId root="2.16.840.1.113883.3.560.1.69"/>
                                 <id root="34EFDA63-0375-468E-B19C-0F799BC7D290"/>
                                 <code code="46691-2" codeSystem="2.16.840.1.113883.6.1" displayName="Symptoms"/>
                                 <sourceOf typeCode="COMP">
                                    <observation classCode="OBS" moodCode="EVN" isCriterionInd="true">
                                       <code code="2.16.840.1.113883.3.526.02.548" displayName="Sleep disturbance SNOMED-CT Code List"/>
                                       <title>Symptom active: Sleep disturbance</title>
                                       <sourceOf typeCode="REFR">
                                          <observation classCode="OBS" moodCode="EVN" isCriterionInd="true">
                                             <code code="33999-4" codeSystem="2.16.840.1.113883.6.1" displayName="Status"/>
                                             <value xsi:type="CD" code="55561003" displayName="active" codeSystem="2.16.840.1.113883.6.96"/>
                                          </observation>
                                       </sourceOf>
                                    </observation>
                                 </sourceOf>
                              </act>
                           </sourceOf>
                           <sourceOf typeCode="PRCN">
                              <conjunctionCode code="OR"/>
                              <act classCode="ACT" moodCode="EVN" isCriterionInd="true"><!-- symptom active pattern -->
                                 <templateId root="2.16.840.1.113883.3.560.1.69"/>
                                 <id root="6BA76E29-0FC8-4C75-9DB6-F49D0783D61D"/>
                                 <code code="46691-2" codeSystem="2.16.840.1.113883.6.1" displayName="Symptoms"/>
                                 <sourceOf typeCode="COMP">
                                    <observation classCode="OBS" moodCode="EVN" isCriterionInd="true">
                                       <code code="2.16.840.1.113883.3.526.02.550" displayName="Psychomotor Alteration SNOMED-CT Code List"/>
                                       <title>Symptom active: Psychomotor Alteration</title>
                                       <sourceOf typeCode="REFR">
                                          <observation classCode="OBS" moodCode="EVN" isCriterionInd="true">
                                             <code code="33999-4" codeSystem="2.16.840.1.113883.6.1" displayName="Status"/>
                                             <value xsi:type="CD" code="55561003" displayName="active" codeSystem="2.16.840.1.113883.6.96"/>
                                          </observation>
                                       </sourceOf>
                                    </observation>
                                 </sourceOf>
                              </act>
                           </sourceOf>
                           <sourceOf typeCode="PRCN">
                              <conjunctionCode code="OR"/>
                              <act classCode="ACT" moodCode="EVN" isCriterionInd="true"><!-- symptom active pattern -->
                                 <templateId root="2.16.840.1.113883.3.560.1.69"/>
                                 <id root="BF918039-800B-4359-B5C9-FDAF7CA3B4D7"/>
                                 <code code="46691-2" codeSystem="2.16.840.1.113883.6.1" displayName="Symptoms"/>
                                 <sourceOf typeCode="COMP">
                                    <observation classCode="OBS" moodCode="EVN" isCriterionInd="true">
                                       <code code="2.16.840.1.113883.3.526.02.552" displayName="Fatigue SNOMED-CT Code List"/>
                                       <title>Symptom active: Fatigue</title>
                                       <sourceOf typeCode="REFR">
                                          <observation classCode="OBS" moodCode="EVN" isCriterionInd="true">
                                             <code code="33999-4" codeSystem="2.16.840.1.113883.6.1" displayName="Status"/>
                                             <value xsi:type="CD" code="55561003" displayName="active" codeSystem="2.16.840.1.113883.6.96"/>
                                          </observation>
                                       </sourceOf>
                                    </observation>
                                 </sourceOf>
                              </act>
                           </sourceOf>
                           <sourceOf typeCode="PRCN">
                              <conjunctionCode code="OR"/>
                              <act classCode="ACT" moodCode="EVN" isCriterionInd="true"><!-- symptom active pattern -->
                                 <templateId root="2.16.840.1.113883.3.560.1.69"/>
                                 <id root="438C2A5C-AF48-486A-A357-CA59CABDAF6C"/>
                                 <code code="46691-2" codeSystem="2.16.840.1.113883.6.1" displayName="Symptoms"/>
                                 <sourceOf typeCode="COMP">
                                    <observation classCode="OBS" moodCode="EVN" isCriterionInd="true">
                                       <code code="2.16.840.1.113883.3.526.02.553" displayName="Feelings of Worthlessness SNOMED-CT Code List"/>
                                       <title>Symptom active: Feelings of Worthlessness</title>
                                       <sourceOf typeCode="REFR">
                                          <observation classCode="OBS" moodCode="EVN" isCriterionInd="true">
                                             <code code="33999-4" codeSystem="2.16.840.1.113883.6.1" displayName="Status"/>
                                             <value xsi:type="CD" code="55561003" displayName="active" codeSystem="2.16.840.1.113883.6.96"/>
                                          </observation>
                                       </sourceOf>
                                    </observation>
                                 </sourceOf>
                              </act>
                           </sourceOf>
                           <sourceOf typeCode="PRCN">
                              <conjunctionCode code="OR"/>
                              <act classCode="ACT" moodCode="EVN" isCriterionInd="true"><!-- symptom active pattern -->
                                 <templateId root="2.16.840.1.113883.3.560.1.69"/>
                                 <id root="3A47B2A2-076A-4C40-B81F-C558392F91D3"/>
                                 <code code="46691-2" codeSystem="2.16.840.1.113883.6.1" displayName="Symptoms"/>
                                 <sourceOf typeCode="COMP">
                                    <observation classCode="OBS" moodCode="EVN" isCriterionInd="true">
                                       <code code="2.16.840.1.113883.3.526.02.554" displayName="Diminished Concentration SNOMED-CT Code List"/>
                                       <title>Symptom active: Diminished Concentration</title>
                                       <sourceOf typeCode="REFR">
                                          <observation classCode="OBS" moodCode="EVN" isCriterionInd="true">
                                             <code code="33999-4" codeSystem="2.16.840.1.113883.6.1" displayName="Status"/>
                                             <value xsi:type="CD" code="55561003" displayName="active" codeSystem="2.16.840.1.113883.6.96"/>
                                          </observation>
                                       </sourceOf>
                                    </observation>
                                 </sourceOf>
                              </act>
                           </sourceOf>
                           <sourceOf typeCode="PRCN">
                              <conjunctionCode code="OR"/>
                              <act classCode="ACT" moodCode="EVN" isCriterionInd="true"><!-- symptom active pattern -->
                                 <templateId root="2.16.840.1.113883.3.560.1.69"/>
                                 <id root="3AD41953-0E21-4D31-ACD5-F1D71593C6BD"/>
                                 <code code="46691-2" codeSystem="2.16.840.1.113883.6.1" displayName="Symptoms"/>
                                 <sourceOf typeCode="COMP">
                                    <observation classCode="OBS" moodCode="EVN" isCriterionInd="true">
                                       <code code="2.16.840.1.113883.3.526.02.555" displayName="Suicidal Ideation SNOMED-CT Code List"/>
                                       <title>Symptom active: Suicidal Ideation</title>
                                       <sourceOf typeCode="REFR">
                                          <observation classCode="OBS" moodCode="EVN" isCriterionInd="true">
                                             <code code="33999-4" codeSystem="2.16.840.1.113883.6.1" displayName="Status"/>
                                             <value xsi:type="CD" code="55561003" displayName="active" codeSystem="2.16.840.1.113883.6.96"/>
                                          </observation>
                                       </sourceOf>
                                    </observation>
                                 </sourceOf>
                              </act>
                           </sourceOf>
                           <sourceOf typeCode="DURING">
                              <act classCode="ACT" moodCode="EVN" isCriterionInd="true">
                                 <sourceOf typeCode="PRCN">
                                    <conjunctionCode code="OR"/>
                                    <act classCode="ACT" moodCode="EVN" isCriterionInd="true"><!-- encounter pattern -->
                                       <templateId root="2.16.840.1.113883.3.560.1.4"/>
                                       <id root="9BDDB3B5-DACC-464E-B11A-BA1D4F469D20"/>
                                       <code code="46240-8" displayName="Encounter list" codeSystem="2.16.840.1.113883.6.1"/>
                                       <sourceOf typeCode="COMP">
                                          <encounter classCode="ENC" moodCode="EVN" isCriterionInd="true">
                                             <code code="2.16.840.1.113883.3.526.02.99" displayName="Encounter Office &amp; Outpatient Consult CPT Code List"/>
                                             <title>Encounter: Encounter Office &amp; Outpatient Consult</title>
                                          </encounter>
                                       </sourceOf>
                                    </act>
                                 </sourceOf>
                                 <sourceOf typeCode="PRCN">
                                    <conjunctionCode code="OR"/>
                                    <act classCode="ACT" moodCode="EVN" isCriterionInd="true"><!-- encounter pattern -->
                                       <templateId root="2.16.840.1.113883.3.560.1.4"/>
                                       <id root="A2F15EC9-EE99-407E-9358-9C56ED6A89F3"/>
                                       <code code="46240-8" displayName="Encounter list" codeSystem="2.16.840.1.113883.6.1"/>
                                       <sourceOf typeCode="COMP">
                                          <encounter classCode="ENC" moodCode="EVN" isCriterionInd="true">
                                             <code code="2.16.840.1.113883.3.526.02.103" displayName="Encounter Psychiatric &amp; Psychologic CPT Code List"/>
                                             <title>Encounter: Encounter Psychiatric &amp; Psychologic</title>
                                          </encounter>
                                       </sourceOf>
                                    </act>
                                 </sourceOf>
                                 <sourceOf typeCode="DURING">
                                    <observation classCode="OBS" moodCode="EVN" isCriterionInd="true">
                                       <id root="318845ED-EA3E-4C44-A2E0-2AB81D6A5640"/>
                                       <title>Measurement period</title>
                                    </observation>
                                 </sourceOf>
                              </act>
                           </sourceOf>
                        </act>
                     </sourceOf>
                  </act>
               </sourceOf>
               <sourceOf typeCode="PRCN">
                  <conjunctionCode code="AND"/>
                  <act classCode="ACT" moodCode="EVN" isCriterionInd="true">
                     <sourceOf typeCode="PRCN">
                        <conjunctionCode code="AND"/>
                        <act classCode="ACT" moodCode="EVN" isCriterionInd="true"><!-- symptom active pattern -->
                           <templateId root="2.16.840.1.113883.3.560.1.69"/>
                           <id root="E8D777BC-E63C-4793-83BD-130BA9A04BA3"/>
                           <code code="46691-2" codeSystem="2.16.840.1.113883.6.1" displayName="Symptoms"/>
                           <sourceOf typeCode="COMP">
                              <observation classCode="OBS" moodCode="EVN" isCriterionInd="true">
                                 <code code="2.16.840.1.113883.3.526.02.349" displayName="Depressed Mood SNOMED-CT Code List"/>
                                 <title>Symptom active: Depressed Mood</title>
                                 <sourceOf typeCode="REFR">
                                    <observation classCode="OBS" moodCode="EVN" isCriterionInd="true">
                                       <code code="33999-4" codeSystem="2.16.840.1.113883.6.1" displayName="Status"/>
                                       <value xsi:type="CD" code="55561003" displayName="active" codeSystem="2.16.840.1.113883.6.96"/>
                                    </observation>
                                 </sourceOf>
                              </observation>
                           </sourceOf>
                        </act>
                     </sourceOf>
                     <sourceOf typeCode="PRCN">
                        <conjunctionCode code="AND"/>
                        <act classCode="ACT" moodCode="EVN" isCriterionInd="true">
                           <repeatNumber>
                              <low value="4" inclusive="true"/>
                           </repeatNumber>
                           <sourceOf typeCode="PRCN">
                              <conjunctionCode code="OR"/>
                              <act classCode="ACT" moodCode="EVN" isCriterionInd="true"><!-- symptom active pattern -->
                                 <templateId root="2.16.840.1.113883.3.560.1.69"/>
                                 <id root="81491716-A7AC-4C64-8158-1DF1A08A73B9"/>
                                 <code code="46691-2" codeSystem="2.16.840.1.113883.6.1" displayName="Symptoms"/>
                                 <sourceOf typeCode="COMP">
                                    <observation classCode="OBS" moodCode="EVN" isCriterionInd="true">
                                       <code code="2.16.840.1.113883.3.526.02.350" displayName="Loss of Interest SNOMED-CT Code List"/>
                                       <title>Symptom active: Loss of Interest</title>
                                       <sourceOf typeCode="REFR">
                                          <observation classCode="OBS" moodCode="EVN" isCriterionInd="true">
                                             <code code="33999-4" codeSystem="2.16.840.1.113883.6.1" displayName="Status"/>
                                             <value xsi:type="CD" code="55561003" displayName="active" codeSystem="2.16.840.1.113883.6.96"/>
                                          </observation>
                                       </sourceOf>
                                    </observation>
                                 </sourceOf>
                              </act>
                           </sourceOf>
                           <sourceOf typeCode="PRCN">
                              <conjunctionCode code="OR"/>
                              <act classCode="ACT" moodCode="EVN" isCriterionInd="true"><!-- symptom active pattern -->
                                 <templateId root="2.16.840.1.113883.3.560.1.69"/>
                                 <id root="819A89DE-13CD-466C-AB4E-B14549274BC0"/>
                                 <code code="46691-2" codeSystem="2.16.840.1.113883.6.1" displayName="Symptoms"/>
                                 <sourceOf typeCode="COMP">
                                    <observation classCode="OBS" moodCode="EVN" isCriterionInd="true">
                                       <code code="2.16.840.1.113883.3.526.02.547" displayName="Weight change SNOMED-CT Code List"/>
                                       <title>Symptom active: Weight change</title>
                                       <sourceOf typeCode="REFR">
                                          <observation classCode="OBS" moodCode="EVN" isCriterionInd="true">
                                             <code code="33999-4" codeSystem="2.16.840.1.113883.6.1" displayName="Status"/>
                                             <value xsi:type="CD" code="55561003" displayName="active" codeSystem="2.16.840.1.113883.6.96"/>
                                          </observation>
                                       </sourceOf>
                                    </observation>
                                 </sourceOf>
                              </act>
                           </sourceOf>
                           <sourceOf typeCode="PRCN">
                              <conjunctionCode code="OR"/>
                              <act classCode="ACT" moodCode="EVN" isCriterionInd="true"><!-- symptom active pattern -->
                                 <templateId root="2.16.840.1.113883.3.560.1.69"/>
                                 <id root="34EFDA63-0375-468E-B19C-0F799BC7D290"/>
                                 <code code="46691-2" codeSystem="2.16.840.1.113883.6.1" displayName="Symptoms"/>
                                 <sourceOf typeCode="COMP">
                                    <observation classCode="OBS" moodCode="EVN" isCriterionInd="true">
                                       <code code="2.16.840.1.113883.3.526.02.548" displayName="Sleep disturbance SNOMED-CT Code List"/>
                                       <title>Symptom active: Sleep disturbance</title>
                                       <sourceOf typeCode="REFR">
                                          <observation classCode="OBS" moodCode="EVN" isCriterionInd="true">
                                             <code code="33999-4" codeSystem="2.16.840.1.113883.6.1" displayName="Status"/>
                                             <value xsi:type="CD" code="55561003" displayName="active" codeSystem="2.16.840.1.113883.6.96"/>
                                          </observation>
                                       </sourceOf>
                                    </observation>
                                 </sourceOf>
                              </act>
                           </sourceOf>
                           <sourceOf typeCode="PRCN">
                              <conjunctionCode code="OR"/>
                              <act classCode="ACT" moodCode="EVN" isCriterionInd="true"><!-- symptom active pattern -->
                                 <templateId root="2.16.840.1.113883.3.560.1.69"/>
                                 <id root="6BA76E29-0FC8-4C75-9DB6-F49D0783D61D"/>
                                 <code code="46691-2" codeSystem="2.16.840.1.113883.6.1" displayName="Symptoms"/>
                                 <sourceOf typeCode="COMP">
                                    <observation classCode="OBS" moodCode="EVN" isCriterionInd="true">
                                       <code code="2.16.840.1.113883.3.526.02.550" displayName="Psychomotor Alteration SNOMED-CT Code List"/>
                                       <title>Symptom active: Psychomotor Alteration</title>
                                       <sourceOf typeCode="REFR">
                                          <observation classCode="OBS" moodCode="EVN" isCriterionInd="true">
                                             <code code="33999-4" codeSystem="2.16.840.1.113883.6.1" displayName="Status"/>
                                             <value xsi:type="CD" code="55561003" displayName="active" codeSystem="2.16.840.1.113883.6.96"/>
                                          </observation>
                                       </sourceOf>
                                    </observation>
                                 </sourceOf>
                              </act>
                           </sourceOf>
                           <sourceOf typeCode="PRCN">
                              <conjunctionCode code="OR"/>
                              <act classCode="ACT" moodCode="EVN" isCriterionInd="true"><!-- symptom active pattern -->
                                 <templateId root="2.16.840.1.113883.3.560.1.69"/>
                                 <id root="BF918039-800B-4359-B5C9-FDAF7CA3B4D7"/>
                                 <code code="46691-2" codeSystem="2.16.840.1.113883.6.1" displayName="Symptoms"/>
                                 <sourceOf typeCode="COMP">
                                    <observation classCode="OBS" moodCode="EVN" isCriterionInd="true">
                                       <code code="2.16.840.1.113883.3.526.02.552" displayName="Fatigue SNOMED-CT Code List"/>
                                       <title>Symptom active: Fatigue</title>
                                       <sourceOf typeCode="REFR">
                                          <observation classCode="OBS" moodCode="EVN" isCriterionInd="true">
                                             <code code="33999-4" codeSystem="2.16.840.1.113883.6.1" displayName="Status"/>
                                             <value xsi:type="CD" code="55561003" displayName="active" codeSystem="2.16.840.1.113883.6.96"/>
                                          </observation>
                                       </sourceOf>
                                    </observation>
                                 </sourceOf>
                              </act>
                           </sourceOf>
                           <sourceOf typeCode="PRCN">
                              <conjunctionCode code="OR"/>
                              <act classCode="ACT" moodCode="EVN" isCriterionInd="true"><!-- symptom active pattern -->
                                 <templateId root="2.16.840.1.113883.3.560.1.69"/>
                                 <id root="438C2A5C-AF48-486A-A357-CA59CABDAF6C"/>
                                 <code code="46691-2" codeSystem="2.16.840.1.113883.6.1" displayName="Symptoms"/>
                                 <sourceOf typeCode="COMP">
                                    <observation classCode="OBS" moodCode="EVN" isCriterionInd="true">
                                       <code code="2.16.840.1.113883.3.526.02.553" displayName="Feelings of Worthlessness SNOMED-CT Code List"/>
                                       <title>Symptom active: Feelings of Worthlessness</title>
                                       <sourceOf typeCode="REFR">
                                          <observation classCode="OBS" moodCode="EVN" isCriterionInd="true">
                                             <code code="33999-4" codeSystem="2.16.840.1.113883.6.1" displayName="Status"/>
                                             <value xsi:type="CD" code="55561003" displayName="active" codeSystem="2.16.840.1.113883.6.96"/>
                                          </observation>
                                       </sourceOf>
                                    </observation>
                                 </sourceOf>
                              </act>
                           </sourceOf>
                           <sourceOf typeCode="PRCN">
                              <conjunctionCode code="OR"/>
                              <act classCode="ACT" moodCode="EVN" isCriterionInd="true"><!-- symptom active pattern -->
                                 <templateId root="2.16.840.1.113883.3.560.1.69"/>
                                 <id root="3A47B2A2-076A-4C40-B81F-C558392F91D3"/>
                                 <code code="46691-2" codeSystem="2.16.840.1.113883.6.1" displayName="Symptoms"/>
                                 <sourceOf typeCode="COMP">
                                    <observation classCode="OBS" moodCode="EVN" isCriterionInd="true">
                                       <code code="2.16.840.1.113883.3.526.02.554" displayName="Diminished Concentration SNOMED-CT Code List"/>
                                       <title>Symptom active: Diminished Concentration</title>
                                       <sourceOf typeCode="REFR">
                                          <observation classCode="OBS" moodCode="EVN" isCriterionInd="true">
                                             <code code="33999-4" codeSystem="2.16.840.1.113883.6.1" displayName="Status"/>
                                             <value xsi:type="CD" code="55561003" displayName="active" codeSystem="2.16.840.1.113883.6.96"/>
                                          </observation>
                                       </sourceOf>
                                    </observation>
                                 </sourceOf>
                              </act>
                           </sourceOf>
                           <sourceOf typeCode="PRCN">
                              <conjunctionCode code="OR"/>
                              <act classCode="ACT" moodCode="EVN" isCriterionInd="true"><!-- symptom active pattern -->
                                 <templateId root="2.16.840.1.113883.3.560.1.69"/>
                                 <id root="3AD41953-0E21-4D31-ACD5-F1D71593C6BD"/>
                                 <code code="46691-2" codeSystem="2.16.840.1.113883.6.1" displayName="Symptoms"/>
                                 <sourceOf typeCode="COMP">
                                    <observation classCode="OBS" moodCode="EVN" isCriterionInd="true">
                                       <code code="2.16.840.1.113883.3.526.02.555" displayName="Suicidal Ideation SNOMED-CT Code List"/>
                                       <title>Symptom active: Suicidal Ideation</title>
                                       <sourceOf typeCode="REFR">
                                          <observation classCode="OBS" moodCode="EVN" isCriterionInd="true">
                                             <code code="33999-4" codeSystem="2.16.840.1.113883.6.1" displayName="Status"/>
                                             <value xsi:type="CD" code="55561003" displayName="active" codeSystem="2.16.840.1.113883.6.96"/>
                                          </observation>
                                       </sourceOf>
                                    </observation>
                                 </sourceOf>
                              </act>
                           </sourceOf>
                           <sourceOf typeCode="DURING">
                              <act classCode="ACT" moodCode="EVN" isCriterionInd="true">
                                 <sourceOf typeCode="PRCN">
                                    <conjunctionCode code="OR"/>
                                    <act classCode="ACT" moodCode="EVN" isCriterionInd="true"><!-- encounter pattern -->
                                       <templateId root="2.16.840.1.113883.3.560.1.4"/>
                                       <id root="9BDDB3B5-DACC-464E-B11A-BA1D4F469D20"/>
                                       <code code="46240-8" displayName="Encounter list" codeSystem="2.16.840.1.113883.6.1"/>
                                       <sourceOf typeCode="COMP">
                                          <encounter classCode="ENC" moodCode="EVN" isCriterionInd="true">
                                             <code code="2.16.840.1.113883.3.526.02.99" displayName="Encounter Office &amp; Outpatient Consult CPT Code List"/>
                                             <title>Encounter: Encounter Office &amp; Outpatient Consult</title>
                                          </encounter>
                                       </sourceOf>
                                    </act>
                                 </sourceOf>
                                 <sourceOf typeCode="PRCN">
                                    <conjunctionCode code="OR"/>
                                    <act classCode="ACT" moodCode="EVN" isCriterionInd="true"><!-- encounter pattern -->
                                       <templateId root="2.16.840.1.113883.3.560.1.4"/>
                                       <id root="A2F15EC9-EE99-407E-9358-9C56ED6A89F3"/>
                                       <code code="46240-8" displayName="Encounter list" codeSystem="2.16.840.1.113883.6.1"/>
                                       <sourceOf typeCode="COMP">
                                          <encounter classCode="ENC" moodCode="EVN" isCriterionInd="true">
                                             <code code="2.16.840.1.113883.3.526.02.103" displayName="Encounter Psychiatric &amp; Psychologic CPT Code List"/>
                                             <title>Encounter: Encounter Psychiatric &amp; Psychologic</title>
                                          </encounter>
                                       </sourceOf>
                                    </act>
                                 </sourceOf>
                                 <sourceOf typeCode="DURING">
                                    <observation classCode="OBS" moodCode="EVN" isCriterionInd="true">
                                       <id root="318845ED-EA3E-4C44-A2E0-2AB81D6A5640"/>
                                       <title>Measurement period</title>
                                    </observation>
                                 </sourceOf>
                              </act>
                           </sourceOf>
                        </act>
                     </sourceOf>
                  </act>
               </sourceOf>
            </observation>
         </entry>
      </section>
   </component>
         
      <!--
         ******************************************   
         Data Criteria Section
         ******************************************
      --><component typeCode="COMP">
      <section>
         <code code="57025-9" codeSystem="2.16.840.1.113883.6.1" displayName="Data criteria (QDS Data Elements)"/>
         <title>Data criteria (QDS Data Elements)</title>
         <text>
            <list>
               <item>
                  <content>"Diagnosis active: Major Depressive Disorder New or Recurrent"</content> using "Major Depressive Disorder New or Recurrent Code List GROUPING (2.16.840.1.113883.3.526.03.558)"</item>
               <item>
                  <content>"Encounter: Encounter Office &amp; Outpatient Consult"</content> using "Encounter Office &amp; Outpatient Consult CPT Code List (2.16.840.1.113883.3.526.02.99)"</item>
               <item>
                  <content>"Encounter: Encounter Psychiatric &amp; Psychologic"</content> using "Encounter Psychiatric &amp; Psychologic CPT Code List (2.16.840.1.113883.3.526.02.103)"</item>
               <item>
                  <content>"Patient characteristic: birth date" (age)</content> using "birth date HL7 Code List (2.16.840.1.113883.3.526.02.8)"</item>
               <item>
                  <content>"Symptom active: Depressed Mood"</content> using "Depressed Mood SNOMED-CT Code List (2.16.840.1.113883.3.526.02.349)"</item>
               <item>
                  <content>"Symptom active: Diminished Concentration"</content> using "Diminished Concentration SNOMED-CT Code List (2.16.840.1.113883.3.526.02.554)"</item>
               <item>
                  <content>"Symptom active: Fatigue"</content> using "Fatigue SNOMED-CT Code List (2.16.840.1.113883.3.526.02.552)"</item>
               <item>
                  <content>"Symptom active: Feelings of Worthlessness"</content> using "Feelings of Worthlessness SNOMED-CT Code List (2.16.840.1.113883.3.526.02.553)"</item>
               <item>
                  <content>"Symptom active: Loss of Interest"</content> using "Loss of Interest SNOMED-CT Code List (2.16.840.1.113883.3.526.02.350)"</item>
               <item>
                  <content>"Symptom active: Psychomotor Alteration"</content> using "Psychomotor Alteration SNOMED-CT Code List (2.16.840.1.113883.3.526.02.550)"</item>
               <item>
                  <content>"Symptom active: Sleep disturbance"</content> using "Sleep disturbance SNOMED-CT Code List (2.16.840.1.113883.3.526.02.548)"</item>
               <item>
                  <content>"Symptom active: Suicidal Ideation"</content> using "Suicidal Ideation SNOMED-CT Code List (2.16.840.1.113883.3.526.02.555)"</item>
               <item>
                  <content>"Symptom active: Weight change"</content> using "Weight change SNOMED-CT Code List (2.16.840.1.113883.3.526.02.547)"</item>
            </list>
         </text>
         <entry typeCode="DRIV">
            <act classCode="ACT" moodCode="EVN" isCriterionInd="true"><!-- patient characteristic pattern -->
               <templateId root="2.16.840.1.113883.3.560.1.25"/>
               <id root="AC171B2F-005A-4CEA-AED7-1FAE99BB8E42"/>
               <code code="45970-1" displayName="Demographics" codeSystem="2.16.840.1.113883.6.1"/>
               <sourceOf typeCode="COMP">
                  <observation classCode="OBS" moodCode="EVN" isCriterionInd="true">
                     <code code="2.16.840.1.113883.3.526.02.8" displayName="birth date HL7 Code List"/>
                     <title>Patient characteristic: birth date</title>
                  </observation>
               </sourceOf>
            </act>
         </entry>
         <entry typeCode="DRIV">
            <act classCode="ACT" moodCode="EVN" isCriterionInd="true"><!-- symptom active pattern -->
               <templateId root="2.16.840.1.113883.3.560.1.69"/>
               <id root="E8D777BC-E63C-4793-83BD-130BA9A04BA3"/>
               <code code="46691-2" codeSystem="2.16.840.1.113883.6.1" displayName="Symptoms"/>
               <sourceOf typeCode="COMP">
                  <observation classCode="OBS" moodCode="EVN" isCriterionInd="true">
                     <code code="2.16.840.1.113883.3.526.02.349" displayName="Depressed Mood SNOMED-CT Code List"/>
                     <title>Symptom active: Depressed Mood</title>
                     <sourceOf typeCode="REFR">
                        <observation classCode="OBS" moodCode="EVN" isCriterionInd="true">
                           <code code="33999-4" codeSystem="2.16.840.1.113883.6.1" displayName="Status"/>
                           <value xsi:type="CD" code="55561003" displayName="active" codeSystem="2.16.840.1.113883.6.96"/>
                        </observation>
                     </sourceOf>
                  </observation>
               </sourceOf>
            </act>
         </entry>
         <entry typeCode="DRIV">
            <act classCode="ACT" moodCode="EVN" isCriterionInd="true"><!-- symptom active pattern -->
               <templateId root="2.16.840.1.113883.3.560.1.69"/>
               <id root="3A47B2A2-076A-4C40-B81F-C558392F91D3"/>
               <code code="46691-2" codeSystem="2.16.840.1.113883.6.1" displayName="Symptoms"/>
               <sourceOf typeCode="COMP">
                  <observation classCode="OBS" moodCode="EVN" isCriterionInd="true">
                     <code code="2.16.840.1.113883.3.526.02.554" displayName="Diminished Concentration SNOMED-CT Code List"/>
                     <title>Symptom active: Diminished Concentration</title>
                     <sourceOf typeCode="REFR">
                        <observation classCode="OBS" moodCode="EVN" isCriterionInd="true">
                           <code code="33999-4" codeSystem="2.16.840.1.113883.6.1" displayName="Status"/>
                           <value xsi:type="CD" code="55561003" displayName="active" codeSystem="2.16.840.1.113883.6.96"/>
                        </observation>
                     </sourceOf>
                  </observation>
               </sourceOf>
            </act>
         </entry>
         <entry typeCode="DRIV">
            <act classCode="ACT" moodCode="EVN" isCriterionInd="true"><!-- encounter pattern -->
               <templateId root="2.16.840.1.113883.3.560.1.4"/>
               <id root="9BDDB3B5-DACC-464E-B11A-BA1D4F469D20"/>
               <code code="46240-8" displayName="Encounter list" codeSystem="2.16.840.1.113883.6.1"/>
               <sourceOf typeCode="COMP">
                  <encounter classCode="ENC" moodCode="EVN" isCriterionInd="true">
                     <code code="2.16.840.1.113883.3.526.02.99" displayName="Encounter Office &amp; Outpatient Consult CPT Code List"/>
                     <title>Encounter: Encounter Office &amp; Outpatient Consult</title>
                  </encounter>
               </sourceOf>
            </act>
         </entry>
         <entry typeCode="DRIV">
            <act classCode="ACT" moodCode="EVN" isCriterionInd="true"><!-- encounter pattern -->
               <templateId root="2.16.840.1.113883.3.560.1.4"/>
               <id root="A2F15EC9-EE99-407E-9358-9C56ED6A89F3"/>
               <code code="46240-8" displayName="Encounter list" codeSystem="2.16.840.1.113883.6.1"/>
               <sourceOf typeCode="COMP">
                  <encounter classCode="ENC" moodCode="EVN" isCriterionInd="true">
                     <code code="2.16.840.1.113883.3.526.02.103" displayName="Encounter Psychiatric &amp; Psychologic CPT Code List"/>
                     <title>Encounter: Encounter Psychiatric &amp; Psychologic</title>
                  </encounter>
               </sourceOf>
            </act>
         </entry>
         <entry typeCode="DRIV">
            <act classCode="ACT" moodCode="EVN" isCriterionInd="true"><!-- symptom active pattern -->
               <templateId root="2.16.840.1.113883.3.560.1.69"/>
               <id root="BF918039-800B-4359-B5C9-FDAF7CA3B4D7"/>
               <code code="46691-2" codeSystem="2.16.840.1.113883.6.1" displayName="Symptoms"/>
               <sourceOf typeCode="COMP">
                  <observation classCode="OBS" moodCode="EVN" isCriterionInd="true">
                     <code code="2.16.840.1.113883.3.526.02.552" displayName="Fatigue SNOMED-CT Code List"/>
                     <title>Symptom active: Fatigue</title>
                     <sourceOf typeCode="REFR">
                        <observation classCode="OBS" moodCode="EVN" isCriterionInd="true">
                           <code code="33999-4" codeSystem="2.16.840.1.113883.6.1" displayName="Status"/>
                           <value xsi:type="CD" code="55561003" displayName="active" codeSystem="2.16.840.1.113883.6.96"/>
                        </observation>
                     </sourceOf>
                  </observation>
               </sourceOf>
            </act>
         </entry>
         <entry typeCode="DRIV">
            <act classCode="ACT" moodCode="EVN" isCriterionInd="true"><!-- symptom active pattern -->
               <templateId root="2.16.840.1.113883.3.560.1.69"/>
               <id root="438C2A5C-AF48-486A-A357-CA59CABDAF6C"/>
               <code code="46691-2" codeSystem="2.16.840.1.113883.6.1" displayName="Symptoms"/>
               <sourceOf typeCode="COMP">
                  <observation classCode="OBS" moodCode="EVN" isCriterionInd="true">
                     <code code="2.16.840.1.113883.3.526.02.553" displayName="Feelings of Worthlessness SNOMED-CT Code List"/>
                     <title>Symptom active: Feelings of Worthlessness</title>
                     <sourceOf typeCode="REFR">
                        <observation classCode="OBS" moodCode="EVN" isCriterionInd="true">
                           <code code="33999-4" codeSystem="2.16.840.1.113883.6.1" displayName="Status"/>
                           <value xsi:type="CD" code="55561003" displayName="active" codeSystem="2.16.840.1.113883.6.96"/>
                        </observation>
                     </sourceOf>
                  </observation>
               </sourceOf>
            </act>
         </entry>
         <entry typeCode="DRIV">
            <act classCode="ACT" moodCode="EVN" isCriterionInd="true"><!-- symptom active pattern -->
               <templateId root="2.16.840.1.113883.3.560.1.69"/>
               <id root="81491716-A7AC-4C64-8158-1DF1A08A73B9"/>
               <code code="46691-2" codeSystem="2.16.840.1.113883.6.1" displayName="Symptoms"/>
               <sourceOf typeCode="COMP">
                  <observation classCode="OBS" moodCode="EVN" isCriterionInd="true">
                     <code code="2.16.840.1.113883.3.526.02.350" displayName="Loss of Interest SNOMED-CT Code List"/>
                     <title>Symptom active: Loss of Interest</title>
                     <sourceOf typeCode="REFR">
                        <observation classCode="OBS" moodCode="EVN" isCriterionInd="true">
                           <code code="33999-4" codeSystem="2.16.840.1.113883.6.1" displayName="Status"/>
                           <value xsi:type="CD" code="55561003" displayName="active" codeSystem="2.16.840.1.113883.6.96"/>
                        </observation>
                     </sourceOf>
                  </observation>
               </sourceOf>
            </act>
         </entry>
         <entry typeCode="DRIV">
            <act classCode="ACT" moodCode="EVN" isCriterionInd="true"><!-- diagnosis active pattern -->
               <templateId root="2.16.840.1.113883.3.560.1.2"/>
               <id root="CDDC874D-A14D-4651-A294-624AF1052102"/>
               <code code="11450-4" displayName="Problem" codeSystem="2.16.840.1.113883.6.1"/>
               <sourceOf typeCode="COMP">
                  <observation classCode="OBS" moodCode="EVN" isCriterionInd="true">
                     <code code="55607006" codeSystem="2.16.840.1.113883.6.96" displayName="Problem"/>
                     <title>Diagnosis active: Major Depressive Disorder New or Recurrent</title>
                     <value xsi:type="CD" code="2.16.840.1.113883.3.526.03.558" displayName="Major Depressive Disorder New or Recurrent Code List GROUPING"/>
                     <sourceOf typeCode="REFR">
                        <observation classCode="OBS" moodCode="EVN" isCriterionInd="true">
                           <code code="33999-4" codeSystem="2.16.840.1.113883.6.1" displayName="Status"/>
                           <value xsi:type="CD" code="55561003" displayName="active" codeSystem="2.16.840.1.113883.6.96"/>
                        </observation>
                     </sourceOf>
                  </observation>
               </sourceOf>
            </act>
         </entry>
         <entry typeCode="DRIV">
            <act classCode="ACT" moodCode="EVN" isCriterionInd="true"><!-- symptom active pattern -->
               <templateId root="2.16.840.1.113883.3.560.1.69"/>
               <id root="6BA76E29-0FC8-4C75-9DB6-F49D0783D61D"/>
               <code code="46691-2" codeSystem="2.16.840.1.113883.6.1" displayName="Symptoms"/>
               <sourceOf typeCode="COMP">
                  <observation classCode="OBS" moodCode="EVN" isCriterionInd="true">
                     <code code="2.16.840.1.113883.3.526.02.550" displayName="Psychomotor Alteration SNOMED-CT Code List"/>
                     <title>Symptom active: Psychomotor Alteration</title>
                     <sourceOf typeCode="REFR">
                        <observation classCode="OBS" moodCode="EVN" isCriterionInd="true">
                           <code code="33999-4" codeSystem="2.16.840.1.113883.6.1" displayName="Status"/>
                           <value xsi:type="CD" code="55561003" displayName="active" codeSystem="2.16.840.1.113883.6.96"/>
                        </observation>
                     </sourceOf>
                  </observation>
               </sourceOf>
            </act>
         </entry>
         <entry typeCode="DRIV">
            <act classCode="ACT" moodCode="EVN" isCriterionInd="true"><!-- symptom active pattern -->
               <templateId root="2.16.840.1.113883.3.560.1.69"/>
               <id root="34EFDA63-0375-468E-B19C-0F799BC7D290"/>
               <code code="46691-2" codeSystem="2.16.840.1.113883.6.1" displayName="Symptoms"/>
               <sourceOf typeCode="COMP">
                  <observation classCode="OBS" moodCode="EVN" isCriterionInd="true">
                     <code code="2.16.840.1.113883.3.526.02.548" displayName="Sleep disturbance SNOMED-CT Code List"/>
                     <title>Symptom active: Sleep disturbance</title>
                     <sourceOf typeCode="REFR">
                        <observation classCode="OBS" moodCode="EVN" isCriterionInd="true">
                           <code code="33999-4" codeSystem="2.16.840.1.113883.6.1" displayName="Status"/>
                           <value xsi:type="CD" code="55561003" displayName="active" codeSystem="2.16.840.1.113883.6.96"/>
                        </observation>
                     </sourceOf>
                  </observation>
               </sourceOf>
            </act>
         </entry>
         <entry typeCode="DRIV">
            <act classCode="ACT" moodCode="EVN" isCriterionInd="true"><!-- symptom active pattern -->
               <templateId root="2.16.840.1.113883.3.560.1.69"/>
               <id root="3AD41953-0E21-4D31-ACD5-F1D71593C6BD"/>
               <code code="46691-2" codeSystem="2.16.840.1.113883.6.1" displayName="Symptoms"/>
               <sourceOf typeCode="COMP">
                  <observation classCode="OBS" moodCode="EVN" isCriterionInd="true">
                     <code code="2.16.840.1.113883.3.526.02.555" displayName="Suicidal Ideation SNOMED-CT Code List"/>
                     <title>Symptom active: Suicidal Ideation</title>
                     <sourceOf typeCode="REFR">
                        <observation classCode="OBS" moodCode="EVN" isCriterionInd="true">
                           <code code="33999-4" codeSystem="2.16.840.1.113883.6.1" displayName="Status"/>
                           <value xsi:type="CD" code="55561003" displayName="active" codeSystem="2.16.840.1.113883.6.96"/>
                        </observation>
                     </sourceOf>
                  </observation>
               </sourceOf>
            </act>
         </entry>
         <entry typeCode="DRIV">
            <act classCode="ACT" moodCode="EVN" isCriterionInd="true"><!-- symptom active pattern -->
               <templateId root="2.16.840.1.113883.3.560.1.69"/>
               <id root="819A89DE-13CD-466C-AB4E-B14549274BC0"/>
               <code code="46691-2" codeSystem="2.16.840.1.113883.6.1" displayName="Symptoms"/>
               <sourceOf typeCode="COMP">
                  <observation classCode="OBS" moodCode="EVN" isCriterionInd="true">
                     <code code="2.16.840.1.113883.3.526.02.547" displayName="Weight change SNOMED-CT Code List"/>
                     <title>Symptom active: Weight change</title>
                     <sourceOf typeCode="REFR">
                        <observation classCode="OBS" moodCode="EVN" isCriterionInd="true">
                           <code code="33999-4" codeSystem="2.16.840.1.113883.6.1" displayName="Status"/>
                           <value xsi:type="CD" code="55561003" displayName="active" codeSystem="2.16.840.1.113883.6.96"/>
                        </observation>
                     </sourceOf>
                  </observation>
               </sourceOf>
            </act>
         </entry>
      </section>
   </component>
   <component typeCode="COMP">
      <section>
         <title>Summary Calculation</title>
         <text>
            <content>Calculation is generic to all measures:</content>
            <list>
               <item>Calculate the final denominator by adding all that meet denominator criteria.</item>
               <item>Subtract from the final denominator all that do not meet numerator criteria yet also meet exclusion criteria.  Note some measures do not have exclusion criteria.</item>
               <item>The performance calculation is based on the "Measure scoring" from header information above:
					        	<list>
                     <item>For "Proportion" measures, the calculation is the number meeting numerator criteria divided by the final denominator.</item>
                     <item>For "Ratio" and "Continuous Variable" measures, follow the calculation instructions in the Data Aggregation header information above, if present.</item>
                  </list>
               </item>
               <item>For measures with multiple denominators, repeat this process for each denominator and report each result separately.</item>
               <item>For measures with multiple patient populations, repeat this process for each patient population and report each result separately.</item>
               <item>For measures with multiple numerators, calculate each numerator separately within each population using the paired exclusion.</item>
            </list>
         </text>
      </section>
   </component>
</QualityMeasureDocument>