<?xml version="1.0" encoding="UTF-8" standalone="yes"?>
<out:cdsOutput xmlns:out="org.opencds.vmr.v1_0.schema.cdsoutput"
		xmlns:xsi="http://www.w3.org/2001/XMLSchema-instance" 
		xmlns:dt="org.opencds.vmr.v1_0.schema.datatypes"
		xsi:schemaLocation="org.opencds.vmr.v1_0.schema.cdsoutput ..\schema\cdsOutput.xsd">
	<vmrOutput>
		<templateId root="2.16.840.1.113883.3.795.11.1.1" extension=""/>
		<patient>
			<id root="2.16.840.1.113883.19.5" extension="996-756-495"/>
			<demographics>
				<birthTime value="19830630000000.000-0600"/>
				<gender code="F" codeSystem="1.2.3"/>
			</demographics>
			<clinicalStatements>
				<adverseEvents>
					<adverseEvent>
						<id root="2.16.840.1.113883.3.795.10.1" extension="7478551"/>
						<adverseEventCode code="2.16.840.1.113883.6.96" codeSystem="418634005"/>
						<adverseEventAgent code="2.16.840.1.113883.6.96" codeSystem="256442007"/>
						<documentationTime low="20000323143000.000-0700" high="20000323143000.000-0700"/>
						<adverseEventStatus code="2.16.840.1.113883.6.96" codeSystem="55561003"/>
						<relatedEntity>
							<targetRole code="someEntityRole" codeSystem="1.2.3"/>
							<administrableSubstance>
								<id root="1.2.3" extension="substance001"/>
								<substanceCode code="substanceCode" codeSystem="1.2.3"/>
								<form code="formCode001" codeSystem="OID"/>
								<relatedEntity>
									<targetRole code="someEntityRole" codeSystem="1.2.3"/>
									<administrableSubstance>
										<id root="test123"/>
										<substanceCode code="substanceCode123" codeSystem="1.2.3"/>
										<lotNo value="lotNo555"/>
									</administrableSubstance>
								</relatedEntity>
								<relatedEntity>
									<targetRole code="someEntityRole" codeSystem="1.2.3"/>
									<administrableSubstance>
										<id root="test456"/>
										<substanceCode code="substanceCode456" codeSystem="1.2.3"/>
										<manufacturer code="SKB" codeSystem="mvx"/>
									</administrableSubstance>
								</relatedEntity>
							</administrableSubstance>
						</relatedEntity>
						<relatedClinicalStatement>
							<targetRelationshipToSource code="someCSRole" codeSystem="1.2.3"/>
							<adverseEvent>
								<id root="2.16.840.1.113883.3.795.10.1" extension="7478554"/>
								<adverseEventCode code="2.16.840.1.113883.6.96" codeSystem="418634005"/>
								<adverseEventAgent code="2.16.840.1.113883.6.96" codeSystem="256442007"/>
								<documentationTime low="19450917000000.000-0600" high="20000323143000.000-0700"/>
								<adverseEventStatus code="2.16.840.1.113883.6.96" codeSystem="55561003"/>
								<relatedEntity>
									<targetRole code="appropriateCode" codeSystem="HL7-OID" displayName="Lab Technician"/>
									<person>
										<id root="entity1"/>
										<name use="C">
											<part type="GIV" value="Jane"/>
											<part type="FAM" value="Doe"/>
										</name>
										<telecom value="tel:801-123-4567" use="WP"/>
										<telecom value="email:jane@lab.com" use="EC"/>
									</person>
								</relatedEntity>
								<relatedEntity>
									<targetRole code="appropriateCode2" codeSystem="HL7-OID"/>
									<person>
										<id root="entity2"/>
										<name use="C">
											<part type="GIV" value="Jack"/>
											<part type="FAM" value="Sprat"/>
										</name>
										<relatedEntity>
											<targetRole code="code21" codeSystem="someOID"/>
											<entity>
												<id root="entity21"/>
												<description value="some unknown entity2-1"/>
												<relatedEntity>
													<targetRole code="code211" codeSystem="someOID"/>
													<entity>
														<id root="entity211"/>
														<description value="some unknown entity2-1-1"/>
													</entity>
												</relatedEntity>
												<relatedEntity>
													<targetRole code="code212" codeSystem="someOID"/>
													<facility>
														<id root="entity212"/>
														<entityType codeSystem="someSystem" originalText="work"/>
													</facility>
												</relatedEntity>
												<relatedEntity>
													<targetRole code="code213" codeSystem="someOID"/>
													<entity>
														<id root="entity213"/>
														<description value="some unknown entity2-1-3"/>
													</entity>
												</relatedEntity>
											</entity>
										</relatedEntity>
									</person>
								</relatedEntity>
								<relatedEntity>
									<targetRole code="appropriateCode3" codeSystem="HL7-OID"/>
									<facility>
										<id root="entity3"/>
										<entityType codeSystem="someSystem" originalText="home"/>
									</facility>
								</relatedEntity>
							</adverseEvent>
						</relatedClinicalStatement>
					</adverseEvent>
				</adverseEvents>
			</clinicalStatements>
		</patient>
	</vmrOutput>
</out:cdsOutput>
