<?xml version="1.0" encoding="UTF-8"?>
<in:cdsInput xmlns:in="org.opencds.vmr.v1_0.schema.cdsinput"
		xmlns:xsi="http://www.w3.org/2001/XMLSchema-instance" 
		xmlns:dt="org.opencds.vmr.v1_0.schema.datatypes"
		xsi:schemaLocation="org.opencds.vmr.v1_0.schema.cdsinput ..\schema\cdsInput.xsd">
	<templateId root="2.16.840.1.113883.3.795.11.1.1"/>
	<!--<cdsResource/>-->
	<!--cdsContext is optional-->
	<cdsContext>
		<!--<cdsSystemUserType code="" codeSystem="" displayName=""/>-->
		<cdsSystemUserPreferredLanguage code="en" codeSystem="1.2.3" displayName="English"/>
		<!--<cdsInformationRecipientType code="" codeSystem="" displayName=""/>-->
		<!--<cdsInformationRecipientPreferredLanguage code="" codeSystem="" displayName=""/>-->
		<!--<cdsSystemUserTaskContext code="" codeSystem="" displayName=""/>-->
	</cdsContext>
	<vmrInput>
		<templateId root="2.16.840.1.113883.3.795.11.1.1"/>
		<patient>
			<id root="2.16.840.1.113883.19.5" extension="996-756-495"/>
			<!--alternate form of id:  <id root="aGUID"/>  -->
			<demographics>
				<birthTime value="19830630"/>
				<gender codeSystem="1.2.3" code="F"/>
			</demographics>
			<clinicalStatements>
				<!-- allergies -->
				<adverseEvents>
					<adverseEvent>
						<id root="2.16.840.1.113883.3.795.10.1" extension="7478551"/>
						<!-- Allergic reaction to substance (disorder) -->
						<adverseEventCode code="2.16.840.1.113883.6.96" codeSystem="418634005"/>
						<!-- Eggs (edible) (substance) -->
						<adverseEventAgent code="2.16.840.1.113883.6.96" codeSystem="256442007"/>
						<documentationTime low="200003231430" high="200003231430"/>
						<adverseEventStatus code="2.16.840.1.113883.6.96" codeSystem="55561003"/>
						<!--following two "related" elements are junk, not meant to be realistic-->
						<relatedEntity>
							<targetRole codeSystem="1.2.3" code="someEntityRole"/>
							<administrableSubstance>
								<id root="1.2.3" extension="substance001"/>
								<substanceCode codeSystem="1.2.3" code="substanceCode"/>
								<form codeSystem="OID" code="formCode001"/>
								<relatedEntity>
									<targetRole codeSystem="1.2.3" code="someEntityRole"/>
									<administrableSubstance>
										<id root="test123"></id>
										<substanceCode codeSystem="1.2.3" code="substanceCode123"/>
										<lotNo value="lotNo555"/>
									</administrableSubstance>
								</relatedEntity>
								<relatedEntity>
									<targetRole codeSystem="1.2.3" code="someEntityRole"/>
									<administrableSubstance>
										<id root="test456"></id>
										<substanceCode codeSystem="1.2.3" code="substanceCode456"/>
										<manufacturer codeSystem="mvx" code="SKB"/>
									</administrableSubstance>
								</relatedEntity>
							</administrableSubstance>
						</relatedEntity>
						<relatedClinicalStatement>
							<targetRelationshipToSource codeSystem="1.2.3" code="someCSRole"/>
							<adverseEvent>
								<id root="2.16.840.1.113883.3.795.10.1" extension="7478554"/>
								<adverseEventCode code="2.16.840.1.113883.6.96" codeSystem="418634005"/>
								<!-- Eggs (edible) (substance) -->
								<adverseEventAgent code="2.16.840.1.113883.6.96" codeSystem="256442007"/>
								<documentationTime low="19450917" high="200003231430"/>
								<adverseEventStatus code="2.16.840.1.113883.6.96" codeSystem="55561003"/>
							</adverseEvent>
						</relatedClinicalStatement>
					</adverseEvent>
				</adverseEvents>
			</clinicalStatements>
			<clinicalStatementEntityInRoleRelationships>
				<!--here is the lab technician relationship to one of the above labs-->
				<clinicalStatementEntityInRoleRelationship>
					<sourceId  root="2.16.840.1.113883.3.795.10.1" extension="7478554"/>
					<targetEntityId root="entity1"/>
					<targetRole codeSystem="HL7-OID" code="appropriateCode" displayName="Lab Technician"/>
				</clinicalStatementEntityInRoleRelationship>
				<clinicalStatementEntityInRoleRelationship>
					<sourceId  root="2.16.840.1.113883.3.795.10.1" extension="7478554"/>
					<targetEntityId root="entity2"/>
					<targetRole codeSystem="HL7-OID" code="appropriateCode2"/>
				</clinicalStatementEntityInRoleRelationship>
				<clinicalStatementEntityInRoleRelationship>
					<sourceId  root="2.16.840.1.113883.3.795.10.1" extension="7478554"/>
					<targetEntityId root="entity3"/>
					<targetRole codeSystem="HL7-OID" code="appropriateCode3"/>
				</clinicalStatementEntityInRoleRelationship>
			</clinicalStatementEntityInRoleRelationships>
			<entityRelationships>
				<entityRelationship>
					<sourceId root="entity2"/>
					<targetEntityId root="entity21"/>
					<targetRole code="code21" codeSystem="someOID"></targetRole>
				</entityRelationship>
				<entityRelationship>
					<sourceId root="entity21"/>
					<targetEntityId root="entity211"/>
					<targetRole code="code211" codeSystem="someOID"></targetRole>
				</entityRelationship>
				<entityRelationship>
					<sourceId root="entity21"/>
					<targetEntityId root="entity212"/>
					<targetRole code="code212" codeSystem="someOID"></targetRole>
				</entityRelationship>
				<entityRelationship>
					<sourceId root="entity21"/>
					<targetEntityId root="entity213"/>
					<targetRole code="code213" codeSystem="someOID"></targetRole>
				</entityRelationship>
			</entityRelationships>
			<entityLists>
				<entities>
					<entity>
						<id root="entity21"/>
						<description value="some unknown entity2-1"/>
					</entity>
					<entity>
						<id root="entity213"/>
						<description value="some unknown entity2-1-3"/>
					</entity>
					<entity>
						<id root="entity211"/>
						<description value="some unknown entity2-1-1"/>
					</entity>
				</entities>
				<facilities>
					<facility>
						<id root="entity3"/>
						<entityType originalText="home" codeSystem="someSystem"/>
					</facility>
					<facility>
						<id root="entity212"/>
						<entityType originalText="work" codeSystem="someSystem"/>
					</facility>
				</facilities>
				<persons>
					<!--this is a lab technician-->
					<person>
						<id root="entity1"/>
						<name use="C"><part type="GIV" value="Jane"/><part type="FAM" value="Doe"/></name>
						<telecom value="tel:801-123-4567" use="WP"/>
						<telecom value="email:jane@lab.com" use="EC"/>
					</person>
					<person>
						<id root="entity2"/>
						<name use="C"><part type="GIV" value="Jack"/><part type="FAM" value="Sprat"/></name>
					</person>
				</persons>
			</entityLists>
		</patient>
	</vmrInput>
</in:cdsInput>