<channel>
  <id>6fe68485-15f3-4460-8eea-4ec578662267</id>
  <name>VII_PSI_SubmitvMRToOpenCDSFromFile</name>
  <description>Step 2.file) Submit the VMR record created as a FILE by prior channels to OpenCDS via HL7 DSS soap webservice

NOTES:
1. The following element must be correctly specified in the Destination - Web Service to OpenCDS:
	WSDL URL

2. After entering the WSDL URL value, do the following steps:
	a.) click on the &quot;Get Operations&quot; button on the right end of the same line, which will populate the Service and Port elements on the next two lines.
	b.) select the omg.dss operation that you need from the drop-down list (either &quot;evaluate&quot; or &quot;evaluateAtSpecifiedTime&quot;, the others are not yet supported).
	c.) click on the &quot;Generate Envelope&quot; button below the selected Operation, which will populate the Soap Action line below it, and fill in a starting XML template.
	d.) modify the appropriate values in the XML template for the following elements:
		&lt;interactionId&gt; (populate scopingEntity, interactionId, and submissionTime).  These values will be referenced in the OpenCDS log files in the event you need to figure what went wrong.
			NOTE: the submission time must be in ISO structure, and look like this: &quot;2012-01-01T13:14:15.123&quot; (the letter &quot;T&quot; and the following hrs, mins, secs and milliseconds may be
				omitted, and will be defaulted to midnight, the beginning of the specified date, which is the same as specifying &quot;T00:00:00.000&quot; as the tail-end of the string.)
		&lt;kmId&gt; (populate scopingEntity, businessId, and version).  These values MUST point to a file in c:/opencds-knowledge-repository-data/resourcesv1.1/knowledgeModules/ 
			with a file name composed of the following concatenated values: scopingEntity + &quot;^&quot; + businessId + &quot;^&quot; + version.  This file will normally have a file extension
			of &quot;.pkg&quot; and will have been created in Drools Guvnor, or Eclipse Drools compiler.
		&lt;drId&gt; modify to meaningful values, as required.
		&lt;data&gt; must contain the following 2 lines, exactly as shown here:
			&lt;informationModelSSId scopingEntityId=&quot;org.opencds.vmr&quot; businessId=&quot;VMR&quot; version=&quot;1.0&quot;/&gt;
			&lt;base64EncodedPayload&gt;${vMR_MessageEncoded}&lt;/base64EncodedPayload&gt;
	
	One way to do this is to enter the following in your Deploy Script for this channel (be sure to update the hostname and port to match your OpenCDS server instance):	
		var openCdsUrl = &apos;http://localhost:8082/opencds-decision-support-service/evaluate?wsdl&apos;;
	or	var openCdsUrl = &apos;http://edmopencdsdev.med.utah.edu:8080/opencds-decision-support-service/evaluate?wsdl&apos;;
		globalChannelMap.put(&apos;openCdsUrl&apos;, openCdsUrl.toString() );

	Then add the following lines to the Source Transformer javascript:
		//create a unique ID, because it must be different on each soap request
		var uuid = UUIDGenerator.getUUID();

		//format the submissionTime as an ISO dateString so that it is also different on each soap request
		var date = DateUtil.getCurrentDate(&apos;yyyyMMddHHmmssSSS&apos;);
		var submissionTime = date.substr(0, 4) + &apos;-&apos; + date.substr(4, 2) + &apos;-&apos; + date.substr(6, 2) 
			+ &apos;T&apos; + date.substr(8, 2) + &apos;:&apos; + date.substr(10, 2) + &apos;:&apos; + date.substr(12, 2) + &apos;.&apos; + date.substr(14, 3);

		//build the interactionId element and put it on the channelMap
		var interactionId = &apos;&lt;interactionId scopingEntityId=&quot;edu.utah.uuhsc&quot; interactionId=&quot;&apos; + uuid.toString() + &apos;&quot; submissionTime=&quot;&apos; + submissionTime.toString() + &apos;&quot;/&gt;&apos;;
		channelMap.put(&apos;interactionId&apos;, interactionId );

		&lt;kmId scopingEntityId=&quot;org.opencds&quot; businessId=&quot;bounceConcepts&quot; version=&quot;1.5.4&quot;/&gt; (debugging rule)

	Finally put the following in the Destination Web Service to OpenCDS Soap Envelope exactly as shown here (updating any hard-coded values in kmId and driId as appropriate):

&lt;?xml version=&quot;1.0&quot; encoding=&quot;UTF-8&quot;?&gt;
&lt;SOAP-ENV:Envelope xmlns:SOAP-ENV=&quot;http://www.w3.org/2003/05/soap-envelope&quot;
    xmlns:dss=&quot;http://www.omg.org/spec/CDSS/201105/dss&quot;&gt;
    &lt;SOAP-ENV:Header/&gt;
    &lt;SOAP-ENV:Body&gt;
        &lt;dss:evaluate&gt;
            ${interactionId}
            &lt;evaluationRequest clientLanguage=&quot;&quot; clientTimeZoneOffset=&quot;&quot;&gt;
                &lt;kmEvaluationRequest&gt;
                    &lt;kmId scopingEntityId=&quot;edu.utah&quot; businessId=&quot;AHRQ_PSI_12&quot; version=&quot;4.3.0&quot;/&gt;
                &lt;/kmEvaluationRequest&gt;
                &lt;dataRequirementItemData&gt;
                    	&lt;driId itemId=&quot;ValueImprovementInfrastructure&quot;&gt;
		    &lt;containingEntityId scopingEntityId=&quot;edu.utah.med.its.dw&quot; businessId=&quot;ValueImprovementInfrastructure&quot; version=&quot;1.0.0&quot;/&gt;
		&lt;/driId&gt;
                    	&lt;data&gt;
                         &lt;informationModelSSId scopingEntityId=&quot;org.opencds.vmr&quot; businessId=&quot;VMR&quot; version=&quot;1.0&quot;/&gt;
                         &lt;base64EncodedPayload&gt;${vMR_MessageEncoded}&lt;/base64EncodedPayload&gt;
                    	&lt;/data&gt;
                &lt;/dataRequirementItemData&gt;
            &lt;/evaluationRequest&gt;
        &lt;/dss:evaluate&gt;
    &lt;/SOAP-ENV:Body&gt;
&lt;/SOAP-ENV:Envelope&gt;

		
		
</description>
  <enabled>true</enabled>
  <version>2.2.1.5861</version>
  <lastModified>
    <time>1352485246035</time>
    <timezone>America/Denver</timezone>
  </lastModified>
  <revision>36</revision>
  <sourceConnector>
    <name>sourceConnector</name>
    <properties>
      <property name="DataType">File Reader</property>
      <property name="FTPAnonymous">1</property>
      <property name="autoDelete">0</property>
      <property name="binary">0</property>
      <property name="charsetEncoding">DEFAULT_ENCODING</property>
      <property name="checkFileAge">0</property>
      <property name="fileAge">1000</property>
      <property name="fileFilter">*.txt</property>
      <property name="host">t://mirth/in/</property>
      <property name="ignoreDot">1</property>
      <property name="moveToDirectory">t://mirth/in/read/</property>
      <property name="moveToErrorDirectory">t://mirth/in/error/</property>
      <property name="moveToPattern">${ORIGINALNAME}</property>
      <property name="passive">1</property>
      <property name="password">anonymous</property>
      <property name="pollingFrequency">100</property>
      <property name="pollingType">interval</property>
      <property name="processBatchFiles">0</property>
      <property name="regex">0</property>
      <property name="scheme">file</property>
      <property name="secure">1</property>
      <property name="sortAttribute">date</property>
      <property name="timeout">10000</property>
      <property name="username">anonymous</property>
      <property name="validateConnections">1</property>
    </properties>
    <transformer>
      <steps>
        <step>
          <sequenceNumber>0</sequenceNumber>
          <name>vMR_Record_AsText</name>
          <script>var mapping;try { mapping = msg; }catch (e) { logger.error(e);  mapping = &apos;&apos;;}channelMap.put(&apos;vMR_Record_AsText&apos;, validate( mapping , &quot;nothing here...&quot;, new Array()));</script>
          <type>Mapper</type>
          <data class="map">
            <entry>
              <string>Variable</string>
              <string>vMR_Record_AsText</string>
            </entry>
            <entry>
              <string>DefaultValue</string>
              <string>&quot;nothing here...&quot;</string>
            </entry>
            <entry>
              <string>Mapping</string>
              <string>msg</string>
            </entry>
            <entry>
              <string>RegularExpressions</string>
              <list/>
            </entry>
            <entry>
              <string>isGlobal</string>
              <string>channel</string>
            </entry>
          </data>
        </step>
        <step>
          <sequenceNumber>1</sequenceNumber>
          <name>Create VMR_MessageEncoded</name>
          <script>//create the variable
var unEncodedVMR = channelMap.get(&apos;vMR_Record_AsText&apos;).toString();
//logger.info(&apos;SubmitVMRToOpenCDS:unEncodedVMR=&apos; + unEncodedVMR.toString() );

//format the submissionTime as an ISO dateString
var date = DateUtil.getCurrentDate(&apos;yyyyMMddHHmmssSSS&apos;);
//logger.info(&apos;deploy timestamp=&apos; + date.toString() );
var submissionTime = date.substr(0, 4) + &apos;-&apos; + date.substr(4, 2) + &apos;-&apos; + date.substr(6, 2) + &apos;T&apos; + date.substr(8, 2) + &apos;:&apos; + date.substr(10, 2) + &apos;:&apos; + date.substr(12, 2) + &apos;.&apos; + date.substr(14, 3);
//logger.info(&apos;deploy submissionTime=&apos; + submissionTime);
//channelMap.put(&apos;submissionTime&apos;, submissionTime );

//encode the VMR message
var vMR_MessageEncoded = FileUtil.encode(Packages.java.lang.String(unEncodedVMR).getBytes());
channelMap.put(&apos;vMR_MessageEncoded&apos;, vMR_MessageEncoded );
//logger.info(&apos;vMR_MessageEncoded=&apos; + vMR_MessageEncoded.toString() );

//template for OMG-DSS Soap Wrapper:
//var soapWrapper = 
//&lt;?xml version=&quot;1.0&quot; encoding=&quot;UTF-8&quot;?&gt;
//&lt;SOAP-ENV:Envelope xmlns:SOAP-ENV=&quot;http://www.w3.org/2003/05/soap-envelope&quot;
//    xmlns:dss=&quot;http://www.omg.org/spec/CDSS/201105/dss&quot;&gt;
//    &lt;SOAP-ENV:Header/&gt;
//    &lt;SOAP-ENV:Body&gt;
//        &lt;dss:evaluate&gt;
//            &lt;interactionId scopingEntityId=&quot;edu.utah.uuhsc&quot; interactionId=&quot;&quot; submissionTime=&quot;&quot;/&gt;
//            &lt;evaluationRequest clientLanguage=&quot;&quot; clientTimeZoneOffset=&quot;&quot;&gt;
//                &lt;kmEvaluationRequest&gt;
//                    &lt;kmId scopingEntityId=&quot;org.opencds&quot; businessId=&quot;AHRQ_PSI_11&quot; version=&quot;1.54.1&quot;/&gt;
//                &lt;/kmEvaluationRequest&gt;
//                &lt;dataRequirementItemData&gt;
//                    &lt;driId itemId=&quot;ValueImprovementInfrastructure&quot;&gt;
//						&lt;containingEntityId scopingEntityId=&quot;edu.utah.its&quot; businessId=&quot;ValueImprovementInfrastructure&quot; version=&quot;1.0.0&quot;/&gt;
//					&lt;/driId&gt;
//                    &lt;data&gt;
//                        &lt;informationModelSSId scopingEntityId=&quot;org.opencds.vmr&quot; businessId=&quot;VMR&quot; version=&quot;1.0&quot;/&gt;
//                        &lt;base64EncodedPayload&gt;BASE64ENCODEDDATA&lt;/base64EncodedPayload&gt;
//                    &lt;/data&gt;
//                &lt;/dataRequirementItemData&gt;
//            &lt;/evaluationRequest&gt;
//        &lt;/dss:evaluate&gt;
//    &lt;/SOAP-ENV:Body&gt;
//&lt;/SOAP-ENV:Envelope&gt;;

// update scopingEntityId as appropriate
//soapWrapper[&apos;SOAP-ENV:Body&apos;][&apos;dss:evaluate&apos;][&apos;interactionId&apos;][&apos;@scopingEntityId&apos;] = &apos;edu.utah.uuhsc&apos;;

//// the next two items must be different on each soap 
var uuid = UUIDGenerator.getUUID();
//soapWrapper[&apos;&lt;SOAP-ENV:Envelope&apos;][&apos;SOAP-ENV:Body&apos;][&apos;dss:evaluate&apos;][&apos;interactionId&apos;][&apos;@interactionId&apos;] = uuid.toString();
//soapWrapper[&apos;SOAP-ENV:Body&apos;][&apos;dss:evaluate&apos;][&apos;interactionId&apos;][&apos;@submissionTime&apos;] = submissionTime.toString();
var interactionId = &apos;&lt;interactionId scopingEntityId=&quot;edu.utah.uuhsc&quot; interactionId=&quot;&apos; + uuid.toString() + &apos;&quot; submissionTime=&quot;&apos; + submissionTime.toString() + &apos;&quot;/&gt;&apos;;
channelMap.put(&apos;interactionId&apos;, interactionId );
//logger.info(&quot;interactionId=&quot; + interactionId.toString() );

// these two following values may be empty if your rules don&apos;t use them
//soapWrapper[&apos;SOAP-ENV:Body&apos;][&apos;dss:evaluate&apos;][&apos;evaluationRequest&apos;][&apos;@clientLanguage&apos;] = &quot;whatever&quot;;
//soapWrapper[&apos;SOAP-ENV:Body&apos;][&apos;dss:evaluate&apos;][&apos;evaluationRequest&apos;][&apos;@clientTimeZoneOffset&apos;] = &quot;whatever&quot;;

// this sample shows running 2 different knowledge modules.  You must have at least one, and you may have as many more 
//		as you need, as long as your rules are designed to support stacking KMs.  Chcange this entry[ies] as appropriate:
//var openCdsKmIds = &apos;&lt;kmId scopingEntityId=&quot;edu.utah&quot; businessId=&quot;AHRQ_PSI_11&quot; version=&quot;4.3.0&quot;/&gt;&apos;;		//note: must exist in Knowledge Repository or fails at run-time
var openCdsKmIds = &apos;&lt;kmId scopingEntityId=&quot;edu.utah&quot; businessId=&quot;AHRQ_PSI_02&quot; version=&quot;4.3.0&quot;/&gt;&apos;;		//note: must exist in Knowledge Repository or fails at run-time
// openCdsKmIds += &apos;&lt;kmId scopingEntityId=&quot;org.opencds&quot; businessId=&quot;bounce&quot; version=&quot;1.5.4&quot;/&gt;&apos;;			//note: must exist in Knowledge Repository or fails at run-time
channelMap.put(&apos;openCdsKmIds&apos;, openCdsKmIds );
//logger.info(&apos;openCdsKmIds=&apos; + openCdsKmIds.toString() );
//soapWrapper[&apos;SOAP-ENV:Body&apos;][&apos;dss:evaluate&apos;][&apos;evaluationRequest&apos;][&apos;evaluationRequest&apos;][&apos;kmEvaluationRequest&apos;] = openCdsKmIds;

// update values in driId as appropriate
//var itemId = &quot;ValueImprovementInfrastructure&quot;;
//soapWrapper[&apos;SOAP-ENV:Body&apos;][&apos;dss:evaluate&apos;][&apos;evaluationRequest&apos;][&apos;evaluationRequest&apos;][&apos;dataRequirementItemData&apos;][&apos;driId&apos;][&apos;@itemId&apos;] = itemId;
//var containingEntityId = &lt;containingEntityId scopingEntityId=&quot;edu.utah.its&quot; businessId=&quot;ValueImprovementInfrastructure&quot; version=&quot;1.0.0&quot;/&gt;;
//soapWrapper[&apos;SOAP-ENV:Body&apos;][&apos;dss:evaluate&apos;][&apos;evaluationRequest&apos;][&apos;evaluationRequest&apos;][&apos;dataRequirementItemData&apos;][&apos;driId&apos;][&apos;@itemId&apos;] = containingEntityId;

// this is the vMR payload, and you must over-ride the default value every time
//soapWrapper[&apos;SOAP-ENV:Body&apos;][&apos;dss:evaluate&apos;][&apos;evaluationRequest&apos;][&apos;evaluationRequest&apos;][&apos;dataRequirementItemData&apos;][&apos;data&apos;][&apos;base64EncodedPayload&apos;] = vMR_MessageEncoded.toString();

//logger.info(&apos;soap=&apos; + soapWrapper.toString() );
//channelMap.put(&apos;soapWrapper&apos;, soapWrapper.toString() );</script>
          <type>JavaScript</type>
          <data class="map">
            <entry>
              <string>Script</string>
              <string>//create the variable
var unEncodedVMR = channelMap.get(&apos;vMR_Record_AsText&apos;).toString();
//logger.info(&apos;SubmitVMRToOpenCDS:unEncodedVMR=&apos; + unEncodedVMR.toString() );

//format the submissionTime as an ISO dateString
var date = DateUtil.getCurrentDate(&apos;yyyyMMddHHmmssSSS&apos;);
//logger.info(&apos;deploy timestamp=&apos; + date.toString() );
var submissionTime = date.substr(0, 4) + &apos;-&apos; + date.substr(4, 2) + &apos;-&apos; + date.substr(6, 2) + &apos;T&apos; + date.substr(8, 2) + &apos;:&apos; + date.substr(10, 2) + &apos;:&apos; + date.substr(12, 2) + &apos;.&apos; + date.substr(14, 3);
//logger.info(&apos;deploy submissionTime=&apos; + submissionTime);
//channelMap.put(&apos;submissionTime&apos;, submissionTime );

//encode the VMR message
var vMR_MessageEncoded = FileUtil.encode(Packages.java.lang.String(unEncodedVMR).getBytes());
channelMap.put(&apos;vMR_MessageEncoded&apos;, vMR_MessageEncoded );
//logger.info(&apos;vMR_MessageEncoded=&apos; + vMR_MessageEncoded.toString() );

//template for OMG-DSS Soap Wrapper:
//var soapWrapper = 
//&lt;?xml version=&quot;1.0&quot; encoding=&quot;UTF-8&quot;?&gt;
//&lt;SOAP-ENV:Envelope xmlns:SOAP-ENV=&quot;http://www.w3.org/2003/05/soap-envelope&quot;
//    xmlns:dss=&quot;http://www.omg.org/spec/CDSS/201105/dss&quot;&gt;
//    &lt;SOAP-ENV:Header/&gt;
//    &lt;SOAP-ENV:Body&gt;
//        &lt;dss:evaluate&gt;
//            &lt;interactionId scopingEntityId=&quot;edu.utah.uuhsc&quot; interactionId=&quot;&quot; submissionTime=&quot;&quot;/&gt;
//            &lt;evaluationRequest clientLanguage=&quot;&quot; clientTimeZoneOffset=&quot;&quot;&gt;
//                &lt;kmEvaluationRequest&gt;
//                    &lt;kmId scopingEntityId=&quot;org.opencds&quot; businessId=&quot;AHRQ_PSI_11&quot; version=&quot;1.54.1&quot;/&gt;
//                &lt;/kmEvaluationRequest&gt;
//                &lt;dataRequirementItemData&gt;
//                    &lt;driId itemId=&quot;ValueImprovementInfrastructure&quot;&gt;
//						&lt;containingEntityId scopingEntityId=&quot;edu.utah.its&quot; businessId=&quot;ValueImprovementInfrastructure&quot; version=&quot;1.0.0&quot;/&gt;
//					&lt;/driId&gt;
//                    &lt;data&gt;
//                        &lt;informationModelSSId scopingEntityId=&quot;org.opencds.vmr&quot; businessId=&quot;VMR&quot; version=&quot;1.0&quot;/&gt;
//                        &lt;base64EncodedPayload&gt;BASE64ENCODEDDATA&lt;/base64EncodedPayload&gt;
//                    &lt;/data&gt;
//                &lt;/dataRequirementItemData&gt;
//            &lt;/evaluationRequest&gt;
//        &lt;/dss:evaluate&gt;
//    &lt;/SOAP-ENV:Body&gt;
//&lt;/SOAP-ENV:Envelope&gt;;

// update scopingEntityId as appropriate
//soapWrapper[&apos;SOAP-ENV:Body&apos;][&apos;dss:evaluate&apos;][&apos;interactionId&apos;][&apos;@scopingEntityId&apos;] = &apos;edu.utah.uuhsc&apos;;

//// the next two items must be different on each soap 
var uuid = UUIDGenerator.getUUID();
//soapWrapper[&apos;&lt;SOAP-ENV:Envelope&apos;][&apos;SOAP-ENV:Body&apos;][&apos;dss:evaluate&apos;][&apos;interactionId&apos;][&apos;@interactionId&apos;] = uuid.toString();
//soapWrapper[&apos;SOAP-ENV:Body&apos;][&apos;dss:evaluate&apos;][&apos;interactionId&apos;][&apos;@submissionTime&apos;] = submissionTime.toString();
var interactionId = &apos;&lt;interactionId scopingEntityId=&quot;edu.utah.uuhsc&quot; interactionId=&quot;&apos; + uuid.toString() + &apos;&quot; submissionTime=&quot;&apos; + submissionTime.toString() + &apos;&quot;/&gt;&apos;;
channelMap.put(&apos;interactionId&apos;, interactionId );
//logger.info(&quot;interactionId=&quot; + interactionId.toString() );

// these two following values may be empty if your rules don&apos;t use them
//soapWrapper[&apos;SOAP-ENV:Body&apos;][&apos;dss:evaluate&apos;][&apos;evaluationRequest&apos;][&apos;@clientLanguage&apos;] = &quot;whatever&quot;;
//soapWrapper[&apos;SOAP-ENV:Body&apos;][&apos;dss:evaluate&apos;][&apos;evaluationRequest&apos;][&apos;@clientTimeZoneOffset&apos;] = &quot;whatever&quot;;

// this sample shows running 2 different knowledge modules.  You must have at least one, and you may have as many more 
//		as you need, as long as your rules are designed to support stacking KMs.  Chcange this entry[ies] as appropriate:
//var openCdsKmIds = &apos;&lt;kmId scopingEntityId=&quot;edu.utah&quot; businessId=&quot;AHRQ_PSI_11&quot; version=&quot;4.3.0&quot;/&gt;&apos;;		//note: must exist in Knowledge Repository or fails at run-time
var openCdsKmIds = &apos;&lt;kmId scopingEntityId=&quot;edu.utah&quot; businessId=&quot;AHRQ_PSI_02&quot; version=&quot;4.3.0&quot;/&gt;&apos;;		//note: must exist in Knowledge Repository or fails at run-time
// openCdsKmIds += &apos;&lt;kmId scopingEntityId=&quot;org.opencds&quot; businessId=&quot;bounce&quot; version=&quot;1.5.4&quot;/&gt;&apos;;			//note: must exist in Knowledge Repository or fails at run-time
channelMap.put(&apos;openCdsKmIds&apos;, openCdsKmIds );
//logger.info(&apos;openCdsKmIds=&apos; + openCdsKmIds.toString() );
//soapWrapper[&apos;SOAP-ENV:Body&apos;][&apos;dss:evaluate&apos;][&apos;evaluationRequest&apos;][&apos;evaluationRequest&apos;][&apos;kmEvaluationRequest&apos;] = openCdsKmIds;

// update values in driId as appropriate
//var itemId = &quot;ValueImprovementInfrastructure&quot;;
//soapWrapper[&apos;SOAP-ENV:Body&apos;][&apos;dss:evaluate&apos;][&apos;evaluationRequest&apos;][&apos;evaluationRequest&apos;][&apos;dataRequirementItemData&apos;][&apos;driId&apos;][&apos;@itemId&apos;] = itemId;
//var containingEntityId = &lt;containingEntityId scopingEntityId=&quot;edu.utah.its&quot; businessId=&quot;ValueImprovementInfrastructure&quot; version=&quot;1.0.0&quot;/&gt;;
//soapWrapper[&apos;SOAP-ENV:Body&apos;][&apos;dss:evaluate&apos;][&apos;evaluationRequest&apos;][&apos;evaluationRequest&apos;][&apos;dataRequirementItemData&apos;][&apos;driId&apos;][&apos;@itemId&apos;] = containingEntityId;

// this is the vMR payload, and you must over-ride the default value every time
//soapWrapper[&apos;SOAP-ENV:Body&apos;][&apos;dss:evaluate&apos;][&apos;evaluationRequest&apos;][&apos;evaluationRequest&apos;][&apos;dataRequirementItemData&apos;][&apos;data&apos;][&apos;base64EncodedPayload&apos;] = vMR_MessageEncoded.toString();

//logger.info(&apos;soap=&apos; + soapWrapper.toString() );
//channelMap.put(&apos;soapWrapper&apos;, soapWrapper.toString() );</string>
            </entry>
          </data>
        </step>
      </steps>
      <inboundTemplate encoding="base64">PGhlYWx0aD4KPHRvX2VuY29kZT52YWx1ZTwvdG9fZW5jb2RlPgo8L2hlYWx0aD4=</inboundTemplate>
      <outboundTemplate encoding="base64"></outboundTemplate>
      <inboundProtocol>XML</inboundProtocol>
      <outboundProtocol>XML</outboundProtocol>
      <inboundProperties>
        <property name="stripNamespaces">false</property>
      </inboundProperties>
      <outboundProperties>
        <property name="stripNamespaces">false</property>
      </outboundProperties>
    </transformer>
    <filter>
      <rules/>
    </filter>
    <transportName>File Reader</transportName>
    <mode>SOURCE</mode>
    <enabled>true</enabled>
    <version>2.2.1.5861</version>
  </sourceConnector>
  <destinationConnectors>
    <connector>
      <name>Web Service to OpenCDS PSI-2</name>
      <properties>
        <property name="DataType">Web Service Sender</property>
        <property name="dispatcherAttachmentContents">&lt;list/&gt;</property>
        <property name="dispatcherAttachmentNames">&lt;list/&gt;</property>
        <property name="dispatcherAttachmentTypes">&lt;list/&gt;</property>
        <property name="dispatcherEnvelope">&lt;?xml version=&quot;1.0&quot; encoding=&quot;UTF-8&quot;?&gt;
&lt;SOAP-ENV:Envelope xmlns:SOAP-ENV=&quot;http://www.w3.org/2003/05/soap-envelope&quot;
    xmlns:dss=&quot;http://www.omg.org/spec/CDSS/201105/dss&quot;&gt;
    &lt;SOAP-ENV:Header/&gt;
    &lt;SOAP-ENV:Body&gt;
        &lt;dss:evaluate&gt;
            ${interactionId}
            &lt;evaluationRequest clientLanguage=&quot;&quot; clientTimeZoneOffset=&quot;&quot;&gt;
                &lt;kmEvaluationRequest&gt;
                    &lt;kmId scopingEntityId=&quot;edu.utah&quot; businessId=&quot;AHRQ_PSI_02&quot; version=&quot;4.3.0&quot;/&gt;
                &lt;/kmEvaluationRequest&gt;
                &lt;dataRequirementItemData&gt;
                    &lt;driId itemId=&quot;ValueImprovementInfrastructure&quot;&gt;
						&lt;containingEntityId scopingEntityId=&quot;edu.utah.its&quot; businessId=&quot;ValueImprovementInfrastructure&quot; version=&quot;1.0.0&quot;/&gt;
					&lt;/driId&gt;
                    &lt;data&gt;
                        &lt;informationModelSSId scopingEntityId=&quot;org.opencds.vmr&quot; businessId=&quot;VMR&quot; version=&quot;1.0&quot;/&gt;
                        &lt;base64EncodedPayload&gt;${vMR_MessageEncoded}&lt;/base64EncodedPayload&gt;
                    &lt;/data&gt;
                &lt;/dataRequirementItemData&gt;
            &lt;/evaluationRequest&gt;
        &lt;/dss:evaluate&gt;
    &lt;/SOAP-ENV:Body&gt;
&lt;/SOAP-ENV:Envelope&gt;</property>
        <property name="dispatcherOneWay">0</property>
        <property name="dispatcherOperation">evaluate</property>
        <property name="dispatcherPassword"></property>
        <property name="dispatcherPort">{http://www.omg.org/spec/CDSS/201105/dssWsdl}evaluate</property>
        <property name="dispatcherReplyChannelId">5311cdf2-9ca3-4c35-8137-8dc39c620b9c</property>
        <property name="dispatcherService">{http://www.omg.org/spec/CDSS/201105/dssWsdl}DecisionSupportService</property>
        <property name="dispatcherSoapAction">http://www.omg.org/spec/CDSS/201105/dssWsdl:operation:evaluate</property>
        <property name="dispatcherUseAuthentication">0</property>
        <property name="dispatcherUseMtom">0</property>
        <property name="dispatcherUsername"></property>
        <property name="dispatcherWsdlOperations">&lt;list&gt;
  &lt;string&gt;evaluate&lt;/string&gt;
  &lt;string&gt;evaluateAtSpecifiedTime&lt;/string&gt;
  &lt;string&gt;evaluateIteratively&lt;/string&gt;
  &lt;string&gt;evaluateIterativelyAtSpecifiedTime&lt;/string&gt;
&lt;/list&gt;</property>
        <property name="dispatcherWsdlUrl">${openCdsUrl}</property>
        <property name="host">${openCdsUrl}</property>
        <property name="queuePollInterval">200</property>
        <property name="reconnectMillisecs">10000</property>
        <property name="rotateQueue">0</property>
        <property name="usePersistentQueues">1</property>
      </properties>
      <transformer>
        <steps/>
        <inboundTemplate encoding="base64"></inboundTemplate>
        <outboundTemplate encoding="base64"></outboundTemplate>
        <inboundProtocol>XML</inboundProtocol>
        <outboundProtocol>XML</outboundProtocol>
        <inboundProperties>
          <property name="stripNamespaces">false</property>
        </inboundProperties>
        <outboundProperties>
          <property name="stripNamespaces">false</property>
        </outboundProperties>
      </transformer>
      <filter>
        <rules/>
      </filter>
      <transportName>Web Service Sender</transportName>
      <mode>DESTINATION</mode>
      <enabled>false</enabled>
      <version>2.2.1.5861</version>
    </connector>
    <connector>
      <name>Web Service to OpenCDS PSI-11</name>
      <properties>
        <property name="DataType">Web Service Sender</property>
        <property name="dispatcherAttachmentContents">&lt;list/&gt;</property>
        <property name="dispatcherAttachmentNames">&lt;list/&gt;</property>
        <property name="dispatcherAttachmentTypes">&lt;list/&gt;</property>
        <property name="dispatcherEnvelope">&lt;?xml version=&quot;1.0&quot; encoding=&quot;UTF-8&quot;?&gt;
&lt;SOAP-ENV:Envelope xmlns:SOAP-ENV=&quot;http://www.w3.org/2003/05/soap-envelope&quot;
    xmlns:dss=&quot;http://www.omg.org/spec/CDSS/201105/dss&quot;&gt;
    &lt;SOAP-ENV:Header/&gt;
    &lt;SOAP-ENV:Body&gt;
        &lt;dss:evaluate&gt;
            ${interactionId}-2
            &lt;evaluationRequest clientLanguage=&quot;&quot; clientTimeZoneOffset=&quot;&quot;&gt;
                &lt;kmEvaluationRequest&gt;
                    &lt;kmId scopingEntityId=&quot;edu.utah&quot; businessId=&quot;AHRQ_PSI_11&quot; version=&quot;4.3.0&quot;/&gt;
                &lt;/kmEvaluationRequest&gt;
                &lt;dataRequirementItemData&gt;
                    &lt;driId itemId=&quot;ValueImprovementInfrastructure&quot;&gt;
						&lt;containingEntityId scopingEntityId=&quot;edu.utah.its&quot; businessId=&quot;ValueImprovementInfrastructure&quot; version=&quot;1.0.0&quot;/&gt;
					&lt;/driId&gt;
                    &lt;data&gt;
                        &lt;informationModelSSId scopingEntityId=&quot;org.opencds.vmr&quot; businessId=&quot;VMR&quot; version=&quot;1.0&quot;/&gt;
                        &lt;base64EncodedPayload&gt;${vMR_MessageEncoded}&lt;/base64EncodedPayload&gt;
                    &lt;/data&gt;
                &lt;/dataRequirementItemData&gt;
            &lt;/evaluationRequest&gt;
        &lt;/dss:evaluate&gt;
    &lt;/SOAP-ENV:Body&gt;
&lt;/SOAP-ENV:Envelope&gt;</property>
        <property name="dispatcherOneWay">0</property>
        <property name="dispatcherOperation">evaluate</property>
        <property name="dispatcherPassword"></property>
        <property name="dispatcherPort">{http://www.omg.org/spec/CDSS/201105/dssWsdl}evaluate</property>
        <property name="dispatcherReplyChannelId">5311cdf2-9ca3-4c35-8137-8dc39c620b9c</property>
        <property name="dispatcherService">{http://www.omg.org/spec/CDSS/201105/dssWsdl}DecisionSupportService</property>
        <property name="dispatcherSoapAction">http://www.omg.org/spec/CDSS/201105/dssWsdl:operation:evaluate</property>
        <property name="dispatcherUseAuthentication">0</property>
        <property name="dispatcherUseMtom">0</property>
        <property name="dispatcherUsername"></property>
        <property name="dispatcherWsdlOperations">&lt;list&gt;
  &lt;string&gt;evaluate&lt;/string&gt;
  &lt;string&gt;evaluateAtSpecifiedTime&lt;/string&gt;
  &lt;string&gt;evaluateIteratively&lt;/string&gt;
  &lt;string&gt;evaluateIterativelyAtSpecifiedTime&lt;/string&gt;
&lt;/list&gt;</property>
        <property name="dispatcherWsdlUrl">${openCdsUrl}</property>
        <property name="host">${openCdsUrl}</property>
        <property name="queuePollInterval">200</property>
        <property name="reconnectMillisecs">10000</property>
        <property name="rotateQueue">0</property>
        <property name="usePersistentQueues">1</property>
      </properties>
      <transformer>
        <steps/>
        <inboundTemplate encoding="base64"></inboundTemplate>
        <outboundTemplate encoding="base64"></outboundTemplate>
        <inboundProtocol>XML</inboundProtocol>
        <outboundProtocol>XML</outboundProtocol>
        <inboundProperties>
          <property name="stripNamespaces">false</property>
        </inboundProperties>
        <outboundProperties>
          <property name="stripNamespaces">false</property>
        </outboundProperties>
      </transformer>
      <filter>
        <rules/>
      </filter>
      <transportName>Web Service Sender</transportName>
      <mode>DESTINATION</mode>
      <enabled>false</enabled>
      <version>2.2.1.5861</version>
    </connector>
    <connector>
      <name>Web Service to OpenCDS PSI-12</name>
      <properties>
        <property name="DataType">Web Service Sender</property>
        <property name="dispatcherAttachmentContents">&lt;list/&gt;</property>
        <property name="dispatcherAttachmentNames">&lt;list/&gt;</property>
        <property name="dispatcherAttachmentTypes">&lt;list/&gt;</property>
        <property name="dispatcherEnvelope">&lt;?xml version=&quot;1.0&quot; encoding=&quot;UTF-8&quot;?&gt;
&lt;SOAP-ENV:Envelope xmlns:SOAP-ENV=&quot;http://www.w3.org/2003/05/soap-envelope&quot;
    xmlns:dss=&quot;http://www.omg.org/spec/CDSS/201105/dss&quot;&gt;
    &lt;SOAP-ENV:Header/&gt;
    &lt;SOAP-ENV:Body&gt;
        &lt;dss:evaluate&gt;
            ${interactionId}-3
            &lt;evaluationRequest clientLanguage=&quot;&quot; clientTimeZoneOffset=&quot;&quot;&gt;
                &lt;kmEvaluationRequest&gt;
                    &lt;kmId scopingEntityId=&quot;edu.utah&quot; businessId=&quot;AHRQ_PSI_12&quot; version=&quot;4.3.0&quot;/&gt;
                &lt;/kmEvaluationRequest&gt;
                &lt;dataRequirementItemData&gt;
                    &lt;driId itemId=&quot;ValueImprovementInfrastructure&quot;&gt;
						&lt;containingEntityId scopingEntityId=&quot;edu.utah.its&quot; businessId=&quot;ValueImprovementInfrastructure&quot; version=&quot;1.0.0&quot;/&gt;
					&lt;/driId&gt;
                    &lt;data&gt;
                        &lt;informationModelSSId scopingEntityId=&quot;org.opencds.vmr&quot; businessId=&quot;VMR&quot; version=&quot;1.0&quot;/&gt;
                        &lt;base64EncodedPayload&gt;${vMR_MessageEncoded}&lt;/base64EncodedPayload&gt;
                    &lt;/data&gt;
                &lt;/dataRequirementItemData&gt;
            &lt;/evaluationRequest&gt;
        &lt;/dss:evaluate&gt;
    &lt;/SOAP-ENV:Body&gt;
&lt;/SOAP-ENV:Envelope&gt;</property>
        <property name="dispatcherOneWay">0</property>
        <property name="dispatcherOperation">evaluate</property>
        <property name="dispatcherPassword"></property>
        <property name="dispatcherPort">{http://www.omg.org/spec/CDSS/201105/dssWsdl}evaluate</property>
        <property name="dispatcherReplyChannelId">5311cdf2-9ca3-4c35-8137-8dc39c620b9c</property>
        <property name="dispatcherService">{http://www.omg.org/spec/CDSS/201105/dssWsdl}DecisionSupportService</property>
        <property name="dispatcherSoapAction">http://www.omg.org/spec/CDSS/201105/dssWsdl:operation:evaluate</property>
        <property name="dispatcherUseAuthentication">0</property>
        <property name="dispatcherUseMtom">0</property>
        <property name="dispatcherUsername"></property>
        <property name="dispatcherWsdlOperations">&lt;list&gt;
  &lt;string&gt;evaluate&lt;/string&gt;
  &lt;string&gt;evaluateAtSpecifiedTime&lt;/string&gt;
  &lt;string&gt;evaluateIteratively&lt;/string&gt;
  &lt;string&gt;evaluateIterativelyAtSpecifiedTime&lt;/string&gt;
&lt;/list&gt;</property>
        <property name="dispatcherWsdlUrl">${openCdsUrl}</property>
        <property name="host">${openCdsUrl}</property>
        <property name="queuePollInterval">200</property>
        <property name="reconnectMillisecs">10000</property>
        <property name="rotateQueue">0</property>
        <property name="usePersistentQueues">1</property>
      </properties>
      <transformer>
        <steps/>
        <inboundTemplate encoding="base64"></inboundTemplate>
        <outboundTemplate encoding="base64"></outboundTemplate>
        <inboundProtocol>XML</inboundProtocol>
        <outboundProtocol>XML</outboundProtocol>
        <inboundProperties>
          <property name="stripNamespaces">false</property>
        </inboundProperties>
        <outboundProperties>
          <property name="stripNamespaces">false</property>
        </outboundProperties>
      </transformer>
      <filter>
        <rules/>
      </filter>
      <transportName>Web Service Sender</transportName>
      <mode>DESTINATION</mode>
      <enabled>false</enabled>
      <version>2.2.1.5861</version>
    </connector>
    <connector>
      <name>Web Service to OpenCDS PSI-13</name>
      <properties>
        <property name="DataType">Web Service Sender</property>
        <property name="dispatcherAttachmentContents">&lt;list/&gt;</property>
        <property name="dispatcherAttachmentNames">&lt;list/&gt;</property>
        <property name="dispatcherAttachmentTypes">&lt;list/&gt;</property>
        <property name="dispatcherEnvelope">&lt;?xml version=&quot;1.0&quot; encoding=&quot;UTF-8&quot;?&gt;
&lt;SOAP-ENV:Envelope xmlns:SOAP-ENV=&quot;http://www.w3.org/2003/05/soap-envelope&quot;
    xmlns:dss=&quot;http://www.omg.org/spec/CDSS/201105/dss&quot;&gt;
    &lt;SOAP-ENV:Header/&gt;
    &lt;SOAP-ENV:Body&gt;
        &lt;dss:evaluate&gt;
            ${interactionId}-4
            &lt;evaluationRequest clientLanguage=&quot;&quot; clientTimeZoneOffset=&quot;&quot;&gt;
                &lt;kmEvaluationRequest&gt;
                    &lt;kmId scopingEntityId=&quot;edu.utah&quot; businessId=&quot;AHRQ_PSI_12&quot; version=&quot;4.3.0&quot;/&gt;
                &lt;/kmEvaluationRequest&gt;
                &lt;dataRequirementItemData&gt;
                    &lt;driId itemId=&quot;ValueImprovementInfrastructure&quot;&gt;
						&lt;containingEntityId scopingEntityId=&quot;edu.utah.its&quot; businessId=&quot;ValueImprovementInfrastructure&quot; version=&quot;1.0.0&quot;/&gt;
					&lt;/driId&gt;
                    &lt;data&gt;
                        &lt;informationModelSSId scopingEntityId=&quot;org.opencds.vmr&quot; businessId=&quot;VMR&quot; version=&quot;1.0&quot;/&gt;
                        &lt;base64EncodedPayload&gt;${vMR_MessageEncoded}&lt;/base64EncodedPayload&gt;
                    &lt;/data&gt;
                &lt;/dataRequirementItemData&gt;
            &lt;/evaluationRequest&gt;
        &lt;/dss:evaluate&gt;
    &lt;/SOAP-ENV:Body&gt;
&lt;/SOAP-ENV:Envelope&gt;</property>
        <property name="dispatcherOneWay">0</property>
        <property name="dispatcherOperation">evaluate</property>
        <property name="dispatcherPassword"></property>
        <property name="dispatcherPort">{http://www.omg.org/spec/CDSS/201105/dssWsdl}evaluate</property>
        <property name="dispatcherReplyChannelId">5311cdf2-9ca3-4c35-8137-8dc39c620b9c</property>
        <property name="dispatcherService">{http://www.omg.org/spec/CDSS/201105/dssWsdl}DecisionSupportService</property>
        <property name="dispatcherSoapAction">http://www.omg.org/spec/CDSS/201105/dssWsdl:operation:evaluate</property>
        <property name="dispatcherUseAuthentication">0</property>
        <property name="dispatcherUseMtom">0</property>
        <property name="dispatcherUsername"></property>
        <property name="dispatcherWsdlOperations">&lt;list&gt;
  &lt;string&gt;evaluate&lt;/string&gt;
  &lt;string&gt;evaluateAtSpecifiedTime&lt;/string&gt;
  &lt;string&gt;evaluateIteratively&lt;/string&gt;
  &lt;string&gt;evaluateIterativelyAtSpecifiedTime&lt;/string&gt;
&lt;/list&gt;</property>
        <property name="dispatcherWsdlUrl">${openCdsUrl}</property>
        <property name="host">${openCdsUrl}</property>
        <property name="queuePollInterval">200</property>
        <property name="reconnectMillisecs">10000</property>
        <property name="rotateQueue">0</property>
        <property name="usePersistentQueues">1</property>
      </properties>
      <transformer>
        <steps/>
        <inboundTemplate encoding="base64"></inboundTemplate>
        <outboundTemplate encoding="base64"></outboundTemplate>
        <inboundProtocol>XML</inboundProtocol>
        <outboundProtocol>XML</outboundProtocol>
        <inboundProperties>
          <property name="stripNamespaces">false</property>
        </inboundProperties>
        <outboundProperties>
          <property name="stripNamespaces">false</property>
        </outboundProperties>
      </transformer>
      <filter>
        <rules/>
      </filter>
      <transportName>Web Service Sender</transportName>
      <mode>DESTINATION</mode>
      <enabled>true</enabled>
      <version>2.2.1.5861</version>
    </connector>
  </destinationConnectors>
  <properties>
    <property name="clearGlobalChannelMap">true</property>
    <property name="dont_store_filtered">false</property>
    <property name="encryptData">false</property>
    <property name="error_messages_only">true</property>
    <property name="initialState">stopped</property>
    <property name="max_message_age">3</property>
    <property name="store_messages">true</property>
    <property name="synchronous">true</property>
    <property name="transactional">false</property>
  </properties>
  <preprocessingScript>// Modify the message variable below to pre process data
return message;</preprocessingScript>
  <postprocessingScript>// This script executes once after a message has been processed
return;</postprocessingScript>
  <deployScript>// This script executes once when the channel is deployed
// You only have access to the globalMap and globalChannelMap here to persist data

// Update values in the following to the actual run-time values for host and port, etc.:

var openCdsUrl = &apos;http://localhost:8082/opencds-decision-support-service/evaluate?wsdl&apos;;
//var openCdsUrl = &apos;http://edmopencdsdev.med.utah.edu:8080/opencds-decision-support-service/evaluate?wsdl&apos;;
globalChannelMap.put(&apos;openCdsUrl&apos;, openCdsUrl.toString() );
globalChannelMap.put(&apos;interactionScopingEntityId&apos;, &apos;edu.utah.uuhsc&apos; );
globalChannelMap.put(&apos;driId&apos;, &apos;&lt;driId itemId=&quot;ValueImprovementInfrastructure&quot;&gt;&lt;containingEntityId scopingEntityId=&quot;edu.utah.its&quot; businessId=&quot;ValueImprovementInfrastructure&quot; version=&quot;1.0.0&quot;/&gt;&lt;/driId&gt;&apos; );
globalChannelMap.put(&apos;informationModelSSId&apos;, &apos;&lt;informationModelSSId scopingEntityId=&quot;org.opencds.vmr&quot; businessId=&quot;VMR&quot; version=&quot;1.0&quot;/&gt;&apos; );



//return;


</deployScript>
  <shutdownScript>// This script executes once when the channel is undeployed
// You only have access to the globalMap and globalChannelMap here to persist data
return;</shutdownScript>
</channel>