<channel>
  <id>5311cdf2-9ca3-4c35-8137-8dc39c620b9c</id>
  <name>VII_PSI_vMRFromOpenCDS2ResponseXMLFile</name>
  <description>Step 3.file) Get the SOAP response from OpenCDS, capture the VMR output payload within the SOAP message, decode it, and write out the payload as an XML file.

NOTES: 
This channel receives the response from OpenCDS for a particular KMID, and writes the payload out to a temporary file as an XML vMR structure.  The KMId + encounterId is used as the name of the output file.

NOTE2: At the current time, the KMId values to save must be present in step 2 of the source transformer


</description>
  <enabled>true</enabled>
  <version>2.2.1.5861</version>
  <lastModified>
    <time>1351601082059</time>
    <timezone>America/Denver</timezone>
  </lastModified>
  <revision>40</revision>
  <sourceConnector>
    <name>sourceConnector</name>
    <properties>
      <property name="DataType">Channel Reader</property>
      <property name="responseValue">None</property>
    </properties>
    <transformer>
      <steps>
        <step>
          <sequenceNumber>0</sequenceNumber>
          <name>OpenCDS_ResponseMessage</name>
          <script>//logger.info(&apos;msg=&apos; + msg);

//first make sure we have a default xml namespace
if (msg.namespace() != undefined) { default xml namespace = msg.namespace(); } else { default xml namespace = &apos;&apos;; }

//second define a namespace for org.omg.dss
var ns = new Namespace(&apos;http://www.omg.org/spec/CDSS/201105/dss&apos;);

//third use the org.omg.dss namespace to pull the content out of the Soap content
var soapResponse = new XML(msg.Body.ns::evaluateResponse.toString() );	
channelMap.put(&apos;soapResponse&apos;, soapResponse);
//logger.info(&apos;soapResponse: &apos;+soapResponse.toString());

//fourth grab the encoded payload	
var encodedOutputPayload = soapResponse.evaluationResponse.finalKMEvaluationResponse.kmEvaluationResultData.data.base64EncodedPayload.toString(); 
channelMap.put(&apos;encodedOutputPayload&apos;,encodedOutputPayload.toString() );
//logger.info(&apos;encodedOutputPayload: &apos;+encodedOutputPayload.toString());

//fifth decode the payload
var decodedOutputPayload = FileUtil.decode(encodedOutputPayload);  
var decodedOutputPayloadAsString = Packages.java.lang.String(decodedOutputPayload);

//create XML for output...
channelMap.put(&apos;VMR_ResponseDecodedAsXML&apos;, decodedOutputPayloadAsString);
//logger.info(&apos;decodedOutputPayloadAsString: &apos; + decodedOutputPayloadAsString );</script>
          <type>JavaScript</type>
          <data class="map">
            <entry>
              <string>Script</string>
              <string>//logger.info(&apos;msg=&apos; + msg);

//first make sure we have a default xml namespace
if (msg.namespace() != undefined) { default xml namespace = msg.namespace(); } else { default xml namespace = &apos;&apos;; }

//second define a namespace for org.omg.dss
var ns = new Namespace(&apos;http://www.omg.org/spec/CDSS/201105/dss&apos;);

//third use the org.omg.dss namespace to pull the content out of the Soap content
var soapResponse = new XML(msg.Body.ns::evaluateResponse.toString() );	
channelMap.put(&apos;soapResponse&apos;, soapResponse);
//logger.info(&apos;soapResponse: &apos;+soapResponse.toString());

//fourth grab the encoded payload	
var encodedOutputPayload = soapResponse.evaluationResponse.finalKMEvaluationResponse.kmEvaluationResultData.data.base64EncodedPayload.toString(); 
channelMap.put(&apos;encodedOutputPayload&apos;,encodedOutputPayload.toString() );
//logger.info(&apos;encodedOutputPayload: &apos;+encodedOutputPayload.toString());

//fifth decode the payload
var decodedOutputPayload = FileUtil.decode(encodedOutputPayload);  
var decodedOutputPayloadAsString = Packages.java.lang.String(decodedOutputPayload);

//create XML for output...
channelMap.put(&apos;VMR_ResponseDecodedAsXML&apos;, decodedOutputPayloadAsString);
//logger.info(&apos;decodedOutputPayloadAsString: &apos; + decodedOutputPayloadAsString );</string>
            </entry>
          </data>
        </step>
        <step>
          <sequenceNumber>1</sequenceNumber>
          <name>Format Output File as VMR XML and save values of encounterId and kmId</name>
          <script>var response = new XML ( $(&apos;VMR_ResponseDecodedAsXML&apos;) );
//logger.info(&quot;response=&quot; + response );

var encounterId 	= &quot;&quot;;
var kmIdCandidate	= &quot;&quot;;
var kmId			= &quot;&quot;;

for (var i=0; i &lt; response[&apos;vmrOutput&apos;][&apos;patient&apos;][&apos;clinicalStatements&apos;][&apos;observationResults&apos;][&apos;observationResult&apos;].length(); i++) 
{
	kmIdCandidate	= response[&apos;vmrOutput&apos;][&apos;patient&apos;][&apos;clinicalStatements&apos;][&apos;observationResults&apos;][&apos;observationResult&apos;][i][&apos;observationFocus&apos;][&apos;@code&apos;].toString();
//	if ((kmId == &quot;C440&quot;) || (kmId == &quot;C442&quot;))
	if (kmIdCandidate != &quot;assertions&quot;)
	{
		encounterId	= response[&apos;vmrOutput&apos;][&apos;patient&apos;][&apos;clinicalStatements&apos;][&apos;observationResults&apos;][&apos;observationResult&apos;][i][&apos;observationValue&apos;][&apos;identifier&apos;][&apos;@extension&apos;].toString();
		kmId		= kmIdCandidate;
	}
}

channelMap.put(&apos;encounterId&apos;, encounterId );
channelMap.put(&apos;kmId&apos;, kmId );

//logger.info(&quot;Step 3: kmId + encounterId processed by OpenCDS = &quot; + kmId + &quot;-&quot; + encounterId );</script>
          <type>JavaScript</type>
          <data class="map">
            <entry>
              <string>Script</string>
              <string>var response = new XML ( $(&apos;VMR_ResponseDecodedAsXML&apos;) );
//logger.info(&quot;response=&quot; + response );

var encounterId 	= &quot;&quot;;
var kmIdCandidate	= &quot;&quot;;
var kmId			= &quot;&quot;;

for (var i=0; i &lt; response[&apos;vmrOutput&apos;][&apos;patient&apos;][&apos;clinicalStatements&apos;][&apos;observationResults&apos;][&apos;observationResult&apos;].length(); i++) 
{
	kmIdCandidate	= response[&apos;vmrOutput&apos;][&apos;patient&apos;][&apos;clinicalStatements&apos;][&apos;observationResults&apos;][&apos;observationResult&apos;][i][&apos;observationFocus&apos;][&apos;@code&apos;].toString();
//	if ((kmId == &quot;C440&quot;) || (kmId == &quot;C442&quot;))
	if (kmIdCandidate != &quot;assertions&quot;)
	{
		encounterId	= response[&apos;vmrOutput&apos;][&apos;patient&apos;][&apos;clinicalStatements&apos;][&apos;observationResults&apos;][&apos;observationResult&apos;][i][&apos;observationValue&apos;][&apos;identifier&apos;][&apos;@extension&apos;].toString();
		kmId		= kmIdCandidate;
	}
}

channelMap.put(&apos;encounterId&apos;, encounterId );
channelMap.put(&apos;kmId&apos;, kmId );

//logger.info(&quot;Step 3: kmId + encounterId processed by OpenCDS = &quot; + kmId + &quot;-&quot; + encounterId );</string>
            </entry>
          </data>
        </step>
      </steps>
      <inboundTemplate encoding="base64"></inboundTemplate>
      <outboundTemplate encoding="base64"></outboundTemplate>
      <inboundProtocol>XML</inboundProtocol>
      <outboundProtocol>XML</outboundProtocol>
      <inboundProperties>
        <property name="stripNamespaces">false</property>
      </inboundProperties>
      <outboundProperties>
        <property name="stripNamespaces">false</property>
      </outboundProperties>
    </transformer>
    <filter>
      <rules/>
    </filter>
    <transportName>Channel Reader</transportName>
    <mode>SOURCE</mode>
    <enabled>true</enabled>
    <version>2.2.1.5861</version>
  </sourceConnector>
  <destinationConnectors>
    <connector>
      <name>File Output</name>
      <properties>
        <property name="DataType">File Writer</property>
        <property name="FTPAnonymous">1</property>
        <property name="binary">0</property>
        <property name="charsetEncoding">DEFAULT_ENCODING</property>
        <property name="errorOnExists">0</property>
        <property name="host">t:/mirth/out</property>
        <property name="outputAppend">0</property>
        <property name="outputPattern">${kmId}-${encounterId}.xml</property>
        <property name="passive">1</property>
        <property name="password">anonymous</property>
        <property name="scheme">file</property>
        <property name="secure">1</property>
        <property name="template">${VMR_ResponseDecodedAsXML}</property>
        <property name="temporary">0</property>
        <property name="timeout">10000</property>
        <property name="username">anonymous</property>
        <property name="validateConnections">1</property>
      </properties>
      <transformer>
        <steps/>
        <inboundProtocol>XML</inboundProtocol>
        <outboundProtocol>XML</outboundProtocol>
        <inboundProperties>
          <property name="stripNamespaces">false</property>
        </inboundProperties>
        <outboundProperties>
          <property name="stripNamespaces">true</property>
        </outboundProperties>
      </transformer>
      <filter>
        <rules/>
      </filter>
      <transportName>File Writer</transportName>
      <mode>DESTINATION</mode>
      <enabled>true</enabled>
      <version>2.2.1.5861</version>
    </connector>
  </destinationConnectors>
  <properties>
    <property name="clearGlobalChannelMap">true</property>
    <property name="dont_store_filtered">false</property>
    <property name="encryptData">false</property>
    <property name="error_messages_only">true</property>
    <property name="initialState">stopped</property>
    <property name="max_message_age">3</property>
    <property name="store_messages">true</property>
    <property name="synchronous">true</property>
    <property name="transactional">false</property>
  </properties>
  <preprocessingScript>// Modify the message variable below to pre process data
return message;</preprocessingScript>
  <postprocessingScript>// This script executes once after a message has been processed
return;</postprocessingScript>
  <deployScript>// This script executes once when the channel is deployed
// You only have access to the globalMap and globalChannelMap here to persist data

var dbConnectionString = globalMap.get(&apos;dbConnectionString&apos;);
globalChannelMap.put(&apos;dbConnectionString&apos;, dbConnectionString.toString() );

var dbUserId = globalMap.get(&apos;dbUserId&apos;);
globalChannelMap.put(&apos;dbUserId&apos;, dbUserId.toString() );

var dbPassword = globalMap.get(&apos;dbPassword&apos;);
globalChannelMap.put(&apos;dbPassword&apos;, dbPassword.toString() );

//return;</deployScript>
  <shutdownScript>// This script executes once when the channel is undeployed
// You only have access to the globalMap and globalChannelMap here to persist data
return;</shutdownScript>
</channel>