<?xml-stylesheet type="text/xsl" href="RecommendationsCliniciansDisplay.xsl"?>
<Recommendation xmlns:ns2="urn:hl7-org:v3" xmlns:ns3="urn:partners-org:ecrs:actions" xmlns:ns4="urn:partners-org:pf:patient">
	<ID assigningAuthorityName="Partners HealthCare System" root="538741d7-f1cb-4401-ae7e-94871a4815d0"/>
	<RecommendationTime value="2011-02-23 21:23:32:817"/>
	<RuleApp>/CDSCRuleApp/CDSCRules</RuleApp>
	<DataID extension="29E94150-F1AB-11DF-84FB-F800B0F1410A" root="1.3.6.1.4.1.16517"/>
	<PatientID extension="100002009" root="1.3.6.1.4.1.16517"/>
	<Action>
		<ID root="a3ff7137-a96a-4932-9fbe-20ff3934da90"/>
		<ns3:RuleInfo>
			<guidelineCode code="Diabetes mellitus"/>
			<originatorRuleset code="Diabetes Rules"/>
			<originatorRule code="OP0000006"/>
			<ruleVersion value="1"/>
		</ns3:RuleInfo>
		<ActionTime value="2011-12-23 11:23:33:309"/>
		<RequestList Ordered="true" Operation="and" Mode="new">
			<MessageRequest>
				<ns3:Message>
					<freeTextMessage value="Diabetic patient is due for urine microalbumin/creatinine ratio measurement (recommended yearly)."/>
					<displayText>Diabetic patient is due for urine microalbumin/creatinine ratio measurement (recommended yearly).</displayText>
				</ns3:Message>
				<displayOrderEnforced>false</displayOrderEnforced>
				<target codeSystem="2.16.840.1.113883.6.96" code="309343006"/>
			</MessageRequest>
			<MessageRequest>
				<ns3:Message>
					<freeTextMessage value="People with diabetes have a higher risk of kidney problems and kidney failure than people without diabetes.  Diabetes-related kidney problems can be detected early and managed with a yearly urine test.  If you are due or almost due for your next urine exam, you may want to talk with your doctor about your next urine exam."/>
					<displayText>People with diabetes have a higher risk of kidney problems and kidney failure than people without diabetes.  Diabetes-related kidney problems can be detected early and managed with a yearly urine test.  If you are due or almost due for your next urine exam, you may want to talk with your doctor about your next urine exam.</displayText>
				</ns3:Message>
				<displayOrderEnforced>false</displayOrderEnforced>
				<target codeSystem="2.16.840.1.113883.6.96" code="116154003"/>
			</MessageRequest>
			<ProcedureRequest>
				<procedureCategoryCode codeSystem="2.16.840.1.113883.6.96" code="252275004"/>
				<procedureTypeCode codeSystem="2.16.840.1.113883.6.1" code="14959-1"/>
				<implementationTime>
					<ns2:period unit="days" value="0"/>
				</implementationTime>
				<textAlternative>Order malb/creat ratio now.</textAlternative>
			</ProcedureRequest>
			<KnowledgeAssetRequest>
				<resource>
					<title>Diabetic Kidney Problems</title>
					<identifier>
						<identifier>http://www.nlm.nih.gov/medlineplus/diabetickidneyproblems.html</identifier>
						<identifierType>URL</identifierType>
					</identifier>
					<knowledgeResourceType codeSystem="2.16.840.1.113883.6.96" code="311401005"/>
				</resource>
				<textAlternative>Recommend giving to the patient the handout 'Diabetic Kidney Problems'</textAlternative>
			</KnowledgeAssetRequest>
		</RequestList>
	</Action>
	<Action>
		<ID root="897a1b4a-6d3b-4f35-9450-34d5a3aac85d"/>
		<ns3:RuleInfo>
			<guidelineCode code="Diabetes mellitus"/>
			<originatorRuleset code="Diabetes Rules"/>
			<originatorRule code="OP0000005"/>
			<ruleVersion value="1"/>
		</ns3:RuleInfo>
		<ActionTime value="2011-12-23 11:23:33:309"/>
		<RequestList Ordered="true" Operation="and" Mode="new">
			<MessageRequest>
				<ns3:Message>
					<freeTextMessage value="Diabetic patient is due for foot exam (recommended yearly)."/>
					<displayText>Diabetic patient is due for foot exam (recommended yearly).</displayText>
				</ns3:Message>
				<displayOrderEnforced>false</displayOrderEnforced>
				<target codeSystem="2.16.840.1.113883.6.96" code="309343006"/>
			</MessageRequest>
			<MessageRequest>
				<ns3:Message>
					<freeTextMessage value="People with diabetes have a higher risk of foot injuries and amputations than people without diabetes.  Diabetes-related foot and leg problems can be prevented with a yearly foot exam by your regular doctor or by a podiatrist (foot doctor).  If you are due or almost due for your next foot exam,  you may want to talk with your doctor about your next foot exam."/>
					<displayText>People with diabetes have a higher risk of foot injuries and amputations than people without diabetes.  Diabetes-related foot and leg problems can be prevented with a yearly foot exam by your regular doctor or by a podiatrist (foot doctor).  If you are due or almost due for your next foot exam,  you may want to talk with your doctor about your next foot exam.</displayText>
				</ns3:Message>
				<displayOrderEnforced>false</displayOrderEnforced>
				<target codeSystem="2.16.840.1.113883.6.96" code="116154003"/>
			</MessageRequest>
			<RequestList Operation="or">
				<ObservationRequest>
					<observationType codeSystem="2.16.840.1.113883.6.96" code="71388002"/>
					<observationCode codeSystem="2.16.840.1.113883.6.96" code="284384005"/>
					<textAlternative>Document the foot exam.</textAlternative>
				</ObservationRequest>
				<EncounterRequest>
					<encounterProvider codeSystem="2.16.840.1.113883.6.96" code="159034004"/>
					<encounterType codeSystem="2.16.840.1.113883.6.96" code="3457005"/>
					<textAlternative>Refer to Podiatrist.</textAlternative>
				</EncounterRequest>
				<ObservationRequest>
					<observationType codeSystem="2.16.840.1.113883.6.96" code="71388002"/>
					<observationCode codeSystem="2.16.840.1.113883.6.96" code="284384005"/>
					<textAlternative>Big test</textAlternative>
				</ObservationRequest>
			</RequestList>
			<KnowledgeAssetRequest>
				<resource>
					<title>Diabetic Foot</title>
					<identifier>
						<identifier>http://www.nlm.nih.gov/medlineplus/diabeticfoot.html</identifier>
						<identifierType>URL</identifierType>
					</identifier>
					<knowledgeResourceType codeSystem="2.16.840.1.113883.6.96" code="311401005"/>
				</resource>
				<textAlternative>Recommend giving to the patient the handout 'Diabetic Foot'</textAlternative>
			</KnowledgeAssetRequest>
		</RequestList>
	</Action>
	<Action>
		<ID root="940b4631-af5a-49e4-add3-7174cc30f0cc"/>
		<ns3:RuleInfo>
			<guidelineCode code="Diabetes mellitus"/>
			<originatorRuleset code="Diabetes Rules"/>
			<originatorRule code="OP0000004"/>
			<ruleVersion value="1"/>
		</ns3:RuleInfo>
		<ActionTime value="2011-12-23 11:23:33:309"/>
		<RequestList Ordered="true" Operation="and" Mode="new">
			<MessageRequest>
				<ns3:Message>
					<freeTextMessage value="Diabetic patient is due for ophthalmologic exam (recommended yearly)."/>
					<displayText>Diabetic patient is due for ophthalmologic exam (recommended yearly).</displayText>
				</ns3:Message>
				<displayOrderEnforced>false</displayOrderEnforced>
				<target codeSystem="2.16.840.1.113883.6.96" code="309343006"/>
			</MessageRequest>
			<MessageRequest>
				<ns3:Message>
					<freeTextMessage value="People with diabetes have a higher risk of vision loss or blindness than people without diabetes.  Diabetes-related eye problems can be prevented with a yearly eye exam by an eye care specialist.  If you are due or almost due for your yearly eye exam, you may want to talk with your doctor about scheduling your next eye exam with an eye care specialist."/>
					<displayText>People with diabetes have a higher risk of vision loss or blindness than people without diabetes.  Diabetes-related eye problems can be prevented with a yearly eye exam by an eye care specialist.  If you are due or almost due for your yearly eye exam, you may want to talk with your doctor about scheduling your next eye exam with an eye care specialist.</displayText>
				</ns3:Message>
				<displayOrderEnforced>false</displayOrderEnforced>
				<target codeSystem="2.16.840.1.113883.6.96" code="116154003"/>
			</MessageRequest>
			<RequestList Operation="or">
				<ObservationRequest>
					<observationType codeSystem="2.16.840.1.113883.6.96" code="71388002"/>
					<observationCode codeSystem="2.16.840.1.113883.6.96" code="36228007"/>
					<textAlternative>Document the eye exam.</textAlternative>
				</ObservationRequest>
				<EncounterRequest>
					<encounterProvider codeSystem="2.16.840.1.113883.6.96" code="422234006"/>
					<encounterType codeSystem="2.16.840.1.113883.6.96" code="3457005"/>
					<textAlternative>Refer to Ophthalmologist.</textAlternative>
				</EncounterRequest>
				<EncounterRequest>
					<encounterProvider codeSystem="2.16.840.1.113883.6.96" code="28229004"/>
					<encounterType codeSystem="2.16.840.1.113883.6.96" code="3457005"/>
					<textAlternative>Refer to Optometrist.</textAlternative>
				</EncounterRequest>
			</RequestList>
			<KnowledgeAssetRequest>
				<resource>
					<title>Diabetic Eye Problems</title>
					<identifier>
						<identifier>http://www.nlm.nih.gov/medlineplus/diabeticeyeproblems.html</identifier>
						<identifierType>URL</identifierType>
					</identifier>
					<knowledgeResourceType codeSystem="2.16.840.1.113883.6.96" code="311401005"/>
				</resource>
				<textAlternative>Recommend giving to the patient the handout 'Diabetic Eye Problems'</textAlternative>
			</KnowledgeAssetRequest>
		</RequestList>
	</Action>
	<Action>
		<ID root="e709722e-cdb9-4428-a9dd-d4c30a26da4a"/>
		<ns3:RuleInfo>
			<guidelineCode code="Diabetes mellitus"/>
			<originatorRuleset code="Diabetes Rules"/>
			<originatorRule code="OP0000001"/>
			<ruleVersion value="1"/>
		</ns3:RuleInfo>
		<ActionTime value="2011-12-23 11:23:33:309"/>
		<RequestList Ordered="true" Operation="and" Mode="new">
			<MessageRequest>
				<ns3:Message>
					<freeTextMessage value="Diabetic patient is overdue for HgbA1c measurement (recommended every 6 months)."/>
					<displayText>Diabetic patient is overdue for HgbA1c measurement (recommended every 6 months).</displayText>
				</ns3:Message>
				<displayOrderEnforced>false</displayOrderEnforced>
				<target codeSystem="2.16.840.1.113883.6.96" code="309343006"/>
			</MessageRequest>
			<ProcedureRequest>
				<procedureCategoryCode codeSystem="2.16.840.1.113883.6.96" code="275711006"/>
				<procedureTypeCode codeSystem="2.16.840.1.113883.6.1" code="4548-4"/>
				<implementationTime>
					<ns2:period unit="days" value="0"/>
				</implementationTime>
				<textAlternative>Order HgbA1c now.</textAlternative>
			</ProcedureRequest>
			<MessageRequest>
				<ns3:Message>
					<freeTextMessage value="Hemoglobin A1c (Hgb A1c) is a blood test that measures your average blood sugar levels over the previous three months. Most people with diabetes have an Hgb A1c test every 6 months. If it's been more than 6 months since your last test, you may want to discuss Hgb A1c testing with your doctor."/>
					<displayText>Hemoglobin A1c (Hgb A1c) is a blood test that measures your average blood sugar levels over the previous three months. Most people with diabetes have an Hgb A1c test every 6 months. If it's been more than 6 months since your last test, you may want to discuss Hgb A1c testing with your doctor.</displayText>
				</ns3:Message>
				<displayOrderEnforced>false</displayOrderEnforced>
				<target codeSystem="2.16.840.1.113883.6.96" code="116154003"/>
			</MessageRequest>
		</RequestList>
	</Action>
	<Action>
		<ID root="bc49014e-4568-484a-88bf-ad17a0396908"/>
		<ns3:RuleInfo>
			<guidelineCode code="Hypertension"/>
			<originatorRuleset code="Hypertension Rules"/>
			<originatorRule code="OP0000011"/>
			<ruleVersion value="1"/>
		</ns3:RuleInfo>
		<ActionTime value="2011-12-23 11:23:33:309"/>
		<RequestList Ordered="true" Operation="and" Mode="new">
			<MessageRequest>
				<ns3:Message>
					<freeTextMessage value="Patient is overdue for blood pressure assessment (recommended yearly)."/>
					<displayText>Patient is overdue for blood pressure assessment (recommended yearly).</displayText>
				</ns3:Message>
				<displayOrderEnforced>false</displayOrderEnforced>
				<target codeSystem="2.16.840.1.113883.6.96" code="309343006"/>
			</MessageRequest>
			<ProcedureRequest>
				<procedureCategoryCode codeSystem="2.16.840.1.113883.6.96" code="46680005"/>
				<procedureTypeCode codeSystem="2.16.840.1.113883.6.1" code="8480-6"/>
				<implementationTime>
					<ns2:period unit="days" value="0"/>
				</implementationTime>
				<textAlternative>Document the blood pressure.</textAlternative>
			</ProcedureRequest>
			<MessageRequest>
				<ns3:Message>
					<freeTextMessage value="Patients should have their blood pressure checked at least every year.  If you have not had your blood pressure checked in over a year, you may want to talk to your doctor about having your blood pressure checked."/>
					<displayText>Patients should have their blood pressure checked at least every year.  If you have not had your blood pressure checked in over a year, you may want to talk to your doctor about having your blood pressure checked.</displayText>
				</ns3:Message>
				<displayOrderEnforced>false</displayOrderEnforced>
				<target codeSystem="2.16.840.1.113883.6.96" code="116154003"/>
			</MessageRequest>
		</RequestList>
	</Action>
	<BOP>CDSCGuidelines</BOP>
</Recommendation>
