<?xml version="1.0" encoding="UTF-8" standalone="yes"?>
<Recommendation xmlns:ns2="urn:hl7-org:v3" xmlns:ns3="urn:partners-org:actions" xmlns:ns4="urn:partners-org:patient">
	<ID root="dfb7a09b-9ae7-4853-a665-efd8499c91c2"/>
	<RecommendationTime value="2009-07-08 14:03:00"/>
	<Action>
		<ns3:RuleInfo>
			<guidelineCode code="Diabetes management guideline"/>
			<originatorRuleset code="manage"/>
			<originatorRule code="OP000002"/>
			<ruleVersion value="1"/>
		</ns3:RuleInfo>
		<ActionTime value="2009-07-08 14:03:00"/>
		<RequestList Ordered="true" Operation="and" Mode="new">
			<MessageRequest>
				<ns3:Message>
					<freeTextMessage value="Diabetic patient is due/almost due for ophthalmologic exam (recommended yearly)"/>
					<displayText>Diabetic patient is due/almost due for ophthalmologic exam (recommended yearly)</displayText>
				</ns3:Message>
				<displayOrderEnforced>false</displayOrderEnforced>
				<target codeSystem="2.16.840.1.113883.6.96" code="309343006"/>
			</MessageRequest>
			<MessageRequest>
				<ns3:Message>
					<freeTextMessage value="People with diabetes have a higher risk of vision loss or blindness than people without diabetes.  Diabetes-related eye problems can be prevented with a yearly eye exam by an eye care specialist.  If you are due or almost due for your yearly eye exam, you may want to talk with your doctor about scheduling your next eye exam with an eye care specialist."/>
					<displayText>People with diabetes have a higher risk of vision loss or blindness than people without diabetes.  Diabetes-related eye problems can be prevented with a yearly eye exam by an eye care specialist.  If you are due or almost due for your yearly eye exam, you may want to talk with your doctor about scheduling your next eye exam with an eye care specialist.</displayText>
				</ns3:Message>
				<displayOrderEnforced>false</displayOrderEnforced>
				<target codeSystem="2.16.840.1.113883.6.96" code="116154003"/>
			</MessageRequest>
			<RequestList Ordered="true" Operation="or" Mode="new">
				<ObservationRequest>
					<observationType code="71388002" codeSystem="2.16.840.1.113883.6.96" displayName="procedure"/>
					<observationCode code="36228007" codeSystem="2.16.840.1.113883.6.96" displayName="eye exam"/>
					<textAlternative>Recommend performing eye exam.</textAlternative>
				</ObservationRequest>
				<EncounterRequest>
					<encounterProvider code="422234006" codeSystem="2.16.840.1.113883.6.96" displayName="ophthalmologist"/>
					<encounterType code="3457005" codeSystem="2.16.840.1.113883.6.96" displayName="referral"/>
					<textAlternative>Refer to an ophthalmologist.</textAlternative>
				</EncounterRequest>
				<EncounterRequest>
					<encounterProvider code="28229004" codeSystem="2.16.840.1.113883.6.96" displayName="optometrist"/>
					<encounterType code="3457005" codeSystem="2.16.840.1.113883.6.96" displayName="referral"/>
					<textAlternative>Refer to an optometrist.</textAlternative>
				</EncounterRequest>
			</RequestList>
			<KnowledgeAssetRequest>
				<resource>
					<title>Diabetic Eye Problems</title>
					<identifier>
						<identifier>http://www.nlm.nih.gov/medlineplus/diabeticeyeproblems.html</identifier>
						<identifierType>URL</identifierType>
					</identifier>
					<knowledgeResourceType code="311401005" codeSystem="2.16.840.1.113883.6.96" displayName="patient handout"/>
				</resource>
				<textAlternative>Recommend giving to the patient the handout &quot;Diabetic Eye Problems&quot;</textAlternative>
			</KnowledgeAssetRequest>
		</RequestList>
	</Action>
	<Action>
		<ns3:RuleInfo>
			<guidelineCode code="Diabetes management guideline"/>
			<originatorRuleset code="assess"/>
			<originatorRule code="OP000001"/>
			<ruleVersion value="1"/>
		</ns3:RuleInfo>
		<ActionTime value="2009-07-08 14:03:00"/>
		<RequestList Ordered="true" Operation="and" Mode="new">
			<MessageRequest>
				<ns3:Message>
					<freeTextMessage value="Patient is overdue for HgbA1C."/>
					<displayText>Patient is overdue for HgbA1C.</displayText>
				</ns3:Message>
				<displayOrderEnforced>false</displayOrderEnforced>
				<target codeSystem="2.16.840.1.113883.6.96" code="309343006"/>
			</MessageRequest>
			<ProcedureRequest>
				<procedureCategoryCode codeSystem="2.16.840.1.113883.6.96" code="Chemistry"/>
				<procedureTypeCode codeSystem="4548-4" code="HgbA1c"/>
				<implementationTime>
					<ns2:period unit="days" value="0"/>
				</implementationTime>
				<textAlternative>Recommend ordering HgA1c now.</textAlternative>
			</ProcedureRequest>
			<MessageRequest>
				<ns3:Message>
					<freeTextMessage value="Hemoglobin A1c (Hgb A1c) is a blood test that measures your average blood sugar levels over the previous three months. Most people with diabetes have an Hgb A1c test every 6 months. If it&apos;s been more than 6 months since your last test, you may want to discuss Hgb A1c testing with your doctor."/>
					<displayText>Hemoglobin A1c (Hgb A1c) is a blood test that measures your average blood sugar levels over the previous three months. Most people with diabetes have an Hgb A1c test every 6 months. If it&apos;s been more than 6 months since your last test, you may want to discuss Hgb A1c testing with your doctor.</displayText>
				</ns3:Message>
				<displayOrderEnforced>false</displayOrderEnforced>
				<target codeSystem="2.16.840.1.113883.6.96" code="116154003"/>
			</MessageRequest>
		</RequestList>
	</Action>
</Recommendation>
