<?xml version="1.0" encoding="UTF-8"?>
<?xml-stylesheet type="text/xsl" href="../xslt/eMeasure.xsl"?>
<QualityMeasureDocument xmlns:xsi="http://www.w3.org/2001/XMLSchema-instance" xmlns="urn:hl7-org:v3">
         
      <!--
         **************************************************************   
         Measure Header Section
         **************************************************************
      --><typeId root="2.16.840.1.113883.1.3" extension="POQM_HD000001"/>
   <id root="3f511433-9c5e-44bc-a533-a269977c0b5b"/>
   <code code="57024-2" codeSystem="2.16.840.1.113883.6.1" displayName="Health Quality Measure Document"/>
   <title>Ischemic Vascular Disease (IVD): Complete Lipid Panel and LDL Control (NQF 0075)</title>
   <text>The percentage of patients 18 years of age and older who were discharged alive for acute myocardial infarction (AMI), coronary artery bypass graft (CABG) or percutaneous transluminal coronary angioplasty (PTCA) from January 1st to November 1st of the year prior to the measurement year, or who had a diagnosis of ischemic vascular disease (IVD) during the measurement year and the year prior to the measurement year and who had a complete lipid profile performed during the measurement year and whose LDL-C was &lt; 100 mg/dL.</text>
   <statusCode code="completed"/>
   <setId root="35d0927e-bc5f-4a76-b168-4813411fce36"/>
   <versionNumber value="1"/>
   <author typeCode="AUT">
      <assignedPerson classCode="ASSIGNED">
         <representedOrganization classCode="ORG" determinerCode="INSTANCE">
            <id root="2.16.840.1.113883.3.464"/>
            <name>National Committee for Quality Assurance</name>
            <contactParty classCode="CON" nullFlavor="UNK"/>
         </representedOrganization>
      </assignedPerson>
   </author>
   <custodian>
      <assignedPerson classCode="ASSIGNED">
         <representedOrganization classCode="ORG" determinerCode="INSTANCE">
            <id root="2.16.840.1.113883.3.464"/>
            <name>National Committee for Quality Assurance</name>
            <contactParty classCode="CON" nullFlavor="UNK"/>
         </representedOrganization>
      </assignedPerson>
   </custodian>
   <verifier typeCode="VRF">
      <assignedPerson classCode="ASSIGNED">
         <representedOrganization classCode="ORG" determinerCode="INSTANCE">
            <id root="2.16.840.1.113883.3.560"/>
            <name>National Quality Forum</name>
            <contactParty classCode="CON" nullFlavor="UNK"/>
         </representedOrganization>
      </assignedPerson>
   </verifier>
   <subjectOf>
      <measureAttribute>
         <code code="COPY" codeSystem="2.16.840.1.113883.5.4" displayName="Copyright"/>
         <value xsi:type="ED" mediaType="text/plain">© National Committee for Quality Assurance. All Rights Reserved</value>
      </measureAttribute>
   </subjectOf>
   <subjectOf>
      <measureAttribute>
         <code code="MSRSCORE" codeSystem="2.16.840.1.113883.5.4" displayName="Measure scoring"/>
         <value xsi:type="CD" code="PROPOR" codeSystem="2.16.840.1.113883.5.1063" displayName="Proportion"/>
      </measureAttribute>
   </subjectOf>
   <subjectOf>
      <measureAttribute>
         <code code="MSRTYPE" codeSystem="2.16.840.1.113883.5.4" displayName="Measure type"/>
         <value xsi:type="CD" code="PROCESS" codeSystem="2.16.840.1.113883.5.1063" displayName="Process"/>
      </measureAttribute>
   </subjectOf>
   <subjectOf>
      <measureAttribute>
         <code code="STRAT" codeSystem="2.16.840.1.113883.5.4" displayName="Stratification"/>
         <value xsi:type="ED" mediaType="text/plain">None</value>
      </measureAttribute>
   </subjectOf>
   <subjectOf>
      <measureAttribute>
         <code code="MSRADJ" codeSystem="2.16.840.1.113883.5.4" displayName="Risk Adjustment"/>
         <value xsi:type="ED" mediaType="text/plain">None</value>
      </measureAttribute>
   </subjectOf>
   <subjectOf>
      <measureAttribute>
         <code code="MSRAGG" codeSystem="2.16.840.1.113883.5.4" displayName="Data Aggregation"/>
         <value xsi:type="ED" mediaType="text/plain"/>
      </measureAttribute>
   </subjectOf>
   <subjectOf>
      <measureAttribute>
         <code code="RAT" codeSystem="2.16.840.1.113883.5.4" displayName="Rationale"/>
         <value xsi:type="ED" mediaType="text/plain">This measure evaluates the percentage of patients in a specific age demographic who had a diagnosis of IVD and demonstrated adequate LDL cholesterol management. IVD and related conditions had an estimated cost burden of $393.5 billion in 2005 (AHA 2005). From 1988-1994 and from 1999-2002, adults 20 and older demonstrated lower age-adjusted total serum cholesterol levels (Carroll 2005), but there is significant room for improvement. Literature reviews and clinical guidelines advise that individuals with coronary artery disease can reduce their risk of subsequent morbidity and premature mortality by managing their cholesterol level through limitations on dietary fat and cholesterol, or in certain cases, through cholesterol lowering medications. A 10% decline in total cholesterol levels (population-wide) can result in a nearly 30% reduction in the incidence of CHD (CDC 2000). This measure facilitates the long-term management of LDL cholesterol levels for patients with IVD.</value>
      </measureAttribute>
   </subjectOf>
   <subjectOf>
      <measureAttribute>
         <code code="CRS" codeSystem="2.16.840.1.113883.3.560" displayName="Clinical Recommendation Statement"/>
         <value xsi:type="ED" mediaType="text/plain">Third report of the National Cholesterol Education Program (NCEP) Expert Panel on Detection, Evaluation, and Treatment of High Blood Cholesterol in Adults (Adult Treatment Panel III). (2001) AND Implications of recent clinical trials for the National Cholesterol Education Program Adult Treatment Panel III guidelines (2004): In highrisk persons, the recommended LDL-C goal is &lt; 100 mg/dL.
                
[1]An LDL-C goal of &lt; 70 mg/dL is a therapeutic option on the basis of available clinical trial evidence, especially for patients at very high risk.	

[2]If LDL-C is &gt; 100 mg/dL, an LDL-lowering drug is indicated simultaneously with lifestyle changes.

[3]If baseline LDL-C is &lt; 100 mg/dL, institution of an LDL-lowering drug to achieve an LDL-C level &lt; 70 mg/dL is a therapeutic option on the basis of available clinical trial evidence.

[4]If a high-risk person has high triglycerides or low HDL-C, consideration can be given to combining a fibrate or nicotinic acid with an LDL-lowering drug. When triglycerides are &gt; 200 mg/dL, non-HDLC is a secondary target of therapy, with a goal 30 mg/dL higher than the identified LDL-C goal.</value>
      </measureAttribute>
   </subjectOf>
   <subjectOf>
      <measureAttribute>
         <code code="IDUR" codeSystem="2.16.840.1.113883.3.560" displayName="Improvement notation"/>
         <value xsi:type="ED" mediaType="text/plain">Higher score indicates better quality</value>
      </measureAttribute>
   </subjectOf>
   <subjectOf>
      <measureAttribute>
         <templateId root="2.16.840.1.113883.3.560.1.74"/>
         <id root="B17C4DAB-C3AF-4354-84DB-A6648CCC7855"/>
         <code code="MSRTP" displayName="Measurement period" codeSystem="2.16.840.1.113883.3.560"/>
         <value xsi:type="EXPR_PQ" value="12" unit="m">
            <expression mediaType="text/plain">measureEndDate - measureStartDate</expression>
         </value>
      </measureAttribute>
   </subjectOf>
   <subjectOf>
      <localVariableName>measureStartDate</localVariableName>
      <measureAttribute>
         <templateId root="2.16.840.1.113883.3.560.1.75"/>
         <id root="951B8940-0DAC-4C9D-ACAA-1F2E29BCD08A"/>
         <code code="MSRSD" displayName="Measurement start date" codeSystem="2.16.840.1.113883.3.560"/>
         <value xsi:type="TS" value="00000101"/>
      </measureAttribute>
   </subjectOf>
   <subjectOf>
      <localVariableName>measureEndDate</localVariableName>
      <measureAttribute>
         <templateId root="2.16.840.1.113883.3.560.1.75"/>
         <id root="8C1A37BF-D4A1-4C15-81BA-D7BAAB6E47F6"/>
         <code code="MSRED" displayName="Measurement end date" codeSystem="2.16.840.1.113883.3.560"/>
         <value xsi:type="TS" value="00001231"/>
      </measureAttribute>
   </subjectOf>
   <subjectOf>
      <measureAttribute>
         <code code="MSRMD" codeSystem="2.16.840.1.113883.3.560" displayName="Measurement duration"/>
         <value xsi:type="ED" mediaType="text/plain">12 month(s)</value>
      </measureAttribute>
   </subjectOf>
   <subjectOf>
      <measureAttribute>
         <code code="REF" codeSystem="2.16.840.1.113883.5.4" displayName="Reference"/>
         <value xsi:type="ED" mediaType="text/plain">National Heart, Lung, and Blood Institute, National Institutes of Health, US Department of Health and Human Services. Third report of the National Cholesterol Education Program (NCEP) Expert Panel on Detection, Evaluation, and Treatment of High Blood Cholesterol in Adults (Adult Treatment Panel III). Bethesda (MD): U.S. Department of Health and Human Services, Public Health Service, National Institutes of Health, National Heart, Lung and Blood Institute; 2001 May. </value>
      </measureAttribute>
   </subjectOf>
   <subjectOf>
      <measureAttribute>
         <code code="DEF" codeSystem="2.16.840.1.113883.3.560" displayName="Definition"/>
         <value xsi:type="ED" mediaType="text/plain" nullFlavor="NI"/>
      </measureAttribute>
   </subjectOf>
   <subjectOf>
      <measureAttribute>
         <code code="GUIDE" codeSystem="2.16.840.1.113883.5.4" displayName="Guidance"/>
         <value xsi:type="ED" mediaType="text/plain">The measure expects an LDL test result (Numerator 1) and an LDL value &lt;= 100 mg/dL (Numerator 2). LDL results are acceptable if directly reported from the laboratory, or if calculated using the following logic, but calculation is only acceptable if the Triglyceride value is &lt;=400 mg/dL:

[Total Cholesterol value –High Density Lipoprotein (HDL) value – (Triglyceride value/5)]
        
In the second part of the Numerator 2, the calculated LDL value must use results of total cholesterol, HDL and triglycerides all from the same date.</value>
      </measureAttribute>
   </subjectOf>
   <componentOf>
      <qualityMeasureSet classCode="ACT">
         <id root="B1EB421F-C28C-453C-8DEE-7C6EFE318EB1"/>
         <title>CLINICAL QUALITY MEASURE SET 2011-2012</title>
      </qualityMeasureSet>
   </componentOf>
         
      <!--
         **************************************************************   
         Population Criteria Section
         **************************************************************
      --><component typeCode="COMP">
      <section>
         <code code="57026-7" codeSystem="2.16.840.1.113883.6.1" displayName="Population criteria"/>
         <title>Population criteria</title>
         <text>
            <list>
               <item>
                  <content styleCode="Bold">Initial Patient Population =</content>
                  <list>
                     <item>AND: "Patient characteristic: birth date"  &gt;= 17 year(s) starts before start of "Measurement period"</item>
                  </list>
               </item>
               <item>
                  <content styleCode="Bold">Denominator=</content>
                  <list>
                     <item>AND: "Initial Patient Population"</item>
                     <item>AND: <list>
                           <item>OR: "Procedure performed: PTCA"  &gt;= 14 month(s) and &lt;= 24 month(s) starts before or during "Measurement end date"</item>
                           <item>OR: <list>
                                 <item>AND: "Diagnosis active: acute myocardial infarction" during ("Encounter: encounter acute inpt"  &gt;= 14 month(s) and &lt;= 24 month(s) starts before or during "Measurement end date")</item>
                                 <item>AND: "Encounter: encounter acute inpt"  &gt;= 14 month(s) and &lt;= 24 month(s) starts before or during "Measurement end date"</item>
                              </list>
                           </item>
                           <item>OR: <list>
                                 <item>AND: "Procedure performed: CABG" during ("Encounter: encounter acute inpt"  &gt;= 14 month(s) and &lt;= 24 month(s) starts before or during "Measurement end date")</item>
                                 <item>AND: "Encounter: encounter acute inpt"  &gt;= 14 month(s) and &lt;= 24 month(s) starts before or during "Measurement end date"</item>
                              </list>
                           </item>
                           <item>OR: <list>
                                 <item>AND: "Diagnosis active: ischemic vascular disease" during ("Encounter: encounter acute inpt"  &lt;= 2 year(s) starts before or during "Measurement end date")</item>
                                 <item>AND: "Encounter: Encounter acute inpt and outpt"  &lt;= 2 year(s) starts before or during "Measurement end date"</item>
                              </list>
                           </item>
                        </list>
                     </item>
                  </list>
               </item>
               <item>
                  <content styleCode="Bold">Numerator 1 =</content>
                  <list>
                     <item>AND: "Laboratory test result: LDL test" during "Measurement period"</item>
                     <item>AND: <list>
                           <item>AND: "Laboratory test result: High Density Lipoprotein (HDL)"</item>
                           <item>AND: "Laboratory test result: Total Cholesterol"</item>
                           <item>AND: "Laboratory test result: Triglycerides"</item>
                           <item> during "Measurement period"</item>
                        </list>
                     </item>
                  </list>
               </item>
               <item>
                  <content styleCode="Bold">Numerator 2 =</content>
                  <list>
                     <item>AND:  MOST RECENT:"Laboratory test result: LDL test (result value &lt;= 100 mg/dL)" during "Measurement period"</item>
                     <item>AND: <list>
                           <item>AND: MOST RECENT:"Laboratory test result: Triglycerides (result value &lt;= 400 mg/dL)"</item>
                           <item>AND: "(MOST RECENT "Laboratory test result: total cholesterol" value minus MOST RECENT "Laboratory test result: high density lipoprotein (HDL)" value minus MOST RECENT "Laboratory test result: triglycerides" value/5) &lt; 100 mg/dL"</item>
                           <item> during "Measurement period"</item>
                        </list>
                     </item>
                  </list>
               </item>
               <item>
                  <content styleCode="Bold">Exclusions =</content>
                  <list>
                     <item>None</item>
                  </list>
               </item>
            </list>
         </text><!--
            **************************************************************   
            Population Criteria Section: population 
            **************************************************************
      -->
         <entry typeCode="DRIV">
            <observation classCode="OBS" moodCode="EVN.CRT" isCriterionInd="true">
               <id root="739A7CE5-C5EB-465B-8D07-1F82C2E31DFC"/>
               <code code="ASSERTION" codeSystem="2.16.840.1.113883.5.4"/>
               <value xsi:type="CD" code="IPP" codeSystem="2.16.840.1.113883.5.1063" codeSystemName="HL7 Observation Value" displayName="Initial Patient Population"/><!--  top and/or -->
               <sourceOf typeCode="PRCN">
                  <conjunctionCode code="AND"/>
                  <act classCode="ACT" moodCode="EVN" isCriterionInd="true"><!-- patient characteristic pattern -->
                     <templateId root="2.16.840.1.113883.3.560.1.25"/>
                     <id root="EDF97D21-8D1F-417D-A041-D0F2B7F66552"/>
                     <code code="45970-1" displayName="Demographics" codeSystem="2.16.840.1.113883.6.1"/>
                     <sourceOf typeCode="COMP">
                        <observation classCode="OBS" moodCode="EVN" isCriterionInd="true">
                           <code code="2.16.840.1.113883.3.464.0001.14" displayName="birth date HL7 Code List"/>
                           <title>Patient characteristic: birth date</title>
                           <sourceOf typeCode="SBS">
                              <pauseQuantity xsi:type="IVL_PQ">
                                 <low value="17" unit="a" inclusive="true"/>
                              </pauseQuantity>
                              <observation classCode="OBS" moodCode="EVN">
                                 <id root="B17C4DAB-C3AF-4354-84DB-A6648CCC7855"/>
                                 <title>Measurement period</title>
                              </observation>
                           </sourceOf>
                        </observation>
                     </sourceOf>
                  </act>
               </sourceOf>
            </observation>
         </entry><!--
            **************************************************************   
            Population Criteria Section: denominator 
            **************************************************************
      -->
         <entry typeCode="DRIV">
            <observation classCode="OBS" moodCode="EVN.CRT" isCriterionInd="true">
               <id root="BF657DEA-62B0-4773-9495-0CA4CDF9AF2B"/>
               <code code="ASSERTION" codeSystem="2.16.840.1.113883.5.4"/>
               <value xsi:type="CD" code="DENOM" codeSystem="2.16.840.1.113883.5.1063" codeSystemName="HL7 Observation Value" displayName="Denominator"/><!--  top and/or -->
               <sourceOf typeCode="PRCN">
                  <conjunctionCode code="AND"/>
                  <observation classCode="OBS" moodCode="EVN" isCriterionInd="true">
                     <id root="739A7CE5-C5EB-465B-8D07-1F82C2E31DFC"/>
                     <title>Initial Patient Population</title>
                  </observation>
               </sourceOf>
               <sourceOf typeCode="PRCN">
                  <conjunctionCode code="AND"/>
                  <act classCode="ACT" moodCode="EVN" isCriterionInd="true">
                     <sourceOf typeCode="PRCN">
                        <conjunctionCode code="OR"/>
                        <act classCode="ACT" moodCode="EVN" isCriterionInd="true"><!-- procedure performed pattern -->
                           <templateId root="2.16.840.1.113883.3.560.1.6"/>
                           <id root="55793C81-9E61-4590-9C2A-5D7106FC73B6"/>
                           <code code="47519-4" displayName="Procedures" codeSystem="2.16.840.1.113883.6.1"/>
                           <sourceOf typeCode="COMP">
                              <procedure classCode="PROC" moodCode="EVN" isCriterionInd="true">
                                 <code code="2.16.840.1.113883.3.464.0001.110" displayName="PTCA Code List GROUPING"/>
                                 <title>Procedure performed: PTCA</title>
                                 <sourceOf typeCode="EAS" inversionInd="true">
                                    <pauseQuantity xsi:type="IVL_PQ">
                                       <low value="14" unit="m" inclusive="true"/>
                                       <high value="24" unit="m" inclusive="true"/>
                                    </pauseQuantity>
                                    <observation classCode="OBS" moodCode="EVN">
                                       <id root="8C1A37BF-D4A1-4C15-81BA-D7BAAB6E47F6"/>
                                       <title>Measurement end date</title>
                                    </observation>
                                 </sourceOf>
                              </procedure>
                           </sourceOf>
                        </act>
                     </sourceOf>
                     <sourceOf typeCode="PRCN">
                        <conjunctionCode code="OR"/>
                        <act classCode="ACT" moodCode="EVN" isCriterionInd="true">
                           <sourceOf typeCode="PRCN">
                              <conjunctionCode code="AND"/>
                              <act classCode="ACT" moodCode="EVN" isCriterionInd="true"><!-- diagnosis active pattern -->
                                 <templateId root="2.16.840.1.113883.3.560.1.2"/>
                                 <id root="52D84E78-1859-4492-9C0E-4A26D025A8EC"/>
                                 <code code="11450-4" displayName="Problem" codeSystem="2.16.840.1.113883.6.1"/>
                                 <sourceOf typeCode="COMP">
                                    <observation classCode="OBS" moodCode="EVN" isCriterionInd="true">
                                       <code code="55607006" codeSystem="2.16.840.1.113883.6.96" displayName="Problem"/>
                                       <title>Diagnosis active: acute myocardial infarction</title>
                                       <value xsi:type="CD" code="2.16.840.1.113883.3.464.0001.01" displayName="acute myocardial infarction Code List GROUPING"/>
                                       <sourceOf typeCode="REFR">
                                          <observation classCode="OBS" moodCode="EVN" isCriterionInd="true">
                                             <code code="33999-4" codeSystem="2.16.840.1.113883.6.1" displayName="Status"/>
                                             <value xsi:type="CD" code="55561003" displayName="active" codeSystem="2.16.840.1.113883.6.96"/>
                                          </observation>
                                       </sourceOf>
                                       <sourceOf typeCode="DURING">
                                          <act classCode="ACT" moodCode="EVN" isCriterionInd="true"><!-- encounter pattern -->
                                             <templateId root="2.16.840.1.113883.3.560.1.4"/>
                                             <id root="B93C69ED-B40C-4FAC-A69C-E764CD97FD77"/>
                                             <code code="46240-8" displayName="Encounter list" codeSystem="2.16.840.1.113883.6.1"/>
                                             <sourceOf typeCode="COMP">
                                                <encounter classCode="ENC" moodCode="EVN" isCriterionInd="true">
                                                   <code code="2.16.840.1.113883.3.464.0001.43" displayName="encounter acute inpt CPT Code List"/>
                                                   <title>Encounter: encounter acute inpt</title>
                                                   <sourceOf typeCode="EAS" inversionInd="true">
                                                      <pauseQuantity xsi:type="IVL_PQ">
                                                         <low value="14" unit="m" inclusive="true"/>
                                                         <high value="24" unit="m" inclusive="true"/>
                                                      </pauseQuantity>
                                                      <observation classCode="OBS" moodCode="EVN">
                                                         <id root="8C1A37BF-D4A1-4C15-81BA-D7BAAB6E47F6"/>
                                                         <title>Measurement end date</title>
                                                      </observation>
                                                   </sourceOf>
                                                </encounter>
                                             </sourceOf>
                                          </act>
                                       </sourceOf>
                                    </observation>
                                 </sourceOf>
                              </act>
                           </sourceOf>
                           <sourceOf typeCode="PRCN">
                              <conjunctionCode code="AND"/>
                              <act classCode="ACT" moodCode="EVN" isCriterionInd="true"><!-- encounter pattern -->
                                 <templateId root="2.16.840.1.113883.3.560.1.4"/>
                                 <id root="B93C69ED-B40C-4FAC-A69C-E764CD97FD77"/>
                                 <code code="46240-8" displayName="Encounter list" codeSystem="2.16.840.1.113883.6.1"/>
                                 <sourceOf typeCode="COMP">
                                    <encounter classCode="ENC" moodCode="EVN" isCriterionInd="true">
                                       <code code="2.16.840.1.113883.3.464.0001.43" displayName="encounter acute inpt CPT Code List"/>
                                       <title>Encounter: encounter acute inpt</title>
                                       <sourceOf typeCode="EAS" inversionInd="true">
                                          <pauseQuantity xsi:type="IVL_PQ">
                                             <low value="14" unit="m" inclusive="true"/>
                                             <high value="24" unit="m" inclusive="true"/>
                                          </pauseQuantity>
                                          <observation classCode="OBS" moodCode="EVN">
                                             <id root="8C1A37BF-D4A1-4C15-81BA-D7BAAB6E47F6"/>
                                             <title>Measurement end date</title>
                                          </observation>
                                       </sourceOf>
                                    </encounter>
                                 </sourceOf>
                              </act>
                           </sourceOf>
                        </act>
                     </sourceOf>
                     <sourceOf typeCode="PRCN">
                        <conjunctionCode code="OR"/>
                        <act classCode="ACT" moodCode="EVN" isCriterionInd="true">
                           <sourceOf typeCode="PRCN">
                              <conjunctionCode code="AND"/>
                              <act classCode="ACT" moodCode="EVN" isCriterionInd="true"><!-- procedure performed pattern -->
                                 <templateId root="2.16.840.1.113883.3.560.1.6"/>
                                 <id root="F7CD663B-B375-43FF-B24F-1A9E4DF311D1"/>
                                 <code code="47519-4" displayName="Procedures" codeSystem="2.16.840.1.113883.6.1"/>
                                 <sourceOf typeCode="COMP">
                                    <procedure classCode="PROC" moodCode="EVN" isCriterionInd="true">
                                       <code code="2.16.840.1.113883.3.464.0001.22" displayName="CABG Code List GROUPING"/>
                                       <title>Procedure performed: CABG</title>
                                       <sourceOf typeCode="DURING">
                                          <act classCode="ACT" moodCode="EVN" isCriterionInd="true"><!-- encounter pattern -->
                                             <templateId root="2.16.840.1.113883.3.560.1.4"/>
                                             <id root="B93C69ED-B40C-4FAC-A69C-E764CD97FD77"/>
                                             <code code="46240-8" displayName="Encounter list" codeSystem="2.16.840.1.113883.6.1"/>
                                             <sourceOf typeCode="COMP">
                                                <encounter classCode="ENC" moodCode="EVN" isCriterionInd="true">
                                                   <code code="2.16.840.1.113883.3.464.0001.43" displayName="encounter acute inpt CPT Code List"/>
                                                   <title>Encounter: encounter acute inpt</title>
                                                   <sourceOf typeCode="EAS" inversionInd="true">
                                                      <pauseQuantity xsi:type="IVL_PQ">
                                                         <low value="14" unit="m" inclusive="true"/>
                                                         <high value="24" unit="m" inclusive="true"/>
                                                      </pauseQuantity>
                                                      <observation classCode="OBS" moodCode="EVN">
                                                         <id root="8C1A37BF-D4A1-4C15-81BA-D7BAAB6E47F6"/>
                                                         <title>Measurement end date</title>
                                                      </observation>
                                                   </sourceOf>
                                                </encounter>
                                             </sourceOf>
                                          </act>
                                       </sourceOf>
                                    </procedure>
                                 </sourceOf>
                              </act>
                           </sourceOf>
                           <sourceOf typeCode="PRCN">
                              <conjunctionCode code="AND"/>
                              <act classCode="ACT" moodCode="EVN" isCriterionInd="true"><!-- encounter pattern -->
                                 <templateId root="2.16.840.1.113883.3.560.1.4"/>
                                 <id root="B93C69ED-B40C-4FAC-A69C-E764CD97FD77"/>
                                 <code code="46240-8" displayName="Encounter list" codeSystem="2.16.840.1.113883.6.1"/>
                                 <sourceOf typeCode="COMP">
                                    <encounter classCode="ENC" moodCode="EVN" isCriterionInd="true">
                                       <code code="2.16.840.1.113883.3.464.0001.43" displayName="encounter acute inpt CPT Code List"/>
                                       <title>Encounter: encounter acute inpt</title>
                                       <sourceOf typeCode="EAS" inversionInd="true">
                                          <pauseQuantity xsi:type="IVL_PQ">
                                             <low value="14" unit="m" inclusive="true"/>
                                             <high value="24" unit="m" inclusive="true"/>
                                          </pauseQuantity>
                                          <observation classCode="OBS" moodCode="EVN">
                                             <id root="8C1A37BF-D4A1-4C15-81BA-D7BAAB6E47F6"/>
                                             <title>Measurement end date</title>
                                          </observation>
                                       </sourceOf>
                                    </encounter>
                                 </sourceOf>
                              </act>
                           </sourceOf>
                        </act>
                     </sourceOf>
                     <sourceOf typeCode="PRCN">
                        <conjunctionCode code="OR"/>
                        <act classCode="ACT" moodCode="EVN" isCriterionInd="true">
                           <sourceOf typeCode="PRCN">
                              <conjunctionCode code="AND"/>
                              <act classCode="ACT" moodCode="EVN" isCriterionInd="true"><!-- diagnosis active pattern -->
                                 <templateId root="2.16.840.1.113883.3.560.1.2"/>
                                 <id root="F1B732DC-3B1B-46B7-84B9-DB055EFB7A50"/>
                                 <code code="11450-4" displayName="Problem" codeSystem="2.16.840.1.113883.6.1"/>
                                 <sourceOf typeCode="COMP">
                                    <observation classCode="OBS" moodCode="EVN" isCriterionInd="true">
                                       <code code="55607006" codeSystem="2.16.840.1.113883.6.96" displayName="Problem"/>
                                       <title>Diagnosis active: ischemic vascular disease</title>
                                       <value xsi:type="CD" code="2.16.840.1.113883.3.464.0001.84" displayName="ischemic vascular disease Code List GROUPING"/>
                                       <sourceOf typeCode="REFR">
                                          <observation classCode="OBS" moodCode="EVN" isCriterionInd="true">
                                             <code code="33999-4" codeSystem="2.16.840.1.113883.6.1" displayName="Status"/>
                                             <value xsi:type="CD" code="55561003" displayName="active" codeSystem="2.16.840.1.113883.6.96"/>
                                          </observation>
                                       </sourceOf>
                                       <sourceOf typeCode="DURING">
                                          <act classCode="ACT" moodCode="EVN" isCriterionInd="true"><!-- encounter pattern -->
                                             <templateId root="2.16.840.1.113883.3.560.1.4"/>
                                             <id root="B93C69ED-B40C-4FAC-A69C-E764CD97FD77"/>
                                             <code code="46240-8" displayName="Encounter list" codeSystem="2.16.840.1.113883.6.1"/>
                                             <sourceOf typeCode="COMP">
                                                <encounter classCode="ENC" moodCode="EVN" isCriterionInd="true">
                                                   <code code="2.16.840.1.113883.3.464.0001.43" displayName="encounter acute inpt CPT Code List"/>
                                                   <title>Encounter: encounter acute inpt</title>
                                                   <sourceOf typeCode="EAS" inversionInd="true">
                                                      <pauseQuantity xsi:type="IVL_PQ">
                                                         <high value="2" unit="a" inclusive="true"/>
                                                      </pauseQuantity>
                                                      <observation classCode="OBS" moodCode="EVN">
                                                         <id root="8C1A37BF-D4A1-4C15-81BA-D7BAAB6E47F6"/>
                                                         <title>Measurement end date</title>
                                                      </observation>
                                                   </sourceOf>
                                                </encounter>
                                             </sourceOf>
                                          </act>
                                       </sourceOf>
                                    </observation>
                                 </sourceOf>
                              </act>
                           </sourceOf>
                           <sourceOf typeCode="PRCN">
                              <conjunctionCode code="AND"/>
                              <act classCode="ACT" moodCode="EVN" isCriterionInd="true"><!-- encounter pattern -->
                                 <templateId root="2.16.840.1.113883.3.560.1.4"/>
                                 <id root="B96C8373-8E60-42E0-8941-49A4D9D4AD56"/>
                                 <code code="46240-8" displayName="Encounter list" codeSystem="2.16.840.1.113883.6.1"/>
                                 <sourceOf typeCode="COMP">
                                    <encounter classCode="ENC" moodCode="EVN" isCriterionInd="true">
                                       <code code="2.16.840.1.113883.3.464.0001.44" displayName="Encounter acute inpt and outpt Code List GROUPING"/>
                                       <title>Encounter: Encounter acute inpt and outpt</title>
                                       <sourceOf typeCode="EAS" inversionInd="true">
                                          <pauseQuantity xsi:type="IVL_PQ">
                                             <high value="2" unit="a" inclusive="true"/>
                                          </pauseQuantity>
                                          <observation classCode="OBS" moodCode="EVN">
                                             <id root="8C1A37BF-D4A1-4C15-81BA-D7BAAB6E47F6"/>
                                             <title>Measurement end date</title>
                                          </observation>
                                       </sourceOf>
                                    </encounter>
                                 </sourceOf>
                              </act>
                           </sourceOf>
                        </act>
                     </sourceOf>
                  </act>
               </sourceOf>
            </observation>
         </entry><!--
            **************************************************************   
            Population Criteria Section: numerator 
            **************************************************************
      -->
         <entry typeCode="DRIV">
            <observation classCode="OBS" moodCode="EVN.CRT" isCriterionInd="true">
               <id root="7636F0D1-116F-479B-A0E3-5B849E273588"/>
               <code code="ASSERTION" codeSystem="2.16.840.1.113883.5.4"/>
               <value xsi:type="CD" code="NUMER" codeSystem="2.16.840.1.113883.5.1063" codeSystemName="HL7 Observation Value" displayName="Numerator"/><!--  top and/or -->
               <sourceOf typeCode="PRCN">
                  <conjunctionCode code="AND"/>
                  <act classCode="ACT" moodCode="EVN" isCriterionInd="true"><!-- laboratory test result pattern -->
                     <templateId root="2.16.840.1.113883.3.560.1.12"/>
                     <id root="6616A36F-795D-42F8-8327-4EF4AD17ED04"/>
                     <code code="30954-2" displayName="Results" codeSystem="2.16.840.1.113883.6.1"/>
                     <sourceOf typeCode="COMP">
                        <observation classCode="OBS" moodCode="EVN" isCriterionInd="true">
                           <code code="2.16.840.1.113883.3.464.0001.89" displayName="LDL test Code List GROUPING"/>
                           <title>Laboratory test result: LDL test</title>
                           <statusCode code="completed"/>
                           <sourceOf typeCode="DURING">
                              <observation classCode="OBS" moodCode="EVN">
                                 <id root="B17C4DAB-C3AF-4354-84DB-A6648CCC7855"/>
                                 <title>Measurement period</title>
                              </observation>
                           </sourceOf>
                        </observation>
                     </sourceOf>
                  </act>
               </sourceOf>
               <sourceOf typeCode="PRCN">
                  <conjunctionCode code="AND"/>
                  <act classCode="ACT" moodCode="EVN" isCriterionInd="true">
                     <sourceOf typeCode="PRCN">
                        <conjunctionCode code="AND"/>
                        <act classCode="ACT" moodCode="EVN" isCriterionInd="true"><!-- laboratory test result pattern -->
                           <templateId root="2.16.840.1.113883.3.560.1.12"/>
                           <id root="66147969-1413-4470-A73F-04990D3D9C95"/>
                           <code code="30954-2" displayName="Results" codeSystem="2.16.840.1.113883.6.1"/>
                           <sourceOf typeCode="COMP">
                              <observation classCode="OBS" moodCode="EVN" isCriterionInd="true">
                                 <code code="2.16.840.1.113883.3.464.0001.76" displayName="High Density Lipoprotein (HDL) Code List GROUPING"/>
                                 <title>Laboratory test result: High Density Lipoprotein (HDL)</title>
                                 <statusCode code="completed"/>
                              </observation>
                           </sourceOf>
                        </act>
                     </sourceOf>
                     <sourceOf typeCode="PRCN">
                        <conjunctionCode code="AND"/>
                        <act classCode="ACT" moodCode="EVN" isCriterionInd="true"><!-- laboratory test result pattern -->
                           <templateId root="2.16.840.1.113883.3.560.1.12"/>
                           <id root="661C2D38-F389-41B1-9562-AE42F1A539A4"/>
                           <code code="30954-2" displayName="Results" codeSystem="2.16.840.1.113883.6.1"/>
                           <sourceOf typeCode="COMP">
                              <observation classCode="OBS" moodCode="EVN" isCriterionInd="true">
                                 <code code="2.16.840.1.113883.3.464.0001.124" displayName="Total Cholesterol Code List GROUPING"/>
                                 <title>Laboratory test result: Total Cholesterol</title>
                                 <statusCode code="completed"/>
                              </observation>
                           </sourceOf>
                        </act>
                     </sourceOf>
                     <sourceOf typeCode="PRCN">
                        <conjunctionCode code="AND"/>
                        <act classCode="ACT" moodCode="EVN" isCriterionInd="true"><!-- laboratory test result pattern -->
                           <templateId root="2.16.840.1.113883.3.560.1.12"/>
                           <id root="66147805-A81B-4238-B1B1-6103D57DCD60"/>
                           <code code="30954-2" displayName="Results" codeSystem="2.16.840.1.113883.6.1"/>
                           <sourceOf typeCode="COMP">
                              <observation classCode="OBS" moodCode="EVN" isCriterionInd="true">
                                 <code code="2.16.840.1.113883.3.464.0001.132" displayName="Triglycerides Code List GROUPING"/>
                                 <title>Laboratory test result: Triglycerides</title>
                                 <statusCode code="completed"/>
                              </observation>
                           </sourceOf>
                        </act>
                     </sourceOf>
                     <sourceOf typeCode="DURING">
                        <observation classCode="OBS" moodCode="EVN" isCriterionInd="true">
                           <id root="B17C4DAB-C3AF-4354-84DB-A6648CCC7855"/>
                           <title>Measurement period</title>
                        </observation>
                     </sourceOf>
                  </act>
               </sourceOf>
            </observation>
         </entry><!--
            **************************************************************   
            Population Criteria Section: numerator 
            **************************************************************
      -->
         <entry typeCode="DRIV">
            <observation classCode="OBS" moodCode="EVN.CRT" isCriterionInd="true">
               <id root="44A68C2F-A3BB-4CB2-AD6C-02EC6B9230EC"/>
               <code code="ASSERTION" codeSystem="2.16.840.1.113883.5.4"/>
               <value xsi:type="CD" code="NUMER" codeSystem="2.16.840.1.113883.5.1063" codeSystemName="HL7 Observation Value" displayName="Numerator"/><!--  top and/or -->
               <sourceOf typeCode="PRCN">
                  <conjunctionCode code="AND"/>
                  <subsetCode code="RECENT"/>
                  <act classCode="ACT" moodCode="EVN" isCriterionInd="true"><!-- laboratory test result pattern -->
                     <templateId root="2.16.840.1.113883.3.560.1.12"/>
                     <id root="6616A36F-795D-42F8-8327-4EF4AD17ED04"/>
                     <code code="30954-2" displayName="Results" codeSystem="2.16.840.1.113883.6.1"/>
                     <sourceOf typeCode="COMP">
                        <observation classCode="OBS" moodCode="EVN" isCriterionInd="true">
                           <code code="2.16.840.1.113883.3.464.0001.89" displayName="LDL test Code List GROUPING"/>
                           <title>Laboratory test result: LDL test (result value &lt;= 100  mg/dL)</title>
                           <statusCode code="completed"/>
                           <value xsi:type="IVL_PQ">
                              <high value="100" unit="mg/dL" inclusive="true"/>
                           </value>
                           <sourceOf typeCode="DURING">
                              <observation classCode="OBS" moodCode="EVN">
                                 <id root="B17C4DAB-C3AF-4354-84DB-A6648CCC7855"/>
                                 <title>Measurement period</title>
                              </observation>
                           </sourceOf>
                        </observation>
                     </sourceOf>
                  </act>
               </sourceOf>
               <sourceOf typeCode="PRCN">
                  <conjunctionCode code="AND"/>
                  <act classCode="ACT" moodCode="EVN" isCriterionInd="true">
                     <sourceOf typeCode="PRCN">
                        <conjunctionCode code="AND"/>
                        <subsetCode code="RECENT"/>
                        <act classCode="ACT" moodCode="EVN" isCriterionInd="true"><!-- laboratory test result pattern -->
                           <templateId root="2.16.840.1.113883.3.560.1.12"/>
                           <id root="66147805-A81B-4238-B1B1-6103D57DCD60"/>
                           <code code="30954-2" displayName="Results" codeSystem="2.16.840.1.113883.6.1"/>
                           <sourceOf typeCode="COMP">
                              <observation classCode="OBS" moodCode="EVN" isCriterionInd="true">
                                 <code code="2.16.840.1.113883.3.464.0001.132" displayName="Triglycerides Code List GROUPING"/>
                                 <title>Laboratory test result: Triglycerides (result value &lt;= 400  mg/dL)</title>
                                 <statusCode code="completed"/>
                                 <value xsi:type="IVL_PQ">
                                    <high value="400" unit="mg/dL" inclusive="true"/>
                                 </value>
                              </observation>
                           </sourceOf>
                        </act>
                     </sourceOf>
                     <sourceOf typeCode="PRCN">
                        <conjunctionCode code="AND"/>
                        <observation classCode="OBS" moodCode="EVN" isCriterionInd="true">
                           <templateId root="2.16.840.1.113883.3.560.1.79"/>
                           <id root="3648EF6F-11CA-45B6-A78D-B4ED98A7B46A"/>
                           <derivationExpr>totalCholesterol - HDL - triglycerides/5</derivationExpr>
                           <title>(MOST RECENT "Laboratory test result: total cholesterol" value minus MOST RECENT "Laboratory test result: high density lipoprotein (HDL)" value minus MOST RECENT "Laboratory test result: triglycerides" value/5) &lt; 100 mg/dL</title>
                           <value xsi:type="IVL_PQ">
                              <high value="100" unit="mg/dL" inclusive="true"/>
                           </value>
                           <sourceOf typeCode="DRIV">
                              <localVariableName>totalCholesterol</localVariableName>
                              <sourceOf typeCode="PRCN">
                                 <subsetCode code="RECENT"/>
                                 <act classCode="ACT" moodCode="EVN" isCriterionInd="true"><!-- laboratory test result pattern -->
                                    <templateId root="2.16.840.1.113883.3.560.1.12"/>
                                    <id root="661C2D38-F389-41B1-9562-AE42F1A539A4"/>
                                    <code code="30954-2" displayName="Results" codeSystem="2.16.840.1.113883.6.1"/>
                                    <sourceOf typeCode="COMP">
                                       <observation classCode="OBS" moodCode="EVN" isCriterionInd="true">
                                          <code code="2.16.840.1.113883.3.464.0001.124" displayName="Total Cholesterol Code List GROUPING"/>
                                          <title>Laboratory test result: Total Cholesterol</title>
                                          <statusCode code="completed"/>
                                       </observation>
                                    </sourceOf>
                                 </act>
                              </sourceOf>
                           </sourceOf>
                           <sourceOf typeCode="DRIV">
                              <localVariableName>HDL</localVariableName>
                              <sourceOf typeCode="PRCN">
                                 <subsetCode code="RECENT"/>
                                 <act classCode="ACT" moodCode="EVN" isCriterionInd="true"><!-- laboratory test result pattern -->
                                    <templateId root="2.16.840.1.113883.3.560.1.12"/>
                                    <id root="66147969-1413-4470-A73F-04990D3D9C95"/>
                                    <code code="30954-2" displayName="Results" codeSystem="2.16.840.1.113883.6.1"/>
                                    <sourceOf typeCode="COMP">
                                       <observation classCode="OBS" moodCode="EVN" isCriterionInd="true">
                                          <code code="2.16.840.1.113883.3.464.0001.76" displayName="High Density Lipoprotein (HDL) Code List GROUPING"/>
                                          <title>Laboratory test result: High Density Lipoprotein (HDL)</title>
                                          <statusCode code="completed"/>
                                       </observation>
                                    </sourceOf>
                                 </act>
                              </sourceOf>
                           </sourceOf>
                           <sourceOf typeCode="DRIV">
                              <localVariableName>triglycerides</localVariableName>
                              <sourceOf typeCode="PRCN">
                                 <subsetCode code="RECENT"/>
                                 <act classCode="ACT" moodCode="EVN" isCriterionInd="true"><!-- laboratory test result pattern -->
                                    <templateId root="2.16.840.1.113883.3.560.1.12"/>
                                    <id root="66147805-A81B-4238-B1B1-6103D57DCD60"/>
                                    <code code="30954-2" displayName="Results" codeSystem="2.16.840.1.113883.6.1"/>
                                    <sourceOf typeCode="COMP">
                                       <observation classCode="OBS" moodCode="EVN" isCriterionInd="true">
                                          <code code="2.16.840.1.113883.3.464.0001.132" displayName="Triglycerides Code List GROUPING"/>
                                          <title>Laboratory test result: Triglycerides</title>
                                          <statusCode code="completed"/>
                                       </observation>
                                    </sourceOf>
                                 </act>
                              </sourceOf>
                           </sourceOf>
                        </observation>
                     </sourceOf>
                     <sourceOf typeCode="DURING">
                        <observation classCode="OBS" moodCode="EVN" isCriterionInd="true">
                           <id root="B17C4DAB-C3AF-4354-84DB-A6648CCC7855"/>
                           <title>Measurement period</title>
                        </observation>
                     </sourceOf>
                  </act>
               </sourceOf>
            </observation>
         </entry><!--
            **************************************************************   
            Population Criteria Section: exclusions 
            **************************************************************
      -->
         <entry typeCode="DRIV">
            <observation classCode="OBS" moodCode="EVN.CRT" isCriterionInd="true" actionNegationInd="true">
               <id root="58858E32-22BE-4B36-BB95-56ABAAD1AD14"/>
               <code code="ASSERTION" codeSystem="2.16.840.1.113883.5.4"/>
               <value xsi:type="CD" code="DENOM" codeSystem="2.16.840.1.113883.5.1063" codeSystemName="HL7 Observation Value" displayName="Denominator"/>
            </observation>
         </entry>
      </section>
   </component>
         
      <!--
         ******************************************   
         Data Criteria Section
         ******************************************
      --><component typeCode="COMP">
      <section>
         <code code="57025-9" codeSystem="2.16.840.1.113883.6.1" displayName="Data criteria (QDS Data Elements)"/>
         <title>Data criteria (QDS Data Elements)</title>
         <text>
            <list>
               <item>
                  <content>"Diagnosis active: acute myocardial infarction"</content> using "acute myocardial infarction Code List GROUPING (2.16.840.1.113883.3.464.0001.01)"</item>
               <item>
                  <content>"Diagnosis active: ischemic vascular disease"</content> using "ischemic vascular disease Code List GROUPING (2.16.840.1.113883.3.464.0001.84)"</item>
               <item>
                  <content>"Encounter: encounter acute inpt"</content> using "encounter acute inpt CPT Code List (2.16.840.1.113883.3.464.0001.43)"</item>
               <item>
                  <content>"Encounter: Encounter acute inpt and outpt"</content> using "Encounter acute inpt and outpt Code List GROUPING (2.16.840.1.113883.3.464.0001.44)"</item>
               <item>
                  <content>"Laboratory test result: High Density Lipoprotein (HDL)"</content> using "High Density Lipoprotein (HDL) Code List GROUPING (2.16.840.1.113883.3.464.0001.76)"</item>
               <item>
                  <content>"Laboratory test result: LDL test"</content> using "LDL test Code List GROUPING (2.16.840.1.113883.3.464.0001.89)"</item>
               <item>
                  <content>"Laboratory test result: Total Cholesterol"</content> using "Total Cholesterol Code List GROUPING (2.16.840.1.113883.3.464.0001.124)"</item>
               <item>
                  <content>"Laboratory test result: Triglycerides"</content> using "Triglycerides Code List GROUPING (2.16.840.1.113883.3.464.0001.132)"</item>
               <item>
                  <content>"Patient characteristic: birth date" (age)</content> using "birth date HL7 Code List (2.16.840.1.113883.3.464.0001.14)"</item>
               <item>
                  <content>"Procedure performed: CABG"</content> using "CABG Code List GROUPING (2.16.840.1.113883.3.464.0001.22)"</item>
               <item>
                  <content>"Procedure performed: PTCA"</content> using "PTCA Code List GROUPING (2.16.840.1.113883.3.464.0001.110)"</item>
            </list>
         </text>
         <entry typeCode="DRIV">
            <act classCode="ACT" moodCode="EVN" isCriterionInd="true"><!-- diagnosis active pattern -->
               <templateId root="2.16.840.1.113883.3.560.1.2"/>
               <id root="52D84E78-1859-4492-9C0E-4A26D025A8EC"/>
               <code code="11450-4" displayName="Problem" codeSystem="2.16.840.1.113883.6.1"/>
               <sourceOf typeCode="COMP">
                  <observation classCode="OBS" moodCode="EVN" isCriterionInd="true">
                     <code code="55607006" codeSystem="2.16.840.1.113883.6.96" displayName="Problem"/>
                     <title>Diagnosis active: acute myocardial infarction</title>
                     <value xsi:type="CD" code="2.16.840.1.113883.3.464.0001.01" displayName="acute myocardial infarction Code List GROUPING"/>
                     <sourceOf typeCode="REFR">
                        <observation classCode="OBS" moodCode="EVN" isCriterionInd="true">
                           <code code="33999-4" codeSystem="2.16.840.1.113883.6.1" displayName="Status"/>
                           <value xsi:type="CD" code="55561003" displayName="active" codeSystem="2.16.840.1.113883.6.96"/>
                        </observation>
                     </sourceOf>
                  </observation>
               </sourceOf>
            </act>
         </entry>
         <entry typeCode="DRIV">
            <act classCode="ACT" moodCode="EVN" isCriterionInd="true"><!-- patient characteristic pattern -->
               <templateId root="2.16.840.1.113883.3.560.1.25"/>
               <id root="EDF97D21-8D1F-417D-A041-D0F2B7F66552"/>
               <code code="45970-1" displayName="Demographics" codeSystem="2.16.840.1.113883.6.1"/>
               <sourceOf typeCode="COMP">
                  <observation classCode="OBS" moodCode="EVN" isCriterionInd="true">
                     <code code="2.16.840.1.113883.3.464.0001.14" displayName="birth date HL7 Code List"/>
                     <title>Patient characteristic: birth date</title>
                  </observation>
               </sourceOf>
            </act>
         </entry>
         <entry typeCode="DRIV">
            <act classCode="ACT" moodCode="EVN" isCriterionInd="true"><!-- procedure performed pattern -->
               <templateId root="2.16.840.1.113883.3.560.1.6"/>
               <id root="F7CD663B-B375-43FF-B24F-1A9E4DF311D1"/>
               <code code="47519-4" displayName="Procedures" codeSystem="2.16.840.1.113883.6.1"/>
               <sourceOf typeCode="COMP">
                  <procedure classCode="PROC" moodCode="EVN" isCriterionInd="true">
                     <code code="2.16.840.1.113883.3.464.0001.22" displayName="CABG Code List GROUPING"/>
                     <title>Procedure performed: CABG</title>
                  </procedure>
               </sourceOf>
            </act>
         </entry>
         <entry typeCode="DRIV">
            <act classCode="ACT" moodCode="EVN" isCriterionInd="true"><!-- encounter pattern -->
               <templateId root="2.16.840.1.113883.3.560.1.4"/>
               <id root="B93C69ED-B40C-4FAC-A69C-E764CD97FD77"/>
               <code code="46240-8" displayName="Encounter list" codeSystem="2.16.840.1.113883.6.1"/>
               <sourceOf typeCode="COMP">
                  <encounter classCode="ENC" moodCode="EVN" isCriterionInd="true">
                     <code code="2.16.840.1.113883.3.464.0001.43" displayName="encounter acute inpt CPT Code List"/>
                     <title>Encounter: encounter acute inpt</title>
                  </encounter>
               </sourceOf>
            </act>
         </entry>
         <entry typeCode="DRIV">
            <act classCode="ACT" moodCode="EVN" isCriterionInd="true"><!-- encounter pattern -->
               <templateId root="2.16.840.1.113883.3.560.1.4"/>
               <id root="B96C8373-8E60-42E0-8941-49A4D9D4AD56"/>
               <code code="46240-8" displayName="Encounter list" codeSystem="2.16.840.1.113883.6.1"/>
               <sourceOf typeCode="COMP">
                  <encounter classCode="ENC" moodCode="EVN" isCriterionInd="true">
                     <code code="2.16.840.1.113883.3.464.0001.44" displayName="Encounter acute inpt and outpt Code List GROUPING"/>
                     <title>Encounter: Encounter acute inpt and outpt</title>
                  </encounter>
               </sourceOf>
            </act>
         </entry>
         <entry typeCode="DRIV">
            <act classCode="ACT" moodCode="EVN" isCriterionInd="true"><!-- diagnosis active pattern -->
               <templateId root="2.16.840.1.113883.3.560.1.2"/>
               <id root="F1B732DC-3B1B-46B7-84B9-DB055EFB7A50"/>
               <code code="11450-4" displayName="Problem" codeSystem="2.16.840.1.113883.6.1"/>
               <sourceOf typeCode="COMP">
                  <observation classCode="OBS" moodCode="EVN" isCriterionInd="true">
                     <code code="55607006" codeSystem="2.16.840.1.113883.6.96" displayName="Problem"/>
                     <title>Diagnosis active: ischemic vascular disease</title>
                     <value xsi:type="CD" code="2.16.840.1.113883.3.464.0001.84" displayName="ischemic vascular disease Code List GROUPING"/>
                     <sourceOf typeCode="REFR">
                        <observation classCode="OBS" moodCode="EVN" isCriterionInd="true">
                           <code code="33999-4" codeSystem="2.16.840.1.113883.6.1" displayName="Status"/>
                           <value xsi:type="CD" code="55561003" displayName="active" codeSystem="2.16.840.1.113883.6.96"/>
                        </observation>
                     </sourceOf>
                  </observation>
               </sourceOf>
            </act>
         </entry>
         <entry typeCode="DRIV">
            <act classCode="ACT" moodCode="EVN" isCriterionInd="true"><!-- procedure performed pattern -->
               <templateId root="2.16.840.1.113883.3.560.1.6"/>
               <id root="55793C81-9E61-4590-9C2A-5D7106FC73B6"/>
               <code code="47519-4" displayName="Procedures" codeSystem="2.16.840.1.113883.6.1"/>
               <sourceOf typeCode="COMP">
                  <procedure classCode="PROC" moodCode="EVN" isCriterionInd="true">
                     <code code="2.16.840.1.113883.3.464.0001.110" displayName="PTCA Code List GROUPING"/>
                     <title>Procedure performed: PTCA</title>
                  </procedure>
               </sourceOf>
            </act>
         </entry>
         <entry typeCode="DRIV">
            <act classCode="ACT" moodCode="EVN" isCriterionInd="true"><!-- laboratory test result pattern -->
               <templateId root="2.16.840.1.113883.3.560.1.12"/>
               <id root="66147969-1413-4470-A73F-04990D3D9C95"/>
               <code code="30954-2" displayName="Results" codeSystem="2.16.840.1.113883.6.1"/>
               <sourceOf typeCode="COMP">
                  <observation classCode="OBS" moodCode="EVN" isCriterionInd="true">
                     <code code="2.16.840.1.113883.3.464.0001.76" displayName="High Density Lipoprotein (HDL) Code List GROUPING"/>
                     <title>Laboratory test result: High Density Lipoprotein (HDL)</title>
                     <statusCode code="completed"/>
                  </observation>
               </sourceOf>
            </act>
         </entry>
         <entry typeCode="DRIV">
            <act classCode="ACT" moodCode="EVN" isCriterionInd="true"><!-- laboratory test result pattern -->
               <templateId root="2.16.840.1.113883.3.560.1.12"/>
               <id root="6616A36F-795D-42F8-8327-4EF4AD17ED04"/>
               <code code="30954-2" displayName="Results" codeSystem="2.16.840.1.113883.6.1"/>
               <sourceOf typeCode="COMP">
                  <observation classCode="OBS" moodCode="EVN" isCriterionInd="true">
                     <code code="2.16.840.1.113883.3.464.0001.89" displayName="LDL test Code List GROUPING"/>
                     <title>Laboratory test result: LDL test</title>
                     <statusCode code="completed"/>
                  </observation>
               </sourceOf>
            </act>
         </entry>
         <entry typeCode="DRIV">
            <act classCode="ACT" moodCode="EVN" isCriterionInd="true"><!-- laboratory test result pattern -->
               <templateId root="2.16.840.1.113883.3.560.1.12"/>
               <id root="661C2D38-F389-41B1-9562-AE42F1A539A4"/>
               <code code="30954-2" displayName="Results" codeSystem="2.16.840.1.113883.6.1"/>
               <sourceOf typeCode="COMP">
                  <observation classCode="OBS" moodCode="EVN" isCriterionInd="true">
                     <code code="2.16.840.1.113883.3.464.0001.124" displayName="Total Cholesterol Code List GROUPING"/>
                     <title>Laboratory test result: Total Cholesterol</title>
                     <statusCode code="completed"/>
                  </observation>
               </sourceOf>
            </act>
         </entry>
         <entry typeCode="DRIV">
            <act classCode="ACT" moodCode="EVN" isCriterionInd="true"><!-- laboratory test result pattern -->
               <templateId root="2.16.840.1.113883.3.560.1.12"/>
               <id root="66147805-A81B-4238-B1B1-6103D57DCD60"/>
               <code code="30954-2" displayName="Results" codeSystem="2.16.840.1.113883.6.1"/>
               <sourceOf typeCode="COMP">
                  <observation classCode="OBS" moodCode="EVN" isCriterionInd="true">
                     <code code="2.16.840.1.113883.3.464.0001.132" displayName="Triglycerides Code List GROUPING"/>
                     <title>Laboratory test result: Triglycerides</title>
                     <statusCode code="completed"/>
                  </observation>
               </sourceOf>
            </act>
         </entry>
      </section>
   </component>
   <component typeCode="COMP">
      <section>
         <title>Summary Calculation</title>
         <text>
            <content>Calculation is generic to all measures:</content>
            <list>
               <item>Calculate the final denominator by adding all that meet denominator criteria.</item>
               <item>Subtract from the final denominator all that do not meet numerator criteria yet also meet exclusion criteria.  Note some measures do not have exclusion criteria.</item>
               <item>The performance calculation is based on the "Measure scoring" from header information above:
					        	<list>
                     <item>For "Proportion" measures, the calculation is the number meeting numerator criteria divided by the final denominator.</item>
                     <item>For "Ratio" and "Continuous Variable" measures, follow the calculation instructions in the Data Aggregation header information above, if present.</item>
                  </list>
               </item>
               <item>For measures with multiple denominators, repeat this process for each denominator and report each result separately.</item>
               <item>For measures with multiple patient populations, repeat this process for each patient population and report each result separately.</item>
               <item>For measures with multiple numerators, calculate each numerator separately within each population using the paired exclusion.</item>
            </list>
         </text>
      </section>
   </component>
</QualityMeasureDocument>