<?xml version="1.0" encoding="UTF-8"?>
<OpenCdsConceptMappingSpecificationFile>
	<specificationNotes>Created manually from AHRQ PSI specifications.</specificationNotes>
    <openCdsConcept code="C315" displayName="Anemia"/>
    <conceptDeterminationMethod code="C267" displayName="AHRQ v4.3"/>
    <membersForCodeSystem codeSystem="2.16.840.1.113883.6.103" codeSystemName="ICD9CM diagnoses">
    	<CD code="280.0" displayName="SECONDARY TO BLOOD LOSS [CHRONIC]"/>
    	<CD code="285.1" displayName="ACUTE POSTHEMORRHAGIC ANEMIA"/>
   	</membersForCodeSystem>
</OpenCdsConceptMappingSpecificationFile>
