<?xml version="1.0" encoding="UTF-8"?>
<OpenCdsConceptMappingSpecificationFile>
	<specificationNotes>Created manually from AHRQ PSI specifications.</specificationNotes>
    <openCdsConcept code="C355" displayName="Shock or Cardiac Arrest Proc."/>
    <conceptDeterminationMethod code="C267" displayName="AHRQ v4.3"/>
    <membersForCodeSystem codeSystem="2.16.840.1.113883.6.104" codeSystemName="ICD9CM procedures">
    	<CD code="93.93" displayName="NONMECHANICAL METHODS OF RESUSCITATION"/>
    	<CD code="99.60" displayName="CARDIOPULMONARY RESUSCITATION, NOS"/>
    	<CD code="99.63" displayName="CLOSED CHEST CARDIAC MASSAGE"/>
   	</membersForCodeSystem>
</OpenCdsConceptMappingSpecificationFile>
