<?xml version="1.0" encoding="UTF-8"?>
<OpenCdsConceptMappingSpecificationFile>
	<specificationNotes>Created manually from AHRQ PSI specifications.</specificationNotes>
    <openCdsConcept code="C378" displayName="Immunocompromised State Procedure"/>
    <conceptDeterminationMethod code="C267" displayName="AHRQ v4.3"/>
    <membersForCodeSystem codeSystem="2.16.840.1.113883.6.104" codeSystemName="ICD9CM procedure">
    	<CD code="00.18" displayName="INFUS IMMUNOSUP ANTIBODY"/>
    	<CD code="33.5" displayName="LUNG TRANSPLANT"/>
    	<CD code="33.50" displayName="LUNG TRANSPLANT NOS"/>
    	<CD code="33.51" displayName="UNILAT LUNG TRANSPLANT"/>
    	<CD code="33.52" displayName="BILAT LUNG TRANSPLANT"/>
    	<CD code="33.6" displayName="COMBINED HEART-LUNG TRANSPLANTATION"/>
    	<CD code="37.5" displayName="HEART TRANSPLANTATION"/>
    	<CD code="37.51" displayName="HEART TRANSPLANTATION"/>
    	<CD code="41.0" displayName="OPERATIONS ON BONE MAROW AND SPLEEN"/>
    	<CD code="41.00" displayName="BONE MARROW TRNSPLNT NOS"/>
    	<CD code="41.01" displayName="AUTO BONE MT W/O PURG"/>
    	<CD code="41.02" displayName="ALO BONE MARROW TRNSPLNT"/>
    	<CD code="41.03" displayName="ALLOGRFT BONE MARROW NOS"/>
    	<CD code="41.04" displayName="AUTO HEM STEM CT W/O PUR"/>
    	<CD code="41.05" displayName="ALLO HEM STEM CT W/O PUR"/>
    	<CD code="41.06" displayName="CORD BLD STEM CELL TRANS"/>
    	<CD code="41.07" displayName="AUTO HEM STEM CT W PURG"/>
    	<CD code="41.08" displayName="ALLO HEM STEM CT W PURG"/>
    	<CD code="41.09" displayName="AUTO BONE MT W PURGING"/>
    	<CD code="50.51" displayName="AUXILIARY LIVER TRANSPL"/>
    	<CD code="50.59" displayName="LIVER TRANSPLANT NEC"/>
    	<CD code="52.80" displayName="PANCREATIC TRANSPLANT, NOS"/>
    	<CD code="52.81" displayName="REIMPLANTATION OF PANCREATIC TISSUE"/>
    	<CD code="52.82" displayName="REIMPLANTATION OF PANCREATIC TISSUE"/>
    	<CD code="52.83" displayName="HETEROTRANSPLANT OF PANCREAS"/>
    	<CD code="52.85" displayName="ALLOTRANSPLANTATION OF CELLS OF ISLETS OF LNGERHANS"/>
    	<CD code="52.86" displayName="TRANSPLANTATION OF CELLS OF ISLETS OF LANGERHANS, NOS"/>
    	<CD code="55.69" displayName="OTHER KIDNEY TRANSPLANTATION"/>

   	</membersForCodeSystem>
</OpenCdsConceptMappingSpecificationFile>
