<?xml version="1.0" encoding="UTF-8"?>
<OpenCdsConceptMappingSpecificationFile> 
	<specificationNotes>Created manually from AHRQ PSI specifications.</specificationNotes> 
	<openCdsConcept displayName="Spine Surgery" code="C375"/> 
	<conceptDeterminationMethod displayName="AHRQ" code="C267"/> 
	<membersForCodeSystem codeSystemName="ICD9CM procedures" codeSystem="2.16.840.1.113883.6.104">
		<CD displayName="REMOVAL OF FOREIGN BODY FROM SPINAL CANAL" code="03.01"/>
		<CD displayName="REOPENING OF LAMINECTOMY SITE" code="03.02"/>
		<CD displayName="OTHER EXPLORATION AND DECOMPRESSION OF SPINAL CANAL" code="03.09"/>
		<CD displayName="REPAIR OF VERTEBRAL FRACTURE" code="03.53"/>
		<CD displayName="LYSIS OF ADHESIONS OF SPINAL CORD AND NERVE ROOTS" code="03.6"/>
		<CD displayName="REPAIR OF THE ANULUS FIBROSUS WITH GRAFT OR PROSTHESIS (OCT08)" code="80.53"/>
		<CD displayName="OTHER AND UNSPECIFIED REPAIR OF THE ANULUS FIBROSUS (OCT08)" code="80.54"/>
		<CD displayName="SPINAL FUSION, NOT OTHERWISE SPECIFIED" code="81.00"/>
		<CD displayName="ATLAS-AXIS SPINAL FUSION" code="81.01"/>
		<CD displayName="OTHER CERVICAL FUSION, ANTERIOR TECHNIQUE" code="81.02"/>
		<CD displayName="OTHER CERVICAL FUSION, POSTERIOR TECHNIQUE" code="81.03"/>
		<CD displayName="DORSAL AND DORSOLUMBAR FUSION, ANTERIOR TECHNIQUE" code="81.04"/>
		<CD displayName="DORSAL AND DORSOLUMBAR FUSION, POSTERIOR TECHNIQUE" code="81.05"/>
		<CD displayName="LUMBAR AND LUMBOSACRAL FUSION, ANTERIOR TECHNIQUE" code="81.06"/>
		<CD displayName="LUMBAR AND LUMBOSACRAL FUSION, LATERAL TRANSVERSE PROCESS TECHNIQUE" code="81.07"/>
		<CD displayName="LUMBAR AND LUMBOSACRAL FUSION, POSTERIOR TECHNIQUE" code="81.08"/>
		<CD displayName="REFUSION OF SPINE, NOT OTHERWISE SPECIFIED" code="81.30"/>
		<CD displayName="REFUSION OF ATLAS-AXIS SPINE" code="81.31"/>
		<CD displayName="REFUSION OF OTHER CERVICAL SPINE, ANTERIOR TECHNIQUE" code="81.32"/>
		<CD displayName="REFUSION OF OTHER CERVICAL SPINE, POSTERIOR TECHNIQUE" code="81.33"/>
		<CD displayName="REFUSION OF DORSAL AND DORSOLUMBAR SPINE, ANTERIOR TECHNIQUE" code="81.34"/>
		<CD displayName="REFUSION OF DORSAL AND DORSOLUMBAR SPINE, POSTERIOR TECHNIQUE" code="81.35"/>
		<CD displayName="REFUSION OF LUMBAR AND LUMBOSACRAL SPINE, ANTERIOR TECHNIQUE" code="81.36"/>
		<CD displayName="REFUSION OF LUMBAR AND LUMBOSACRAL SPINE, LATERAL TRANSVERSE PROCESS TECHNIQUE" code="81.37"/>
		<CD displayName="REFUSION OF LUMBAR AND LUMBOSACRAL SPINE, POSTERIOR TECHNIQUE" code="81.38"/>
		<CD displayName="REFUSION OF SPINE, NOT ELSEWHERE CLASSIFIED" code="81.39"/>
		<CD displayName="FUSION OR REFUSION OF 2-3 VERTEBRAE*" code="81.62"/>
		<CD displayName="FUSION OR REFUSION OF 4-8 VERTEBRAE*" code="81.63"/>
		<CD displayName="FUSION OR REFUSION OF 9 OR MORE VERTEBRAE*" code="81.64"/>
		<CD displayName="VERTEBROPLASTY" code="81.65"/>
		<CD displayName="KYPHOPLASTY" code="81.66"/>
		<CD displayName="INSERTION OF INTERBODY SPINAL FUSION DEVICE*" code="84.51"/>
		<CD displayName="INSERTION OF RECOMBINANT BONE MORPHOGENETIC PROTEIN*" code="84.52"/>
		<CD displayName="IMPLANTATION OF INTERSPINOUS PROCESS DECOMPRESSION DEVICE (ONLY BEFORE OCT 1, 2007)" code="84.58"/>
		<CD displayName="INSERTION OF OTHER SPINAL DEVICES" code="84.59"/>
		<CD displayName="INSERTION OF SPINAL DISC PROSTHESIS, NOT OTHERWISE SPECIFIED" code="84.60"/>
		<CD displayName="INSERTION OF PARTIAL SPINAL DISC PROSTHESIS, CERVICAL" code="84.61"/>
		<CD displayName="INSERTION OF TOTAL SPINAL DISC PROSTHESIS, CERVICAL" code="84.62"/>
		<CD displayName="INSERTION OF SPINAL DISC PROSTHESIS, THORACIC" code="84.63"/>
		<CD displayName="INSERTION OF PARTIAL SPINAL DISC PROSTHESIS, LUMBOSACRAL" code="84.64"/>
		<CD displayName="INSERTION OF TOTAL SPINAL DISC PROSTHESIS, LUMBOSACRAL" code="84.65"/>
		<CD displayName="REVISION OR REPLACEMENT OF ARTIFICIAL SPINAL DISC PROSTHESIS, CERVICAL" code="84.66"/>
		<CD displayName="REVISION OR REPLACEMENT OF ARTIFICIAL SPINAL DISC PROSTHESIS, THORACIC" code="84.67"/>
		<CD displayName="REVISION OR REPLACEMENT OF ARTIFICIAL SPINAL DISC PROSTHESIS, LUMBOSACRAL" code="84.68"/>
		<CD displayName="REVISION OR REPLACEMENT OF ARTIFICIAL SPINAL DISC PROSTHESIS, NOT OTHERWISE SPECIFIED" code="84.69"/>
		<CD displayName="INSERTION OR REPLACEMENT OF INTERSPINOUS PROCESS DEVICE(S)" code="84.80"/>
		<CD displayName="REVISION OF INTERSPINOUS PROCESS DEVICE(S)" code="84.81"/>
		<CD displayName="INSERTION OR REPLACEMENT OF PEDICLE-BASED DYNAMIC STABILIZATION DEVICE(S)" code="84.82"/>
		<CD displayName="REVISION OF PEDICLE-BASED DYNAMIC STABILIZATION DEVICE(S)" code="84.83"/>
		<CD displayName="REVISION OF FACET REPLACEMENT DEVICE(S)" code="84.85"/>
	</membersForCodeSystem> 
</OpenCdsConceptMappingSpecificationFile>



