<?xml version="1.0" encoding="UTF-8"?>
<OpenCdsConceptMappingSpecificationFile>
	<specificationNotes>Created manually from AHRQ PSI specifications.</specificationNotes>
    <openCdsConcept code="C407" displayName="ENT Neck Procedure"/>
    <conceptDeterminationMethod code="C267" displayName="AHRQ"/>
    <membersForCodeSystem codeSystem="2.16.840.1.113883.6.104" codeSystemName="ICD9CM procedures">
    	<CD code="21.4" displayName="RESECTION OF NOSE"/>
    	<CD code="21.61" displayName="DIATHER/CRYO TURBINECTOM"/>
    	<CD code="21.62" displayName="TURBINATE FRACTURE"/>
    	<CD code="21.69" displayName="TURBINECTOMY NEC"/>
    	<CD code="21.72" displayName="OPEN REDUCTION NASAL FX"/>
    	<CD code="21.99" displayName="NASAL OPERATION NEC"/>
    	<CD code="22.31" displayName="RADICAL MAXILLARY ANTROT"/>
    	<CD code="22.39" displayName="EXT MAXILLARY ANTROT NEC"/>
    	<CD code="22.41" displayName="FRONTAL SINUSOTOMY"/>
    	<CD code="22.42" displayName="FRONTAL SINUSECTOMY"/>
    	<CD code="22.50" displayName="SINUSOTOMY NOS"/>
    	<CD code="22.51" displayName="ETHMOIDOTOMY"/>
    	<CD code="22.52" displayName="SPHENOIDOTOMY"/>
    	<CD code="22.53" displayName="MULTIPLE SINUS INCISION"/>
    	<CD code="22.60" displayName="SINUSECTOMY NOS"/>
    	<CD code="22.61" displayName="C-LUC EXC MAX SINUS LES"/>
    	<CD code="22.62" displayName="EXC MAX SINUS LESION NEC"/>
    	<CD code="22.63" displayName="ETHMOIDECTOMY"/>
    	<CD code="22.64" displayName="SPHENOIDECTOMY"/>
    	<CD code="22.71" displayName="NASAL SINUS FISTULA CLOS"/>
    	<CD code="22.79" displayName="NASAL SINUS REPAIR NEC"/>
    	<CD code="22.9" displayName="OTHER NASAL SINUS OPS"/>
    	<CD code="24.2" displayName="GINGIVOPLASTY"/>
    	<CD code="25.1" displayName="DESTRUCTION TONGUE LES"/>
    	<CD code="25.2" displayName="PARTIAL GLOSSECTOMY"/>
    	<CD code="25.3" displayName="COMPLETE GLOSSECTOMY"/>
    	<CD code="25.4" displayName="RADICAL GLOSSECTOMY"/>
    	<CD code="25.59" displayName="REPAIR OF TONGUE NEC"/>
    	<CD code="25.94" displayName="OTHER GLOSSOTOMY"/>
    	<CD code="25.99" displayName="TONGUE OPERATION NEC"/>
    	<CD code="26.21" displayName="SALIVARY CYST MARSUPIAL"/>
    	<CD code="26.29" displayName="SALIV LESION EXCIS NEC"/>
    	<CD code="26.30" displayName="SIALOADENECTOMY NOS"/>
    	<CD code="26.31" displayName="PARTIAL SIALOADENECTOMY"/>
    	<CD code="26.32" displayName="COMPLETE SIALOADENECTOMY"/>
    	<CD code="26.41" displayName="SUTURE OF SALIV GLND LAC"/>
    	<CD code="26.42" displayName="SALIVARY FISTULA CLOSURE"/>
    	<CD code="26.49" displayName="SALIVARY REPAIR NEC"/>
    	<CD code="26.99" displayName="SALIVARY OPERATION NEC"/>
    	<CD code="27.0" displayName="DRAIN FACE + MOUTH FLOOR"/>
    	<CD code="27.1" displayName="INCISION OF PALATE"/>
    	<CD code="27.31" displayName="LOC EXC BONY PALATE LES"/>
    	<CD code="27.32" displayName="WIDE EXC BONY PALATE LES"/>
    	<CD code="27.42" displayName="WIDE EXCISION OF LIP LES"/>
    	<CD code="27.43" displayName="EXCISION OF LIP LES NEC"/>
    	<CD code="27.49" displayName="EXCISION OF MOUTH NEC"/>
    	<CD code="27.53" displayName="CLOSURE OF MOUTH FISTULA"/>
    	<CD code="27.54" displayName="REPAIR OF CLEFT LIP"/>
    	<CD code="27.55" displayName="FULL-THICK GRFT TO MOUTH"/>
    	<CD code="27.56" displayName="SKIN GRAFT TO MOUTH NEC"/>
    	<CD code="27.57" displayName="PEDICLE ATTACH TO MOUTH"/>
    	<CD code="27.59" displayName="MOUTH REPAIR NEC"/>
    	<CD code="27.61" displayName="SUTURE OF PALATE LACERAT"/>
    	<CD code="27.62" displayName="CLEFT PALATE CORRECTION"/>
    	<CD code="27.63" displayName="REVIS CLEFT PALAT REPAIR"/>
    	<CD code="27.64" displayName="INSERT PALATAL IMPLANT (2004)"/>
    	<CD code="27.69" displayName="OTH PLASTIC REPAIR PALAT"/>
    	<CD code="27.71" displayName="INCISION OF UVULA"/>
    	<CD code="27.72" displayName="EXCISION OF UVULA"/>
    	<CD code="27.73" displayName="REPAIR OF UVULA"/>
    	<CD code="27.79" displayName="OTHER UVULA OPERATIONS"/>
    	<CD code="27.92" displayName="MOUTH INCISION NOS"/>
    	<CD code="27.99" displayName="ORAL CAVITY OPS NEC"/>
    	<CD code="28.0" displayName="PERITONSILLAR I + D"/>
    	<CD code="28.4" displayName="EXCISION OF TONSIL TAG"/>
    	<CD code="28.5" displayName="EXCISION LINGUAL TONSIL"/>
    	<CD code="28.91" displayName="INCIS TO REMOV TONSIL FB"/>
    	<CD code="89.2" displayName="EXCIS TONSIL/ADENOID LES"/>
    	<CD code="28.99" displayName="TONSIL/ADENOID OPS NEC"/>
    	<CD code="29.0" displayName="PHARYNGOTOMY"/>
    	<CD code="29.2" displayName="EXC BRANCHIAL CLEFT CYST"/>
    	<CD code="29.3" displayName="DESTRUCT PHARYNGEAL LES (1980 - 1991)"/>
    	<CD code="29.31" displayName="CRICOPHARYNGEAL MYOTOMY (1991)"/>
    	<CD code="29.32" displayName="PHARYNGEAL DIVERTICULEC (1991)"/>
    	<CD code="29.33" displayName="PHARYNGECTOMY (1991)"/>
    	<CD code="29.39" displayName="EXCIS/DESTR LES PHAR NEC (1991)"/>
    	<CD code="29.4" displayName="PLASTIC OP ON PHARYNX"/>
    	<CD code="29.51" displayName="SUTURE OF PHARYNGEAL LAC"/>
    	<CD code="29.52" displayName="CLOS BRANCH CLEFT FISTUL"/>
    	<CD code="29.53" displayName="CLOS PHARYNX FISTULA NEC"/>
    	<CD code="29.54" displayName="LYSIS PHARYNGEAL ADHES"/>
    	<CD code="29.59" displayName="PHARYNGEAL REPAIR NEC"/>
    	<CD code="29.92" displayName="DIVIS GLOSSOPHARYNG NERV"/>
    	<CD code="29.99" displayName="PHARYNGEAL OPERATION NEC"/>
   	</membersForCodeSystem>
</OpenCdsConceptMappingSpecificationFile>
