<?xml version="1.0" encoding="UTF-8"?>
<OpenCdsConceptMappingSpecificationFile>
	<specificationNotes>Created manually from AHRQ PSI specifications.</specificationNotes>
    <openCdsConcept code="C362" displayName="Drainage of Hematoma"/>
    <conceptDeterminationMethod code="C267" displayName="AHRQ v4.3"/>
    <membersForCodeSystem codeSystem="2.16.840.1.113883.6.104" codeSystemName="ICD9CM procedures">
    	<CD code="18.09" displayName="OTHER INCISION OF EXTERNAL EAR"/>
    	<CD code="54.0" displayName="INCISION OF ABDOMINAL WALL"/>
    	<CD code="54.12" displayName="REOPENING OF RECENT LAPAROTOMY SITE"/>
    	<CD code="59.19" displayName="OTHER INCISION OF PERIVESICLE TISSUE"/>
    	<CD code="61.0" displayName="INCISION AND DRAINAGE OF SCROTUM AND TUNICA AND VAGINALIS"/>
    	<CD code="69.98" displayName="OTHER OPERATIONS ON SUPPORTING STRUCTURES OF UTERUS"/>
    	<CD code="70.14" displayName="OTHER VAGINOTOMY"/>
    	<CD code="71.09" displayName="OTHER INCISION OF VULVA AND PERINEUM"/>
    	<CD code="75.91" displayName="EVACUATION OF OBSTETRICAL INCISIONAL HEMATOMA OF PERINEUM"/>
    	<CD code="75.92" displayName="EVACUATION OF OTHER HEMATOMA OF VULVA OR VAGINA"/>
    	<CD code="86.04" displayName="OTHER INCISION W/ DRAINAGE OF SKIN AND SUBCUTANEOUS TISSUE"/>
   	</membersForCodeSystem>
</OpenCdsConceptMappingSpecificationFile>
