<?xml version="1.0" encoding="UTF-8"?>
<OpenCdsConceptMappingSpecificationFile>
	<specificationNotes>Created manually from AHRQ PSI specifications.</specificationNotes>
    <openCdsConcept code="C358" displayName="Lung or Pleural Biopsy"/>
    <conceptDeterminationMethod code="C267" displayName="AHRQ v4.3"/>
    <membersForCodeSystem codeSystem="2.16.840.1.113883.6.104" codeSystemName="ICD9CM procedures">
    	<CD code="33.26" displayName="CLOSED [PERCUTANEOUS] [NEEDLE] BIOPSY OF LUNG"/>
    	<CD code="33.28" displayName="OPEN BIOPSY OF LUNG"/>
    	<CD code="34.24" displayName="PLEURAL BIOPSY"/>
   	</membersForCodeSystem>
</OpenCdsConceptMappingSpecificationFile>
