<?xml version="1.0" encoding="UTF-8"?>
<OpenCdsConceptMappingSpecificationFile>
	<specificationNotes>Created manually from AHRQ PSI specifications.</specificationNotes>
    <openCdsConcept code="C342" displayName="Cardiac Arrhythmia"/>
    <conceptDeterminationMethod code="C267" displayName="AHRQ v4.3"/>
    <membersForCodeSystem codeSystem="2.16.840.1.113883.6.103" codeSystemName="ICD9CM diagnoses">
    	<CD code="426.0" displayName="ATRIOVENTRICULAR BLOCK, COMPLETE"/>
    	<CD code="427.0" displayName="PAROXYSMAL SUPRAVENTRICULAR TACHYCARDIA"/>
    	<CD code="427.1" displayName="PAROXYSMAL VENTRICULAR TACHYCARDIA"/>
    	<CD code="427.2" displayName="PAROXYSMAL TACHYCARDIA, UNSPECIFIED"/>
    	<CD code="427.31" displayName="ATRIAL FIBRILLATION"/>
    	<CD code="427.32" displayName="ATRIAL FLUTTER"/>
    	<CD code="427.41" displayName="VENTRICULAR FIBRILLATION"/>
    	<CD code="427.42" displayName="VENTRICULAR FLUTTER"/>
    	<CD code="427.9" displayName="CARDIAC DYSRHYTHMIA"/>
   	</membersForCodeSystem>
</OpenCdsConceptMappingSpecificationFile>
