<?xml version="1.0" encoding="UTF-8"?>
<OpenCdsConceptMappingSpecificationFile>
	<specificationNotes>Created manually from AHRQ PSI specifications.</specificationNotes>
    <openCdsConcept code="C365" displayName="Mechanical Ventilation LT 96 hours"/>
    <conceptDeterminationMethod code="C267" displayName="AHRQ"/>
    <membersForCodeSystem codeSystem="2.16.840.1.113883.6.104" codeSystemName="ICD9CM procedures">
    	<CD code="96.70" displayName="Continuous Mechanical Ventilation of unspecified duration"/>
    	<CD code="96.71" displayName="Continuous Mechanical Ventilation for less than 96 consecutive hours"/>
   	</membersForCodeSystem>
</OpenCdsConceptMappingSpecificationFile>
