<?xml version="1.0" encoding="UTF-8"?>
<OpenCdsConceptMappingSpecificationFile>
	<specificationNotes>Created manually from AHRQ PSI specifications.</specificationNotes>
    <openCdsConcept code="C294" displayName="Pressure Ulcer Stage"/>
    <conceptDeterminationMethod code="C267" displayName="AHRQ"/>
    <membersForCodeSystem codeSystem="2.16.840.1.113883.6.103" codeSystemName="ICD9CM diagnoses">
		<CD code="707.23" displayName="PRESSURE ULCER, STAGE III"/> 
		<CD code="707.24" displayName="PRESSURE ULCER, STAGE IV"/> 
		<CD code="707.25" displayName="PRESSURE ULCER, UNSTAGEBL"/> 
   	</membersForCodeSystem>
</OpenCdsConceptMappingSpecificationFile>
