<?xml version="1.0" encoding="UTF-8"?>
<OpenCdsConceptMappingSpecificationFile>
	<specificationNotes>Created manually from AHRQ PSI specifications.</specificationNotes>
    <openCdsConcept code="C321" displayName="Hospital-associated Infection (HAI)"/>
    <conceptDeterminationMethod code="C267" displayName="AHRQ v4.3"/>
    <membersForCodeSystem codeSystem="2.16.840.1.113883.6.103" codeSystemName="ICD9CM diagnoses">
    	<CD code="996.62" displayName="DUE TO OTHER VASCULAR DEVICE, IMPLANT, AND GRAFT"/>
    	<CD code="999.3" displayName="OTHER INFECTION"/>
   	</membersForCodeSystem>
</OpenCdsConceptMappingSpecificationFile>
