<?xml version="1.0" encoding="UTF-8"?>
<OpenCdsConceptMappingSpecificationFile> 
	<specificationNotes>Created manually from AHRQ PSI specifications.</specificationNotes> 
	<openCdsConcept displayName="Accidental Puncture or Laceration" code="C344"/> 
	<conceptDeterminationMethod displayName="AHRQ" code="C267"/> 
	<membersForCodeSystem codeSystemName="ICD9CM diagnoses" codeSystem="2.16.840.1.113883.6.103"> 
		<CD code="E870.0" displayName="SURGICAL OPERATION"/> 
		<CD code="E870.1" displayName="INFUSION OR TRANSFUSION"/>
		<CD code="E870.2" displayName="KIDNEY DIALYSIS OR OTHER PERFUSION"/> 
		<CD code="E870.3" displayName="INJECTION OR VACCINATION"/> 
		<CD code="E870.4" displayName="ENDOSCOPIC EXAMINATION"/> 
		<CD code="E870.5" displayName="ASPIRATION OF FLUID OR TISSUE, PUNCTURE, AND CATHETERIZATION"/> 
		<CD code="E870.6" displayName="HEART CATHETERIZATION"/> 
		<CD code="E870.7" displayName="ADMINISTRATION OF ENEMA"/> 
		<CD code="E870.8" displayName="OTHER SPECIFIED MEDICAL CARE"/> 
		<CD code="E870.9" displayName="UNSPECIFIED MEDICAL CARE"/> 
		<CD code="998.2" displayName="ACCIDENTAL PUNCTURE OR LACERATION DURING A PROCEDURE"/> 
	</membersForCodeSystem> 
</OpenCdsConceptMappingSpecificationFile>