<?xml version="1.0" encoding="UTF-8"?>
<OpenCdsConceptMappingSpecificationFile>
	<specificationNotes>Created manually from AHRQ PSI specifications.</specificationNotes>
    <openCdsConcept code="C319" displayName="Chest Trauma"/>
    <conceptDeterminationMethod code="C267" displayName="AHRQ v4.3"/>
    <membersForCodeSystem codeSystem="2.16.840.1.113883.6.103" codeSystemName="ICD9CM diagnoses">
    	<CD code="807.00" displayName="FRACTURE RIB NOS-CLOSED"/>
    	<CD code="807.01" displayName="FRACTURE ONE RIB-CLOSED"/>
    	<CD code="807.02" displayName="FRACTURE TWO RIBS-CLOSED"/>
    	<CD code="807.03" displayName="FRACTURE THREE RIBS-CLOS"/>
    	<CD code="807.04" displayName="FRACTURE FOUR RIBS-CLOSE"/>
    	<CD code="807.05" displayName="FRACTURE FIVE RIBS-CLOSE"/>
    	<CD code="807.06" displayName="FRACTURE SIX RIBS-CLOSED"/>
    	<CD code="807.07" displayName="FRACTURE SEVEN RIBS-CLOS"/>
    	<CD code="807.08" displayName="FX EIGHT/MORE RIB-CLOSED"/>
    	<CD code="807.09" displayName="FX MULT RIBS NOS-CLOSED"/>
    	<CD code="807.10" displayName="FRACTURE RIB NOS-OPEN"/>
    	<CD code="807.11" displayName="FRACTURE ONE RIB-OPEN"/>
    	<CD code="807.12" displayName="FRACTURE TWO RIBS-OPEN"/>
    	<CD code="807.13" displayName="FRACTURE THREE RIBS-OPEN"/>
    	<CD code="807.14" displayName="FRACTURE FOUR RIBS-OPEN"/>
    	<CD code="807.15" displayName="FRACTURE FIVE RIBS-OPEN"/>
    	<CD code="807.16" displayName="FRACTURE SIX RIBS-OPEN"/>
    	<CD code="807.17" displayName="FRACTURE SEVEN RIBS-OPEN"/>
    	<CD code="807.18" displayName="FX EIGHT/MORE RIBS-OPEN"/>
    	<CD code="807.19" displayName="FX MULT RIBS NOS-OPEN"/>
    	<CD code="807.2" displayName="FRACTURE OF STERNUM-CLOS"/>
    	<CD code="807.3" displayName="FRACTURE OF STERNUM-OPEN"/>
    	<CD code="807.4" displayName="FLAIL CHEST"/>
    	<CD code="807.5" displayName="FX LARYNX/TRACHEA-CLOSED"/>
    	<CD code="807.6" displayName="FX LARYNX/TRACHEA-OPEN"/>
    	<CD code="809.0" displayName="FRACTURE TRUNK BONE-CLOS"/>
    	<CD code="809.1" displayName="FRACTURE TRUNK BONE-OPEN"/>
    	<CD code="860.0" displayName="TRAUM PNEUMOTHORAX-CLOSE"/>
    	<CD code="860.1" displayName="TRAUM PNEUMOTHORAX-OPEN"/>
    	<CD code="860.2" displayName="TRAUM HEMOTHORAX-CLOSED"/>
    	<CD code="860.3" displayName="TRAUM HEMOTHORAX-OPEN"/>
    	<CD code="860.4" displayName="TRAUM PNEUMOHEMOTHOR-CL"/>
    	<CD code="860.5" displayName="TRAUM PNEUMOHEMOTHOR-OPN"/>
    	<CD code="861.00" displayName="HEART INJURY NOS-CLOSED"/>
    	<CD code="861.01" displayName="HEART CONTUSION-CLOSED"/>
    	<CD code="861.02" displayName="HEART LACERATION-CLOSED"/>
    	<CD code="861.03" displayName="HEART CHAMBER LACERAT-CL"/>
    	<CD code="861.10" displayName="HEART INJURY NOS-OPEN"/>
    	<CD code="861.11" displayName="HEART CONTUSION-OPEN"/>
    	<CD code="861.12" displayName="HEART LACERATION-OPEN"/>
    	<CD code="861.13" displayName="HEART CHAMBER LACER-OPN"/>
    	<CD code="861.20" displayName="LUNG INJURY NOS-CLOSED"/>
    	<CD code="861.21" displayName="LUNG CONTUSION-CLOSED"/>
    	<CD code="861.22" displayName="LUNG LACERATION-CLOSED"/>
    	<CD code="861.30" displayName="LUNG INJURY NOS-OPEN"/>
    	<CD code="861.31" displayName="LUNG CONTUSION-OPEN"/>
    	<CD code="861.32" displayName="LUNG LACERATION-OPEN"/>
    	<CD code="862.0" displayName="DIAPHRAGM INJURY-CLOSED"/>
    	<CD code="862.1" displayName="DIAPHRAGM INJURY-OPEN"/>
    	<CD code="862.21" displayName="BRONCHUS INJURY-CLOSED"/>
    	<CD code="862.22" displayName="ESOPHAGUS INJURY-CLOSED"/>
    	<CD code="862.29" displayName="INTRATHORACIC INJ NEC-CL"/>
    	<CD code="862.31" displayName="BRONCHUS INJURY-OPEN"/>
    	<CD code="862.32" displayName="ESOPHAGUS INJURY-OPEN"/>
    	<CD code="862.39" displayName="INTRATHORAC INJ NEC-OPEN"/>
    	<CD code="862.8" displayName="INTRATHORACIC INJ NOS-CL"/>
    	<CD code="862.9" displayName="INTRATHORAC INJ NOS-OPEN"/>
    	<CD code="875.0" displayName="OPEN WOUND OF CHEST"/>
    	<CD code="875.1" displayName="OPEN WOUND CHEST-COMPL"/>
    	<CD code="876.0" displayName="OPEN WOUND OF BACK"/>
    	<CD code="876.1" displayName="OPEN WOUND BACK-COMPL"/>
    	<CD code="901.0" displayName="INJURY THORACIC AORTA"/>
    	<CD code="901.1" displayName="INJ INNOMIN/SUBCLAV ART"/>
    	<CD code="901.2" displayName="INJ SUPERIOR VENA CAVA"/>
    	<CD code="901.3" displayName="INJ INNOMIN/SUBCLAV VEIN"/>
    	<CD code="901.40" displayName="INJ PULMONARY VESSEL NOS"/>
    	<CD code="901.41" displayName="INJURY PULMONARY ARTERY"/>
    	<CD code="901.42" displayName="INJURY PULMONARY VEIN"/>
    	<CD code="901.81" displayName="INJ INTERCOSTAL ART/VEIN"/>
    	<CD code="901.82" displayName="INJ INT MAMMARY ART/VEIN"/>
    	<CD code="901.83" displayName="INJ MULT THORACIC VESSEL"/>
    	<CD code="901.89" displayName="INJ THORACIC VESSEL NEC"/>
    	<CD code="901.9" displayName="INJ THORACIC VESSEL NOS"/>
    	<CD code="911.0" displayName="ABRASION TRUNK"/>
    	<CD code="911.1" displayName="ABRASION TRUNK-INFECTED"/>
    	<CD code="911.8" displayName="SUPERFIC INJU TRUNK NEC"/>
    	<CD code="911.9" displayName="SUPERFIC INJU TRUNK NEC-INF"/>
    	<CD code="922.0" displayName="CONTUSION OF BREAST"/>
    	<CD code="922.1" displayName="CONTUSION OF CHEST WALL"/>
    	<CD code="922.3" displayName="BACK CONTUSION"/>
    	<CD code="922.31" displayName="BACK CONTUSION"/>
    	<CD code="922.33" displayName="INTERSCPLR REG CONTUSION"/>
    	<CD code="922.8" displayName="MULIPLE CONTUSION TRUNK"/>
    	<CD code="922.9" displayName="CONTUSION OF TRUNK"/>
    	<CD code="926.11" displayName="CRUSHING INJURY BACK"/>
    	<CD code="926.19" displayName="CRUSHING INJ TRUNK NEC"/>
    	<CD code="926.8" displayName="MULT CRUSHING INJ TRUNK"/>
    	<CD code="926.9" displayName="CRUSHING INJ TRUNK NOS"/>
    	<CD code="929.0" displayName="CRUSH INJ MULT SITE NEC"/>
    	<CD code="929.9" displayName="CRUSHING INJURY NOS"/>
    	<CD code="954.1" displayName="INJ SYMPA NERVE NEC"/>
    	<CD code="954.8" displayName="INJURY TRUNK NERVE NEC"/>
    	<CD code="954.9" displayName="INJURY TRUNK NERVE NOS"/>
    	<CD code="959.11" displayName="INJURY OF CHEST WALL NEC"/>
    	<CD code="959.19" displayName="TRUNK INJURY-SITES NEC"/>
    	<CD code="959.9" displayName="INJURY-SITE NOS"/>
   	</membersForCodeSystem>
</OpenCdsConceptMappingSpecificationFile>
