<?xml version="1.0" encoding="UTF-8"?>
<OpenCdsConceptMappingSpecificationFile>
	<specificationNotes>Created manually from AHRQ PSI specifications.</specificationNotes>
    <openCdsConcept code="C332" displayName="Metastatic Cancer"/>
    <conceptDeterminationMethod code="C267" displayName="AHRQ v4.3"/>
    <membersForCodeSystem codeSystem="2.16.840.1.113883.6.103" codeSystemName="ICD9CM diagnoses">
    	<CD code="196.0" displayName="MAL NEO LYMPH-HEAD/NECK"/>
    	<CD code="196.1" displayName="MAL NEO LYMPH-INTRATHOR"/>
    	<CD code="196.2" displayName="MAL NEO LYMPH INTRA-ABD"/>
    	<CD code="196.3" displayName="MAL NEO LYMPH-AXILLA/ARM"/>
    	<CD code="196.5" displayName="MAL NEO LYMPH-INGUIN/LEG"/>
    	<CD code="196.6" displayName="MAL NEO LYMPH-INTRAPELV"/>
    	<CD code="196.8" displayName="MAL NEO LYMPH NODE-MULT"/>
    	<CD code="196.9" displayName="MAL NEO LYMPH NODE NOS"/>
    	<CD code="197.0" displayName="SECONDARY MALIG NEO LUNG"/>
    	<CD code="197.1" displayName="SEC MAL NEO MEDIASTINUM"/>
    	<CD code="197.2" displayName="SECOND MALIG NEO PLEURA"/>
    	<CD code="197.3" displayName="SEC MALIG NEO RESP NEC"/>
    	<CD code="197.4" displayName="SEC MALIG NEO SM BOWEL"/>
    	<CD code="197.5" displayName="SEC MALIG NEO LG BOWEL"/>
    	<CD code="197.6" displayName="SEC MAL NEO PERITONEUM"/>
    	<CD code="197.7" displayName="SECOND MALIG NEO LIVER"/>
    	<CD code="197.8" displayName="SEC MAL NEO GI NEC"/>
    	<CD code="198.0" displayName="SECOND MALIG NEO KIDNEY"/>
    	<CD code="198.1" displayName="SEC MALIG NEO URIN NEC"/>
    	<CD code="198.2" displayName="SECONDARY MALIG NEO SKIN"/>
    	<CD code="198.3" displayName="SEC MAL NEO BRAIN/SPINE"/>
    	<CD code="198.4" displayName="SEC MALIG NEO NERVE NEC"/>
    	<CD code="198.5" displayName="SECONDARY MALIG NEO BONE"/>
    	<CD code="198.6" displayName="SECOND MALIG NEO OVARY"/>
    	<CD code="198.7" displayName="SECOND MALIG NEO ADRENAL"/>
    	<CD code="198.81" displayName="SECOND MALIG NEO BREAST"/>
    	<CD code="198.82" displayName="SECOND MALIG NEO GENITAL"/>
    	<CD code="198.89" displayName="SECONDARY MALIG NEO NEC"/>
    	<CD code="199.0" displayName="MALIGNANT NEOPLASM WITHOUT SPECIFICATION OF SITE, DISSEMINATED"/>
    	<CD code="209.70" displayName="SECONDARY NEUROENDOCRINE TUMOR, UNSPECIFIED SITE (OCT09)"/>
    	<CD code="209.71" displayName="SECONDARY NEUROENDOCRINE TUMOR OF DISTANT LYMPH NODES (OCT09)"/>
    	<CD code="209.72" displayName="SECONDARY NEUROENDOCRINE TUMOR OF LIVER (OCT09)"/>
    	<CD code="209.73" displayName="SECONDARY NEUROENDOCRINE TUMOR OF BONE (OCT09)"/>
    	<CD code="209.74" displayName="SECONDARY NEUROENDOCRINE TUMOR OF PERITONEUM (OCT09)"/>
    	<CD code="209.75" displayName="SECONDARY MERKEL CELL CARCINOMA (OCT09)"/>
    	<CD code="209.79" displayName="SECONDARY NEUROENDOCRINE TUMOR OF OTHER SITES (OCT09)"/>
   	</membersForCodeSystem>
</OpenCdsConceptMappingSpecificationFile>
