<?xml version="1.0" encoding="UTF-8"?>
<OpenCdsConceptMappingSpecificationFile>
	<specificationNotes>Created manually from AHRQ PSI specifications.</specificationNotes>
    <openCdsConcept code="C352" displayName="Vaginal Delivery MS-DRG"/>
    <conceptDeterminationMethod code="C267" displayName="AHRQ"/>
    <membersForCodeSystem codeSystem="2.16.840.1.113883.3.263" codeSystemName="MS-DRG">
    	<CD code="767" displayName="VAGINAL DELIVERY W/ STERILIZATON AND/OR D+C"/>
    	<CD code="768" displayName="VAGINAL DELIVERY W/ OR PROC EXCEPT STERILIZATON AND/OR D+C"/>
    	<CD code="774" displayName="VAGINAL DELIVERY W/ COMPLICATING DIAGNOSES"/>
    	<CD code="775" displayName="VAGINAL DELIVERY W/O COMPLICATING DIAGNOSES"/>
   	</membersForCodeSystem>
</OpenCdsConceptMappingSpecificationFile>
