<?xml version="1.0" encoding="UTF-8"?>
<OpenCdsConceptMappingSpecificationFile>
	<specificationNotes>Created manually from AHRQ PSI specifications.</specificationNotes>
    <openCdsConcept code="C303" displayName="Influenza"/>
    <conceptDeterminationMethod code="C267" displayName="AHRQ v4.3"/>
    <membersForCodeSystem codeSystem="2.16.840.1.113883.6.103" codeSystemName="ICD9CM diagnoses">
    	<CD code="488.01" displayName="FLU DT IDEN AVIAN W PNEU"/>
    	<CD code="488.02" displayName="FLU DT AVIAN W OTH RESP"/>
    	<CD code="488.09" displayName="FLU DT AVIAN MANFEST NEC"/>
    	<CD code="488.11" displayName="FLU DT H1N1 W PNEU"/>
    	<CD code="488.12" displayName="FLU DT H1N1 W OTH RESP"/>
    	<CD code="488.19" displayName="FLU DT H1N1 MANFEST NEC"/>
   	</membersForCodeSystem>
</OpenCdsConceptMappingSpecificationFile>
