<?xml version="1.0" encoding="UTF-8"?>
<OpenCdsConceptMappingSpecificationFile>
	<specificationNotes></specificationNotes>
	<openCdsConcept code="C488" displayName="Admission Status Elective"></openCdsConcept>
    <conceptDeterminationMethod code="C267" displayName="AHRQ"/>
    <membersForCodeSystem codeSystem="2.16.840.1.113883.3.88.12.80.33" codeSystemName="National Uniform Billing Codes">
    	<CD code="3" displayName="Elective Surgery"/>
    </membersForCodeSystem>
</OpenCdsConceptMappingSpecificationFile>     
