<?xml version="1.0" encoding="UTF-8"?>
<OpenCdsConceptMappingSpecificationFile>
	<specificationNotes>Created manually from AHRQ PSI specifications.</specificationNotes>
    <openCdsConcept code="C346" displayName="Birth Trauma"/>
    <conceptDeterminationMethod code="C267" displayName="AHRQ v4.3"/>
    <membersForCodeSystem codeSystem="2.16.840.1.113883.6.103" codeSystemName="ICD9CM diagnoses">
    	<CD code="767.0" displayName="SUBDURAL AND CEREBRAL HEMORRHAGE (DUE TO TRAUMA OR TO INTRAPARTUM ANOXIA OR HYPOXIA)"/>
    	<CD code="767.11" displayName="EPICRANIAL SUBAPONEUROTIC HEMORRHAGE (MASSIVE) (OCT03)"/>
    	<CD code="767.3" displayName="INJURIES TO SKELETON (EXCLUDES CLAVICLE)"/>
    	<CD code="767.4" displayName="INJURY TO SPINE AND SPINAL CORD"/>
    	<CD code="767.5" displayName="FACIAL NERVE INJ-BIRTH"/>
    	<CD code="767.7" displayName="OTHER CRANIAL AND PERIPHERAL NERVE INJURIES"/>
    	<CD code="767.8" displayName="OTHER SPECIFIED BIRTH TRAUMA"/>
   	</membersForCodeSystem>
</OpenCdsConceptMappingSpecificationFile>
