<?xml version="1.0" encoding="UTF-8"?>
<OpenCdsConceptMappingSpecificationFile>
	<specificationNotes>Created manually from AHRQ PSI specifications.</specificationNotes>
    <openCdsConcept code="C302" displayName="Abortion-related and Postpartum OB Pulm. Embolism"/>
    <conceptDeterminationMethod code="C267" displayName="AHRQ v4.3"/>
    <membersForCodeSystem codeSystem="2.16.840.1.113883.6.103" codeSystemName="ICD9CM diagnoses">
    	<CD code="634.60" displayName="SPONTANEOUS ABORTION W/ EMBOLISM - UNSPECIFIED"/>
    	<CD code="634.61" displayName="SPONTANEOUS ABORTION W/ EMBOLISM - INCOMPLETE"/>
    	<CD code="634.62" displayName="SPONTANEOUS ABORTION W/ EMBOLISM - COMPLETE"/>
    	<CD code="635.60" displayName="LEGAL ABORTION W/ EMBOLISM - UNSPECIFIED"/>
    	<CD code="635.61" displayName="LEGAL ABORTION W/ EMBOLISM - INCOMPLETE"/>
    	<CD code="635.62" displayName="LEGAL ABORTION W/ EMBOLISM - COMPLETE"/>
    	<CD code="636.60" displayName="ILLEGAL ABORTION W/ EMBOLISM - UNSPECIFIED"/>
    	<CD code="636.61" displayName="ILLEGAL ABORTION W/ EMBOLISM - INCOMPLETE"/>
    	<CD code="636.62" displayName="ILLEGAL ABORTION W/ EMBOLISM - COMPLETE"/>
    	<CD code="637.60" displayName="ABORTION NOS W/ EMBOLISM - UNSPECIFIED"/>
    	<CD code="637.61" displayName="ABORTION NOS W/ EMBOLISM - INCOMPLETE"/>
    	<CD code="637.62" displayName="ABORTION NOS W/ EMBOLISM - COMPLETE"/>
    	<CD code="638.6" displayName="ATTEMPTED ABORTION W/ EMBOLISM"/>
    	<CD code="639.6" displayName="POSTABORTION EMBOLISM"/>
    	<CD code="673.20" displayName="OBSTETRICAL BLOOD-CLOT EMBOLISM, UNSPECIFIED AS TO EPISODE OF CARE OR NOT APPLICABLE"/>
    	<CD code="673.21" displayName="OBSTETRICAL BLOOD-CLOT EMBOLISM, DELIVERED, W/ OR W/O MENTION OF ANTEPARTUM CONDITION"/>
    	<CD code="673.22" displayName="OBSTETRICAL BLOOD-CLOT EMBOLISM, DELIVERED, W/ MENTION OF POSTPARTUM COMPLICATION"/>
    	<CD code="673.23" displayName="OBSTETRICAL BLOOD-CLOT EMBOLISM, ANTEPARTUM CONDITION OR COMPLICATION"/>
    	<CD code="673.24" displayName="OBSTETRICAL BLOOD-CLOT EMBOLISM, POSTPARTUM CONDITION OR COMPLICATION"/>
   	</membersForCodeSystem>
</OpenCdsConceptMappingSpecificationFile>
