<?xml version="1.0" encoding="UTF-8"?>
<OpenCdsConceptMappingSpecificationFile>
	<specificationNotes>Created manually from AHRQ PSI specifications.</specificationNotes>
    <openCdsConcept code="C320" displayName="Pleural Effusion"/>
    <conceptDeterminationMethod code="C267" displayName="AHRQ v4.3"/>
    <membersForCodeSystem codeSystem="2.16.840.1.113883.6.103" codeSystemName="ICD9CM diagnoses">
    	<CD code="010.1" displayName="TUBERCULOUS PLEURISY IN PRIMARY PROGRESSIVE TUBERCULOSIS"/>
    	<CD code="010.10" displayName="TUBERCULOUS PLEURISY IN PRIMARY PROGRESSIVE TUBERCULOSIS, UNSPECIFIED"/>
    	<CD code="010.11" displayName="TPIPPT, BACTERIAL OR HISTOLOGICAL EXAM NOT DONE"/>
    	<CD code="010.12" displayName="TPIPPT, BACTERIAL OR HISTOLOGICAL EXAM UNKNOWN"/>
    	<CD code="010.13" displayName="TPIPPT, TUBERCLE BACILI FOUND BY MICROSCOPY"/>
    	<CD code="010.14" displayName="TPIPPT, TUBERCLE BACILI NOT FOUND BY MICROSCOPY BUT BY BACTERIAL CULTURE"/>
    	<CD code="010.15" displayName="TPIPPT, TUBERCLE BACILI NOT FOUND BY BACTERIOLOGICAL BUT CONFIRMED HISTOLOGICALLY"/>
    	<CD code="010.16" displayName="TPIPPT, TUBERCLE BACILI NOT FOUND BY BACTERILOGICAL OR HISTOLOGICAL BUT CONFIRMED OTHER METHODS"/>
    	<CD code="011.7" displayName="TUBRCULOUS PNEUMOTHORAX"/>
    	<CD code="011.70" displayName="TUBRCULOUS PNEUMOTHORAX, UNSPECIFIED"/>
    	<CD code="011.71" displayName="TPNEU, BACTERIAL OR HISTOLOGICAL EXAM NOT DONE"/>
    	<CD code="011.72" displayName="TPNEU, BACTERIAL OR HISTOLOGICAL EXAM UNKNOWN"/>
    	<CD code="011.73" displayName="TPNEU, TUBERCLE BACILI FOUND BY MICROSCOPY"/>
    	<CD code="011.74" displayName="TPNEU, TUBERCLE BACILI NOT FOUND BY MICROSCOPY BUT BY BACTERIAL CULTURE"/>
    	<CD code="011.75" displayName="TPNEU, TUBERCLE BACILI NOT FOUND BY BACTERIOLOGICAL BUT CONFIRMED HISTOLOGICALLY"/>
    	<CD code="011.76" displayName="TPENU, TUBERCLE BACILI NOT FOUND BY BACTERILOGICAL OR HISTOLOGICAL BUT CONFIRMED OTHER METHODS"/>
    	<CD code="012.0" displayName="TUBERCULOUS PLEURISY"/>
    	<CD code="012.00" displayName="TUBERCULOUS PLEURISY, UNSPECIFIED"/>
    	<CD code="012.01" displayName="TP, BACTERIAL OR HISTOLOGICAL EXAM NOT DONE"/>
    	<CD code="012.02" displayName="TP, BACTERIAL OR HISTOLOGICAL EXAM UNKNOWN"/>
    	<CD code="012.03" displayName="TP, TUBERCLE BACILI FOUND BY MICROSCOPY"/>
    	<CD code="012.04" displayName="TP, TUBERCLE BACILI NOT FOUND BY MICROSCOPY BUT BY BACTERIAL CULTURE"/>
    	<CD code="012.05" displayName="TP, TUBERCLE BACILI NOT FOUND BY BACTERIOLOGICAL BUT CONFIRMED HISTOLOGICALLY"/>
    	<CD code="012.06" displayName="TP, TUBERCLE BACILI NOT FOUND BY BACTERILOGICAL OR HISTOLOGICAL BUT CONFIRMED OTHER METHODS"/>
    	<CD code="197.2" displayName="SECOND MALIG NEO PLEURA"/>
    	<CD code="511.1" displayName="WITH EFUSION, WITH MENTION OF A BACTERIAL CAUSE OTHER THAN TUBERCULOSIS"/>
    	<CD code="511.8" displayName="OTHER SPECIFIED FORM OF EFFUSION, EXCEPT TUBERCULOUS"/>
    	<CD code="511.81" displayName="MALIGNANT PLEURAL EFFUSION (OCT08)"/>
    	<CD code="511.89" displayName="OTHER SPECIFIED FORMS OF EFFUSION, EXCEPT TUBERCULOSIS (OCT08)"/>
    	<CD code="511.9" displayName="UNSPECIFIED PLEURAL EFFUSION"/>
   	</membersForCodeSystem>
</OpenCdsConceptMappingSpecificationFile>
