<?xml version="1.0" encoding="UTF-8"?>
<OpenCdsConceptMappingSpecificationFile>
	<specificationNotes>Created manually from AHRQ PSI specifications.</specificationNotes>
    <openCdsConcept code="C286" displayName="Craniofacial Anomoly"/>
    <conceptDeterminationMethod code="C267" displayName="AHRQ"/>
    <membersForCodeSystem codeSystem="2.16.840.1.113883.6.103" codeSystemName="ICD9CM diagnoses">
    	<CD code="744.83" displayName="MACROSTOMIA"/>
    	<CD code="744.84" displayName="MICROSTOMIA"/>
    	<CD code="744.9" displayName="UNSPECIFIED ANOMALIES OF FACE AND NECK"/>
    	<CD code="748.3" displayName="CONGENITAL ANOMALIES OF SKULL AND FACE BONES"/>
    	<CD code="756.0" displayName="TRACHEOMALACIA AND CONGENITAL TRACHEAL STENOSIS"/>
   	</membersForCodeSystem>
</OpenCdsConceptMappingSpecificationFile>
