<?xml version="1.0" encoding="UTF-8"?>
<OpenCdsConceptMappingSpecificationFile>
	<specificationNotes>Created manually from AHRQ PSI specifications.</specificationNotes>
    <openCdsConcept code="C310" displayName="Hemorrhage"/>
    <conceptDeterminationMethod code="C267" displayName="AHRQ v4.3"/>
    <membersForCodeSystem codeSystem="2.16.840.1.113883.6.103" codeSystemName="ICD9CM diagnoses">
    	<CD code="285.1" displayName="ACUTE POSTHEMORRHAGIC ANEMIA"/>
    	<CD code="459.0" displayName="OTHER DISORDERS OF CIRCULATORY SYSTEM, HEMORRHAGE, UNSPECIFIED"/>
    	<CD code="568.81" displayName="HEMOPERITONEUM (NONTRAUMATIC)"/>
    	<CD code="958.2" displayName="CERTAIN EARLY COMPLICATIONS OF TRAUMA, SECONDARY AND RECURRENT HEMORRHAGE"/>
    	<CD code="998.11" displayName="HEMORRHAGE COMPLICATING A PROCEDURE"/>
   	</membersForCodeSystem>
</OpenCdsConceptMappingSpecificationFile>
