<?xml version="1.0" encoding="UTF-8"?>
<OpenCdsConceptMappingSpecificationFile>
	<specificationNotes>Created manually from AHRQ PSI specifications.</specificationNotes>
    <openCdsConcept code="C376" displayName="Instrument-assisted Delivery"/>
    <conceptDeterminationMethod code="C267" displayName="AHRQ v4.3"/>
    <membersForCodeSystem codeSystem="2.16.840.1.113883.6.104" codeSystemName="ICD9CM procedures">
    	<CD code="72.0" displayName="LOW FORCEPS OPERATION"/>
    	<CD code="72.1" displayName="LOW FORCEPS OPERATION W/ EPISIOTOMY"/>
    	<CD code="72.21" displayName="MID FORCEPS OPERATION W/ EPISIOTOMY"/>
    	<CD code="72.29" displayName="OTHER MID FORCEPS OPERATION"/>
    	<CD code="72.31" displayName="HIGH FORCEPS OPERATION W/ EPISIOTOMY"/>
    	<CD code="72.39" displayName="OTHER HIGH FORCEPS OPERATION"/>
    	<CD code="72.4" displayName="FORCEPS ROTATION OF FETAL HEAD"/>
    	<CD code="72.51" displayName="PARTIAL BREECH EXTRACTION W/ FORCEPS TO AFTERCOMING HEAD"/>
    	<CD code="72.53" displayName="TOTAL BREECH EXTRACTION W/ FORCEPS TO AFTERCOMING HEAD"/>
    	<CD code="72.6" displayName="FORCEPS APPLICATION TO AFTERCOMING HEAD"/>
    	<CD code="72.71" displayName="VACUUM EXTRACTION W/ EPISIOTOMY"/>
    	<CD code="72.79" displayName="VACUUM EXTRACTION DELIVERY NEC"/>
    	<CD code="72.8" displayName="OTHER SPECIFIED INSTRUMENTAL DELIVERY"/>
    	<CD code="72.9" displayName="UNSPECIFIED INSTRUMENTAL DELIVERY"/>
   	</membersForCodeSystem>
</OpenCdsConceptMappingSpecificationFile>
