<?xml version="1.0" encoding="UTF-8"?>
<OpenCdsConceptMappingSpecificationFile>
	<specificationNotes>Created manually from AHRQ PSI specifications.</specificationNotes>
    <openCdsConcept code="C327" displayName="Coma"/>
    <conceptDeterminationMethod code="C267" displayName="AHRQ v4.3"/>
    <membersForCodeSystem codeSystem="2.16.840.1.113883.6.103" codeSystemName="ICD9CM diagnoses">
    	<CD code="070.0" displayName="VIRAL HEPATITIS A WITH HEPATIC COMA"/>
    	<CD code="070.20" displayName="VIRAL HEPATITIS B WITH HEPATIC COMA, ACUTE OR UNSPECIFIED, WITHOUT MENTION OF HEPATITIS DELTA"/>
    	<CD code="070.21" displayName="VIRAL HEPATITIS B WITH HEPATIC COMA, ACUTE OR UNSPECIFIED, WITH HEPATITIS DELTA"/>
    	<CD code="070.22" displayName="VIRAL HEPATITIS B WITH HEPATIC COMA, CHRONIC, WITHOUT MENTION OF HEPATITIS DELTA"/>
    	<CD code="070.23" displayName="VIRAL HEPATITIS B WITH HEPATIC COMA, CHRONIC, WITH HEPATITIS DELTA"/>
    	<CD code="070.41" displayName="ACUTE HEPATITIS C WITH HEPATIC COMA"/>
    	<CD code="070.42" displayName="HEPATITIS DELTA WITHOUT MENTION OF ACTIVE HEPATITIS B DISEASE WITH HEPATIC COMA"/>
    	<CD code="070.43" displayName="HEPATITIS E WITH HEPATIC COMA"/>
    	<CD code="070.44" displayName="CHRONIC HEPATITIS C WITH HEPATIC COMA"/>
    	<CD code="070.49" displayName="OTHER SPECIFIED VIRAL HEPATITIS WITH HEPATIC COMA"/>
    	<CD code="070.6" displayName="UNSPECIFIED VIRAL HEPATITIS WITH HEPATIC COMA"/>
    	<CD code="070.71" displayName="UNSPECIFIED VIRAL HEPATITIS C WITH HEPATIC COMA"/>
    	<CD code="249.20" displayName="SECONDARY DIABETES MELLITUS WITH HYPEROSMOLARITY, UNSPECIFIED (OCT08)"/>
    	<CD code="249.21" displayName="SECONDARY DIABETES MELLITUS WITH HYPEROSMOLARITY, UNCONTROLLED (OCT08)"/>
    	<CD code="249.30" displayName="SECONDARY DIABETES MELLITUS WITH OTHER COMA, UNSPECIFIED (OCT08)"/>
    	<CD code="249.31" displayName="SECONDARY DIABETES MELLITUS WITH OTHER COMA, UNCONTROLLED (OCT08)"/>
    	<CD code="250.20" displayName="DIABETES W/ HYPEROSMOLARITY, TYPE 2 [NONINSULIN DEPENDENT TYPE][NIDDM TYPE][ADULT-ONSET] OR UNSPECIFIED TYPE, NOT STATED AS UNCONTROLLED"/>
    	<CD code="250.21" displayName="DIABETES W/ HYPEROSMOLARITY, TYPE 1 [INSULIN DEPENDENT TYPE][IDDM-TYPE] [JUVENILE TYPE], NOT STATED AS UNCONTROLLED"/>
    	<CD code="250.22" displayName="DIABETES W/ HYPEROSMOLARITY, TYPE 2"/>
    	<CD code="250.23" displayName="DIABETES MELLITUS, DIABETES W/ HYPEROSMOLARITY, TYPE 1 [INSULIN DEPENDENT TYPE][IDDM-TYPE][JUVENILE TYPE] UNCONTROLLED"/>
    	<CD code="250.30" displayName="DIABETES W/ OTHER COMA, TYPE 2 NOT STATED AS UNCONTROLLED"/>
    	<CD code="250.31" displayName="DIABETES W/ OTHER COMA, TYPE 1 NOT STATED AS UNCONTROLLED"/>
    	<CD code="250.32" displayName="DIABETES MELLITUS, DIABETES W/ OTHER COMA, TYPE 2 UNCONTROLLED"/>
    	<CD code="250.33" displayName="DIABETES MELLITUS, DIABETES W/ OTHER COMA, TYPE 1 UNCONTROLLED"/>
    	<CD code="251.0" displayName="OTHER DISORDERS OF PANCREATIC INTERNAL SECRETION, HYPOGLYCEMIC COMA"/>
    	<CD code="572.2" displayName="LIVER ABSCESS AND SEQUELAE OF CHRONIC LIVER DISEASE, HEPATIC COMA"/>
    	<CD code="780.01" displayName="GENERAL SYMPTOMS, ALTERATION OF CONSCIOUSNESS, COMA"/>
    	<CD code="780.03" displayName="GENERAL SYMPTOMS, ALTERATION OF CONSCIOUSNESS PERSISTENT VEGETATIVE STATE"/>
   	</membersForCodeSystem>
</OpenCdsConceptMappingSpecificationFile>
