<?xml version="1.0" encoding="UTF-8"?>
<OpenCdsConceptMappingSpecificationFile>
	<specificationNotes>Created manually from AHRQ PSI specifications.</specificationNotes>
    <openCdsConcept code="C297" displayName="Surgical Discharge DRGs"/>
    <conceptDeterminationMethod code="C267" displayName="AHRQ"/>
    <membersForCodeSystem codeSystem="2.16.840.1.113883.12.416" codeSystemName="DRG">
    	<CD code="001" displayName="CRANIOTOMY, AGE greater than 17 W/ CC"/>
    	<CD code="002" displayName="CRANIOTOMY AGE greater than 17 W/O CC"/>
    	<CD code="003" displayName="CRANIOTOMY, AGE 0-17"/>
    	<CD code="004*" displayName="SPINAL PROCEDURES"/>
    	<CD code="005*" displayName="EXTRACRANIAL VASCULAR PROCEDURES"/>
    	<CD code="006" displayName="CARPAL TUNNEL RELEASE"/>
    	<CD code="007" displayName="PERIPHERAL AND CRANIAL NERVE AND OTHER NERVOUS SYSTEM PROCEDURES W/ CC"/>
    	<CD code="008" displayName="PERIPHERAL AND CRANIAL NERVE AND OTHER NERVOUS SYSTEM PROCEDURES W/O CC"/>
    	<CD code="036" displayName="RETINAL PROCEDURES"/>
    	<CD code="037" displayName="ORBITAL PROCEDURES"/>
    	<CD code="038" displayName="PRIMARY IRIS PROCEDURES"/>
    	<CD code="039" displayName="LENS PROCEDURES W/ OR W/O VITRECTOMY"/>
    	<CD code="040" displayName="EXTRAOCULAR PROCEDURES EXCEPT ORBIT, AGE GREATER THAN 17"/>
    	<CD code="041" displayName="EXTRAOCULAR PROCEDURES EXCEPT ORBIT, AGE 0-17"/>
    	<CD code="042" displayName="INTRAOCULAR PROCEDURES EXCEPT RETINA, IRIS AND LENS"/>
    	<CD code="049" displayName="MAJOR HEAD AND NECK PROCEDURES"/>
    	<CD code="050" displayName="SIALOADENECTOMY"/>
    	<CD code="051" displayName="SALIVARY GLAND PROCEDURES EXCEPT SIALOADENECTOMY"/>
    	<CD code="052" displayName="CLEFT LIP AND PALATE REPAIR"/>
    	<CD code="053" displayName="SINUS AND MASTOID PROCEDURES, AGE GREATER THAN 17"/>
    	<CD code="054" displayName="SINUS AND MASTOID PROCEDURES, AGE 0-17"/>
    	<CD code="055" displayName="MISCELLANEOUS EAR, NOSE, MOUTH AND THROAT PROCEDURES"/>
    	<CD code="056" displayName="RHINOPLASTY"/>
    	<CD code="057" displayName="TONSILLECTOMY AND ADENOIDECTOMY PROCEDURES EXCEPT TONSILLECTOMY AND/OR ADENOIDECTOMY ONLY, AGE GREATER THAN 17"/>
    	<CD code="058" displayName="TONSILLECTOMY AND ADNOIDECTOMY PROCEDURES EXCEPT TONSILLECTOMY AND/OR ADENOIDECTOMY ONLY, AGE 0-17"/>
    	<CD code="059" displayName="TONSILLECTOMY AND/OR ADENOIDECTOMY ONLY, AGE GREATER THAN 17"/>
    	<CD code="060" displayName="TONSILLECTOMY AND/OR ADENOIDECTOMY ONLY, AGE 0 � 17"/>
    	<CD code="061" displayName="MYRINGOTOMY W/ TUBE INSERTION, AGE GREATER THAN 17"/>
    	<CD code="062" displayName="MYRINGOTOMY W/ TUBE INSERTION, AGE 0-17"/>
    	<CD code="063" displayName="OTHER EAR, NOSE, MOUTH AND THROAT OR PROCEDURES"/>
    	<CD code="075" displayName="MAJOR CHEST PROCEDURES"/>
    	<CD code="076" displayName="OTHER RESPIRATORY SYSTEM OR PROCEDURES W/ CC"/>
    	<CD code="077" displayName="OTHER RESPIRATORY SYSTEM OR PROCEDURES W/O CC"/>
    	<CD code="103" displayName="HEART TRANSPLANT"/>
    	<CD code="104" displayName="CARDIAC VALVE AND OTHER MAJOR CARDIOTHORACIC PROCEDURES W/ CARDIAC CATHETERIZATION"/>
    	<CD code="105" displayName="CARDIAC VALVE AND OTHER MAJOR CARDIOTHORACIC PROCEDURES W/O CARDIAC CATHETERIZATION"/>
    	<CD code="106" displayName="CORONARY BYPASS W/ PTCA"/>
    	<CD code="107" displayName="CORONARY BYPASS W/ CARDIAC CATHETERIZATION"/>
    	<CD code="108" displayName="OTHER CARDIOTHORACIC PROCEDURES"/>
    	<CD code="109" displayName="CORONARY BYPASS W/O CARDIAC CATHETERIZATION"/>
    	<CD code="110" displayName="MAJOR CARDIOVASCULAR PROCEDURES W/ CC"/>
    	<CD code="111" displayName="MAJOR CARDIOVASCULAR PROCEDURES W/O CC"/>
    	<CD code="112*" displayName="PERCUTANEOUS CARDIOVASCULAR PROCEDURES"/>
    	<CD code="113" displayName="AMPUTATION FOR CIRCULATORY SYSTEM DISORDERS EXCEPT UPPER LIMB AND TOE"/>
    	<CD code="114" displayName="UPPER LIMB AND TOES AMPUTATION FOR CIRCULATORY SITE"/>
    	<CD code="115" displayName="PERMANENT CARDIAC PACEMAKER IMPLANT W/ ACUTE MYOCARDIAL INFARCTION, HEART FAILURE OR SHOCK OR ACID LEAD OR GENERATOR PROCEDURE"/>
    	<CD code="116" displayName="OTHER PERMANENT CARDIAC PACEMAKER IMPLANT OR PTCA W/ CORONARY ARTERIAL STENT"/>
    	<CD code="117" displayName="CARDIAC PACEMAKER REVISION EXCEPT DEVICE REPLACEMENT"/>
    	<CD code="118" displayName="CARDIAC PACEMAKER DEVICE REPLACEMENT"/>
    	<CD code="119" displayName="VEIN LIGATION AND STRIPPING"/>
    	<CD code="120" displayName="OTHER CIRCULATORY SYSTEM OR PROCEDURES"/>
    	<CD code="146" displayName="RECTAL RESECTION W/ CC"/>
    	<CD code="147" displayName="RECTAL RESECTION W/O CC"/>
    	<CD code="148" displayName="MAJOR SMALL AND LARGE BOWEL PROCEDURES W/ CC"/>
    	<CD code="149" displayName="MAJOR SMALL AND LARGE BOWEL PROCEDURES W/O CC"/>
    	<CD code="150" displayName="PERITONEAL ADHESIOLYSIS W/ CC"/>
    	<CD code="151" displayName="PERITONEAL ADHESIOLYSIS W/O CC"/>
    	<CD code="152" displayName="MINOR SMALL AND LARGE BOWEL PROCEDURES W/ CC"/>
    	<CD code="153" displayName="MINOR SMALL AND LARGE BOWEL PROCEDURES W/O CC"/>
    	<CD code="154" displayName="STOMACH, ESOPHAGEAL AND DUODENAL PROCEDURES, AGE GREATER THAN 17 W/ CC"/>
    	<CD code="155" displayName="STOMACH, ESOPHAGEAL AND DUODENAL PROCEDURES, AGE GREATER THAN 17 WIHOUT CC"/>
    	<CD code="156" displayName="STOMACH, ESOPHAGEAL AND DUODENAL PROCEDURES, AGE 0-17"/>
    	<CD code="157" displayName="ANAL AND STOMAL PROCEDURES W/ CC"/>
    	<CD code="158" displayName="ANAL AND STOMAL PROCEDURES W/O CC"/>
    	<CD code="159" displayName="HERMIA PROCEDURES EXCEPT INGUINAL AND FEMORAL, AGE GREATER THAN 17 W/ CC"/>
    	<CD code="160" displayName="HERNIA PROCEDURES EXCEPT INGUINAL AND FEMORAL, AGE GREATER THAN 17 W/O CC"/>
    	<CD code="161" displayName="INGUINAL AND FEMORAL HERNIA PROCEDURES, AGE GREATER THAN 17 W/ CC"/>
    	<CD code="162" displayName="INGUINAL AND FEMORAL HERNIA PROCEDURES, AGE GREATER THAN 17 W/O CC"/>
    	<CD code="163" displayName="HERNIA PROCEDURES, AGE 0-17"/>
    	<CD code="164" displayName="APPENDECTOMY W/ COMPLICATED PRINCIPAL DIAGNOSIS W/ CC"/>
    	<CD code="165" displayName="APPENDECTOMY W/ COMPLICATED PRINCIPAL DIAGNOSIS WIHTOUT CC"/>
    	<CD code="166" displayName="APPENDECTOMY W/O COMPLICATED PRINCIPAL IAGNOSIS W/ CC"/>
    	<CD code="167" displayName="APPENDECTOMY W/O COMPLICATED PRINCIPAL DIAGNOSIS W/O CC"/>
    	<CD code="168" displayName="MOUTH PROCEDURES W/ CC"/>
    	<CD code="169" displayName="MOUTH PROCEDURES W/O CC"/>
    	<CD code="170" displayName="OTHER DIGESTIVE SYSTEM OR PROCEDURES W/ CC"/>
    	<CD code="171" displayName="OTHER DIGESTIVE SYSTEM OR PROCEDURES W/O CC"/>
    	<CD code="191" displayName="PANCREAS, LIVER AND SHUNT PROCEDURES W/ CC"/>
    	<CD code="192" displayName="PANCREAS, LIVER AND SHUNT PROCEDURES W/O CC"/>
    	<CD code="193" displayName="BILIARY TRACT PROCEDURES EXCEPT ONLY CHOLECYSTECTOIMY W/ OR W/O COMMON DUCT EXPLORATION W/ CC"/>
    	<CD code="194" displayName="BILIARY TRACT PROCEDURES EXCEPT ONLY CHOLECYSTECTOMY W/ OR W/O COMMON DUCT EXPLORATION W/O CC"/>
    	<CD code="195" displayName="CHOLECYSTECTOMY W/ COMMON DUCT EXPLORATION W/ CC"/>
    	<CD code="196" displayName="CHOLECYSTECTOMY W/ COMMON DUCT EXPLORATION W/O CC"/>
    	<CD code="197" displayName="CHOLECYSTECTOMY EXCEPT BY LAPAROSCOPE W/O COMMON DUCT EXPLORATION W/ CC"/>
    	<CD code="198" displayName="CHOLECYSTECTOMY EXCEPT BY LAPAROSCOPE W/O COMMON DUCT EXPORTATION W/O CC"/>
    	<CD code="199" displayName="HEPATOBILIARY DIAGNOSTIC PROCEDURE FOR MALIGNANCY"/>
    	<CD code="200" displayName="HEPATOBILIARY DIAGNOSTIC PROCEDURE FOR NONMALIGNANCY"/>
    	<CD code="201" displayName="OTHER HEPATOBILIARY OR PANCREAS OR PROCEDURES"/>
    	<CD code="209" displayName="MAJOR JOINT AND LIMB REATTACHMENT PROCEDURES OF LOWER EXTREMITY"/>
    	<CD code="210" displayName="HIP AND FEMUR PROCEDURES EXCEPT MAJOR JOINT PROCEDURES, AGE GREATER THAN 17 W/ CC"/>
    	<CD code="211" displayName="HIP AND FEMUR PROCEDURES EXCEPT MAJOR JOINT PROCEDURES, AGE GREATER THAN 17 W/O CC"/>
    	<CD code="212" displayName="HIP AND FEMUR PROCEDURES EXCEPT MAJOR JOINT PROCEDURE, AGE 0-17"/>
    	<CD code="213" displayName="AMPUTATION FOR MUSCULOSKELETAL SYSTEM AND CONNECTIVE TISSUE DISORDERS"/>
    	<CD code="214*" displayName="BACK + NECK PROCEDURES W CC"/>
    	<CD code="215*" displayName="BACK + NECK PROCEDURES W/O CC"/>
    	<CD code="216" displayName="BIOPSIES OF MUSCULOSKELETAL SYSTEM AND CONNECTIVE TISSUE"/>
    	<CD code="217" displayName="WOUND DEBRIDEMENT AND SKIN GRAFT EXCEPT HAND FOR MUSCULOSKELETAL AND CONNECTIVE TISSUE DISORDERS"/>
    	<CD code="218" displayName="LOWER EXTREMITY AND HUMERUS PROCEURES EXCEPT HIP, FOOT AND FEMUR, AGE GREATER THAN 17 W/ CC"/>
    	<CD code="219" displayName="LOWER EXTREMITY AND HUMERUS PROCEDURES EXCEPT HIP, FOOT AND FEMUR, AGE GREATER THAN 17 W/O CC"/>
    	<CD code="220" displayName="LOWER EXTREMITY AND HUMERUS PROCEDURES EXCEPT HIP, FOOT AND FEMUR, AGE 0-17"/>
    	<CD code="221*" displayName="KNEE PROCEDURES W CC"/>
    	<CD code="222*" displayName="KNEE PROCEDURES W/O CC"/>
    	<CD code="223" displayName="MAJOR SHOULDER/ELBOW PROCEDURES OR OTHER UPPER EXTREMITY PROCEDURES W/ CC"/>
    	<CD code="224" displayName="SHOULDER, ELBOW OR FOREARM PROCEDURES EXCEPT MAJOR JOINT PROCEDURES W/O CC"/>
    	<CD code="225" displayName="FOOT PROCEDURES"/>
    	<CD code="226" displayName="SOFT TISSUE PROCEDURES W/ CC"/>
    	<CD code="227" displayName="SOFT TISSUE PROCEDURES W/O CC"/>
    	<CD code="228" displayName="MAJOR THUMB OR JOINT PROCEDURES OR OTHER HAND OR WRIST PROCEDURES W/ CC"/>
    	<CD code="229" displayName="HAND OR WRIST PROCEDURES EXCEPT MAJOR JOINT PROCEDURES W/O CC"/>
    	<CD code="230" displayName="LOCAL EXCISION AND REMOVAL OF INTERNAL FIXATION DEVICES OF HIP AND FEMUR"/>
    	<CD code="231*" displayName="LOCAL EXCISION AND REMOVAL OF INTERNAL FIXATION DEVICES EXCEPT HIP AND FEMUR"/>
    	<CD code="232" displayName="ARTHROSCOPY"/>
    	<CD code="233" displayName="OTHER MUSCULOSKELETAL SYSTEM AND CONNECTIVE TISSUE OR PROCEDURES W/ CC"/>
    	<CD code="234" displayName="OTHER MUSCULOSKELETAL SYSTEM AND CONNECTIVE TISSUE OR PROCEDURES W/O CC"/>
    	<CD code="257" displayName="TOTAL MASTECTOMY FOR MALIGNANCY W/ CC"/>
    	<CD code="258" displayName="TOTAL MASTECTOMY FOR MALIGNANCY W/O CC"/>
    	<CD code="259" displayName="SUBTOTAL MASTECTOMY FOR MALIGNANCY W/ CC"/>
    	<CD code="260" displayName="SUBTOTAL MASTECTOMY FOR MALIGNANCY W/O CC"/>
    	<CD code="261" displayName="BREAST PROCEDURE FOR NONMALIGNANCY EXCEPT BIOPSY AND LOCAL EXCISION"/>
    	<CD code="262" displayName="BREAST BIOPSY AND LOCAL EXCISION FOR NONMALIGNANCY"/>
    	<CD code="263" displayName="SKIN GRAFT AND/OR DEBRIDEMENT FOR SKIN ULCER OR CELLULITIS W/ CC"/>
    	<CD code="264" displayName="SKIN GRAFT AND OR DEBRIDEMENT FOR SKIN ULCER OR CELLULITIS W/O CC"/>
    	<CD code="265" displayName="SKIN GRAFT AND OR DEBRIDEMENT EXCEPT FOR SKIN ULCER OR CELLULITIS W/ CC"/>
    	<CD code="266" displayName="SKIN GRAFT AND/OR DEBRIDEMENT EXCEPT FOR SKIN ULCER OR CELLUTLITIES W/O CC"/>
    	<CD code="267" displayName="PERIANAL AND PILONIDAL PROCEDURES"/>
    	<CD code="268" displayName="SKIN, SUBCUTANEOUS TISSUE AND BREAST PLASTIC PROCEDURES"/>
    	<CD code="269" displayName="OTHER SKIN, SUBCUTANEOUS TISSUE AND BREAST PROCEDURES W/ CC"/>
    	<CD code="270" displayName="OTHER SKIN, SUBCUTANEOUS TISSUE AND BREAST PROCEDURS W/O CC"/>
    	<CD code="285" displayName="AMPUTAETION OF LOWER LIMB FOR ENDOCRINE, NUTRITIONAL AND METABOLIC DISORDERS"/>
    	<CD code="286" displayName="ADRENAL AND PITUITARY PROCEDURES"/>
    	<CD code="287" displayName="SKIN GRAFTS AND WOUND DEBRIDEMENTS FOR ENDOCRINE, NUTRITIONAL AND METABOLIC DISORDERS"/>
    	<CD code="288" displayName="OR PROCEDURES FOR OBESITY"/>
    	<CD code="289" displayName="PARATHYROID PROCEDURES"/>
    	<CD code="290" displayName="THYROID PROCEDURES"/>
    	<CD code="291" displayName="THYROGLOSSAL PROCEDURES"/>
    	<CD code="292" displayName="OTHER ENDOCRINE, NUTRITIONAL AND METABOLIC OR PROCEDURES W/ CC"/>
    	<CD code="293" displayName="OTHER ENDOCRINE, NUTRITIONAL AND METABOLIC OR PROCEDURES W/O CC"/>
    	<CD code="302" displayName="KIDNEY TRANSPLANT"/>
    	<CD code="303" displayName="KIDNEY, URETER AND MAJOR BLADDER PROCEDURES FOR NEOPLASM"/>
    	<CD code="304" displayName="KIDNEY, URETER AND MAJOR BLADDER PROCEDURES FOR NONNEOPLASMS W/ CC"/>
    	<CD code="305" displayName="KIDNEY, URETER AND MAJOR BLADDER PROCEDURES FOR NONEOPLSMS W/O CC"/>
    	<CD code="306" displayName="PROSTATECTOMY W/ CC"/>
    	<CD code="307" displayName="PROSTATECTOMY W/O CC"/>
    	<CD code="308" displayName="MINOR BLADDER PROCEDURES W/ CC"/>
    	<CD code="309" displayName="MINOR BLADDER PROCEDURES W/O CC"/>
    	<CD code="310" displayName="TRANSURETHRAL PROCEDURES W/ CC"/>
    	<CD code="311" displayName="TRANSURETHRAL PROCEDURES W/O CC"/>
    	<CD code="312" displayName="URETHRAL PROCEDURES, AGE GREATER THAN 17 W/ CC"/>
    	<CD code="313" displayName="URETHRAL PROCEDURES, AGE GREATER THAN 17 W/O CC"/>
    	<CD code="314" displayName="URETHRAL PROCEDURES, AGE 0-17"/>
    	<CD code="315" displayName="OTHER KIDNEY AND URINARY TRACT OR PROCEDURES"/>
    	<CD code="334" displayName="MAJOR MALE PELVIC PROCEDURES W/ CC"/>
    	<CD code="335" displayName="MAJOR MALE PELVIC PROCEDURES W/O CC"/>
    	<CD code="336" displayName="TRANSURETHRAL PROSTATECTOMY W/ CC"/>
    	<CD code="337" displayName="TRANSURETHRAL PROSTATECTOMY W/O CC"/>
    	<CD code="338" displayName="TESTES PROCEDURES FOR MALIGNANCY"/>
    	<CD code="339" displayName="TESTES PROCEDURES FOR NONMALIGNANCY, AGE GREATER THAN 17"/>
    	<CD code="340" displayName="TESTES PROCEDURES FOR NONMALIGNANCY, AGE 0-17"/>
    	<CD code="341" displayName="PENIS PROCEDURES"/>
    	<CD code="342" displayName="CIRCUMCISION, AGE GREATER THAN 17"/>
    	<CD code="343" displayName="CIRCUMCISION, AGE 0-17"/>
    	<CD code="344" displayName="OTHER MALE REPRODUCTIVE SYSTEM OR PROCEDURES FOR MALIGNANCY"/>
    	<CD code="345" displayName="OTHER MALE REPRODUCTIVE SYSTEM OR PROCEDURES EXCEPT FOR MALIGNANCY"/>
    	<CD code="353" displayName="PELVIC EVISCERATION, RADICAL HYSTERECTOMY AND RADICAL VULVECTOMY"/>
    	<CD code="354" displayName="UTERINE AND ADNEXA PROCEDURES FOR NONOVARIAN/ADNEXAL MALIGNANCY W/ CC"/>
    	<CD code="355" displayName="UTERINE AND ADNEXA PROCEDURES FOR NONOVARIAN/ADNEXA PROCEDURES W/O CC"/>
    	<CD code="356" displayName="FEMALE REPRODUCTIVE SYSTEM RECONSTRUCTIVE PROCEDURES"/>
    	<CD code="357" displayName="UTERINE AND ADNEXA PROCEDURES FOR OVARIAN OR ADNEXAL MALIGNANCY"/>
    	<CD code="358" displayName="UTERINE AND ADNEXA PROCEDURES FOR NONMALIGNANCY W/ CC"/>
    	<CD code="359" displayName="UTERINE AND ADNEXA PROCEDURES FOR NONMALIGNANCY W/O CC"/>
    	<CD code="360" displayName="VAGINA, CERVIX AND VULVA PROCEDURES"/>
    	<CD code="361" displayName="LAPAROSCOPY AND INCISIONAL TUBAL INTERRUPTION"/>
    	<CD code="362" displayName="ENDOSCOPIC TUBAL INTERRUPTION"/>
    	<CD code="363" displayName="D AND C, CONIZATION AND RADIOIMPLANT FOR MALIGNANCY"/>
    	<CD code="364" displayName="D AND C, CONIZATION EXCEPT FOR MALIGNANCY"/>
    	<CD code="365" displayName="OTHER FEMALE REPRODUCTIVE SYSTEM OR PROCEDURES"/>
    	<CD code="370" displayName="CESAREAN SECTION W/ CC"/>
    	<CD code="371" displayName="CESAREAN SECTION W/O CC"/>
    	<CD code="374" displayName="VAGINAL DELIVERY W/ STERILIZATION AND/OR D AND C"/>
    	<CD code="375" displayName="VAGINAL DELIVERY W/ OR PROCEDURE EXCEPT STERILIZATION AND/OR D AND C"/>
    	<CD code="377" displayName="POSTPARTUM AND POSTABORTION DIAGNOSES W/ OR PROCEDURE"/>
    	<CD code="381" displayName="ABORTION W/ D AND C ASPIRATION CURETTAGE OR HYSTERECTOMY"/>
    	<CD code="392" displayName="SPLENECTOMY, AGE GREATER THAN 17"/>
    	<CD code="393" displayName="SPLENECTOMY, AGE 0-17"/>
    	<CD code="394" displayName="OTHER OR PROCEDURES OF THE BLOOD AND BLOOD-FORMING ORGANS"/>
    	<CD code="400*" displayName="LYMPHOMA AND LEUKEMIA W/ MAJOR OR PROCEDURES"/>
    	<CD code="401" displayName="LYMPHOMA AND NONACUTE LEUKEMIA W/ OTHER OR PROCEDURE W/ CC"/>
    	<CD code="402" displayName="LYMPHOMA AND NONACUTE LEUKEMIA W/ OTHER OR PROCEDURE W/O CC"/>
    	<CD code="406" displayName="MYELOPROLIFERATIVE DISORDERS OR POORLY DIFFERENTIATED NEOPLASMS W/ MAJOR OR PROCEDURES W/ CC"/>
    	<CD code="407" displayName="MYELOPROLIFERATIVE DISORDERS OR POORLY DIFFERENTIATED NEOPLASMS W/ MAJOR OR PROCEDURES W/O CC"/>
    	<CD code="408" displayName="MYELOPROLIFERATIVE DISORDERS OR POORLY DIFFERENTIATED NEOPLASMS W/ OTHER OR PROCEDURES"/>
    	<CD code="415" displayName="OR PROCEDURE FOR INFECTIOUS AND PARASITIC DISEASES"/>
    	<CD code="424" displayName="OR PROCEDURES W/ PRINCIPAL DIAGNOSIS OF MENTAL ILLNESS"/>
    	<CD code="439" displayName="SKIN GRAFTS FOR INJURIES"/>
    	<CD code="440" displayName="WOUND DEBRIDEMENTS FOR INJURIES"/>
    	<CD code="441" displayName="HAND PROCEDURES FOR INJURIES"/>
    	<CD code="442" displayName="OTHER OR PROCEDURES FOR INJURIES W/ CC"/>
    	<CD code="443" displayName="OTHER OR PROCEDURES FOR INJURIES W/O CC"/>
    	<CD code="458*" displayName="NON-EXTENSIVE BURNS W SKIN GRAFT"/>
    	<CD code="459*" displayName="NON-EXTENSIVE BURNS W WOUND DEBRIDEMENT OR OTHER O.R. PROC"/>
    	<CD code="461" displayName="OR PROCEDURES W/ DIAGNOSES OF OTHER CONTACT W/ HEALTH SERVICES"/>
    	<CD code="468" displayName="EXTENSIVE OR PROCEDURE UNRELATED TO PRINCIPAL DIAGNOSIS"/>
    	<CD code="471" displayName="BILATERAL OR MULTIPLE MAJOR JOINT PROCEDURES OF LOWER EXTREMITY"/>
    	<CD code="472*" displayName="EXTENSIVE BURNS W O.R. PROCEDURE"/>
    	<CD code="476" displayName="PROSTATIC OR PROCEDURE UNRELATED TO PRINCIPAL DIAGNOSIS"/>
    	<CD code="477" displayName="NONEXTENSIVE OR PROCEDURE UNRELATED TO PRINCIPAL DIAGNOSIS"/>
    	<CD code="478" displayName="OTHER VASCULAR PROCEDURES W/ CC"/>
    	<CD code="479" displayName="OTHER VASCULAR PROCEDURES W/O CC"/>
    	<CD code="480" displayName="LIVER TRANSPLANT"/>
    	<CD code="481" displayName="BONE MARROW TRANSPLANT"/>
    	<CD code="482" displayName="TRACHEOSTOMY FOR FACE, MOUTH AND NECK DIAGNOSES"/>
    	<CD code="483*" displayName="TRACHEOSTOMY EXCEPT FOR FACE, MOUTH AND NECK DIAGNOSES"/>
    	<CD code="484" displayName="CRANIOTOMY FOR MULTIPLE SIGNIFICANT TRAUMA"/>
    	<CD code="485" displayName="LIMB REATTACHMENT, HIP AND FEMUR PROCEDURES FOR MULTIPLE SIGNIFICANT TRAUMA"/>
    	<CD code="486" displayName="OTHER OR PROCEDURES FOR MULTIPLE SIGNIFICANT TRAUMA"/>
    	<CD code="488" displayName="HIV W/ EXTENSIVE OR PROCEDURE"/>
    	<CD code="491" displayName="MAJOR JOINT AND LIMB REATTACHMENT PROCEDURES OF UPPER EXTREMITY"/>
    	<CD code="493" displayName="LAPAROSCOPIC CHOLECYSTECTOMY W/O COMMON DUCT EXPLORATION W/ CC"/>
    	<CD code="494" displayName="LAPAROSCOPIC CHOLECYSTECTOMY W/O COMMON DUCT EXPLORATION W/O CC"/>
    	<CD code="495" displayName="LUNG TRANSPLANT"/>
    	<CD code="496" displayName="COMBINED ANTERIOR/POSTERIOR SPINAL FUSION"/>
    	<CD code="497" displayName="SPINAL FUSION W/ CC"/>
    	<CD code="498" displayName="SPINAL FUSION W/O CC"/>
    	<CD code="499" displayName="BACK AND NECK PROCEDURES EXCEPT SPINAL FUSION W/ CC"/>
    	<CD code="500" displayName="BACK AND NECK PROCEDURES EXCEPT SPINAL FUSION W/O CC"/>
    	<CD code="501" displayName="KNEE PROCEDURES W/ PRINCIPAL DIAGNOSIS OF INFECTION, W/ CC"/>
    	<CD code="502" displayName="KNEE PROCEDURES W/ PRINCIPAL DIAGNOSIS OF INFECTION, W/O CC"/>
    	<CD code="503" displayName="KNEE PROCEDURES W/O PRINCIPAL DIAGNOSIS OF INFECTION"/>
    	<CD code="504" displayName="EXTENSIVE 3RD DEGREE BURNS W SKIN GRAFT"/>
    	<CD code="506" displayName="FULL THICKNESS BURN W SKIN GRAFT OR INHAL INJ W CC OR SIG TRAUMA"/>
    	<CD code="507" displayName="FULL THICKNESS BURN W SKIN GRFT OR INHAL INJ W/O CC OR SIG TRAUMA"/>
    	<CD code="512" displayName="SIMULTANEOUS PANCREAS/KIDNEY TRANSPLANT"/>
    	<CD code="513" displayName="PANCREAS TRANSPLANT"/>
    	<CD code="514*" displayName="CARDIAC DEFIBRILLATOR IMPLANT W CARDIAC CATH"/>
    	<CD code="515" displayName="CARDIAC DEFIBRILLATOR IMPLANT W/O CARDIAC CATH"/>
    	<CD code="516" displayName="PERCUTANEOUS CARDIOVASC PROC W AMI"/>
    	<CD code="517" displayName="PERC CARDIO PROC W NON-DRUG ELUTING STENT W/O AMI"/>
    	<CD code="518" displayName="PERC CARDIO PROC W/O CORONARY ARTERY STENT OR AMI"/>
    	<CD code="519" displayName="CERVICAL SPINAL FUSION W CC"/>
    	<CD code="520" displayName="CERVICAL SPINAL FUSION W/O CC"/>
    	<CD code="525" displayName="HEART ASSIST SYSTEM IMPLANT (OCT02)"/>
    	<CD code="526" displayName="PERCUTNEOUS CARDIOVASULAR PROC W DRUG ELUTING STENT W AMI (APR03)"/>
    	<CD code="527" displayName="PERCUTNEOUS CARDIOVASULAR PROC W DRUG ELUTING STENT W/O AMI (APR03)"/>
    	<CD code="528" displayName="INTRACRANIAL VASCULAR PROC W PDX HEMORRHAGE (OCT03)"/>
    	<CD code="529" displayName="VENTRICULAR SHUNT PROCEDURES W CC (OCT03)"/>
    	<CD code="530" displayName="VENTRICULAR SHUNT PROCEDURES W/O CC (OCT03)"/>
    	<CD code="531" displayName="SPINAL PROCEDURES W CC (OCT03)"/>
    	<CD code="532" displayName="SPINAL PROCEDURES W/O CC (OCT03)"/>
    	<CD code="533" displayName="EXTRACRANIAL PROCEDURES W CC (OCT03)"/>
    	<CD code="534" displayName="EXTRACRANIAL PROCEDURES W/O CC (OCT03)"/>
    	<CD code="535" displayName="CARDIAC DEFIB IMPLANT W CARDIAC CATH W AMI/HF/SHOCK (OCT03)"/>
    	<CD code="536" displayName="CARDIAC DEFIB IMPLANT W CARDIAC CATH W/O AMI/HF/SHOCK (OCT03)"/>
    	<CD code="537" displayName="LOCAL EXCIS + REMOV OF INT FIX DEV EXCEPT HIP + FEMUR W CC (OCT03)"/>
    	<CD code="538" displayName="LOCAL EXCIS + REMOV OF INT FIX DEV EXCEPT HIP + FEMUR W/O CC (OCT03)"/>
    	<CD code="539" displayName="LYMPHOMA + LEUKEMIA W MAJOR OR PROCEDURE W CC (OCT03)"/>
    	<CD code="540" displayName="LYMPHOMA + LEUKEMIA W MAJOR OR PROCEDURE W/O CC (OCT03)"/>
    	<CD code="541" displayName="TRACH W MV 96+HRS OR PDX EXC FACE, MTH, FACE + NECK DX W/MAJ OR (OCT04)"/>
    	<CD code="542" displayName="TRACH W MV 96+HRS OR PDX EXC FACE, MTH, FACE + NECK DX W/O MJ OR (OCT04)"/>
    	<CD code="543" displayName="CRANIOTOMY WITH IMPLANTATION OF CHEMOTHERAPEUTIC AGENT OR ACUTE COMPLEX CENTRAL NERVOUS SYSTEM PRINCIPAL DIAGNOSIS (OCT04)"/>
    	<CD code="544" displayName="MAJOR JOINT REPLACEMENT OR REATTACHMENT OF LOWER EXTREMITY (OCT05)"/>
    	<CD code="545" displayName="REVISION OF HIP OR KNEE REPLACEMENT (OCT05)"/>
    	<CD code="546" displayName="SPINAL FUSION EXC CERV WITH CURVATURE OF THE SPINE OR MALIG (OCT05)"/>
    	<CD code="547" displayName="CORONARY BYPASS W CARDIAC CATH W MAJOR CV DX (OCT05)"/>
    	<CD code="548" displayName="CORONARY BYPASS W CARDIAC CATH W/O MAJOR CV DX (OCT05)"/>
    	<CD code="549" displayName="CORONARY BYPASS W/O CARDIAC CATH W MAJOR CV DX"/>
    	<CD code="550" displayName="CORONARY BYPASS W/O CARDIAC CATH W/O MAJOR CV DX (OCT05)"/>
    	<CD code="551" displayName="PERMANENT CARDIAC PACEMAKER IMPL W MAJ CV DX OR AICD LEAD OR GNRTR (OCT05)"/>
    	<CD code="552" displayName="OTHER PERMANENT CARDIAC PACEMAKER IMPLANT W/O MAJOR CV DX (OCT05)"/>
    	<CD code="553" displayName="OTHER VASCULAR PROCEDURES W CC W MAJOR CV DX (OCT05)"/>
    	<CD code="554" displayName="OTHER VASCULAR PROCEDURES W CC W/O MAJOR CV DX (OCT05)"/>
    	<CD code="555" displayName="PERCUTANEOUS CARDIOVASCULAR PROC W MAJOR CV DX (OCT05)"/>
    	<CD code="556" displayName="PERCUTANEOUS CARDIOVASC PROC W NON-DRUG-ELUTING STENT W/O MAJ CV DX (OCT05)"/>
    	<CD code="557" displayName="PERCUTANEOUS CARDIOVASCULAR PROC W DRUG-ELUTING STENT W MAJOR CV DX (OCT05)"/>
    	<CD code="558" displayName="PERCUTANEOUS CARDIOVASCULAR PROC W DRUG-ELUTING STENT W/O MAJ CV DX (OCT05)"/>
    	<CD code="567" displayName="STOMACH, ESOPHAGEAL + DUODENAL PROC AGE greater than 17 W CC W MAJOR GI DX (OCT06)"/>
    	<CD code="568" displayName="STOMACH, ESOPHAGEAL + DUODENAL PROCEDURES PROC AGE greater than 17 W CC W/O MAJOR GI DX (OCT06)"/>
    	<CD code="569" displayName="MAJOR SMALL + LARGE BOWEL PROCEDURES W CC W MAJOR GI DX (OCT06)"/>
    	<CD code="570" displayName="MAJOR SMALL + LARGE BOWEL PROCEDURES W CC W/O MAJOR GI DX (OCT06)"/>
    	<CD code="573" displayName="MAJOR BLADDER PROCEDURES (OCT06)"/>
    	<CD code="577" displayName="CAROTID ARTERY STENT PROCEDURE (OCT06)"/>
    	<CD code="578" displayName="INFECTIOUS + PARASITIC DISEASES W OR PROCEDURE (OCT06)"/>
    	<CD code="579" displayName="POSTOPERATIVE OR POST-TRAUMATIC INFECTIONS W OR PROCEDURE (OCT06)"/>
   	</membersForCodeSystem>
</OpenCdsConceptMappingSpecificationFile>
