<?xml version="1.0" encoding="UTF-8"?>
<OpenCdsConceptMappingSpecificationFile>
	<specificationNotes>Created manually from AHRQ PSI specifications.</specificationNotes>
    <openCdsConcept code="C295" displayName="Medical Discharge DRGs"/>
    <conceptDeterminationMethod code="C267" displayName="AHRQ"/>
    <membersForCodeSystem codeSystem="2.16.840.1.113883.12.416" codeSystemName="DRG">
    	<CD code="009" displayName="SPINAL DISORDERS AND INJURIES"/>
    	<CD code="010" displayName="NERVOUS SYSTEM NEOPLASMS W/ CC"/>
    	<CD code="011" displayName="NERVOUS SYSTEM NEOPLASMS W/ CC"/>
    	<CD code="012" displayName="DEGENERATIVE NERVOUS SYSTEM DISORDERS"/>
    	<CD code="013" displayName="MULTIPLE SCLEROSIS AND CEREBELLAR ATAXIA"/>
    	<CD code="014" displayName="SPECIFIC CEREBROVASCULAR DISORDERS EXCEPT TRANSIENT ISCHEMIC ATTACK"/>
    	<CD code="015" displayName="TRANSIENT ISCHEMIC ATTACK AND PRECEREBRAL OCCLUSIONS"/>
    	<CD code="016" displayName="NONSPECIFIC CEREBROVASCULAR DISORDERS W/ CC"/>
    	<CD code="017" displayName="NONSPECIFIC CEREBROVASCULAR DISORDERS W/O CC"/>
    	<CD code="018" displayName="CRANIAL AND PERIPHERAL NERVE DISORDERS W/ CC"/>
    	<CD code="019" displayName="CRANIAL AND PERIPHERAL NERVE DISORDERS W/O CC"/>
    	<CD code="020" displayName="NERVOUS SYSTEM INFECTION EXCEPT VIRAL MENINGITIS"/>
    	<CD code="021" displayName="VIRAL MENINGITIS"/>
    	<CD code="022" displayName="HYPERTENSIVE ENCEPHALOPATHY"/>
    	<CD code="023" displayName="NONTRAUMATIC STUPOR AND COMA"/>
    	<CD code="024" displayName="SEIZURE AND HEADACHE, AGE GREATER THAN 17 W/ CC"/>
    	<CD code="025" displayName="SEIZURE AND HEADACHE, AGE GREATER THAN 17 W/O CC"/>
    	<CD code="026" displayName="SEIZURE AND HEADACHE, AGE 0-17"/>
    	<CD code="027" displayName="TRAUMATIC STUPOR AND COMA, COMA GREATER THAN ONE HOUR"/>
    	<CD code="028" displayName="TRAUMATIC STUPOR AND COMA, COMA LESS THAN ONE HOUR, AGE GREATER THAN 17 W/ CC"/>
    	<CD code="029" displayName="TRAUMATIC STUPOR AND COMA, COMA LESS THAN ONE HOUR, AGE GREATER THAN 17 W/O CC"/>
    	<CD code="030" displayName="TRAUMATIC STUPOR AND COMA, COMA LESS THAN ONE HOUR, AGE 0-17"/>
    	<CD code="031" displayName="CONCUSSION, AGE GREATER THAN 17 W/ CC"/>
    	<CD code="032" displayName="CONCUSSION, AGE GREATER THAN 17 W/O CC"/>
    	<CD code="033" displayName="CONCUSSION, AGE 0-17"/>
    	<CD code="034" displayName="OTHER DISORDERS OF NERVOUS SYSTEM W/ CC"/>
    	<CD code="035" displayName="OTHER DISORDERS OF NERVOUS SYSTEM W/O CC"/>
    	<CD code="043" displayName="HYPHEMA"/>
    	<CD code="044" displayName="ACUTE MAJOR EYE INFECTIONS"/>
    	<CD code="045" displayName="NEUROLOGICAL EYE DISORDERS"/>
    	<CD code="046" displayName="OTHER DISORDERS OF THE EYE, AGE GREATER THAN 17 W/ CC"/>
    	<CD code="047" displayName="OTHER DISORDER OF THE EYE, AGE GREATER THAN 17 W/O CC"/>
    	<CD code="048" displayName="OTHER DISORDERS OF THE EYE, AGE 0-17"/>
    	<CD code="064" displayName="EAR, NOSE, MOUTH AND THROAT MALIGNANCY"/>
    	<CD code="065" displayName="DISEQUILIBRIA"/>
    	<CD code="066" displayName="EPISTAXIS"/>
    	<CD code="067" displayName="EPIGLOTTITIS"/>
    	<CD code="068" displayName="OTITIS MEDIA AND URI, AGE GREATER THAN 17 W/ CC"/>
    	<CD code="069" displayName="OTITIS MEDIA AND URI, AGE GREATER THAN 17 W/O CC"/>
    	<CD code="070" displayName="OTITIS MEDIA AND URI, AGE 0-17"/>
    	<CD code="071" displayName="LARYNGOTRACHEITIS"/>
    	<CD code="072" displayName="NASAL TRAUMA AND DEFORMITY"/>
    	<CD code="073" displayName="OTHER EAR, NOSE, MOUTH AND THROAT DIAGNOSES, AGE GREATER THAN 17"/>
    	<CD code="074" displayName="OTHER EAR, NOSE, MOUTH AND THROAT DIAGNOSES, AGE 0-17"/>
    	<CD code="078" displayName="PULMONARY EMBOLISM"/>
    	<CD code="079" displayName="RESPIRATORY INFECTIONS AND INFLAMMATIONS, AGE GREATER THAN 17 W/ CC"/>
    	<CD code="080" displayName="RESPIRATORY INFECTIONS AND INFLAMMATIONS, AGE GREATER THAN 17 W/O CC"/>
    	<CD code="081" displayName="RESPIRATORY INFECTIONS AND INFLAMMATIONS, AGE 0-17"/>
    	<CD code="082" displayName="RESPIRATORY NEOPLASMS"/>
    	<CD code="083" displayName="MAJOR CHEST TRAUMA W/ CC"/>
    	<CD code="084" displayName="MAJOR CHEST TRAUMA W/O CC"/>
    	<CD code="085" displayName="PLEURAL EFFUSION W/ CC"/>
    	<CD code="086" displayName="PLEURAL EFFUSION W/O CC"/>
    	<CD code="087" displayName="PULMONARY EDEMA AND RESPIRATORY FAILURE"/>
    	<CD code="088" displayName="CHRONIC OBSTRUCTIVE PULMONARY DISEASE"/>
    	<CD code="089" displayName="SIMPLE PNEUMONIA AND PLEURISY, AGE GREATER THAN 17 W/ CC"/>
    	<CD code="090" displayName="SIMPLE PNEUMONIA AND PLEURISY, AGE GREATER THAN 17 W/O CC"/>
    	<CD code="091" displayName="SIMPLE PNEUMONIA AND PLEURISY, AGE 0-17"/>
    	<CD code="092" displayName="INTERSTITIAL LUNG DISEASE W/ CC"/>
    	<CD code="093" displayName="INTERSTITIAL LUNG DISEASE W/O CC"/>
    	<CD code="094" displayName="PNEUMOTHORAX W/ CC"/>
    	<CD code="095" displayName="PNEUMOTHORAX W/O CC"/>
    	<CD code="096" displayName="BRONCHITIS AND ASTHMA, AGE GREATER THAN 17 W/ CC"/>
    	<CD code="097" displayName="BRONCHITIS AND ASTHMA, AGE GREATER THAN 17 W/O CC"/>
    	<CD code="098" displayName="BRONCHITIS AND ASTHMA, AGE 0-17"/>
    	<CD code="099" displayName="RESPIRATORY SIGNS AND SYMPTOMS W/ CC"/>
    	<CD code="100" displayName="RESPIRATORY SIGNS AND SYMPTOMS W/O CC"/>
    	<CD code="101" displayName="OTHER RESPIRATORY SYSTEM DIAGNOSES W/ CC"/>
    	<CD code="102" displayName="OTHER RESPIRATORY SYSTEM DIAGNOSES W/O CC"/>
    	<CD code="121" displayName="CIRCULATORY DISORDERS W/ ACUTE MYOCARDIAL INFARCTION AND MAJOR COMPLICATION, DISCHARGED ALIVE"/>
    	<CD code="122" displayName="CIRCULATORY DISORDERS W/ ACUTE MYOCARDIAL INFARCTION W/O MAJOR COMPLICATION, DISCHARGED ALIVE"/>
    	<CD code="123" displayName="CIRCULATORY DISORDERS W/ ACUTE MYOCARDIAL INFARCTION, EXPIRED"/>
    	<CD code="124" displayName="CIRCULATORY DISORDERS EXCEPT ACUTE MYOCARDIAL INFARCTION W/ CARDIAC CATHETERIZATION AND COMPLEX DIAGNOSIS"/>
    	<CD code="125" displayName="CIRCULATORY DISORDERS EXCEPT ACUTE MYOCARDIAL INFARCTION W/ CARDIAC CATHETERIZATION W/O COMPLEX DIAGNOSIS"/>
    	<CD code="126" displayName="ACUTE AND SUB ACUTE ENDOCARDITIS"/>
    	<CD code="127" displayName="HEART FAILURE AND SHOCK"/>
    	<CD code="128" displayName="DEEP VEIN THROMBOPHLEBITIS"/>
    	<CD code="129" displayName="CARDIAC ARREST, UNEXPLAINED"/>
    	<CD code="130" displayName="PERIPHERAL VASCULAR DISORDERS W/ CC"/>
    	<CD code="131" displayName="PERIPHERAL VASCULAR DISORDERS W/O CC"/>
    	<CD code="132" displayName="ATHEROSCLEROSIS W/ CC"/>
    	<CD code="133" displayName="ATHEROSCLEROSIS W/O CC"/>
    	<CD code="134" displayName="HYPERTENSION"/>
    	<CD code="135" displayName="CARDIAC CONGENITAL AND VALVULAR DISORDERS, AGE GREATER THAN 17 W/ CC"/>
    	<CD code="136" displayName="CARDIAC CONGENITAL AND VALVULAR DISORDERS, AGE GREATER THAN 17 W/O CC"/>
    	<CD code="137" displayName="CARDIAC CONGENITAL AND VALVULAR DISORDERS, AGE 0 - 17"/>
    	<CD code="138" displayName="CARDIAC ARRHYTHMIA AND CONDUCTION DISORDERS W/ CC"/>
    	<CD code="139" displayName="CARDIAC ARRHYTHMIA AND CONDUCTION DISORDERS W/O CC"/>
    	<CD code="140" displayName="ANGINA PECTORIS"/>
    	<CD code="141" displayName="SYNCOPE AND COLLAPSE W/ CC"/>
    	<CD code="142" displayName="SYNCOPE AND COLLAPSE W/O CC"/>
    	<CD code="143" displayName="CHEST PAIN"/>
    	<CD code="144" displayName="OTHER CIRCULATORY SYSTEM DIAGNOSES W/ CC"/>
    	<CD code="145" displayName="OTHER CIRCULATORY SYSTEM DIAGNOSES W/O CC"/>
    	<CD code="172" displayName="DIGESTIVE MALIGNANCY W/ CC"/>
    	<CD code="173" displayName="DIGESTIVE MALIGNANCY W/O CC"/>
    	<CD code="174" displayName="GI HEMORRHAGE W/ CC"/>
    	<CD code="175" displayName="GI HEMORRHAGE W/O CC"/>
    	<CD code="176" displayName="COMPLICATED PEPTIC ULCER"/>
    	<CD code="177" displayName="UNCOMPLICATED PEPTIC ULCER W/ CC"/>
    	<CD code="178" displayName="UNCOMPLICATED PEPTIC ULCER W/O CC"/>
    	<CD code="179" displayName="INFLAMMATORY BOWEL DISEASE"/>
    	<CD code="180" displayName="GI OBSTRUCTION W/ CC"/>
    	<CD code="181" displayName="GI OBSTRUCTION W/O CC"/>
    	<CD code="182" displayName="ESOPHAGITIS, GASTROENTERITIS AND MISCELLANEOUS DIGESTIVE DISORDERS, AGE GREATER THAN 17 W/ CC"/>
    	<CD code="183" displayName="ESOPHAGITIS, GASTROENTERITIS AND MISCELLANEOUS DIGESTIVE DISORDERS, AGE GREATER THAN 17 W/O CC"/>
    	<CD code="184" displayName="ESOPHAGITIS, GASTROENTERITIS AND MISCELLANESOU DIGESTIVE DISORDERS, AGE 0-17"/>
    	<CD code="185" displayName="DENTAL AND ORAL DISEASES EXCEPT EXTRACTIONS AND RESTORATIONS, AGE GREATER THAN 17"/>
    	<CD code="186" displayName="DENTAL AND ORAL DISEASED EXCEPT EXTRACTIONS AND RESTORATIONS, AGE 0-17"/>
    	<CD code="187" displayName="DENTAL EXTRACTIONS AND RESTORATIONS"/>
    	<CD code="188" displayName="OTHER DIGESTIVE SYSTEM DIAGNOSES, AGE GREATER THAN 17 W/ CC"/>
    	<CD code="189" displayName="OTHER DIGESTIVE SYSTEM DIAGNOSES, AGE GREATER THAN 17 W/O CC"/>
    	<CD code="190" displayName="OTHER DIGESTIVE SYSTEM DIAGNOSES, AGE 0-17"/>
    	<CD code="202" displayName="CIRRHOSIS AND ALCOHOLIC HEPATITIS"/>
    	<CD code="203" displayName="MALIGNANCY OF HEPATOBILIARY SYSTEM OR PANCREAS"/>
    	<CD code="204" displayName="DISORDERS OF PANCREAS EXCEPT MALIGNANCY"/>
    	<CD code="205" displayName="DISORDERS OF LIVER EXCEPT MALIGNANCY, CIRRHOSIS AND ALCOHOLIC HEPATITIS W/ CC"/>
    	<CD code="206" displayName="DISORDERS OF LIVER EXCEPT MALIGNANCY, CIRRHOSIS AND ALCOHOLIC HEPATITIS W/O CC"/>
    	<CD code="207" displayName="DISORDERS OF THE BILIARY TRACT W/ CC"/>
    	<CD code="208" displayName="DISORDERS OF THE BILIARY TRACT W/O CC"/>
    	<CD code="235" displayName="FRACTURES OF FEMUR"/>
    	<CD code="236" displayName="FRACTURES OF HIP AND PELVIS"/>
    	<CD code="237" displayName="SPRAINS, STRAINS AND DISLOCATIONS OF HIP, PELVIS AND THIGH"/>
    	<CD code="238" displayName="OSTEOMYELITIS"/>
    	<CD code="239" displayName="PATHOLOGICAL FRACTURES AND MUSCULOSKELETAL AND CONNECTIVE TISSUE MALIGNANCY"/>
    	<CD code="240" displayName="CONNECTIVE TISSUE DISORDERS W/ CC"/>
    	<CD code="241" displayName="CONNECTIVE TISSUE DISORDERS W/O CC"/>
    	<CD code="242" displayName="SEPTIC ARTHRITIS"/>
    	<CD code="243" displayName="MEDICAL BACK PROBLEMS"/>
    	<CD code="244" displayName="BONE DISEASES AND SPECIFIC ARTHROPATHIES W/ CC"/>
    	<CD code="245" displayName="BONE DISEASES AND SPECIFIC ARTHROPATHIES W/O CC"/>
    	<CD code="246" displayName="NONSPECIFIC ARTHROPATHIES"/>
    	<CD code="247" displayName="SIGNS AND SYMPTOMS OF MUSCULOSKELETAL SYSTEM AND CONNECTIVE TISSUE"/>
    	<CD code="248" displayName="TENDONITIS, MYOSITIS AND BURSITIS"/>
    	<CD code="249" displayName="AFTERCARE, MUSCULOSKELETAL SYSTEM AND CONNECTIVE TISSUE"/>
    	<CD code="250" displayName="FRACTURES, SPRAINS, STRAINS AND DISLOCATIONS OF FOREARM, HAND AND FOOT, AGE GREATER THAN 17 W/ CC"/>
    	<CD code="251" displayName="FRACTURES, SPRAINS, STRAINS AND DISLOCATIONS OF FOREARM, HAND AND FOOT, AGE GREATER THAN 17 W/O CC"/>
    	<CD code="252" displayName="FRACTURES, SPRAINS, STRAINS AND DISLOCATIONS OF FOREARM, HAND AND FOOT, AGE 0-17"/>
    	<CD code="253" displayName="FRACTURES, SPRAINS, STRAINS AND DISLOCATIONS OF UPPER ARM AND LOWER LEG EXCEPT FOOT, AGE GREATER THAN 17 W/ CC"/>
    	<CD code="254" displayName="FRACTURES, SPRAINS, STRAINS AND DISLOCATIONS OF UPPER ARM AND LOWER LEG EXCEPT FOOT, AGE GREATER THAN 17 W/O CC"/>
    	<CD code="255" displayName="FRACTURES, SPRAINS, STRAINS AND DISLOCATIONS OF UPPER ARM AND LOWER LEG EXCEPT FOOT, AGE 0-17"/>
    	<CD code="256" displayName="OTHER MUSCULOSKELETAL SYSTEM AND CONNECTIVE TISSUE DIAGNOSES"/>
    	<CD code="271" displayName="SKIN ULCERS"/>
    	<CD code="272" displayName="MAJOR SKIN DISORDERS W/ CC"/>
    	<CD code="273" displayName="MAJOR SKIN DISORDERS W/O CC"/>
    	<CD code="274" displayName="MALIGNANT BREAST DISORDERS W/ CC"/>
    	<CD code="275" displayName="MALIGNANT BREAST DISORDERS W/O CC"/>
    	<CD code="276" displayName="NONMALIGNANT BREAST DISORDERS"/>
    	<CD code="277" displayName="CELLULITIS, AGE GREATER THAN 17 W/ CC"/>
    	<CD code="278" displayName="CELLULTIIS, AGE GREATER THAN 17 W/O CC"/>
    	<CD code="279" displayName="CELLULITIS, AGE 0-17"/>
    	<CD code="280" displayName="TRAUMA TO SKIN, SUBCUTANEOUS TISSUE AND BREAST, AGE GREATER THAN 17 W/ CC"/>
    	<CD code="281" displayName="TRAUMA TO SKIN, SUBCUTANEOUS TISSUE AND BREAST, AGE GREATER THAN 17 W/O CC"/>
    	<CD code="282" displayName="TRAUMA TO SKIN, SUBCUTANEOUS TISSUE AND BREAST, AGE 0-17"/>
    	<CD code="283" displayName="MINOR SKIN DISORDERS W/ CC"/>
    	<CD code="284" displayName="MINOR SKIN DISORDERS W/O CC"/>
    	<CD code="294" displayName="DIABETES, AGE GREATER THAN 35"/>
    	<CD code="295" displayName="DIABETES, AGE 0-35"/>
    	<CD code="296" displayName="NUTRITIONAL AND MISCELLANEOUS METABOLIC DISORDERS, AGE GREATER THAN 17 W/ CC"/>
    	<CD code="297" displayName="NUTRITIONAL AND MISCELLANEOUS METABOLIC DISORDERS, AGE GREATER THAN 17 W/O CC"/>
    	<CD code="298" displayName="NUTRITIONAL AND MISCELLANEOUS METABOLIC DISORDERS, AGE 0-17"/>
    	<CD code="299" displayName="INBORN ERRORS OF METABOLISM"/>
    	<CD code="300" displayName="ENDOCRINE DISORDERS W/ CC"/>
    	<CD code="301" displayName="ENDOCRINE DISORDERS W/O CC"/>
    	<CD code="316" displayName="RENAL FAILURE"/>
    	<CD code="317" displayName="ADMISSION FOR RENAL DIALYSIS"/>
    	<CD code="318" displayName="KIDNEY AND URINARY TRACT NEOPLASMS W/ CC"/>
    	<CD code="319" displayName="KIDNEY AND URINARY TRACT NEOPLASMS W/O CC"/>
    	<CD code="320" displayName="KIDNEY AND URINARY TRACT INFECTIONS, AGE GREATER THAN 17 W/ CC"/>
    	<CD code="321" displayName="KIDNEY AND URINARY TRACT INFECTIONS, AGE GREATER THAN 17 W/O CC"/>
    	<CD code="322" displayName="KIDNEY AND URINARY TRACT INFECTION, AGE 0-17"/>
    	<CD code="323" displayName="URINARY STONES W/ CC AND/ OR ESW LITHOTRIPSY"/>
    	<CD code="324" displayName="URINARY STONES W/O CC"/>
    	<CD code="325" displayName="KIDNEY AND URINARY TRACT SIGNS AND SYMPTOMS, AGE GREATER THAN 17 W/ CC"/>
    	<CD code="326" displayName="KIDNEY AND URINARY TRACT SIGNS AND SYMPTOMS, AGE GREATER THAN 17 W/O CC"/>
    	<CD code="327" displayName="KIDNEY AND URINARY TRACT SIGNS AND SYMPTOMS, AGE 0-17"/>
    	<CD code="328" displayName="URETHRAL STRICTURE, AGE GREATER THAN 17 W/ CC"/>
    	<CD code="329" displayName="URETHRAL STRICTURE, AGE GREATER THAN 17 W/O CC"/>
    	<CD code="330" displayName="URETHRAL STRICTURE, AGE AGE 0-17"/>
    	<CD code="331" displayName="OTHER KIDNEY AND URINARY TRACT DIAGNOSES, AGE GREATER THAN 17 W/ CC"/>
    	<CD code="332" displayName="OTHER KIDNEY AND URINARY TRACT DIAGNOSES, AGE GREATER THAN 17 W/O CC"/>
    	<CD code="333" displayName="OTHER KIDNEY AND URINARY TRACT DIAGNOSES, AGE 0-17"/>
    	<CD code="346" displayName="MALIGNANCY OF MALE REPRODUCTIVE SYSTEM W/ CC"/>
    	<CD code="347" displayName="MALIGNANCY OF MALE REPRODUCTIVE SYSTEM W/O CC"/>
    	<CD code="348" displayName="BENIGN PROSTATIC HYPERTROPHY W/ CC"/>
    	<CD code="349" displayName="BENIGN PROSTATIC HYPERTROPHY W/O CC"/>
    	<CD code="350" displayName="INFLAMMATION OF THE MALE REPRODUCTIVE SYSTEM"/>
    	<CD code="351" displayName="STERILIZATION, MALE"/>
    	<CD code="352" displayName="OTHER MALE REPRODUCTIVE SYSTEM DIAGNOSES"/>
    	<CD code="366" displayName="MALIGNANCY OF FEMALE REPRODUCTIVE SYSTEM W/ CC"/>
    	<CD code="367" displayName="MALIGNANCY OF FEMALE REPRODUCTIVE SYSTEM W/O CC"/>
    	<CD code="368" displayName="INFECTIONS OF FEMALE REPRODUCTIVE SYSTEM"/>
    	<CD code="369" displayName="MENSTRUAL AND OTHER FEMALE REPRODUCTIVE SYSTEM DISORDERS"/>
    	<CD code="372" displayName="VAGINAL DELIVERY W/ COMPLICATING DIAGNOSES"/>
    	<CD code="373" displayName="VAGINAL DELIVERY W/O COMPLICATING DIAGNOSES"/>
    	<CD code="376" displayName="POSTPARTUM AND POSTABORTION DIAGNOSES W/O OR PROCEDURE"/>
    	<CD code="378" displayName="ENTOPIC PREGNANCY"/>
    	<CD code="379" displayName="THREATENED ABORTION"/>
    	<CD code="380" displayName="ABORTION W/O D AND G"/>
    	<CD code="382" displayName="FALSE LABOR"/>
    	<CD code="383" displayName="OTHER ANTEPARTUM DIAGNOSES W/ MEDICAL COMPLICATIONS"/>
    	<CD code="384" displayName="OTHER ANTEPARTUM DIAGNOSES W/O MEDICAL COMPLICATIONS"/>
    	<CD code="395" displayName="RED BLOOD CELL DISORDERS, AGE GREATER THAN 17"/>
    	<CD code="396" displayName="RED BLOOD CELL DISORDERS, AGE 0-17"/>
    	<CD code="397" displayName="COAGULATION DISORDERS"/>
    	<CD code="398" displayName="RETICULOENDOTHELIAL AND IMMUNITY DISORDERS W/ CC"/>
    	<CD code="399" displayName="RETICULOENDOTHELIAL AND IMMUNITY DISORDERS W/O CC"/>
    	<CD code="403" displayName="LYMPHOMA AND NONACUTE LEUKEMIA W/ CC"/>
    	<CD code="404" displayName="LYMPHOMA AND NONACUTE LEUKEMIA W/O CC"/>
    	<CD code="405" displayName="ACUTE LEUKEMIA W/O MAJOR OR PROCEDURE, AGE 0-17"/>
    	<CD code="409" displayName="RADIOTHERAPY"/>
    	<CD code="410" displayName="CHEMOTHERAPY W/O ACUTE LEUKEMIA AS SECONDARY DIAGNOSIS"/>
    	<CD code="411" displayName="HISTORY OF MALIGNANCY W/O ENDOSCOPY"/>
    	<CD code="412" displayName="HISTORY OF MALIGNANCY W/ ENDOSCOPY"/>
    	<CD code="413" displayName="OTHER MYELOPROLIFERATIVE DISORDERS OR POORLY DIFFERENTIATED NEOPLASM DIAGNOSES W/ CC"/>
    	<CD code="414" displayName="OTHER MYELOPROLIFERATIVE DISORDERS OR POORLY DIFFERENTIATED NEOPLASM DIAGNOSES W/O CC"/>
    	<CD code="416" displayName="SEPTICEMIA, AGE GREATER THAN 17"/>
    	<CD code="417" displayName="SEPTICEMIA, AGE 0-17"/>
    	<CD code="418" displayName="POSTOPERATIVE AND POSTTRAUMATIC INFECTIONS"/>
    	<CD code="419" displayName="FEVER OF UNKNOWN ORIGIN, AGE GREATER THAN 17 W/ CC"/>
    	<CD code="420" displayName="FEVER OF UNKNOWN ORIGIN, AGE GREATER THAN 17 W/O CC"/>
    	<CD code="421" displayName="VIRAL ILLNESS, AGE GREATER THAN 17"/>
    	<CD code="422" displayName="VIRAL ILLNESS AND FEVER OF UNKNOWN ORIGIN, AGE 0-17"/>
    	<CD code="423" displayName="OTHER INFECTIOUS AND PARASITIC DISEASES DIAGNOSES"/>
    	<CD code="425" displayName="ACUTE ADJUSTMENT REACTIONS AND DISTURBANCES OF PSYCHOSOCIAL DYSFUNCTION"/>
    	<CD code="426" displayName="DEPRESSIVE NEUROSES"/>
    	<CD code="427" displayName="NEUROSES EXCEPT DEPRESSIVE"/>
    	<CD code="428" displayName="DISORDERS OF PERSONALITY AND IMPULSE CONTROL"/>
    	<CD code="429" displayName="ORGANIC DISTURBANCES AND MENTAL RETARDATION"/>
    	<CD code="430" displayName="PSYCHOSES"/>
    	<CD code="431" displayName="CHILDHOOD MENTAL DISORDERS"/>
    	<CD code="432" displayName="OTHER MENTAL DISORDER DIAGNOSES"/>
    	<CD code="433" displayName="ALCOHOL/DRUG ABUSE OR DEPENDENCE, LEFT AGAINST MEDICAL ADVICE"/>
    	<CD code="434*" displayName="ALCOHOL/DRUG ABUSE OR DEPENDENCE, DETOXIFICATION OR OTHER SYMPTOMATIC TREATMENT W/ CC"/>
    	<CD code="435*" displayName="ALCOHOL/DRUG ABUSE OR DEPENDENCE, DETOXIFICATION OR OTHER SYMPTOMATIC TREATMENT W/O CC"/>
    	<CD code="436*" displayName="ALCOHOL/DRUG DEPENDENCE W/ REHABILITATION THERAPY"/>
    	<CD code="437*" displayName="ALCOHOL DRUG DEPENDENCE W/ COMBINED REHABILITATION AND DETOXIFICATION THERAPY"/>
    	<CD code="444" displayName="TRAUMATIC INJURY, AGE GREATER THAN 17 W/ CC"/>
    	<CD code="445" displayName="TRAUMATIC INJURY, AGE GREATER THAN 17 W/O CC"/>
    	<CD code="446" displayName="TRAUMATIC INJURY, AGE 0-17"/>
    	<CD code="447" displayName="ALLERGIC REACTIONS, AGE GREATER THAN 17"/>
    	<CD code="448" displayName="ALLERGIC REACTIONS, AGE 0-17"/>
    	<CD code="449" displayName="POISONING AND TOXIC EFFECTS OF DRUGS, AGE GREATER THAN 17 W/ CC"/>
    	<CD code="450" displayName="POISONING AND TOXIC EFFECTS OF DRUGS, AGE GREATER THAN 17 W/O CC"/>
    	<CD code="451" displayName="POISONING AND TOXIC EFFECTS OF DRUGS, AGE 0-17"/>
    	<CD code="452" displayName="COMPLICATIONS OF TREATMENT W/ CC"/>
    	<CD code="453" displayName="COMPLICATIONS OF TREATMENT W/O CC"/>
    	<CD code="454" displayName="OTHER INJURY, POISONING AND TOXIC EFFECT DIAGNOSES W/ CC"/>
    	<CD code="455" displayName="OTHER INJURY, POISONING AND TOXIC EFFECT DIAGNOSES W/O CC"/>
    	<CD code="456*" displayName="BURNS, TRANSFERRED TO ANOTHER ACUTE CARE FACILITY"/>
    	<CD code="457*" displayName="EXTENSIVE BURNS W/O O.R. PROCEDURE"/>
    	<CD code="460*" displayName="NON-EXTENSIVE BURNS W/O O.R. PROCEDURE"/>
    	<CD code="462" displayName="REHABILITATION"/>
    	<CD code="463" displayName="SIGNS AND SYMPTOMS W/ CC"/>
    	<CD code="464" displayName="SIGNS AND SYMPTOMS W/O CC"/>
    	<CD code="465" displayName="AFTERCARE W/ HISTORY OF MALIGNANCY AS SECONDARY DIAGNOSIS"/>
    	<CD code="466" displayName="AFTERCARE W/O HISTORY OF MALIGNANCY AS SECONDARY DIAGNOSIS"/>
    	<CD code="467" displayName="OTHER FACTORS INFLUENCING HEALTH STATUS"/>
    	<CD code="473" displayName="ACUTE LEUKEMIA W/O MAJOR OR PROCEDURE, AGE GREATER THAN 17"/>
    	<CD code="475" displayName="RESPIRATORY SYSTEM DIAGNOSIS W/ VENTILATOR SUPPORT"/>
    	<CD code="487" displayName="OTHER MULTIPLE SIGNIFICANT TRAUMA"/>
    	<CD code="489" displayName="HIV W/ MAJOR RELATED CONDITION"/>
    	<CD code="490" displayName="HIV W/ OR W/O OTHER RELATED CONDITION"/>
    	<CD code="492" displayName="CHEMOTHERAPY W/ ACUTE LEUKEMIA AS SECONDARY DIAGNOSIS"/>
    	<CD code="505" displayName="EXTENSIVE 3RD DEGREE BURNS W/O SKIN GRAFT"/>
    	<CD code="508" displayName="FULL THICKNESS BURN W/O SKIN GRFT OR INHAL INJ W CC OR SIG TRAUMA"/>
    	<CD code="509" displayName="FULL THICKNESS BURN W/O SKIN GRFT OR INH INJ W/O CC OR SIG TRAUMA"/>
    	<CD code="510" displayName="NON-EXTENSIVE BURNS W CC OR SIGNIFICANT TRAUMA"/>
    	<CD code="511" displayName="NON-EXTENSIVE BURNS W/O CC OR SIGNIFICANT TRAUMA"/>
    	<CD code="521" displayName="ALCOHOL/DRUG ABUSE OR DEPENDENCE W CC"/>
    	<CD code="522" displayName="ALC/DRUG ABUSE OR DEPEND W REHABILITATION THERAPY W/O CC"/>
    	<CD code="523" displayName="ALC/DRUG ABUSE OR DEPEND W/O REHABILITATION THERAPY W/O CC"/>
    	<CD code="524" displayName="TRANSIENT ISCHEMIA"/>
    	<CD code="559" displayName="ACUTE ISCHEMIC STROKE WITH USE OF THROMBOLYTIC AGENT (OCT05)"/>
    	<CD code="560" displayName="BACTERIAL + TUBERCULOUS INFECTIONS OF NERVOUS SYSTEM (OCT06)"/>
    	<CD code="561" displayName="NON-BACTERIAL INFECTIONS OF NERVOUS SYSTEM EXCEPT VIRAL MENINGITIS (OCT06)"/>
    	<CD code="562" displayName="SEIZURE AGE greater than 17 W CC (OCT06)"/>
    	<CD code="563" displayName="SEIZURE AGE greater than 17 W/O CC (OCT06)"/>
    	<CD code="564" displayName="HEADACHES AGE greater than 17 (OCT06)"/>
    	<CD code="565" displayName="RESPIRATORY SYSTEM DIAGNOSIS WITH VENTILATOR SUPPORT 96+ HOURS (OCT06)"/>
    	<CD code="566" displayName="RESPIRATORY SYSTEM DIAGNOSIS WITH VENTILATOR SUPPORT less than 96 HOURS (OCT06)"/>
    	<CD code="571" displayName="MAJOR ESOPHAGEAL DISORDERS (OCT06)"/>
    	<CD code="572" displayName="MAJOR GASTROINTESTINAL DISORDERS AND PERITONEAL INFECTIONS (OCT06)"/>
    	<CD code="574" displayName="MAJOR HEMATOLOGIC/IMMUNOLOGIC DIAG EXC SICKLE CELL CRISIS + COAGUL (OCT06)"/>
    	<CD code="575" displayName="SEPTICEMIA W MV96+ HOURS AGE greater than 17 (OCT06)"/>
    	<CD code="576" displayName="SEPTICEMIA W/O MV96+ HOURS AGE greater than 17 (OCT06)"/>
   	</membersForCodeSystem>
</OpenCdsConceptMappingSpecificationFile>
