<?xml version="1.0" encoding="UTF-8"?>
<OpenCdsConceptMappingSpecificationFile>
	<specificationNotes>Created manually from AHRQ PSI specifications.</specificationNotes>
    <openCdsConcept code="C339" displayName="Acute Kidney Failure"/>
    <conceptDeterminationMethod code="C267" displayName="AHRQ v4.3"/>
    <membersForCodeSystem codeSystem="2.16.840.1.113883.6.103" codeSystemName="ICD9CM diagnoses">
    	<CD code="584.6" displayName="W/ LESION OF CORTICAL NECROSIS"/>
    	<CD code="584.7" displayName="W/ LESION OF MEDULLARY [PAPILLARY] NECROSIS"/>
    	<CD code="584.8" displayName="ACUTE KIDNEY FAILURE NEC"/>
    	<CD code="584.9" displayName="ACUTE KIDNEY FAILURE, NOS"/>
    	<CD code="586" displayName="CHRONIC KIDNEY DISEASE, UNSPECIFIED (OCT05)"/>
    	<CD code="997.5" displayName="URINARY COMPLICATIONS (OCT05)"/>
   	</membersForCodeSystem>
</OpenCdsConceptMappingSpecificationFile>
