<?xml version="1.0" encoding="UTF-8"?>
<OpenCdsConceptMappingSpecificationFile>
	<specificationNotes>Created manually from AHRQ PSI specifications.</specificationNotes>
    <openCdsConcept code="C296" displayName="Medical Discharge MS-DRGs"/>
    <conceptDeterminationMethod code="C267" displayName="AHRQ"/>
    <membersForCodeSystem codeSystem="2.16.840.1.113883.3.263" codeSystemName="MS-DRG">
		<CD code="052" displayName="SPINAL DISORDERS and INJURIES W CC/MCC"/>
		<CD code="053" displayName="SPINAL DISORDERS and INJURIES W/O CC/MCC"/>
		<CD code="054" displayName="NERVOUS SYSTEM NEOPLASMS W MCC"/>
		<CD code="055" displayName="NERVOUS SYSTEM NEOPLASMS W/O MCC"/>
		<CD code="056" displayName="DEGENERATIVE NERVOUS SYSTEM DISORDERS W MCC"/>
		<CD code="057" displayName="DEGENERATIVE NERVOUS SYSTEM DISORDERS W/O MCC"/>
		<CD code="058" displayName="MULTIPLE SCLEROSIS and CEREBELLAR ATAXIA W MCC"/>
		<CD code="059" displayName="MULTIPLE SCLEROSIS and CEREBELLAR ATAXIA W CC"/>
		<CD code="060" displayName="MULTIPLE SCLEROSIS and CEREBELLAR ATAXIA W/O CC/MCC"/>
		<CD code="061" displayName="ACUTE ISCHEMIC STROKE W USE OF THROMBOLYTIC AGENT W MCC"/>
		<CD code="062" displayName="ACUTE ISCHEMIC STROKE W USE OF THROMBOLYTIC AGENT W CC"/>
		<CD code="063" displayName="ACUTE ISCHEMIC STROKE W USE OF THROMBOLYTIC AGENT W/O CC/MCC"/>
		<CD code="064" displayName="INTRACRANIAL HEMORRHAGE OR CEREBRAL INFARCTION W MCC"/>
		<CD code="065" displayName="INTRACRANIAL HEMORRHAGE OR CEREBRAL INFARCTION W CC"/>
		<CD code="066" displayName="INTRACRANIAL HEMORRHAGE OR CEREBRAL INFARCTION W/O CC/MCC"/>
		<CD code="067" displayName="NONSPECIFIC CVA and PRECEREBRAL OCCLUSION W/O INFARCT W MCC"/>
		<CD code="068" displayName="NONSPECIFIC CVA and PRECEREBRAL OCCLUSION W/O INFARCT W/O MCC"/>
		<CD code="069" displayName="TRANSIENT ISCHEMIA"/>
		<CD code="070" displayName="NONSPECIFIC CEREBROVASCULAR DISORDERS W MCC"/>
		<CD code="071" displayName="NONSPECIFIC CEREBROVASCULAR DISORDERS W CC"/>
		<CD code="072" displayName="NONSPECIFIC CEREBROVASCULAR DISORDERS W/O CC/MCC"/>
		<CD code="073" displayName="CRANIAL and PERIPHERAL NERVE DISORDERS W MCC"/>
		<CD code="074" displayName="CRANIAL and PERIPHERAL NERVE DISORDERS W/O MCC"/>
		<CD code="075" displayName="VIRAL MENINGITIS W CC/MCC"/>
		<CD code="076" displayName="VIRAL MENINGITIS W/O CC/MCC"/>
		<CD code="077" displayName="HYPERTENSIVE ENCEPHALOPATHY W MCC"/>
		<CD code="078" displayName="HYPERTENSIVE ENCEPHALOPATHY W CC"/>
		<CD code="079" displayName="HYPERTENSIVE ENCEPHALOPATHY W/O CC/MCC"/>
		<CD code="080" displayName="NONTRAUMATIC STUPOR and COMA W MCC"/>
		<CD code="081" displayName="NONTRAUMATIC STUPOR and COMA W/O MCC"/>
		<CD code="082" displayName="TRAUMATIC STUPOR and COMA, COMA &gt;1 HR W MCC"/>
		<CD code="083" displayName="TRAUMATIC STUPOR and COMA, COMA &gt;1 HR W CC"/>
		<CD code="084" displayName="TRAUMATIC STUPOR and COMA, COMA &gt;1 HR W/O CC/MCC"/>
		<CD code="085" displayName="TRAUMATIC STUPOR and COMA, COMA &lt;1 HR W MCC"/>
		<CD code="086" displayName="TRAUMATIC STUPOR and COMA, COMA &lt;1 HR W CC"/>
		<CD code="087" displayName="TRAUMATIC STUPOR and COMA, COMA &lt;1 HR W/O CC/MCC"/>
		<CD code="088" displayName="CONCUSSION W MCC"/>
		<CD code="089" displayName="CONCUSSION W CC"/>
		<CD code="090" displayName="CONCUSSION W/O CC/MCC"/>
		<CD code="091" displayName="OTHER DISORDERS OF NERVOUS SYSTEM W MCC"/>
		<CD code="092" displayName="OTHER DISORDERS OF NERVOUS SYSTEM W CC"/>
		<CD code="093" displayName="OTHER DISORDERS OF NERVOUS SYSTEM W/O CC/MCC"/>
		<CD code="094" displayName="BACTERIAL and TUBERCULOUS INFECTIONS OF NERVOUS SYSTEM W MCC"/>
		<CD code="095" displayName="BACTERIAL and TUBERCULOUS INFECTIONS OF NERVOUS SYSTEM W CC"/>
		<CD code="096" displayName="BACTERIAL and TUBERCULOUS INFECTIONS OF NERVOUS SYSTEM W/O CC/MCC"/>
		<CD code="097" displayName="NON-BACTERIAL INFECT OF NERVOUS SYS EXC VIRAL MENINGITIS W MCC"/>
		<CD code="098" displayName="NON-BACTERIAL INFECT OF NERVOUS SYS EXC VIRAL MENINGITIS W CC"/>
		<CD code="099" displayName="NON-BACTERIAL INFECT OF NERVOUS SYS EXC VIRAL MENINGITIS W/O CC/MCC"/>
		<CD code="100" displayName="SEIZURES W MCC"/>
		<CD code="101" displayName="SEIZURES W/O MCC"/>
		<CD code="102" displayName="HEADACHES W MCC"/>
		<CD code="103" displayName="HEADACHES W/O MCC"/>
		<CD code="121" displayName="ACUTE MAJOR EYE INFECTIONS W CC/MCC"/>
		<CD code="122" displayName="ACUTE MAJOR EYE INFECTIONS W/O CC/MCC"/>
		<CD code="123" displayName="NEUROLOGICAL EYE DISORDERS"/>
		<CD code="124" displayName="OTHER DISORDERS OF THE EYE W MCC"/>
		<CD code="125" displayName="OTHER DISORDERS OF THE EYE W/O MCC"/>
		<CD code="146" displayName="EAR, NOSE, MOUTH and THROAT MALIGNANCY W MCC"/>
		<CD code="147" displayName="EAR, NOSE, MOUTH and THROAT MALIGNANCY W CC"/>
		<CD code="148" displayName="EAR, NOSE, MOUTH and THROAT MALIGNANCY W/O CC/MCC"/>
		<CD code="149" displayName="DYSEQUILIBRIUM"/>
		<CD code="150" displayName="EPISTAXIS W MCC"/>
		<CD code="151" displayName="EPISTAXIS W/O MCC"/>
		<CD code="152" displayName="OTITIS MEDIA and URI W MCC"/>
		<CD code="153" displayName="OTITIS MEDIA and URI W/O MCC"/>
		<CD code="154" displayName="OTHER EAR, NOSE, MOUTH and THROAT DIAGNOSES W MCC"/>
		<CD code="155" displayName="OTHER EAR, NOSE, MOUTH and THROAT DIAGNOSES W CC"/>
		<CD code="156" displayName="OTHER EAR, NOSE, MOUTH and THROAT DIAGNOSES W/O CC/MCC"/>
		<CD code="157" displayName="DENTAL and ORAL DISEASES W MCC"/>
		<CD code="158" displayName="DENTAL and ORAL DISEASES W CC"/>
		<CD code="159" displayName="DENTAL and ORAL DISEASES W/O CC/MCC"/>
		<CD code="175" displayName="PULMONARY EMBOLISM W MCC"/>
		<CD code="176" displayName="PULMONARY EMBOLISM W/O MCC"/>
		<CD code="177" displayName="RESPIRATORY INFECTIONS and INFLAMMATIONS W MCC"/>
		<CD code="178" displayName="RESPIRATORY INFECTIONS and INFLAMMATIONS W CC"/>
		<CD code="179" displayName="RESPIRATORY INFECTIONS and INFLAMMATIONS W/O CC/MCC"/>
		<CD code="180" displayName="RESPIRATORY NEOPLASMS W MCC"/>
		<CD code="181" displayName="RESPIRATORY NEOPLASMS W CC"/>
		<CD code="182" displayName="RESPIRATORY NEOPLASMS W/O CC/MCC"/>
		<CD code="183" displayName="MAJOR CHEST TRAUMA W MCC"/>
		<CD code="184" displayName="MAJOR CHEST TRAUMA W CC"/>
		<CD code="185" displayName="MAJOR CHEST TRAUMA W/O CC/MCC"/>
		<CD code="186" displayName="PLEURAL EFFUSION W MCC"/>
		<CD code="187" displayName="PLEURAL EFFUSION W CC"/>
		<CD code="188" displayName="PLEURAL EFFUSION W/O CC/MCC"/>
		<CD code="189" displayName="PULMONARY EDEMA and RESPIRATORY FAILURE"/>
		<CD code="190" displayName="CHRONIC OBSTRUCTIVE PULMONARY DISEASE W MCC"/>
		<CD code="191" displayName="CHRONIC OBSTRUCTIVE PULMONARY DISEASE W CC"/>
		<CD code="192" displayName="CHRONIC OBSTRUCTIVE PULMONARY DISEASE W/O CC/MCC"/>
		<CD code="193" displayName="SIMPLE PNEUMONIA and PLEURISY W MCC"/>
		<CD code="194" displayName="SIMPLE PNEUMONIA and PLEURISY W CC"/>
		<CD code="195" displayName="SIMPLE PNEUMONIA and PLEURISY W/O CC/MCC"/>
		<CD code="196" displayName="INTERSTITIAL LUNG DISEASE W MCC"/>
		<CD code="197" displayName="INTERSTITIAL LUNG DISEASE W CC"/>
		<CD code="198" displayName="INTERSTITIAL LUNG DISEASE W/O CC/MCC"/>
		<CD code="199" displayName="PNEUMOTHORAX W MCC"/>
		<CD code="200" displayName="PNEUMOTHORAX W CC"/>
		<CD code="201" displayName="PNEUMOTHORAX W/O CC/MCC"/>
		<CD code="202" displayName="BRONCHITIS and ASTHMA W CC/MCC"/>
		<CD code="203" displayName="BRONCHITIS and ASTHMA W/O CC/MCC"/>
		<CD code="204" displayName="RESPIRATORY SIGNS and SYMPTOMS"/>
		<CD code="205" displayName="OTHER RESPIRATORY SYSTEM DIAGNOSES W MCC"/>
		<CD code="206" displayName="OTHER RESPIRATORY SYSTEM DIAGNOSES W/O MCC"/>
		<CD code="207" displayName="RESPIRATORY SYSTEM DIAGNOSIS W VENTILATOR SUPPORT 96+ HOURS"/>
		<CD code="208" displayName="RESPIRATORY SYSTEM DIAGNOSIS W VENTILATOR SUPPORT &lt;96 HOURS"/>
		<CD code="280" displayName="ACUTE MYOCARDIAL INFARCTION, DISCHARGED ALIVE W MCC"/>
		<CD code="281" displayName="ACUTE MYOCARDIAL INFARCTION, DISCHARGED ALIVE W CC"/>
		<CD code="282" displayName="ACUTE MYOCARDIAL INFARCTION, DISCHARGED ALIVE W/O CC/MCC"/>
		<CD code="283" displayName="ACUTE MYOCARDIAL INFARCTION, EXPIRED W MCC"/>
		<CD code="284" displayName="ACUTE MYOCARDIAL INFARCTION, EXPIRED W CC"/>
		<CD code="285" displayName="ACUTE MYOCARDIAL INFARCTION, EXPIRED W/O CC/MCC"/>
		<CD code="286" displayName="CIRCULATORY DISORDERS EXCEPT AMI, W CARD CATH W MCC"/>
		<CD code="287" displayName="CIRCULATORY DISORDERS EXCEPT AMI, W CARD CATH W/O MCC"/>
		<CD code="288" displayName="ACUTE and SUBACUTE ENDOCARDITIS W MCC"/>
		<CD code="289" displayName="ACUTE and SUBACUTE ENDOCARDITIS W CC"/>
		<CD code="290" displayName="ACUTE and SUBACUTE ENDOCARDITIS W/O CC/MCC"/>
		<CD code="291" displayName="HEART FAILURE and SHOCK W MCC"/>
		<CD code="292" displayName="HEART FAILURE and SHOCK W CC"/>
		<CD code="293" displayName="HEART FAILURE and SHOCK W/O CC/MCC"/>
		<CD code="294" displayName="DEEP VEIN THROMBOPHLEBITIS W CC/MCC"/>
		<CD code="295" displayName="DEEP VEIN THROMBOPHLEBITIS W/O CC/MCC"/>
		<CD code="296" displayName="CARDIAC ARREST, UNEXPLAINED W MCC"/>
		<CD code="297" displayName="CARDIAC ARREST, UNEXPLAINED W CC"/>
		<CD code="298" displayName="CARDIAC ARREST, UNEXPLAINED W/O CC/MCC"/>
		<CD code="299" displayName="PERIPHERAL VASCULAR DISORDERS W MCC"/>
		<CD code="300" displayName="PERIPHERAL VASCULAR DISORDERS W CC"/>
		<CD code="301" displayName="PERIPHERAL VASCULAR DISORDERS W/O CC/MCC"/>
		<CD code="302" displayName="ATHEROSCLEROSIS W MCC"/>
		<CD code="303" displayName="ATHEROSCLEROSIS W/O MCC"/>
		<CD code="304" displayName="HYPERTENSION W MCC"/>
		<CD code="305" displayName="HYPERTENSION W/O MCC"/>
		<CD code="306" displayName="CARDIAC CONGENITAL and VALVULAR DISORDERS W MCC"/>
		<CD code="307" displayName="CARDIAC CONGENITAL and VALVULAR DISORDERS W/O MCC"/>
		<CD code="308" displayName="CARDIAC ARRHYTHMIA and CONDUCTION DISORDERS W MCC"/>
		<CD code="309" displayName="CARDIAC ARRHYTHMIA and CONDUCTION DISORDERS W CC"/>
		<CD code="310" displayName="CARDIAC ARRHYTHMIA and CONDUCTION DISORDERS W/O CC/MCC"/>
		<CD code="311" displayName="ANGINA PECTORIS"/>
		<CD code="312" displayName="SYNCOPE and COLLAPSE"/>
		<CD code="313" displayName="CHEST PAIN"/>
		<CD code="314" displayName="OTHER CIRCULATORY SYSTEM DIAGNOSES W MCC"/>
		<CD code="315" displayName="OTHER CIRCULATORY SYSTEM DIAGNOSES W CC"/>
		<CD code="316" displayName="OTHER CIRCULATORY SYSTEM DIAGNOSES W/O CC/MCC"/>
		<CD code="368" displayName="MAJOR ESOPHAGEAL DISORDERS W MCC"/>
		<CD code="369" displayName="MAJOR ESOPHAGEAL DISORDERS W CC"/>
		<CD code="370" displayName="MAJOR ESOPHAGEAL DISORDERS W/O CC/MCC"/>
		<CD code="371" displayName="MAJOR GASTROINTESTINAL DISORDERS and PERITONEAL INFECTIONS W MCC"/>
		<CD code="372" displayName="MAJOR GASTROINTESTINAL DISORDERS and PERITONEAL INFECTIONS W CC"/>
		<CD code="373" displayName="MAJOR GASTROINTESTINAL DISORDERS and PERITONEAL INFECTIONS W/O CC/MCC"/>
		<CD code="374" displayName="DIGESTIVE MALIGNANCY W MCC"/>
		<CD code="375" displayName="DIGESTIVE MALIGNANCY W CC"/>
		<CD code="376" displayName="DIGESTIVE MALIGNANCY W/O CC/MCC"/>
		<CD code="377" displayName="G.I. HEMORRHAGE W MCC"/>
		<CD code="378" displayName="G.I. HEMORRHAGE W CC"/>
		<CD code="379" displayName="G.I. HEMORRHAGE W/O CC/MCC"/>
		<CD code="380" displayName="COMPLICATED PEPTIC ULCER W MCC"/>
		<CD code="381" displayName="COMPLICATED PEPTIC ULCER W CC"/>
		<CD code="382" displayName="COMPLICATED PEPTIC ULCER W/O CC/MCC"/>
		<CD code="383" displayName="UNCOMPLICATED PEPTIC ULCER W MCC"/>
		<CD code="384" displayName="UNCOMPLICATED PEPTIC ULCER W/O MCC"/>
		<CD code="385" displayName="INFLAMMATORY BOWEL DISEASE W MCC"/>
		<CD code="386" displayName="INFLAMMATORY BOWEL DISEASE W CC"/>
		<CD code="387" displayName="INFLAMMATORY BOWEL DISEASE W/O CC/MCC"/>
		<CD code="388" displayName="G.I. OBSTRUCTION W MCC"/>
		<CD code="389" displayName="G.I. OBSTRUCTION W CC"/>
		<CD code="390" displayName="G.I. OBSTRUCTION W/O CC/MCC"/>
		<CD code="391" displayName="ESOPHAGITIS, GASTROENT and MISC DIGEST DISORDERS W MCC"/>
		<CD code="392" displayName="ESOPHAGITIS, GASTROENT and MISC DIGEST DISORDERS W/O MCC"/>
		<CD code="393" displayName="OTHER DIGESTIVE SYSTEM DIAGNOSES W MCC"/>
		<CD code="394" displayName="OTHER DIGESTIVE SYSTEM DIAGNOSES W CC"/>
		<CD code="395" displayName="OTHER DIGESTIVE SYSTEM DIAGNOSES W/O CC/MCC"/>
		<CD code="432" displayName="CIRRHOSIS and ALCOHOLIC HEPATITIS W MCC"/>
		<CD code="433" displayName="CIRRHOSIS and ALCOHOLIC HEPATITIS W CC"/>
		<CD code="434" displayName="CIRRHOSIS and ALCOHOLIC HEPATITIS W/O CC/MCC"/>
		<CD code="435" displayName="MALIGNANCY OF HEPATOBILIARY SYSTEM OR PANCREAS W MCC"/>
		<CD code="436" displayName="MALIGNANCY OF HEPATOBILIARY SYSTEM OR PANCREAS W CC"/>
		<CD code="437" displayName="MALIGNANCY OF HEPATOBILIARY SYSTEM OR PANCREAS W/O CC/MCC"/>
		<CD code="438" displayName="DISORDERS OF PANCREAS EXCEPT MALIGNANCY W MCC"/>
		<CD code="439" displayName="DISORDERS OF PANCREAS EXCEPT MALIGNANCY W CC"/>
		<CD code="440" displayName="DISORDERS OF PANCREAS EXCEPT MALIGNANCY W/O CC/MCC"/>
		<CD code="441" displayName="DISORDERS OF LIVER EXCEPT MALIG,CIRR,ALC HEPA W MCC"/>
		<CD code="442" displayName="DISORDERS OF LIVER EXCEPT MALIG,CIRR,ALC HEPA W CC"/>
		<CD code="443" displayName="DISORDERS OF LIVER EXCEPT MALIG,CIRR,ALC HEPA W/O CC/MCC"/>
		<CD code="444" displayName="DISORDERS OF THE BILIARY TRACT W MCC"/>
		<CD code="445" displayName="DISORDERS OF THE BILIARY TRACT W CC"/>
		<CD code="446" displayName="DISORDERS OF THE BILIARY TRACT W/O CC/MCC"/>
		<CD code="533" displayName="FRACTURES OF FEMUR W MCC"/>
		<CD code="534" displayName="FRACTURES OF FEMUR W/O MCC"/>
		<CD code="535" displayName="FRACTURES OF HIP and PELVIS W MCC"/>
		<CD code="536" displayName="FRACTURES OF HIP and PELVIS W/O MCC"/>
		<CD code="537" displayName="SPRAINS, STRAINS, and DISLOCATIONS OF HIP, PELVIS and THIGH W CC/MCC"/>
		<CD code="538" displayName="SPRAINS, STRAINS, and DISLOCATIONS OF HIP, PELVIS and THIGH W/O CC/MCC"/>
		<CD code="539" displayName="OSTEOMYELITIS W MCC"/>
		<CD code="540" displayName="OSTEOMYELITIS W CC"/>
		<CD code="541" displayName="OSTEOMYELITIS W/O CC/MCC"/>
		<CD code="542" displayName="PATHOLOGICAL FRACTURES and MUSCULOSKELET and CONN TISS MALIG W MCC"/>
		<CD code="543" displayName="PATHOLOGICAL FRACTURES and MUSCULOSKELET and CONN TISS MALIG W CC"/>
		<CD code="544" displayName="PATHOLOGICAL FRACTURES and MUSCULOSKELET and CONN TISS MALIG W/O CC/MCC"/>
		<CD code="545" displayName="CONNECTIVE TISSUE DISORDERS W MCC"/>
		<CD code="546" displayName="CONNECTIVE TISSUE DISORDERS W CC"/>
		<CD code="547" displayName="CONNECTIVE TISSUE DISORDERS W/O CC/MCC"/>
		<CD code="548" displayName="SEPTIC ARTHRITIS W MCC"/>
		<CD code="549" displayName="SEPTIC ARTHRITIS W CC"/>
		<CD code="550" displayName="SEPTIC ARTHRITIS W/O CC/MCC"/>
		<CD code="551" displayName="MEDICAL BACK PROBLEMS W MCC"/>
		<CD code="552" displayName="MEDICAL BACK PROBLEMS W/O MCC"/>
		<CD code="553" displayName="BONE DISEASES and ARTHROPATHIES W MCC"/>
		<CD code="554" displayName="BONE DISEASES and ARTHROPATHIES W/O MCC"/>
		<CD code="555" displayName="SIGNS and SYMPTOMS OF MUSCULOSKELETAL SYSTEM and CONN TISSUE W MCC"/>
		<CD code="556" displayName="SIGNS and SYMPTOMS OF MUSCULOSKELETAL SYSTEM and CONN TISSUE W/O MCC"/>
		<CD code="557" displayName="TENDONITIS, MYOSITIS and BURSITIS W MCC"/>
		<CD code="558" displayName="TENDONITIS, MYOSITIS and BURSITIS W/O MCC"/>
		<CD code="559" displayName="AFTERCARE, MUSCULOSKELETAL SYSTEM and CONNECTIVE TISSUE W MCC"/>
		<CD code="560" displayName="AFTERCARE, MUSCULOSKELETAL SYSTEM and CONNECTIVE TISSUE W CC"/>
		<CD code="561" displayName="AFTERCARE, MUSCULOSKELETAL SYSTEM and CONNECTIVE TISSUE W/O CC/MCC"/>
		<CD code="562" displayName="FX, SPRN, STRN and DISL EXCEPT FEMUR, HIP, PELVIS and THIGH W MCC"/>
		<CD code="563" displayName="FX, SPRN, STRN and DISL EXCEPT FEMUR, HIP, PELVIS and THIGH W/O MCC"/>
		<CD code="564" displayName="OTHER MUSCULOSKELETAL SYS and CONNECTIVE TISSUE DIAGNOSES W MCC"/>
		<CD code="565" displayName="OTHER MUSCULOSKELETAL SYS and CONNECTIVE TISSUE DIAGNOSES W CC"/>
		<CD code="566" displayName="OTHER MUSCULOSKELETAL SYS and CONNECTIVE TISSUE DIAGNOSES W/O CC/MCC"/>
		<CD code="592" displayName="SKIN ULCERS W MCC"/>
		<CD code="593" displayName="SKIN ULCERS W CC"/>
		<CD code="594" displayName="SKIN ULCERS W/O CC/MCC"/>
		<CD code="595" displayName="MAJOR SKIN DISORDERS W MCC"/>
		<CD code="596" displayName="MAJOR SKIN DISORDERS W/O MCC"/>
		<CD code="597" displayName="MALIGNANT BREAST DISORDERS W MCC"/>
		<CD code="598" displayName="MALIGNANT BREAST DISORDERS W CC"/>
		<CD code="599" displayName="MALIGNANT BREAST DISORDERS W/O CC/MCC"/>
		<CD code="600" displayName="NON-MALIGNANT BREAST DISORDERS W CC/MCC"/>
		<CD code="601" displayName="NON-MALIGNANT BREAST DISORDERS W/O CC/MCC"/>
		<CD code="602" displayName="CELLULITIS W MCC"/>
		<CD code="603" displayName="CELLULITIS W/O MCC"/>
		<CD code="604" displayName="TRAUMA TO THE SKIN, SUBCUT TISS and BREAST W MCC"/>
		<CD code="605" displayName="TRAUMA TO THE SKIN, SUBCUT TISS and BREAST W/O MCC"/>
		<CD code="606" displayName="MINOR SKIN DISORDERS W MCC"/>
		<CD code="607" displayName="MINOR SKIN DISORDERS W/O MCC"/>
		<CD code="637" displayName="DIABETES W MCC"/>
		<CD code="638" displayName="DIABETES W CC"/>
		<CD code="639" displayName="DIABETES W/O CC/MCC"/>
		<CD code="640" displayName="NUTRITIONAL and MISC METABOLIC DISORDERS W MCC"/>
		<CD code="641" displayName="NUTRITIONAL and MISC METABOLIC DISORDERS W/O MCC"/>
		<CD code="642" displayName="INBORN ERRORS OF METABOLISM"/>
		<CD code="643" displayName="ENDOCRINE DISORDERS W MCC"/>
		<CD code="644" displayName="ENDOCRINE DISORDERS W CC"/>
		<CD code="645" displayName="ENDOCRINE DISORDERS W/O CC/MCC"/>
		<CD code="682" displayName="RENAL FAILURE W MCC"/>
		<CD code="683" displayName="RENAL FAILURE W CC"/>
		<CD code="684" displayName="RENAL FAILURE W/O CC/MCC"/>
		<CD code="685" displayName="ADMIT FOR RENAL DIALYSIS"/>
		<CD code="686" displayName="KIDNEY and URINARY TRACT NEOPLASMS W MCC"/>
		<CD code="687" displayName="KIDNEY and URINARY TRACT NEOPLASMS W CC"/>
		<CD code="688" displayName="KIDNEY and URINARY TRACT NEOPLASMS W/O CC/MCC"/>
		<CD code="689" displayName="KIDNEY and URINARY TRACT INFECTIONS W MCC"/>
		<CD code="690" displayName="KIDNEY and URINARY TRACT INFECTIONS W/O MCC"/>
		<CD code="691" displayName="URINARY STONES W ESW LITHOTRIPSY W CC/MCC"/>
		<CD code="692" displayName="URINARY STONES W ESW LITHOTRIPSY W/O CC/MCC"/>
		<CD code="693" displayName="URINARY STONES W/O ESW LITHOTRIPSY W MCC"/>
		<CD code="694" displayName="URINARY STONES W/O ESW LITHOTRIPSY W/O MCC"/>
		<CD code="695" displayName="KIDNEY and URINARY TRACT SIGNS and SYMPTOMS W MCC"/>
		<CD code="696" displayName="KIDNEY and URINARY TRACT SIGNS and SYMPTOMS W/O MCC"/>
		<CD code="697" displayName="URETHRAL STRICTURE"/>
		<CD code="698" displayName="OTHER KIDNEY and URINARY TRACT DIAGNOSES W MCC"/>
		<CD code="699" displayName="OTHER KIDNEY and URINARY TRACT DIAGNOSES W CC"/>
		<CD code="700" displayName="OTHER KIDNEY and URINARY TRACT DIAGNOSES W/O CC/MCC"/>
		<CD code="722" displayName="MALIGNANCY, MALE REPRODUCTIVE SYSTEM W MCC"/>
		<CD code="723" displayName="MALIGNANCY, MALE REPRODUCTIVE SYSTEM W CC"/>
		<CD code="724" displayName="MALIGNANCY, MALE REPRODUCTIVE SYSTEM W/O CC/MCC"/>
		<CD code="725" displayName="BENIGN PROSTATIC HYPERTROPHY W MCC"/>
		<CD code="726" displayName="BENIGN PROSTATIC HYPERTROPHY W/O MCC"/>
		<CD code="727" displayName="INFLAMMATION OF THE MALE REPRODUCTIVE SYSTEM W MCC"/>
		<CD code="728" displayName="INFLAMMATION OF THE MALE REPRODUCTIVE SYSTEM W/O MCC"/>
		<CD code="729" displayName="OTHER MALE REPRODUCTIVE SYSTEM DIAGNOSES W CC/MCC"/>
		<CD code="730" displayName="OTHER MALE REPRODUCTIVE SYSTEM DIAGNOSES W/O CC/MCC"/>
		<CD code="754" displayName="MALIGNANCY, FEMALE REPRODUCTIVE SYSTEM W MCC"/>
		<CD code="755" displayName="MALIGNANCY, FEMALE REPRODUCTIVE SYSTEM W CC"/>
		<CD code="756" displayName="MALIGNANCY, FEMALE REPRODUCTIVE SYSTEM W/O CC/MCC"/>
		<CD code="757" displayName="INFECTIONS, FEMALE REPRODUCTIVE SYSTEM W MCC"/>
		<CD code="758" displayName="INFECTIONS, FEMALE REPRODUCTIVE SYSTEM W CC"/>
		<CD code="759" displayName="INFECTIONS, FEMALE REPRODUCTIVE SYSTEM W/O CC/MCC"/>
		<CD code="760" displayName="MENSTRUAL and OTHER FEMALE REPRODUCTIVE SYSTEM DISORDERS W CC/MCC"/>
		<CD code="761" displayName="MENSTRUAL and OTHER FEMALE REPRODUCTIVE SYSTEM DISORDERS W/O CC/MCC"/>
		<CD code="774" displayName="VAGINAL DELIVERY W COMPLICATING DIAGNOSES"/>
		<CD code="775" displayName="VAGINAL DELIVERY W/O COMPLICATING DIAGNOSES"/>
		<CD code="776" displayName="POSTPARTUM and POST ABORTION DIAGNOSES W/O O.R. PROCEDURE"/>
		<CD code="777" displayName="ECTOPIC PREGNANCY"/>
		<CD code="778" displayName="THREATENED ABORTION"/>
		<CD code="779" displayName="ABORTION W/O DandC"/>
		<CD code="780" displayName="FALSE LABOR"/>
		<CD code="781" displayName="OTHER ANTEPARTUM DIAGNOSES W MEDICAL COMPLICATIONS"/>
		<CD code="782" displayName="OTHER ANTEPARTUM DIAGNOSES W/O MEDICAL COMPLICATIONS"/>
		<CD code="789" displayName="NEONATES, DIED OR TRANSFERRED TO ANOTHER ACUTE CARE FACILITY"/>
		<CD code="790" displayName="EXTREME IMMATURITY OR RESPIRATORY DISTRESS SYNDROME, NEONATE"/>
		<CD code="791" displayName="PREMATURITY W MAJOR PROBLEMS"/>
		<CD code="792" displayName="PREMATURITY W/O MAJOR PROBLEMS"/>
		<CD code="793" displayName="FULL TERM NEONATE W MAJOR PROBLEMS"/>
		<CD code="794" displayName="NEONATE W OTHER SIGNIFICANT PROBLEMS"/>
		<CD code="795" displayName="NORMAL NEWBORN"/>
		<CD code="808" displayName="MAJOR HEMATOL/IMMUN DIAG EXC SICKLE CELL CRISIS and COAGUL W MCC"/>
		<CD code="809" displayName="MAJOR HEMATOL/IMMUN DIAG EXC SICKLE CELL CRISIS and COAGUL W CC"/>
		<CD code="810" displayName="MAJOR HEMATOL/IMMUN DIAG EXC SICKLE CELL CRISIS and COAGUL W/O CC/MCC"/>
		<CD code="811" displayName="RED BLOOD CELL DISORDERS W MCC"/>
		<CD code="812" displayName="RED BLOOD CELL DISORDERS W/O MCC"/>
		<CD code="813" displayName="COAGULATION DISORDERS"/>
		<CD code="814" displayName="RETICULOENDOTHELIAL and IMMUNITY DISORDERS W MCC"/>
		<CD code="815" displayName="RETICULOENDOTHELIAL and IMMUNITY DISORDERS W CC"/>
		<CD code="816" displayName="RETICULOENDOTHELIAL and IMMUNITY DISORDERS W/O CC/MCC"/>
		<CD code="834" displayName="ACUTE LEUKEMIA W/O MAJOR O.R. PROCEDURE W MCC"/>
		<CD code="835" displayName="ACUTE LEUKEMIA W/O MAJOR O.R. PROCEDURE W CC"/>
		<CD code="836" displayName="ACUTE LEUKEMIA W/O MAJOR O.R. PROCEDURE W/O CC/MCC"/>
		<CD code="837" displayName="CHEMO W ACUTE LEUKEMIA AS SDX OR W HIGH DOSE CHEMO AGENT W MCC"/>
		<CD code="838" displayName="CHEMO W ACUTE LEUKEMIA AS SDX W CC OR HIGH DOSE CHEMO AGENT"/>
		<CD code="839" displayName="CHEMO W ACUTE LEUKEMIA AS SDX W/O CC/MCC"/>
		<CD code="840" displayName="LYMPHOMA and NON-ACUTE LEUKEMIA W MCC"/>
		<CD code="841" displayName="LYMPHOMA and NON-ACUTE LEUKEMIA W CC"/>
		<CD code="842" displayName="LYMPHOMA and NON-ACUTE LEUKEMIA W/O CC/MCC"/>
		<CD code="843" displayName="OTHER MYELOPROLIF DIS OR POORLY DIFF NEOPL DIAG W MCC"/>
		<CD code="844" displayName="OTHER MYELOPROLIF DIS OR POORLY DIFF NEOPL DIAG W CC"/>
		<CD code="845" displayName="OTHER MYELOPROLIF DIS OR POORLY DIFF NEOPL DIAG W/O CC/MCC"/>
		<CD code="846" displayName="CHEMOTHERAPY W/O ACUTE LEUKEMIA AS SECONDARY DIAGNOSIS W MCC"/>
		<CD code="847" displayName="CHEMOTHERAPY W/O ACUTE LEUKEMIA AS SECONDARY DIAGNOSIS W CC"/>
		<CD code="848" displayName="CHEMOTHERAPY W/O ACUTE LEUKEMIA AS SECONDARY DIAGNOSIS W/O CC/MCC"/>
		<CD code="849" displayName="RADIOTHERAPY"/>
		<CD code="862" displayName="POSTOPERATIVE and POST-TRAUMATIC INFECTIONS W MCC"/>
		<CD code="863" displayName="POSTOPERATIVE and POST-TRAUMATIC INFECTIONS W/O MCC"/>
		<CD code="864" displayName="FEVER"/>
		<CD code="865" displayName="VIRAL ILLNESS W MCC"/>
		<CD code="866" displayName="VIRAL ILLNESS W/O MCC"/>
		<CD code="867" displayName="OTHER INFECTIOUS and PARASITIC DISEASES DIAGNOSES W MCC"/>
		<CD code="868" displayName="OTHER INFECTIOUS and PARASITIC DISEASES DIAGNOSES W CC"/>
		<CD code="869" displayName="OTHER INFECTIOUS and PARASITIC DISEASES DIAGNOSES W/O CC/MCC"/>
		<CD code="870" displayName="SEPTICEMIA OR SEVERE SEPSIS W MV 96+ HOURS"/>
		<CD code="871" displayName="SEPTICEMIA OR SEVERE SEPSIS W/O MV 96+ HOURS W MCC"/>
		<CD code="872" displayName="SEPTICEMIA OR SEVERE SEPSIS W/O MV 96+ HOURS W/O MCC"/>
		<CD code="880" displayName="ACUTE ADJUSTMENT REACTION and PSYCHOSOCIAL DYSFUNCTION"/>
		<CD code="881" displayName="DEPRESSIVE NEUROSES"/>
		<CD code="882" displayName="NEUROSES EXCEPT DEPRESSIVE"/>
		<CD code="883" displayName="DISORDERS OF PERSONALITY and IMPULSE CONTROL"/>
		<CD code="884" displayName="ORGANIC DISTURBANCES and MENTAL RETARDATION"/>
		<CD code="885" displayName="PSYCHOSES"/>
		<CD code="886" displayName="BEHAVIORAL and DEVELOPMENTAL DISORDERS"/>
		<CD code="887" displayName="OTHER MENTAL DISORDER DIAGNOSES"/>
		<CD code="894" displayName="ALCOHOL/DRUG ABUSE OR DEPENDENCE, LEFT AMA"/>
		<CD code="895" displayName="ALCOHOL/DRUG ABUSE OR DEPENDENCE W REHABILITATION THERAPY"/>
		<CD code="896" displayName="ALCOHOL/DRUG ABUSE OR DEPENDENCE W/O REHABILITATION THERAPY W MCC"/>
		<CD code="897" displayName="ALCOHOL/DRUG ABUSE OR DEPENDENCE W/O REHABILITATION THERAPY W/O MCC"/>
		<CD code="913" displayName="TRAUMATIC INJURY W MCC"/>
		<CD code="914" displayName="TRAUMATIC INJURY W/O MCC"/>
		<CD code="915" displayName="ALLERGIC REACTIONS W MCC"/>
		<CD code="916" displayName="ALLERGIC REACTIONS W/O MCC"/>
		<CD code="917" displayName="POISONING and TOXIC EFFECTS OF DRUGS W MCC"/>
		<CD code="918" displayName="POISONING and TOXIC EFFECTS OF DRUGS W/O MCC"/>
		<CD code="919" displayName="COMPLICATIONS OF TREATMENT W MCC"/>
		<CD code="920" displayName="COMPLICATIONS OF TREATMENT W CC"/>
		<CD code="921" displayName="COMPLICATIONS OF TREATMENT W/O CC/MCC"/>
		<CD code="922" displayName="OTHER INJURY, POISONING and TOXIC EFFECT DIAG W MCC"/>
		<CD code="923" displayName="OTHER INJURY, POISONING and TOXIC EFFECT DIAG W/O MCC"/>
		<CD code="933" displayName="EXTENSIVE BURNS OR FULL THICKNESS BURNS W MV 96+ HRS W/O SKIN GRAFT"/>
		<CD code="934" displayName="FULL THICKNESS BURN W/O SKIN GRFT OR INHAL INJ"/>
		<CD code="935" displayName="NON-EXTENSIVE BURNS"/>
		<CD code="945" displayName="REHABILITATION W CC/MCC"/>
		<CD code="946" displayName="REHABILITATION W/O CC/MCC"/>
		<CD code="947" displayName="SIGNS and SYMPTOMS W MCC"/>
		<CD code="948" displayName="SIGNS and SYMPTOMS W/O MCC"/>
		<CD code="949" displayName="AFTERCARE W CC/MCC"/>
		<CD code="950" displayName="AFTERCARE W/O CC/MCC"/>
		<CD code="951" displayName="OTHER FACTORS INFLUENCING HEALTH STATUS"/>
		<CD code="963" displayName="OTHER MULTIPLE SIGNIFICANT TRAUMA W MCC"/>
		<CD code="964" displayName="OTHER MULTIPLE SIGNIFICANT TRAUMA W CC"/>
		<CD code="965" displayName="OTHER MULTIPLE SIGNIFICANT TRAUMA W/O CC/MCC"/>
		<CD code="974" displayName="HIV W MAJOR RELATED CONDITION W MCC"/>
		<CD code="975" displayName="HIV W MAJOR RELATED CONDITION W CC"/>
		<CD code="976" displayName="HIV W MAJOR RELATED CONDITION W/O CC/MCC"/>
		<CD code="977" displayName="HIV W OR W/O OTHER RELATED CONDITION"/>
   	</membersForCodeSystem>
</OpenCdsConceptMappingSpecificationFile>
		