<?xml version="1.0" encoding="UTF-8"?>
<OpenCdsConceptMappingSpecificationFile>
	<specificationNotes>Created manually from AHRQ PSI specifications.</specificationNotes>
    <openCdsConcept code="C304" displayName="Pneumonia"/>
    <conceptDeterminationMethod code="C267" displayName="AHRQ v4.3"/>
    <membersForCodeSystem codeSystem="2.16.840.1.113883.6.103" codeSystemName="ICD9CM diagnoses">
    	<CD code="482.0" displayName="PNEUMONIA DUE TO KLEBSIELLA PNEUMONIAE"/>
    	<CD code="482.1" displayName="PNEUMONIA DUE TO PSEUDOMONAS"/>
    	<CD code="482.2" displayName="PNEUMONIA DUE TO HEMOPHILUS INFLUENZAE [H. INFLUENZAE]"/>
    	<CD code="482.3" displayName="PNEUMONIA DUE TO STREPTOCOCCUS"/>
    	<CD code="482.30" displayName="PNEUMONIA DUE TO STREPTOCOCCUS – STREPTOCOCCUS, UNSPECIFIED"/>
    	<CD code="482.31" displayName="PNEUMONIA DUE TO STREPTOCOCCUS – GROUP A"/>
    	<CD code="482.32" displayName="PNEUMONIA DUE TO STREPTOCOCCUS – GROUP B"/>
    	<CD code="482.39" displayName="PNEUMONIA DUE TO STREPTOCOCCUS – OTHER STREPTOCOCCUS"/>
    	<CD code="482.4" displayName="PNEUMONIA DUE TO STAPHYLOCOCCUS"/>
    	<CD code="482.40" displayName="PNEUMONIA DUE TO STAPHYLOCOCCUS – PNEUMONIA DUE TO STAPHYLOCOCCUS, UNSPECIFIED"/>
    	<CD code="482.41" displayName="METHICILLIN SUSCEPTIBLE PNEUMONIA DUE TO STAPHYLOCOCCUS AUREUS (OCT08)"/>
    	<CD code="482.42" displayName="METHICILLIN RESISTANT PNEUMONIA DUE TO STAPHYLOCOCCUS AUREUS (OCT08)"/>
    	<CD code="482.49" displayName="PNEUMONIA DUE TO STAPHYLOCOCCUS – OTHER STAPHYLOCOCCUS PNEUMONIA"/>
    	<CD code="482.8" displayName="PNEUMONIA DUE TO OTHER SPECIFIED BACTERIA"/>
    	<CD code="482.81" displayName="PNEUMONIA DUE TO OTHER SPECIFIED BACTERIA – ANAEROBES"/>
    	<CD code="482.82" displayName="PNEUMONIA DUE TO OTHER SPECIFIED BACTERIA – EXCHERICHIA COLI [E COLI]"/>
    	<CD code="482.83" displayName="PNEUMONIA DUE TO OTHER SPECIFIED BACTERIA – OTHER GRAM-NEGATIVE BACTERIA"/>
    	<CD code="482.84" displayName="PNEUMONIA DUE TO OTHER SPECIFIED BACTERIA – LEGIONNAIRES' DISEASE"/>
    	<CD code="482.89" displayName="PNEUMONIA DUE TO OTHER SPECIFIED BACTERIA – OTHER SPECIFIED BACTERIA"/>
    	<CD code="482.9" displayName="BACTERIAL PNEUMONIA UNSPECIFIED"/>
    	<CD code="485" displayName="BRONCHOPNEUMONIA, ORGANISM UNSPECIFIED"/>
    	<CD code="486" displayName="PNEUMONIA, ORGANISM UNSPECIFIED"/>
    	<CD code="507.0" displayName="DUE TO INHALATION OF FOOD OR VOMITUS"/>
    	<CD code="514" displayName="PULMONARY CONGESTION AND HYPOSTASIS"/>
   	</membersForCodeSystem>
</OpenCdsConceptMappingSpecificationFile>
