<?xml version="1.0" encoding="UTF-8"?>
<OpenCdsConceptMappingSpecificationFile>
	<specificationNotes>Created manually from AHRQ PSI specifications.</specificationNotes>
    <openCdsConcept code="C306" displayName="Viral Pneumonia"/>
    <conceptDeterminationMethod code="C267" displayName="AHRQ v4.3"/>
    <membersForCodeSystem codeSystem="2.16.840.1.113883.6.103" codeSystemName="ICD9CM diagnoses">
    	<CD code="480.0" displayName="ADENOVIRAL PNEUMONIA"/>
    	<CD code="480.1" displayName="RESPIRATORY SYNCYTIAL VIRAL PNEUMONIA"/>
    	<CD code="480.2" displayName="PARAINFLUENZA VIRAL PNEUMONIA"/>
    	<CD code="480.3" displayName="PNEUMONIA DUE TO SARS (OCT03)"/>
    	<CD code="480.8" displayName="VIRAL PNEUMONIA NOT ELSEWHERE CLASSIFIED"/>
    	<CD code="480.9" displayName="VIRAL PNEUMONIA UNSPECIFIED"/>
    	<CD code="481" displayName="PNEUMOCOCCAL PNEUMONIA"/>
    	<CD code="483.0" displayName="PNEUMONIA DUE TO MYCOPLASMA PNEUMONIAE"/>
    	<CD code="483.1" displayName="PNEUMONIA DUE TO CHLAMYDIA"/>
    	<CD code="483.8" displayName="PNEUMONIA DUE TO OTHER SPECIFIED ORGANISM"/>
    	<CD code="484.1" displayName="PNEUMONIA IN CYTOMEGALIC INCLUSION DISEASE"/>
    	<CD code="484.3" displayName="PNEUMONIA IN WHOOPING COUGH"/>
    	<CD code="484.5" displayName="PNEUMONIA IN ANTHRAX"/>
    	<CD code="484.6" displayName="PNEUMONIA IN ASPERGILLOSIS"/>
    	<CD code="484.7" displayName="PNEUMONIA IN OTHER SYSTEMIC MYCOSES"/>
    	<CD code="484.8" displayName="PNEUMONIA IN INFECTIOUS DISEASE NOT ELSEWHERE CLASSIFIED"/>
    	<CD code="487.0" displayName="INFLUENZA W/ PNEUMONIA"/>
    	<CD code="487.1" displayName="FLU W/ RESPIRATORY MANIFEST NOT ELSEWHERE CLASSIFIED"/>
    	<CD code="487.8" displayName="FLU W/ MANIFESTATION NOT ELSEWHERE CLASSIFIED"/>
    	<CD code="488" displayName="FLU D/T AVIAN FLU VIRUS"/>
    	<CD code="488.0" displayName="INFLUENZA DUE TO IDENTIFIED AVIAN INFLUENZA VIRUS (OCT09)"/>
    	<CD code="488.1" displayName="INFLUENZA DUE TO IDENTIFIED NOVEL H1N1 INFLUENZA VIRUS (OCT09)"/>
    	<CD code="488.01" displayName="FLU DT IDEN AVIAN W PNEU"/>
    	<CD code="488.02" displayName="FLU DT AVIAN W OTH RESP"/>
    	<CD code="488.09" displayName="FLU DT AVIAN MANFAST NEC"/>
    	<CD code="488.11" displayName="FLU DT H1N1 W OTH RESP"/>
    	<CD code="488.12" displayName="FLU DT H1N1 W OTH RESP"/>
    	<CD code="488.19" displayName="FLU DT H1N1 MANFEST NEC"/>
   	</membersForCodeSystem>
</OpenCdsConceptMappingSpecificationFile>
