<?xml version="1.0" encoding="UTF-8"?>
<OpenCdsConceptMappingSpecificationFile>
	<specificationNotes>Created manually from AHRQ PSI specifications.</specificationNotes>
    <openCdsConcept code="C301" displayName="Pulmonary Embolism"/>
    <conceptDeterminationMethod code="C267" displayName="AHRQ"/>
    <membersForCodeSystem codeSystem="2.16.840.1.113883.6.103" codeSystemName="ICD9CM diagnoses">
    	<CD code="415.1" displayName="PULMONARY EMBOLISM AND INFARCTION"/>
    	<CD code="415.11" displayName="IATROGENIC PULMONARY EMBOLISM AND INFARCTION"/>
    	<CD code="415.19" displayName="PULMONARY EMBOLISM AND INFARCTION, OTHER"/>
   	</membersForCodeSystem>
</OpenCdsConceptMappingSpecificationFile>
