<?xml version="1.0" encoding="UTF-8"?>
<OpenCdsConceptMappingSpecificationFile>
	<specificationNotes>Created manually from AHRQ PSI specifications.</specificationNotes>
    <openCdsConcept code="C340" displayName="Chronic Renal Failure"/>
    <conceptDeterminationMethod code="C267" displayName="AHRQ v4.3"/>
    <membersForCodeSystem codeSystem="2.16.840.1.113883.6.103" codeSystemName="ICD9CM diagnoses">
    	<CD code="403.00" displayName="HYPERTENSIVE CHRONIC KIDNEY DISEASE, MALIGNANT, WITH CHRONIC KIDNEY DISEASE STAGE I THROUGH STAGE IV, OR UNSPECIFIED"/>
    	<CD code="403.01" displayName="MAL HYP KIDNEY W CHR KID"/>
    	<CD code="403.10" displayName="HYPERTENSIVE CHRONIC KIDNEY DISEASE, BENIGN, WITH CHRONIC KIDNEY DISEASE STAGE I THROUGH STAGE IV, OR UNSPECIFIED"/>
    	<CD code="403.11" displayName="BEN HYP KIDNEY W CHR KID"/>
    	<CD code="403.90" displayName="HYPERTENSIVE CHRONIC KIDNEY DISEASE, UNSPECIFIED, WITH CHRONIC KIDNEY DISEASE STAGE I THROUGH STAGE IV, OR UNSPECIFIED"/>
    	<CD code="403.91" displayName="HYP KIDNEY NOS W CHR KID"/>
    	<CD code="404.00" displayName="HYPERTENSIVE HEART AND CHRONIC KIDNEY DISEASE, MALIGNANT, WITHOUT HEART FAILURE AND WITH CHRONIC KIDNEY DISEASE STAGE I THROUGH STAGE IV, OR UNSPECIFIED"/>
    	<CD code="404.01" displayName="HYPERTENSIVE HEART AND CHRONIC KIDNEY DISEASE, MALIGNANT, WITH HEART FAILURE AND WITH CHRONIC KIDNEY DISEASE STAGE I THROUGH STAGE IV, OR UNSPECIFIED"/>
    	<CD code="404.02" displayName="MAL HY HRT/KID W CHR KID"/>
    	<CD code="404.03" displayName="MAL HYP HRT/KID W HF/KID"/>
    	<CD code="404.10" displayName="HYPERTENSIVE HEART AND CHRONIC KIDNEY DISEASE, BENIGN, WITHOUT HEART FAILURE AND WITH CHRONIC KIDNEY DISEASE STAGE I THROUGH STAGE IV, OR UNSPECIFIED"/>
    	<CD code="404.11" displayName="HYPERTENSIVE HEART AND CHRONIC KIDNEY DISEASE, BENIGN, WITH HEART FAILURE AND WITH CHRONIC KIDNEY DISEASE STAGE I THROUGH STAGE IV, OR UNSPECIFIED"/>
    	<CD code="404.12" displayName="BEN HYP HT/KID W CHR KID"/>
    	<CD code="404.13" displayName="BEN HYP HT/KID W HF/KID"/>
    	<CD code="404.90" displayName="HYPERTENSIVE HEART AND CHRONIC KIDNEY DISEASE, UNSPECIFIED, WITHOUT HEART FAILURE AND WITH CHRONIC KIDNEY DISEASE STAGE I THROUGH STAGE IV, OR UNSPECIFIED"/>
    	<CD code="404.91" displayName="HYPERTENSIVE HEART AND CHRONIC KIDNEY DISEASE, UNSPECIFIED, WITH HEART FAILURE AND WITH CHRONIC KIDNEY DISEASE STAGE I THROUGH STAGE IV, OR UNSPECIFIED"/>
    	<CD code="404.92" displayName="HYP HT/KID NOS W CHR KID"/>
    	<CD code="404.93" displayName="HYP HRT/KID NOS W HF/KID"/>
    	<CD code="585" displayName="CHRONIC RENAL FAILURE"/>
    	<CD code="585.5" displayName="CHRON KIDNEY DIS STAGE V"/>
    	<CD code="585.6" displayName="END STAGE RENAL DISEASE"/>
   	</membersForCodeSystem>
</OpenCdsConceptMappingSpecificationFile>
