<?xml version="1.0" encoding="UTF-8"?>
<OpenCdsConceptMappingSpecificationFile>
	<specificationNotes>Created manually from AHRQ PSI specifications.</specificationNotes>
    <openCdsConcept code="C325" displayName="Syncope"/>
    <conceptDeterminationMethod code="C267" displayName="AHRQ v4.3"/>
    <membersForCodeSystem codeSystem="2.16.840.1.113883.6.103" codeSystemName="ICD9CM diagnoses">
    	<CD code="337.01" displayName="CAROTID SINUS SYNDROME (OCT08)"/>
    	<CD code="780.2" displayName="SYNCOPE AND COLLAPSE"/>
   	</membersForCodeSystem>
</OpenCdsConceptMappingSpecificationFile>
