<?xml version="1.0" encoding="UTF-8"?>
<OpenCdsConceptMappingSpecificationFile>
	<specificationNotes>Created manually from AHRQ PSI specifications.</specificationNotes>
    <openCdsConcept code="C476" displayName="Low Mortality MS-DRGs"/>
    <conceptDeterminationMethod code="C267" displayName="AHRQ"/>
    <membersForCodeSystem codeSystem="2.16.840.1.113883.3.263" codeSystemName="MS-DRG">
    	<CD code="069" codeSystemName="TRANSIENT ISCHEMIA"/>
    	<CD code="113" codeSystemName="ORBITAL PROCEDURES W CC/MCC"/>
    	<CD code="114" codeSystemName="ORBITAL PROCEDURES W/O CC/MCC"/>
    	<CD code="123" codeSystemName="NEUROLOGICAL EYE DISORDERS"/>
    	<CD code="139" codeSystemName="SALIVARY GLAND PROCEDURES"/>
    	<CD code="149" codeSystemName="DYSEQUILIBRIUM"/>
    	<CD code="202" codeSystemName="BRONCHITIS + ASTHMA W CC/MCC"/>
    	<CD code="203" codeSystemName="BRONCHITIS + ASTHMA W/O CC/MCC"/>
    	<CD code="311" codeSystemName="ANGINA PECTORIS"/>
    	<CD code="312" codeSystemName="SYNCOPE + COLLAPSE"/>
    	<CD code="313" codeSystemName="CHEST PAIN"/>
    	<CD code="483" codeSystemName="MAJOR JOINT + LIMB REATTACHMENT PROC OF UPPER EXTREMITY W CC/MCC"/>
    	<CD code="484" codeSystemName="MAJOR JOINT + LIMB REATTACHMENT PROC OF UPPER EXTREMITY W/O CC/MCC"/>
    	<CD code="488" codeSystemName="KNEE PROCEDURES W/O PDX OF INFECTION W CC/MCC"/>
    	<CD code="489" codeSystemName="KNEE PROCEDURES W/O PDX OF INFECTION W/O CC/MCC"/>
    	<CD code="490" codeSystemName="BACK + NECK PROC EXC SPINAL FUSION W CC/MCC OR DISC DEVICE/NEUROSTIM"/>
    	<CD code="491" codeSystemName="BACK + NECK PROC EXC SPINAL FUSION W/O CC/MCC"/>
    	<CD code="506" codeSystemName="MAJOR THUMB OR JOINT PROCEDURES"/>
    	<CD code="513" codeSystemName="HAND OR WRIST PROC, EXCEPT MAJOR THUMB OR JOINT PROC W CC/MCC"/>
    	<CD code="514" codeSystemName="HAND OR WRIST PROC, EXCEPT MAJOR THUMB OR JOINT PROC W/O CC/MCC"/>
    	<CD code="537" codeSystemName="SPRAINS, STRAINS, + DISLOCATIONS OF HIP, PELVIS + THIGH W CC/MCC"/>
    	<CD code="538" codeSystemName="SPRAINS, STRAINS, + DISLOCATIONS OF HIP, PELVIS + THIGH W/O CC/MCC"/>
    	<CD code="582" codeSystemName="MASTECTOMY FOR MALIGNANCY W CC/MCC"/>
    	<CD code="583" codeSystemName="MASTECTOMY FOR MALIGNANCY W/O CC/MCC"/>
    	<CD code="691" codeSystemName="URINARY STONES W ESW LITHOTRIPSY W CC/MCC"/>
    	<CD code="692" codeSystemName="URINARY STONES W ESW LITHOTRIPSY W/O CC/MCC"/>
    	<CD code="697" codeSystemName="URETHRAL STRICTURE"/>
    	<CD code="707" codeSystemName="MAJOR MALE PELVIC PROCEDURES W CC/MCC"/>
    	<CD code="708" codeSystemName="MAJOR MALE PELVIC PROCEDURES W/O CC/MCC"/>
    	<CD code="742" codeSystemName="UTERINE + ADNEXA PROC FOR NONMALIGNANCY W CC/MCC"/>
    	<CD code="743" codeSystemName="UTERINE + ADNEXA PROC FOR NONMALIGNANCY W/O CC/MCC"/>
    	<CD code="748" codeSystemName="FEMALE REPRODUCTIVE SYSTEM RECONSTRUCTIVE PROCEDURES"/>
    	<CD code="760" codeSystemName="MENSTRUAL + OTHER FEMALE REPRODUCTIVE SYSTEM DISORDERS W CC/MCC"/>
    	<CD code="761" codeSystemName="MENSTRUAL + OTHER FEMALE REPRODUCTIVE SYSTEM DISORDERS W/O CC/MCC"/>
    	<CD code="765" codeSystemName="CESAREAN SECTION W CC/MCC"/>
    	<CD code="766" codeSystemName="CESAREAN SECTION W/O CC/MCC"/>
    	<CD code="767" codeSystemName="VAGINAL DELIVERY W STERILIZATION +/OR D+C"/>
    	<CD code="768" codeSystemName="VAGINAL DELIVERY W O.R. PROC EXCEPT STERIL +/OR D+C"/>
    	<CD code="769" codeSystemName="POSTPARTUM + POST ABORTION DIAGNOSES W O.R. PROCEDURE"/>
    	<CD code="770" codeSystemName="ABORTION W D+C, ASPIRATION CURETTAGE OR HYSTEROTOMY"/>
    	<CD code="774" codeSystemName="VAGINAL DELIVERY W COMPLICATING DIAGNOSES"/>
    	<CD code="775" codeSystemName="VAGINAL DELIVERY W/O COMPLICATING DIAGNOSES"/>
    	<CD code="776" codeSystemName="POSTPARTUM + POST ABORTION DIAGNOSES W/O O.R. PROCEDURE"/>
    	<CD code="777" codeSystemName="ECTOPIC PREGNANCY"/>
    	<CD code="778" codeSystemName="THREATENED ABORTION"/>
    	<CD code="779" codeSystemName="ABORTION W/O D+C"/>
    	<CD code="780" codeSystemName="FALSE LABOR"/>
    	<CD code="781" codeSystemName="OTHER ANTEPARTUM DIAGNOSES W MEDICAL COMPLICATIONS"/>
    	<CD code="782" codeSystemName="OTHER ANTEPARTUM DIAGNOSES W/O MEDICAL COMPLICATIONS"/>
    	<CD code="793" codeSystemName="FULL TERM NEONATE W MAJOR PROBLEMS"/>
    	<CD code="794" codeSystemName="NEONATE W OTHER SIGNIFICANT PROBLEMS"/>
    	<CD code="880" codeSystemName="ACUTE ADJUSTMENT REACTION + PSYCHOSOCIAL DYSFUNCTION"/>
    	<CD code="881" codeSystemName="DEPRESSIVE NEUROSES"/>
    	<CD code="882" codeSystemName="NEUROSES EXCEPT DEPRESSIVE"/>
    	<CD code="883" codeSystemName="DISORDERS OF PERSONALITY + IMPULSE CONTROL"/>
    	<CD code="885" codeSystemName="PSYCHOSES"/>
    	<CD code="886" codeSystemName="BEHAVIORAL + DEVELOPMENTAL DISORDERS"/>
    	<CD code="887" codeSystemName="OTHER MENTAL DISORDER DIAGNOSES"/>
    	<CD code="894" codeSystemName="ALCOHOL/DRUG ABUSE OR DEPENDENCE, LEFT AMA"/>
    	<CD code="895" codeSystemName="ALCOHOL/DRUG ABUSE OR DEPENDENCE W REHABILITATION THERAPY"/>
    	<CD code="906" codeSystemName="HAND PROCEDURES FOR INJURIES"/>

   	</membersForCodeSystem>
</OpenCdsConceptMappingSpecificationFile>
