<?xml version="1.0" encoding="UTF-8"?>
<OpenCdsConceptMappingSpecificationFile>
	<specificationNotes>Created manually from AHRQ PSI specifications.</specificationNotes>
    <openCdsConcept code="C298" displayName="Surgical Discharge MS-DRGs"/>
    <conceptDeterminationMethod code="C267" displayName="AHRQ"/>
    <membersForCodeSystem codeSystem="2.16.840.1.113883.3.263" codeSystemName="MS-DRG">
    	<CD code="001" displayName="HEART TRANSPLANT OR IMPLANT OF HEART ASSIST SYSTEM W MCC"/>
    	<CD code="002" displayName="HEART TRANSPLANT OR IMPLANT OF HEART ASSIST SYSTEM W/O MCC"/>
    	<CD code="003" displayName="ECMO OR TRACH W MV 96+ HRS OR PDX EXC FACE, MOUTH + NECK W MAJ O.R."/>
    	<CD code="004" displayName="TRACH W MV 96+ HRS OR PDX EXC FACE, MOUTH + NECK W/O MAJ O.R."/>
    	<CD code="005" displayName="LIVER TRANSPLANT W MCC OR INTESTINAL TRANSPLANT"/>
    	<CD code="006" displayName="LIVER TRANSPLANT W/O MCC"/>
    	<CD code="007" displayName="LUNG TRANSPLANT"/>
    	<CD code="008" displayName="SIMULTANEOUS PANCREAS/KIDNEY TRANSPLANT"/>
    	<CD code="009" displayName="BONE MARROW TRANSPLANT"/>
    	<CD code="010" displayName="PANCREAS TRANSPLANT"/>
    	<CD code="011" displayName="TRACHEOSTOMY FOR FACE,MOUTH + NECK DIAGNOSES W MCC"/>
    	<CD code="012" displayName="TRACHEOSTOMY FOR FACE,MOUTH + NECK DIAGNOSES W CC"/>
    	<CD code="013" displayName="TRACHEOSTOMY FOR FACE,MOUTH + NECK DIAGNOSES W/O CC/MCC"/>
    	<CD code="014" displayName="ALLOGENIC BONE MARROW TRANSPLANT"/>
    	<CD code="015" displayName="AUTOLOGOUS BONE MARROW TRANSPLANT"/>
    	<CD code="020" displayName="INTRACRANIAL VASCULAR PROCEDURES W PDX HEMORRHAGE W MCC"/>
    	<CD code="021" displayName="INTRACRANIAL VASCULAR PROCEDURES W PDX HEMORRHAGE W CC"/>
    	<CD code="022" displayName="INTRACRANIAL VASCULAR PROCEDURES W PDX HEMORRHAGE W/O CC/MCC"/>
    	<CD code="023" displayName="CRANIO W MAJOR DEV IMPL/ACUTE COMPLEX CNS PDX W MCC OR CHEMO IMPLANT"/>
    	<CD code="024" displayName="CRANIO W MAJOR DEV IMPL/ACUTE COMPLEX CNS PDX W/O MCC"/>
    	<CD code="025" displayName="CRANIOTOMY + ENDOVASCULAR INTRACRANIAL PROCEDURES W MCC"/>
    	<CD code="026" displayName="CRANIOTOMY + ENDOVASCULAR INTRACRANIAL PROCEDURES W CC"/>
    	<CD code="027" displayName="CRANIOTOMY + ENDOVASCULAR INTRACRANIAL PROCEDURES W/O CC/MCC"/>
    	<CD code="028" displayName="SPINAL PROCEDURES W MCC"/>
    	<CD code="029" displayName="SPINAL PROCEDURES W CC OR SPINAL NEUROSTIMULATORS"/>
    	<CD code="030" displayName="SPINAL PROCEDURES W/O CC/MCC"/>
    	<CD code="031" displayName="VENTRICULAR SHUNT PROCEDURES W MCC"/>
    	<CD code="032" displayName="VENTRICULAR SHUNT PROCEDURES W CC"/>
    	<CD code="033" displayName="VENTRICULAR SHUNT PROCEDURES W/O CC/MCC"/>
    	<CD code="034" displayName="CAROTID ARTERY STENT PROCEDURE W MCC"/>
    	<CD code="035" displayName="CAROTID ARTERY STENT PROCEDURE W CC"/>
    	<CD code="036" displayName="CAROTID ARTERY STENT PROCEDURE W/O CC/MCC"/>
    	<CD code="037" displayName="EXTRACRANIAL PROCEDURES W MCC"/>
    	<CD code="038" displayName="EXTRACRANIAL PROCEDURES W CC"/>
    	<CD code="039" displayName="EXTRACRANIAL PROCEDURES W/O CC/MCC"/>
    	<CD code="040" displayName="PERIPH/CRANIAL NERVE + OTHER NERV SYST PROC W MCC"/>
    	<CD code="041" displayName="PERIPH/CRANIAL NERVE + OTHER NERV SYST PROC W CC OR PERIPH NEUROSTIM"/>
    	<CD code="042" displayName="PERIPH/CRANIAL NERVE + OTHER NERV SYST PROC W/O CC/MCC"/>
    	<CD code="113" displayName="ORBITAL PROCEDURES W CC/MCC"/>
    	<CD code="114" displayName="ORBITAL PROCEDURES W/O CC/MCC"/>
    	<CD code="115" displayName="EXTRAOCULAR PROCEDURES EXCEPT ORBIT"/>
    	<CD code="116" displayName="INTRAOCULAR PROCEDURES W CC/MCC"/>
    	<CD code="117" displayName="INTRAOCULAR PROCEDURES W/O CC/MCC"/>
    	<CD code="129" displayName="MAJOR HEAD + NECK PROCEDURES W CC/MCC OR MAJOR DEVICE"/>
    	<CD code="130" displayName="MAJOR HEAD + NECK PROCEDURES W/O CC/MCC"/>
    	<CD code="131" displayName="CRANIAL/FACIAL PROCEDURES W CC/MCC"/>
    	<CD code="132" displayName="CRANIAL/FACIAL PROCEDURES W/O CC/MCC"/>
    	<CD code="133" displayName="OTHER EAR, NOSE, MOUTH + THROAT O.R. PROCEDURES W CC/MCC"/>
    	<CD code="134" displayName="OTHER EAR, NOSE, MOUTH + THROAT O.R. PROCEDURES W/O CC/MCC"/>
    	<CD code="135" displayName="SINUS + MASTOID PROCEDURES W CC/MCC"/>
    	<CD code="136" displayName="SINUS + MASTOID PROCEDURES W/O CC/MCC"/>
    	<CD code="137" displayName="MOUTH PROCEDURES W CC/MCC"/>
    	<CD code="138" displayName="MOUTH PROCEDURES W/O CC/MCC"/>
    	<CD code="139" displayName="SALIVARY GLAND PROCEDURES"/>
    	<CD code="163" displayName="MAJOR CHEST PROCEDURES W MCC"/>
    	<CD code="164" displayName="MAJOR CHEST PROCEDURES W CC"/>
    	<CD code="165" displayName="MAJOR CHEST PROCEDURES W/O CC/MCC"/>
    	<CD code="166" displayName="OTHER RESP SYSTEM O.R. PROCEDURES W MCC"/>
    	<CD code="167" displayName="OTHER RESP SYSTEM O.R. PROCEDURES W CC"/>
    	<CD code="168" displayName="OTHER RESP SYSTEM O.R. PROCEDURES W/O CC/MCC"/>	
    	<CD code="215" displayName="OTHER HEART ASSIST SYSTEM IMPLANT"/>
    	<CD code="216" displayName="CARDIAC VALVE + OTH MAJ CARDIOTHORACIC PROC W CARD CATH W MCC"/>
    	<CD code="217" displayName="CARDIAC VALVE + OTH MAJ CARDIOTHORACIC PROC W CARD CATH W CC"/>
    	<CD code="218" displayName="CARDIAC VALVE + OTH MAJ CARDIOTHORACIC PROC W CARD CATH W/O CC/MCC"/>
    	<CD code="219" displayName="CARDIAC VALVE + OTH MAJ CARDIOTHORACIC PROC W/O CARD CATH W MCC"/>
    	<CD code="220" displayName="CARDIAC VALVE + OTH MAJ CARDIOTHORACIC PROC W/O CARD CATH W CC"/>
    	<CD code="221" displayName="CARDIAC VALVE + OTH MAJ CARDIOTHORACIC PROC W/O CARD CATH W/O CC/MCC"/>
    	<CD code="222" displayName="CARDIAC DEFIB IMPLANT W CARDIAC CATH W AMI/HF/SHOCK W MCC"/>
    	<CD code="223" displayName="CARDIAC DEFIB IMPLANT W CARDIAC CATH W AMI/HF/SHOCK W/O MCC"/>
    	<CD code="224" displayName="CARDIAC DEFIB IMPLANT W CARDIAC CATH W/O AMI/HF/SHOCK W MCC"/>
    	<CD code="225" displayName="CARDIAC DEFIB IMPLANT W CARDIAC CATH W/O AMI/HF/SHOCK W/O MCC"/>
    	<CD code="226" displayName="CARDIAC DEFIBRILLATOR IMPLANT W/O CARDIAC CATH W MCC"/>
    	<CD code="227" displayName="CARDIAC DEFIBRILLATOR IMPLANT W/O CARDIAC CATH W/O MCC"/>
    	<CD code="228" displayName="OTHER CARDIOTHORACIC PROCEDURES W MCC"/>
    	<CD code="229" displayName="OTHER CARDIOTHORACIC PROCEDURES W CC"/>
    	<CD code="230" displayName="OTHER CARDIOTHORACIC PROCEDURES W/O CC/MCC"/>
    	<CD code="231" displayName="CORONARY BYPASS W PTCA W MCC"/>
    	<CD code="232" displayName="CORONARY BYPASS W PTCA W/O MCC"/>
    	<CD code="233" displayName="CORONARY BYPASS W CARDIAC CATH W MCC"/>
    	<CD code="234" displayName="CORONARY BYPASS W CARDIAC CATH W/O MCC"/>
    	<CD code="235" displayName="CORONARY BYPASS W/O CARDIAC CATH W MCC"/>
    	<CD code="236" displayName="CORONARY BYPASS W/O CARDIAC CATH W/O MCC"/>
    	<CD code="237" displayName="MAJOR CARDIOVASC PROCEDURES W MCC OR THORACIC AORTIC ANEURYSM REPAIR"/>
    	<CD code="238" displayName="MAJOR CARDIOVASC PROCEDURES W/O MCC"/>
    	<CD code="239" displayName="AMPUTATION FOR CIRC SYS DISORDERS EXC UPPER LIMB + TOE W MCC"/>
    	<CD code="240" displayName="AMPUTATION FOR CIRC SYS DISORDERS EXC UPPER LIMB + TOE W CC"/>   	
    	<CD code="241" displayName="AMPUTATION FOR CIRC SYS DISORDERS EXC UPPER LIMB + TOE W/O CC/MCC"/>
    	<CD code="242" displayName="PERMANENT CARDIAC PACEMAKER IMPLANT W MCC"/>
    	<CD code="243" displayName="PERMANENT CARDIAC PACEMAKER IMPLANT W CC"/>
    	<CD code="244" displayName="PERMANENT CARDIAC PACEMAKER IMPLANT W/O CC/MCC"/>
    	<CD code="245" displayName="AICD GENERATOR PROCEDURES"/>
    	<CD code="246" displayName="PERC CARDIOVASC PROC W DRUG-ELUTING STENT W MCC OR 4+ VESSELS/STENTS"/>
    	<CD code="247" displayName="PERC CARDIOVASC PROC W DRUG-ELUTING STENT W/O MCC"/>
    	<CD code="248" displayName="PERC CARDIOVASC PROC W NON-DRUG-ELUTING STENT W MCC OR 4+ VES/STENTS"/>
    	<CD code="249" displayName="PERC CARDIOVASC PROC W NON-DRUG-ELUTING STENT W/O MCC"/>
    	<CD code="250" displayName="PERC CARDIOVASC PROC W/O CORONARY ARTERY STENT W MCC"/>
    	<CD code="251" displayName="PERC CARDIOVASC PROC W/O CORONARY ARTERY STENT W/O MCC"/>
    	<CD code="252" displayName="OTHER VASCULAR PROCEDURES W MCC"/>
    	<CD code="253" displayName="OTHER VASCULAR PROCEDURES W CC"/>
    	<CD code="254" displayName="OTHER VASCULAR PROCEDURES W/O CC/MCC"/>
    	<CD code="255" displayName="UPPER LIMB + TOE AMPUTATION FOR CIRC SYSTEM DISORDERS W MCC"/>
    	<CD code="256" displayName="UPPER LIMB + TOE AMPUTATION FOR CIRC SYSTEM DISORDERS W CC"/>
    	<CD code="257" displayName="UPPER LIMB + TOE AMPUTATION FOR CIRC SYSTEM DISORDERS W/O CC/MCC"/>
    	<CD code="258" displayName="CARDIAC PACEMAKER DEVICE REPLACEMENT W MCC"/>
    	<CD code="259" displayName="CARDIAC PACEMAKER DEVICE REPLACEMENT W/O MCC"/>
    	<CD code="260" displayName="CARDIAC PACEMAKER REVISION EXCEPT DEVICE REPLACEMENT W MCC"/>
    	<CD code="261" displayName="CARDIAC PACEMAKER REVISION EXCEPT DEVICE REPLACEMENT W CC"/>
    	<CD code="262" displayName="CARDIAC PACEMAKER REVISION EXCEPT DEVICE REPLACEMENT W/O CC/MCC"/>
    	<CD code="263" displayName="VEIN LIGATION + STRIPPING"/>
    	<CD code="264" displayName="OTHER CIRCULATORY SYSTEM O.R. PROCEDURES"/>
    	<CD code="265" displayName="AICD LEAD PROCEDURES"/>
    	<CD code="326" displayName="STOMACH, ESOPHAGEAL + DUODENAL PROC W MCC"/>
    	<CD code="327" displayName="STOMACH, ESOPHAGEAL + DUODENAL PROC W CC"/>
    	<CD code="328" displayName="STOMACH, ESOPHAGEAL + DUODENAL PROC W/O CC/MCC"/>
    	<CD code="329" displayName="MAJOR SMALL + LARGE BOWEL PROCEDURES W MCC"/>   	
    	<CD code="330" displayName="MAJOR SMALL + LARGE BOWEL PROCEDURES W CC"/>
    	<CD code="331" displayName="MAJOR SMALL + LARGE BOWEL PROCEDURES W/O CC/MCC"/>
    	<CD code="332" displayName="RECTAL RESECTION W MCC"/>
    	<CD code="333" displayName="RECTAL RESECTION W CC"/>
    	<CD code="334" displayName="RECTAL RESECTION W/O CC/MCC"/>
    	<CD code="335" displayName="PERITONEAL ADHESIOLYSIS W MCC"/>
    	<CD code="336" displayName="PERITONEAL ADHESIOLYSIS W CC"/>
    	<CD code="337" displayName="PERITONEAL ADHESIOLYSIS W/O CC/MCC"/>
    	<CD code="338" displayName="APPENDECTOMY W COMPLICATED PRINCIPAL DIAG W MCC"/>
    	<CD code="339" displayName="APPENDECTOMY W COMPLICATED PRINCIPAL DIAG W CC"/>
    	<CD code="340" displayName="APPENDECTOMY W COMPLICATED PRINCIPAL DIAG W/O CC/MCC"/>
    	<CD code="341" displayName="APPENDECTOMY W/O COMPLICATED PRINCIPAL DIAG W MCC"/>
    	<CD code="342" displayName="APPENDECTOMY W/O COMPLICATED PRINCIPAL DIAG W CC"/>
    	<CD code="343" displayName="APPENDECTOMY W/O COMPLICATED PRINCIPAL DIAG W/O CC/MCC"/>
    	<CD code="344" displayName="MINOR SMALL + LARGE BOWEL PROCEDURES W MCC"/>
    	<CD code="345" displayName="MINOR SMALL + LARGE BOWEL PROCEDURES W CC"/>
    	<CD code="346" displayName="MINOR SMALL + LARGE BOWEL PROCEDURES W/O CC/MCC"/>
    	<CD code="347" displayName="ANAL + STOMAL PROCEDURES W MCC"/>
    	<CD code="348" displayName="ANAL + STOMAL PROCEDURES W CC"/>
    	<CD code="349" displayName="ANAL + STOMAL PROCEDURES W/O CC/MCC"/>
    	<CD code="350" displayName="INGUINAL + FEMORAL HERNIA PROCEDURES W MCC"/>
    	<CD code="351" displayName="INGUINAL + FEMORAL HERNIA PROCEDURES W CC"/>
    	<CD code="352" displayName="INGUINAL + FEMORAL HERNIA PROCEDURES W/O CC/MCC"/>
    	<CD code="353" displayName="HERNIA PROCEDURES EXCEPT INGUINAL + FEMORAL W MCC"/>
    	<CD code="354" displayName="HERNIA PROCEDURES EXCEPT INGUINAL + FEMORAL W CC"/>
    	<CD code="355" displayName="HERNIA PROCEDURES EXCEPT INGUINAL + FEMORAL W/O CC/MCC"/>
    	<CD code="356" displayName="OTHER DIGESTIVE SYSTEM O.R. PROCEDURES W MCC"/>
    	<CD code="357" displayName="OTHER DIGESTIVE SYSTEM O.R. PROCEDURES W CC"/>
    	<CD code="358" displayName="OTHER DIGESTIVE SYSTEM O.R. PROCEDURES W/O CC/MCC"/>
    	<CD code="405" displayName="PANCREAS, LIVER + SHUNT PROCEDURES W MCC"/>
    	<CD code="406" displayName="PANCREAS, LIVER + SHUNT PROCEDURES W CC"/>
    	<CD code="407" displayName="PANCREAS, LIVER + SHUNT PROCEDURES W/O CC/MCC"/>
    	<CD code="408" displayName="BILIARY TRACT PROC EXCEPT ONLY CHOLECYST W OR W/O C.D.E. W MCC"/>
    	<CD code="409" displayName="BILIARY TRACT PROC EXCEPT ONLY CHOLECYST W OR W/O C.D.E. W CC"/>    	
    	<CD code="410" displayName="BILIARY TRACT PROC EXCEPT ONLY CHOLECYST W OR W/O C.D.E. W/O CC/MCC"/>
    	<CD code="411" displayName="CHOLECYSTECTOMY W C.D.E. W MCC"/>
    	<CD code="412" displayName="CHOLECYSTECTOMY W C.D.E. W CC"/>
    	<CD code="413" displayName="CHOLECYSTECTOMY W C.D.E. W/O CC/MCC"/>
    	<CD code="414" displayName="CHOLECYSTECTOMY EXCEPT BY LAPAROSCOPE W/O C.D.E. W MCC"/>
    	<CD code="415" displayName="CHOLECYSTECTOMY EXCEPT BY LAPAROSCOPE W/O C.D.E. W CC"/>
    	<CD code="416" displayName="CHOLECYSTECTOMY EXCEPT BY LAPAROSCOPE W/O C.D.E. W/O CC/MCC"/>
    	<CD code="417" displayName="LAPAROSCOPIC CHOLECYSTECTOMY W/O C.D.E. W MCC"/>
    	<CD code="418" displayName="LAPAROSCOPIC CHOLECYSTECTOMY W/O C.D.E. W CC"/>
    	<CD code="419" displayName="LAPAROSCOPIC CHOLECYSTECTOMY W/O C.D.E. W/O CC/MCC"/>
    	<CD code="420" displayName="HEPATOBILIARY DIAGNOSTIC PROCEDURES W MCC"/>
    	<CD code="421" displayName="HEPATOBILIARY DIAGNOSTIC PROCEDURES W CC"/>
    	<CD code="422" displayName="HEPATOBILIARY DIAGNOSTIC PROCEDURES W/O CC/MCC"/>
    	<CD code="423" displayName="OTHER HEPATOBILIARY OR PANCREAS O.R. PROCEDURES W MCC"/>
    	<CD code="424" displayName="OTHER HEPATOBILIARY OR PANCREAS O.R. PROCEDURES W CC"/>
    	<CD code="425" displayName="OTHER HEPATOBILIARY OR PANCREAS O.R. PROCEDURES W/O CC/MCC"/>
    	<CD code="453" displayName="COMBINED ANTERIOR/POSTERIOR SPINAL FUSION W MCC"/>
    	<CD code="454" displayName="COMBINED ANTERIOR/POSTERIOR SPINAL FUSION W CC"/>
    	<CD code="455" displayName="COMBINED ANTERIOR/POSTERIOR SPINAL FUSION W/O CC/MCC"/>
    	<CD code="456" displayName="SPINAL FUS EXC CERV W SPINAL CURV/MALIG/INFEC OR 9+ FUS W MCC"/>
    	<CD code="457" displayName="SPINAL FUS EXC CERV W SPINAL CURV/MALIG/INFEC OR 9+ FUS W CC"/>
    	<CD code="458" displayName="SPINAL FUS EXC CERV W SPINAL CURV/MALIG/INFEC OR 9+ FUS W/O CC/MCC"/>
    	<CD code="459" displayName="SPINAL FUSION EXCEPT CERVICAL W MCC"/>
    	<CD code="460" displayName="SPINAL FUSION EXCEPT CERVICAL W/O MCC"/>
    	<CD code="461" displayName="BILATERAL OR MULTIPLE MAJOR JOINT PROCS OF LOWER EXTREMITY W MCC"/>
    	<CD code="462" displayName="BILATERAL OR MULTIPLE MAJOR JOINT PROCS OF LOWER EXTREMITY W/O MCC"/>
    	<CD code="463" displayName="WND DEBRID + SKN GRFT EXC HAND, FOR MUSCULO-CONN TISS DIS W MCC"/>
    	<CD code="464" displayName="WND DEBRID + SKN GRFT EXC HAND, FOR MUSCULO-CONN TISS DIS W CC"/>   	
    	<CD code="465" displayName="WND DEBRID + SKN GRFT EXC HAND, FOR MUSCULO-CONN TISS DIS W/O CC/MCC"/>
    	<CD code="466" displayName="REVISION OF HIP OR KNEE REPLACEMENT W MCC"/>
    	<CD code="467" displayName="REVISION OF HIP OR KNEE REPLACEMENT W CC"/>
    	<CD code="468" displayName="REVISION OF HIP OR KNEE REPLACEMENT W/O CC/MCC"/>
    	<CD code="469" displayName="MAJOR JOINT REPLACEMENT OR REATTACHMENT OF LOWER EXTREMITY W MCC"/>
    	<CD code="470" displayName="MAJOR JOINT REPLACEMENT OR REATTACHMENT OF LOWER EXTREMITY W/O MCC"/>
    	<CD code="471" displayName="CERVICAL SPINAL FUSION W MCC"/>
    	<CD code="472" displayName="CERVICAL SPINAL FUSION W CC"/>
    	<CD code="473" displayName="CERVICAL SPINAL FUSION W/O CC/MCC"/>
    	<CD code="474" displayName="AMPUTATION FOR MUSCULOSKELETAL SYS + CONN TISSUE DIS W MCC"/>
    	<CD code="475" displayName="AMPUTATION FOR MUSCULOSKELETAL SYS + CONN TISSUE DIS W CC"/>
    	<CD code="476" displayName="AMPUTATION FOR MUSCULOSKELETAL SYS + CONN TISSUE DIS W/O CC/MCC"/>
    	<CD code="477" displayName="BIOPSIES OF MUSCULOSKELETAL SYSTEM + CONNECTIVE TISSUE W MCC"/>
    	<CD code="478" displayName="BIOPSIES OF MUSCULOSKELETAL SYSTEM + CONNECTIVE TISSUE W CC"/>
    	<CD code="479" displayName="BIOPSIES OF MUSCULOSKELETAL SYSTEM + CONNECTIVE TISSUE W/O CC/MCC"/>
    	<CD code="480" displayName="HIP + FEMUR PROCEDURES EXCEPT MAJOR JOINT W MCC"/>
    	<CD code="481" displayName="HIP + FEMUR PROCEDURES EXCEPT MAJOR JOINT W CC"/>
    	<CD code="482" displayName="HIP + FEMUR PROCEDURES EXCEPT MAJOR JOINT W/O CC/MCC"/>
    	<CD code="483" displayName="MAJOR JOINT + LIMB REATTACHMENT PROC OF UPPER EXTREMITY W CC/MCC"/>
    	<CD code="484" displayName="MAJOR JOINT + LIMB REATTACHMENT PROC OF UPPER EXTREMITY W/O CC/MCC"/>
    	<CD code="485" displayName="KNEE PROCEDURES W PDX OF INFECTION W MCC"/>
    	<CD code="486" displayName="KNEE PROCEDURES W PDX OF INFECTION W CC"/>
    	<CD code="487" displayName="KNEE PROCEDURES W PDX OF INFECTION W/O CC/MCC"/>
    	<CD code="488" displayName="KNEE PROCEDURES W/O PDX OF INFECTION W CC/MCC"/>
    	<CD code="489" displayName="KNEE PROCEDURES W/O PDX OF INFECTION W/O CC/MCC"/>
    	<CD code="490" displayName="BACK + NECK PROC EXC SPINAL FUSION W CC/MCC OR DISC DEVICE/NEUROSTIM"/>  	
    	<CD code="491" displayName="BACK + NECK PROC EXC SPINAL FUSION W/O CC/MCC"/>
    	<CD code="492" displayName="LOWER EXTREM + HUMER PROC EXCEPT HIP,FOOT,FEMUR W MCC"/>
    	<CD code="493" displayName="LOWER EXTREM + HUMER PROC EXCEPT HIP,FOOT,FEMUR W CC"/>
    	<CD code="494" displayName="LOWER EXTREM + HUMER PROC EXCEPT HIP,FOOT,FEMUR W/O CC/MCC"/>
    	<CD code="495" displayName="LOCAL EXCISION + REMOVAL INT FIX DEVICES EXC HIP + FEMUR W MCC"/>
    	<CD code="496" displayName="LOCAL EXCISION + REMOVAL INT FIX DEVICES EXC HIP + FEMUR W CC"/>
    	<CD code="497" displayName="LOCAL EXCISION + REMOVAL INT FIX DEVICES EXC HIP + FEMUR W/O CC/MCC"/>
    	<CD code="498" displayName="LOCAL EXCISION + REMOVAL INT FIX DEVICES OF HIP + FEMUR W CC/MCC"/>
    	<CD code="499" displayName="LOCAL EXCISION + REMOVAL INT FIX DEVICES OF HIP + FEMUR W/O CC/MCC"/>
    	<CD code="500" displayName="SOFT TISSUE PROCEDURES W MCC"/>
    	<CD code="501" displayName="SOFT TISSUE PROCEDURES W CC"/>
    	<CD code="502" displayName="SOFT TISSUE PROCEDURES W/O CC/MCC"/>
    	<CD code="503" displayName="FOOT PROCEDURES W MCC"/>
    	<CD code="504" displayName="FOOT PROCEDURES W CC"/>
    	<CD code="505" displayName="FOOT PROCEDURES W/O CC/MCC"/>
    	<CD code="506" displayName="MAJOR THUMB OR JOINT PROCEDURES"/>
    	<CD code="507" displayName="MAJOR SHOULDER OR ELBOW JOINT PROCEDURES W CC/MCC"/>
    	<CD code="508" displayName="MAJOR SHOULDER OR ELBOW JOINT PROCEDURES W/O CC/MCC"/>
    	<CD code="509" displayName="ARTHROSCOPY"/>
    	<CD code="510" displayName="SHOULDER,ELBOW OR FOREARM PROC,EXC MAJOR JOINT PROC W MCC"/>
    	<CD code="511" displayName="SHOULDER,ELBOW OR FOREARM PROC,EXC MAJOR JOINT PROC W CC"/>
    	<CD code="512" displayName="SHOULDER,ELBOW OR FOREARM PROC,EXC MAJOR JOINT PROC W/O CC/MCC"/>
    	<CD code="513" displayName="HAND OR WRIST PROC, EXCEPT MAJOR THUMB OR JOINT PROC W CC/MCC"/>
    	<CD code="514" displayName="HAND OR WRIST PROC, EXCEPT MAJOR THUMB OR JOINT PROC W/O CC/MCC"/>
    	<CD code="515" displayName="OTHER MUSCULOSKELET SYS + CONN TISS O.R. PROC W MCC"/>
    	<CD code="516" displayName="OTHER MUSCULOSKELET SYS + CONN TISS O.R. PROC W CC"/>
    	<CD code="517" displayName="OTHER MUSCULOSKELET SYS + CONN TISS O.R. PROC W/O CC/MCC"/>
    	<CD code="573" displayName="SKIN GRAFT +/OR DEBRID FOR SKN ULCER OR CELLULITIS W MCC"/>
    	<CD code="574" displayName="SKIN GRAFT +/OR DEBRID FOR SKN ULCER OR CELLULITIS W CC"/>
    	<CD code="575" displayName="SKIN GRAFT +/OR DEBRID FOR SKN ULCER OR CELLULITIS W/O CC/MCC"/>
    	<CD code="576" displayName="SKIN GRAFT +/OR DEBRID EXC FOR SKIN ULCER OR CELLULITIS W MCC"/>
    	<CD code="577" displayName="SKIN GRAFT +/OR DEBRID EXC FOR SKIN ULCER OR CELLULITIS W CC"/>
    	<CD code="578" displayName="SKIN GRAFT +/OR DEBRID EXC FOR SKIN ULCER OR CELLULITIS W/O CC/MCC"/>
    	<CD code="579" displayName="OTHER SKIN, SUBCUT TISS + BREAST PROC W MCC"/>
    	<CD code="580" displayName="OTHER SKIN, SUBCUT TISS + BREAST PROC W CC"/>
    	<CD code="581" displayName="OTHER SKIN, SUBCUT TISS + BREAST PROC W/O CC/MCC"/>
    	<CD code="582" displayName="MASTECTOMY FOR MALIGNANCY W CC/MCC"/>
    	<CD code="583" displayName="MASTECTOMY FOR MALIGNANCY W/O CC/MCC"/>
    	<CD code="584" displayName="BREAST BIOPSY, LOCAL EXCISION + OTHER BREAST PROCEDURES W CC/MCC"/>
    	<CD code="585" displayName="BREAST BIOPSY, LOCAL EXCISION + OTHER BREAST PROCEDURES W/O CC/MCC"/>
    	<CD code="614" displayName="ADRENAL + PITUITARY PROCEDURES W CC/MCC"/>
    	<CD code="615" displayName="ADRENAL + PITUITARY PROCEDURES W/O CC/MCC"/>
    	<CD code="616" displayName="AMPUTAT OF LOWER LIMB FOR ENDOCRINE,NUTRIT,+ METABOL DIS W MCC"/>
    	<CD code="617" displayName="AMPUTAT OF LOWER LIMB FOR ENDOCRINE,NUTRIT,+ METABOL DIS W CC"/>
    	<CD code="618" displayName="AMPUTAT OF LOWER LIMB FOR ENDOCRINE,NUTRIT,+ METABOL DIS W/O CC/MCC"/>
    	<CD code="619" displayName="O.R. PROCEDURES FOR OBESITY W MCC"/>
    	<CD code="620" displayName="O.R. PROCEDURES FOR OBESITY W CC"/>
    	<CD code="621" displayName="O.R. PROCEDURES FOR OBESITY W/O CC/MCC"/>
    	<CD code="622" displayName="SKIN GRAFTS + WOUND DEBRID FOR ENDOC, NUTRIT + METAB DIS W MCC"/>
    	<CD code="623" displayName="SKIN GRAFTS + WOUND DEBRID FOR ENDOC, NUTRIT + METAB DIS W CC"/>
    	<CD code="624" displayName="SKIN GRAFTS + WOUND DEBRID FOR ENDOC, NUTRIT + METAB DIS W/O CC/MCC"/>
    	<CD code="625" displayName="THYROID, PARATHYROID + THYROGLOSSAL PROCEDURES W MCC"/>
    	<CD code="626" displayName="THYROID, PARATHYROID + THYROGLOSSAL PROCEDURES W CC"/>
    	<CD code="627" displayName="THYROID, PARATHYROID + THYROGLOSSAL PROCEDURES W/O CC/MCC"/>
    	<CD code="628" displayName="OTHER ENDOCRINE, NUTRIT + METAB O.R. PROC W MCC"/>
    	<CD code="629" displayName="OTHER ENDOCRINE, NUTRIT + METAB O.R. PROC W CC"/>  	
    	<CD code="630" displayName="OTHER ENDOCRINE, NUTRIT + METAB O.R. PROC W/O CC/MCC"/>
    	<CD code="652" displayName="KIDNEY TRANSPLANT"/>
    	<CD code="653" displayName="MAJOR BLADDER PROCEDURES W MCC"/>
    	<CD code="654" displayName="MAJOR BLADDER PROCEDURES W CC"/>
    	<CD code="655" displayName="MAJOR BLADDER PROCEDURES W/O CC/MCC"/>
    	<CD code="656" displayName="KIDNEY + URETER PROCEDURES FOR NEOPLASM W MCC"/>
    	<CD code="657" displayName="KIDNEY + URETER PROCEDURES FOR NEOPLASM W CC"/>
    	<CD code="658" displayName="KIDNEY + URETER PROCEDURES FOR NEOPLASM W/O CC/MCC"/>
    	<CD code="659" displayName="KIDNEY + URETER PROCEDURES FOR NON-NEOPLASM W MCC"/>
    	<CD code="660" displayName="KIDNEY + URETER PROCEDURES FOR NON-NEOPLASM W CC"/>
    	<CD code="661" displayName="KIDNEY + URETER PROCEDURES FOR NON-NEOPLASM W/O CC/MCC"/>
    	<CD code="662" displayName="MINOR BLADDER PROCEDURES W MCC"/>
    	<CD code="663" displayName="MINOR BLADDER PROCEDURES W CC"/>
    	<CD code="664" displayName="MINOR BLADDER PROCEDURES W/O CC/MCC"/>
    	<CD code="665" displayName="PROSTATECTOMY W MCC"/>
    	<CD code="666" displayName="PROSTATECTOMY W CC"/>
    	<CD code="667" displayName="PROSTATECTOMY W/O CC/MCC"/>
    	<CD code="668" displayName="TRANSURETHRAL PROCEDURES W MCC"/>
    	<CD code="669" displayName="TRANSURETHRAL PROCEDURES W CC"/>
    	<CD code="670" displayName="TRANSURETHRAL PROCEDURES W/O CC/MCC"/>
    	<CD code="671" displayName="URETHRAL PROCEDURES W CC/MCC"/>
    	<CD code="672" displayName="URETHRAL PROCEDURES W/O CC/MCC"/>
    	<CD code="673" displayName="OTHER KIDNEY + URINARY TRACT PROCEDURES W MCC"/>
    	<CD code="674" displayName="OTHER KIDNEY + URINARY TRACT PROCEDURES W CC"/>
    	<CD code="675" displayName="OTHER KIDNEY + URINARY TRACT PROCEDURES W/O CC/MCC"/>
    	<CD code="707" displayName="MAJOR MALE PELVIC PROCEDURES W CC/MCC"/>
    	<CD code="708" displayName="MAJOR MALE PELVIC PROCEDURES W/O CC/MCC"/>
    	<CD code="709" displayName="PENIS PROCEDURES W CC/MCC"/>
    	<CD code="710" displayName="PENIS PROCEDURES W/O CC/MCC"/>
    	<CD code="711" displayName="TESTES PROCEDURES W CC/MCC"/>
    	<CD code="712" displayName="TESTES PROCEDURES W/O CC/MCC"/>
    	<CD code="713" displayName="TRANSURETHRAL PROSTATECTOMY W CC/MCC"/>
    	<CD code="714" displayName="TRANSURETHRAL PROSTATECTOMY W/O CC/MCC"/>
    	<CD code="715" displayName="OTHER MALE REPRODUCTIVE SYSTEM O.R. PROC FOR MALIGNANCY W CC/MCC"/>
    	<CD code="716" displayName="OTHER MALE REPRODUCTIVE SYSTEM O.R. PROC FOR MALIGNANCY W/O CC/MCC"/>		
    	<CD code="717" displayName="OTHER MALE REPRODUCTIVE SYSTEM O.R. PROC EXC MALIGNANCY W CC/MCC"/>
    	<CD code="718" displayName="OTHER MALE REPRODUCTIVE SYSTEM O.R. PROC EXC MALIGNANCY W/O CC/MCC"/>
    	<CD code="734" displayName="PELVIC EVISCERATION, RAD HYSTERECTOMY + RAD VULVECTOMY W CC/MCC"/>
    	<CD code="735" displayName="PELVIC EVISCERATION, RAD HYSTERECTOMY + RAD VULVECTOMY W/O CC/MCC"/>
    	<CD code="736" displayName="UTERINE + ADNEXA PROC FOR OVARIAN OR ADNEXAL MALIGNANCY W MCC"/>
    	<CD code="737" displayName="UTERINE + ADNEXA PROC FOR OVARIAN OR ADNEXAL MALIGNANCY W CC"/>
    	<CD code="738" displayName="UTERINE + ADNEXA PROC FOR OVARIAN OR ADNEXAL MALIGNANCY W/O CC/MCC"/>
    	<CD code="739" displayName="UTERINE,ADNEXA PROC FOR NON-OVARIAN/ADNEXAL MALIG W MCC"/>
    	<CD code="740" displayName="UTERINE,ADNEXA PROC FOR NON-OVARIAN/ADNEXAL MALIG W CC"/>
    	<CD code="741" displayName="UTERINE,ADNEXA PROC FOR NON-OVARIAN/ADNEXAL MALIG W/O CC/MCC"/>
    	<CD code="742" displayName="UTERINE + ADNEXA PROC FOR NON-MALIGNANCY W CC/MCC"/>
    	<CD code="743" displayName="UTERINE + ADNEXA PROC FOR NON-MALIGNANCY W/O CC/MCC"/>
    	<CD code="744" displayName="D+C, CONIZATION, LAPAROSCOPY + TUBAL INTERRUPTION W CC/MCC"/>
    	<CD code="745" displayName="D+C, CONIZATION, LAPAROSCOPY + TUBAL INTERRUPTION W/O CC/MCC"/>
    	<CD code="746" displayName="VAGINA, CERVIX + VULVA PROCEDURES W CC/MCC"/>
    	<CD code="747" displayName="VAGINA, CERVIX + VULVA PROCEDURES W/O CC/MCC"/>
    	<CD code="748" displayName="FEMALE REPRODUCTIVE SYSTEM RECONSTRUCTIVE PROCEDURES"/>
    	<CD code="749" displayName="OTHER FEMALE REPRODUCTIVE SYSTEM O.R. PROCEDURES W CC/MCC"/>
    	<CD code="750" displayName="OTHER FEMALE REPRODUCTIVE SYSTEM O.R. PROCEDURES W/O CC/MCC"/>
    	<CD code="765" displayName="CESAREAN SECTION W CC/MCC"/>
    	<CD code="766" displayName="CESAREAN SECTION W/O CC/MCC"/>
    	<CD code="767" displayName="VAGINAL DELIVERY W STERILIZATION +/OR D+C"/>
    	<CD code="768" displayName="VAGINAL DELIVERY W O.R. PROC EXCEPT STERIL +/OR D+C"/>
    	<CD code="769" displayName="POSTPARTUM + POST ABORTION DIAGNOSES W O.R. PROCEDURE"/>
    	<CD code="770" displayName="ABORTION W D+C, ASPIRATION CURETTAGE OR HYSTEROTOMY"/>
    	<CD code="799" displayName="SPLENECTOMY W MCC"/>
    	<CD code="800" displayName="SPLENECTOMY W CC"/>
    	<CD code="801" displayName="SPLENECTOMY W/O CC/MCC"/>
    	<CD code="802" displayName="OTHER O.R. PROC OF THE BLOOD + BLOOD FORMING ORGANS W MCC"/>
    	<CD code="803" displayName="OTHER O.R. PROC OF THE BLOOD + BLOOD FORMING ORGANS W CC"/>
    	<CD code="804" displayName="OTHER O.R. PROC OF THE BLOOD + BLOOD FORMING ORGANS W/O CC/MCC"/>
    	<CD code="820" displayName="LYMPHOMA + LEUKEMIA W MAJOR O.R. PROCEDURE W MCC"/>
    	<CD code="821" displayName="LYMPHOMA + LEUKEMIA W MAJOR O.R. PROCEDURE W CC"/>
    	<CD code="822" displayName="LYMPHOMA + LEUKEMIA W MAJOR O.R. PROCEDURE W/O CC/MCC"/>
    	<CD code="823" displayName="LYMPHOMA + NON-ACUTE LEUKEMIA W OTHER O.R. PROC W MCC"/>
    	<CD code="824" displayName="LYMPHOMA + NON-ACUTE LEUKEMIA W OTHER O.R. PROC W CC"/>
    	<CD code="825" displayName="LYMPHOMA + NON-ACUTE LEUKEMIA W OTHER O.R. PROC W/O CC/MCC"/>
    	<CD code="826" displayName="MYELOPROLIF DISORD OR POORLY DIFF NEOPL W MAJ O.R. PROC W MCC"/>
    	<CD code="827" displayName="MYELOPROLIF DISORD OR POORLY DIFF NEOPL W MAJ O.R. PROC W CC"/>
    	<CD code="828" displayName="MYELOPROLIF DISORD OR POORLY DIFF NEOPL W MAJ O.R. PROC W/O CC/MCC"/>
    	<CD code="829" displayName="MYELOPROLIF DISORD OR POORLY DIFF NEOPL W OTHER O.R. PROC W CC/MCC"/>
    	<CD code="830" displayName="MYELOPROLIF DISORD OR POORLY DIFF NEOPL W OTHER O.R. PROC W/O CC/MCC"/>
    	<CD code="853" displayName="INFECTIOUS + PARASITIC DISEASES W O.R. PROCEDURE W MCC"/>
    	<CD code="854" displayName="INFECTIOUS + PARASITIC DISEASES W O.R. PROCEDURE W CC"/>
    	<CD code="855" displayName="INFECTIOUS + PARASITIC DISEASES W O.R. PROCEDURE W/O CC/MCC"/>
    	<CD code="856" displayName="POSTOPERATIVE OR POST-TRAUMATIC INFECTIONS W O.R. PROC W MCC"/>
    	<CD code="857" displayName="POSTOPERATIVE OR POST-TRAUMATIC INFECTIONS W O.R. PROC W CC"/>
    	<CD code="858" displayName="POSTOPERATIVE OR POST-TRAUMATIC INFECTIONS W O.R. PROC W/O CC/MCC"/>
    	<CD code="876" displayName="O.R. PROCEDURE W PRINCIPAL DIAGNOSES OF MENTAL ILLNESS"/>
    	<CD code="901" displayName="WOUND DEBRIDEMENTS FOR INJURIES W MCC"/>
    	<CD code="902" displayName="WOUND DEBRIDEMENTS FOR INJURIES W CC"/>
    	<CD code="903" displayName="WOUND DEBRIDEMENTS FOR INJURIES W/O CC/MCC"/>
    	<CD code="904" displayName="SKIN GRAFTS FOR INJURIES W CC/MCC"/>
    	<CD code="905" displayName="SKIN GRAFTS FOR INJURIES W/O CC/MCC"/>
    	<CD code="906" displayName="HAND PROCEDURES FOR INJURIES"/>
    	<CD code="907" displayName="OTHER O.R. PROCEDURES FOR INJURIES W MCC"/>
    	<CD code="908" displayName="OTHER O.R. PROCEDURES FOR INJURIES W CC"/>
    	<CD code="909" displayName="OTHER O.R. PROCEDURES FOR INJURIES W/O CC/MCC"/>
    	<CD code="927" displayName="EXTENSIVE BURNS OR FULL THICKNESS BURNS W MV 96+ HRS W SKIN GRAFT"/>
    	<CD code="928" displayName="FULL THICKNESS BURN W SKIN GRAFT OR INHAL INJ W CC/MCC"/>
    	<CD code="929" displayName="FULL THICKNESS BURN W SKIN GRAFT OR INHAL INJ W/O CC/MCC"/>
    	<CD code="939" displayName="O.R. PROC W DIAGNOSES OF OTHER CONTACT W HEALTH SERVICES W MCC"/>
    	<CD code="940" displayName="O.R. PROC W DIAGNOSES OF OTHER CONTACT W HEALTH SERVICES W CC"/>
    	<CD code="941" displayName="O.R. PROC W DIAGNOSES OF OTHER CONTACT W HEALTH SERVICES W/O CC/MCC"/>
    	<CD code="955" displayName="CRANIOTOMY FOR MULTIPLE SIGNIFICANT TRAUMA"/>
    	<CD code="956" displayName="LIMB REATTACHMENT, HIP + FEMUR PROC FOR MULTIPLE SIGNIFICANT TRAUMA"/>
    	<CD code="957" displayName="OTHER O.R. PROCEDURES FOR MULTIPLE SIGNIFICANT TRAUMA W MCC"/>
    	<CD code="958" displayName="OTHER O.R. PROCEDURES FOR MULTIPLE SIGNIFICANT TRAUMA W CC"/>
    	<CD code="959" displayName="OTHER O.R. PROCEDURES FOR MULTIPLE SIGNIFICANT TRAUMA W/O CC/MCC"/>
    	<CD code="969" displayName="HIV W EXTENSIVE O.R. PROCEDURE W MCC"/>
    	<CD code="970" displayName="HIV W EXTENSIVE O.R. PROCEDURE W/O MCC"/>
    	<CD code="981" displayName="EXTENSIVE O.R. PROCEDURE UNRELATED TO PRINCIPAL DIAGNOSIS W MCC"/>
    	<CD code="982" displayName="EXTENSIVE O.R. PROCEDURE UNRELATED TO PRINCIPAL DIAGNOSIS W CC"/>
    	<CD code="983" displayName="EXTENSIVE O.R. PROCEDURE UNRELATED TO PRINCIPAL DIAGNOSIS W/O CC/MCC"/>
    	<CD code="984" displayName="PROSTATIC O.R. PROCEDURE UNRELATED TO PRINCIPAL DIAGNOSIS W MCC"/>
    	<CD code="985" displayName="PROSTATIC O.R. PROCEDURE UNRELATED TO PRINCIPAL DIAGNOSIS W CC"/>
    	<CD code="986" displayName="PROSTATIC O.R. PROCEDURE UNRELATED TO PRINCIPAL DIAGNOSIS W/O CC/MCC"/>
    	<CD code="987" displayName="NON-EXTENSIVE O.R. PROC UNRELATED TO PRINCIPAL DIAGNOSIS W MCC"/>
    	<CD code="988" displayName="NON-EXTENSIVE O.R. PROC UNRELATED TO PRINCIPAL DIAGNOSIS W CC"/>
    	<CD code="989" displayName="NON-EXTENSIVE O.R. PROC UNRELATED TO PRINCIPAL DIAGNOSIS W/O CC/MCC"/>

   	</membersForCodeSystem>
</OpenCdsConceptMappingSpecificationFile>
