<?xml version="1.0" encoding="UTF-8"?>
<OpenCdsConceptMappingSpecificationFile>
	<specificationNotes>Created manually from AHRQ PSI specifications.</specificationNotes>
    <openCdsConcept code="C351" displayName="Vaginal Delivery DRG"/>
    <conceptDeterminationMethod code="C267" displayName="AHRQ"/>
    <membersForCodeSystem codeSystem="2.16.840.1.113883.12.416" codeSystemName="DRG">
    	<CD code="372" displayName="VAGINAL DELIVERY W/ COMPLICATING DIAGNOSES"/>
    	<CD code="373" displayName="VAGINAL DELIVERY W/O COMPLICATING DIAGNOSES"/>
    	<CD code="374" displayName="VAGINAL DELIVERY W/ STERILIZATION AND/OR D AND C"/>
    	<CD code="375" displayName="VAGINAL DELIVERY W/ OR PROCEDURE EXCEPT STERILIZATION AND/OR D AND C"/>
   	</membersForCodeSystem>
</OpenCdsConceptMappingSpecificationFile>
