<?xml version="1.0" encoding="UTF-8"?>
<OpenCdsConceptMappingSpecificationFile>
	<specificationNotes>Created manually from AHRQ PSI specifications.</specificationNotes>
    <openCdsConcept code="C367" displayName="Tracheostomy"/>
    <conceptDeterminationMethod code="C267" displayName="AHRQ"/>
    <membersForCodeSystem codeSystem="2.16.840.1.113883.6.104" codeSystemName="ICD9CM procedures">
    	<CD code="31.21" displayName="MEDIASTINAL TRACHEOSTOMY"/>
    	<CD code="31.29" displayName="OTHER PERM TRACHEOSTOMY"/>
    	<CD code="31.74" displayName="REVISION OF TRACHEOSTOMY"/>
   	</membersForCodeSystem>
</OpenCdsConceptMappingSpecificationFile>
