<?xml version="1.0" encoding="UTF-8"?>
<OpenCdsConceptMappingSpecificationFile>
	<specificationNotes>Created manually from AHRQ PSI specifications.</specificationNotes>
    <openCdsConcept code="C359" displayName="Cardiac Procedure"/>
    <conceptDeterminationMethod code="C267" displayName="AHRQ v4.3"/>
    <membersForCodeSystem codeSystem="2.16.840.1.113883.6.104" codeSystemName="ICD9CM procedures">
    	<CD code="35.10" displayName="OPEN HEART VALVULOPLASTY WITHOUT REPLACEMENT, UNSPECIFIED VALVE"/>
    	<CD code="35.11" displayName="OPEN HEART VALVULOPLASTY OF AORTIC VALVE WITHOUT REPLACEMENT"/>
    	<CD code="35.12" displayName="OPEN HEART VALVULOPLASTY OF MITRAL VALVE WITHOUT REPLACEMENT"/>
    	<CD code="35.13" displayName="OPEN HEART VALVULOPLASTY OF PULMONARY VALVE WITHOUT REPLACEMENT"/>
    	<CD code="35.14" displayName="OPEN HEART VALVULOPLASTY OF TRICUSPID VALVE WITHOUT REPLACEMENT"/>
    	<CD code="35.20" displayName="REPLACEMENT OF UNSPECIFIED HEART VALVE"/>
    	<CD code="35.21" displayName="REPLACEMENT OF AORTIC VALVE WITH TISSUE GRAFT"/>
    	<CD code="35.22" displayName="OTHER REPLACEMENT OF AORTIC VALVE"/>
    	<CD code="35.23" displayName="REPLACEMENT OF MITRAL VALVE WITH TISSUE GRAFT"/>
    	<CD code="35.24" displayName="OTHER REPLACEMENT OF MITRAL VALVE"/>
    	<CD code="35.25" displayName="REPLACEMENT OF PULMONARY VALVE WITH TISSUE GRAFT"/>
    	<CD code="35.26" displayName="OTHER REPLACEMENT OF PULMONARY VALVE"/>
    	<CD code="35.27" displayName="REPLACEMENT OF TRICUSPID VALVE WITH TISSUE GRAFT"/>
    	<CD code="35.28" displayName="OTHER REPLACEMENT OF TRICUSPID VALVE"/>
    	<CD code="35.31" displayName="OPERATIONS ON PAPILLARY MUSCLE"/>
    	<CD code="35.32" displayName="OPERATIONS ON CHORDAE TENDINEAE"/>
    	<CD code="35.33" displayName="ANNULOPLASTY"/>
    	<CD code="35.34" displayName="INFUNDIBULECTOMY"/>
    	<CD code="35.35" displayName="OPERATIONS ON TRABECULAE CARNEAE CORDIS"/>
    	<CD code="35.39" displayName="OPERATIONS ON OTHER STRUCTURES ADJACENT TO VALVES OF HEART"/>
    	<CD code="35.50" displayName="REPAIR OF UNSPECIFIED SEPTAL DEFECT OF HEART WITH PROSTHESIS"/>
    	<CD code="35.51" displayName="REPAIR OF ATRIAL SEPTAL DEFECT WITH PROSTHESIS, OPEN TECHNIQUE"/>
    	<CD code="35.53" displayName="REPAIR OF VENTRICULAR SEPTAL DEFECT WITH PROSTHESIS, OPEN TECHNIQUE"/>
    	<CD code="35.54" displayName="REPAIR OF ENDOCARDIAL CUSHION DEFECT WITH PROSTHESIS"/>
    	<CD code="35.60" displayName="REPAIR OF UNSPECIFIED SEPTAL DEFECT OF HEART WITH TISSUE GRAFT"/>
    	<CD code="35.61" displayName="REPAIR OF ATRIAL SEPTAL DEFECT WITH TISSUE GRAFT"/>
    	<CD code="35.62" displayName="REPAIR OF VENTRICULAR SEPTAL DEFECT WITH TISSUE GRAFT"/>
    	<CD code="35.63" displayName="REPAIR OF ENDOCARDIAL CUSHION DEFECT WITH TISSUE GRAFT"/>
    	<CD code="35.70" displayName="OTHER AND UNSPECIFIED REPAIR OF UNSPECIFIED SEPTAL DEFECT OF HEART"/>
    	<CD code="35.71" displayName="OTHER AND UNSPECIFIED REPAIR OF ATRIAL SEPTAL DEFECT"/>
    	<CD code="35.72" displayName="OTHER AND UNSPECIFIED REPAIR OF VENTRICULAR SEPTAL DEFECT"/>
    	<CD code="35.73" displayName="OTHER AND UNSPECIFIED REPAIR OF ENDOCARDIAL CUSHION DEFECT"/>
    	<CD code="35.81" displayName="TOTAL REPAIR OF TETRALOGY OF FALLOT"/>
    	<CD code="35.82" displayName="TOTAL REPAIR OF TOTAL ANOMALOUS PULMONARY VENOUS CONNECTION"/>
    	<CD code="35.83" displayName="TOTAL REPAIR OF TRUNCUS ARTERIOSUS"/>
    	<CD code="35.84" displayName="TOTAL CORRECTION OF TRANSPOSITION OF GREAT VESSELS, NOT ELSEWHERE CLASSIFIED"/>
    	<CD code="35.91" displayName="INTERATRIAL TRANSPOSITION OF VENOUS RETURN"/>
    	<CD code="35.92" displayName="CREATION OF CONDUIT BETWEEN RIGHT VENTRICLE AND PULMONARY ARTERY"/>
    	<CD code="35.93" displayName="CREATION OF CONDUIT BETWEEN LEFT VENTRICLE AND AORTA"/>
    	<CD code="35.94" displayName="CREATION OF CONDUIT BETWEEN ATRIUM AND PULMONARY ARTERY"/>
    	<CD code="35.95" displayName="REVISION OF CORRECTIVE PROCEDURE ON HEART"/>
    	<CD code="35.97" displayName="PERC MTRL VLV REPR W IMP"/>
    	<CD code="35.98" displayName="OTHER OPERATIONS ON SEPTA OF HEART"/>
    	<CD code="35.99" displayName="OTHER OPERATIONS ON VALVES OF HEART"/>
    	<CD code="36.03" displayName="OPEN CHEST CORONARY ARTERY ANGIOPLASTY"/>
    	<CD code="36.10" displayName="AORTOCORONARY BYPASS FOR HEART REVASCULARIZATION, NOT OTHERWISE SPECIFIED"/>
    	<CD code="36.11" displayName="(AORTO)CORONARY BYPASS OF ONE CORONARY ARTERY"/>
    	<CD code="36.12" displayName="(AORTO)CORONARY BYPASS OF TWO CORONARY ARTERIES"/>
    	<CD code="36.13" displayName="(AORTO)CORONARY BYPASS OF THREE CORONARY ARTERIES"/>
    	<CD code="36.14" displayName="(AORTO)CORONARY BYPASS OF FOUR OR MORE CORONARY ARTERIES"/>
    	<CD code="36.15" displayName="SINGLE INTERNAL MAMMARY-CORONARY ARTERY BYPASS"/>
    	<CD code="36.16" displayName="DOUBLE INTERNAL MAMMARY-CORONARY ARTERY BYPASS"/>
    	<CD code="36.17" displayName="ABDOMINAL -CORONARY ARTERY BYPASS"/>
    	<CD code="36.19" displayName="OTHER BYPASS ANASTOMOSIS FOR HEART REVASCULARIZATION"/>
    	<CD code="36.2" displayName="HEART REVASCULARIZATION BY ARTERIAL IMPLANT"/>
    	<CD code="36.31" displayName="OPEN CHEST TRANSMYOCARDIAL REVASCULARIZATION"/>
    	<CD code="36.32" displayName="OTHER TRANSMYOCARDIAL REVASCULARIZATION"/>
    	<CD code="36.39" displayName="OTHER HEART REVASCULARIZATION"/>
    	<CD code="36.91" displayName="REPAIR OF ANEURYSM OF CORONARY VESSEL"/>
    	<CD code="36.99" displayName="OTHER OPERATIONS ON VESSELS OF HEART"/>
    	<CD code="37.0" displayName="PERICARDIOCENTESIS"/>
    	<CD code="37.10" displayName="INCISION OF HEART, NOT OTHERWISE SPECIFIED"/>
    	<CD code="37.11" displayName="CARDIOTOMY"/>
    	<CD code="37.12" displayName="PERICARDIOTOMY"/>
    	<CD code="37.31" displayName="PERICARDIECTOMY"/>
    	<CD code="37.32" displayName="EXCISION OF ANEURYSM OF HEART"/>
    	<CD code="37.33" displayName="EXCISION OR DESTRUCTION OF OTHER LESION OR TISSUE OF HEART, OPEN APPROACH"/>
    	<CD code="37.35" displayName="PARTIAL VENTRICULECTOMY"/>
    	<CD code="37.36" displayName="EXCISION OR DESTRUCTION OF LEFT ATRIAL APPENDAGE (LAA) (OCT08)"/>
    	<CD code="37.37" displayName="EXC/DEST HRT LES, THRSPC"/>
    	<CD code="37.41" displayName="IMPLANTATION OF PROSTHETIC CARDIAC SUPPORT DEVICE AROUND THE HEART"/>
    	<CD code="37.49" displayName="OTHER REPAIR OF HEART AND PERICARDIUM"/>
    	<CD code="37.51" displayName="HEART TRANSPLANTATION"/>
    	<CD code="37.52" displayName="IMPLANTATION OF TOTAL REPLACEMENT HEART SYSTEM"/>
    	<CD code="37.53" displayName="REPLACEMENT OF REPAIR OF THORACIC UNIT OF TOTAL REPLACEMENT HEART SYSTEM"/>
    	<CD code="37.54" displayName="REPLACEMENT OR REPAIR OF OTHER IMPLANTABLE COMPONENT OF TOTAL REPLACEMENT HEART SYSTEM"/>
    	<CD code="37.55" displayName="REMOVAL OF INTERNAL BIVENTRICULAR HEART REPLACEMENT SYSTEM (OCT08)"/>
    	<CD code="37.60" displayName="IMPLANTATION OR INSERTION OF BIVENTRICULAR EXTERNAL HEART ASSIST SYSTEM (OCT08)"/>
    	<CD code="37.61" displayName="IMPLANT OF PULSATION BALLOON"/>
    	<CD code="37.62" displayName="INSERTION OF NON-IMPLANTABLE HEART ASSIST SYSTEM"/>
    	<CD code="37.63" displayName="REPAIR OF HEART ASSIST SYSTEM"/>
    	<CD code="37.64" displayName="REMOVAL OF HEART ASSIST SYSTEM"/>
    	<CD code="37.65" displayName="IMPLANT OF EXTERNAL HEART ASSIST SYSTEM"/>
    	<CD code="37.66" displayName="INSERTION OF IMPLANTABLE HEART ASSIST SYSTEM"/>
    	<CD code="37.67" displayName="IMPLANTATION OF CARDIOMYOSTIMULATION SYSTEM"/>
    	<CD code="37.91" displayName="OPEN CHEST CARDIAC MASSAGE"/>
    	<CD code="38.04" displayName="INCISION OF VESSEL, AORTA"/>
    	<CD code="38.05" displayName="INCISION OF VESSEL, OTHER THORACIC"/>
    	<CD code="38.44" displayName="RESECTION OF ABDOMINAL AORTA WITH GRAFT REPLACEMENT"/>
    	<CD code="38.45" displayName="RESECTION OF THORACIC VESSEL WITH GRAFT REPLACEMENT"/>
    	<CD code="38.64" displayName="EXCISION OF LESION OF AORTA"/>
    	<CD code="38.65" displayName="EXCISION OF LESION OTHER THORACIC VESSEL"/>
    	<CD code="38.84" displayName="LIGATION , DIVISION OF AORTA"/>
    	<CD code="38.85" displayName="LIGATION, DIVISION OF OTHER THORACIC VESSELS"/>
    	<CD code="39.0" displayName="SYSTEMIC TO PULMONARY ARTERY SHUNT"/>
    	<CD code="39.21" displayName="CAVAL-PULMONARY ARTERY ANASTOMOSIS"/>
    	<CD code="39.22" displayName="AORTA-SUBCLAVIAN-CAROTID BYPASS"/>
    	<CD code="39.23" displayName="OTHER INTRATHORACIC VASCULAR SHUNT OR BYPASS"/>
   	</membersForCodeSystem>
</OpenCdsConceptMappingSpecificationFile>

