<?xml version="1.0" encoding="UTF-8"?>
<OpenCdsConceptMappingSpecificationFile>
	<specificationNotes></specificationNotes>
    <openCdsConcept code="C239" displayName="Emergency Department Encounter"></openCdsConcept>
    <conceptDeterminationMethod code="C267" displayName="AHRQ"/>
    <membersForCodeSystem codeSystem="2.16.840.1.113883.3.795.12.2.6.1" codeSystemName="OpenCDS">
    	<CD code="E" displayName="Emergency Department"/>
    </membersForCodeSystem>
</OpenCdsConceptMappingSpecificationFile>     
