<?xml version="1.0" encoding="UTF-8"?>
<OpenCdsConceptMappingSpecificationFile>
	<specificationNotes>Created manually from AHRQ PSI specifications.</specificationNotes>
    <openCdsConcept code="C356" displayName="Diaphragmatic Surgery"/>
    <conceptDeterminationMethod code="C267" displayName="AHRQ v4.3"/>
    <membersForCodeSystem codeSystem="2.16.840.1.113883.6.104" codeSystemName="ICD9CM procedures">
    	<CD code="537" displayName="ABD REPAIR-DIAPHR HERNIA"/>
    	<CD code="5371" displayName="LAPAROSCOPIC REPAIR OF DIAPHRAGMATIC HERNIA, ABDOMINAL APPROACH (OCT08)"/>
    	<CD code="5372" displayName="OTHER AND OPEN REPAIR OF DIAPHRAGMATIC HERNIA, ABDOMINAL APPROACH (OCT08)"/>
    	<CD code="5375" displayName="REPAIR OF DIAPHRAGMATIC HERNIA, ABDOMINAL APPROACH, NOS (OCT08)"/>
    	<CD code="5380" displayName="THOR REP-DIAPH HERN NOS"/>
    	<CD code="5381" displayName="DIAPHRAGMATIC PLICATION"/>
    	<CD code="5382" displayName="PARASTERN HERNIA REPAIR"/>
    	<CD code="5583" displayName="LAPAROSCOPIC REPAIR OF DIAPHRAGMATIC HERNIA, WITH THORACIC APPROACH (OCT08)"/>
    	<CD code="5584" displayName="OTHER AND OPEN REPAIR OF DIAPHRAGMATIC HERNIA, WITH THORACIC APPROACH (OCT08)"/>
   	</membersForCodeSystem>
</OpenCdsConceptMappingSpecificationFile>
