<?xml version="1.0" encoding="UTF-8"?>
<OpenCdsConceptMappingSpecificationFile>
	<specificationNotes></specificationNotes>
	<openCdsConcept code="C487" displayName="NUBC Admission Type Value Sets"></openCdsConcept>
    <conceptDeterminationMethod code="C267" displayName="AHRQ"/>
    <membersForCodeSystem codeSystem="2.16.840.1.113883.3.795.12.1.1" codeSystemName="OpenCDS">
    	<CD code="AdmType" displayName="Admission Type"/>
    </membersForCodeSystem>
</OpenCdsConceptMappingSpecificationFile>     
