<?xml version="1.0" encoding="UTF-8"?>
<OpenCdsConceptMappingSpecificationFile>
	<specificationNotes>Created manually from AHRQ PSI specifications.</specificationNotes>
    <openCdsConcept code="C361" displayName="Control of PostOp Hemorrhage"/>
    <conceptDeterminationMethod code="C267" displayName="AHRQ v4.3"/>
    <membersForCodeSystem codeSystem="2.16.840.1.113883.6.104" codeSystemName="ICD9CM procedures">
    	<CD code="28.7" displayName="CONTROL OF HEMORRHAGE AFTER TONSILLECTOMY AND ADENOIDECTOMY"/>
    	<CD code="38.80" displayName="OTHER SURGICAL OCCLUSION OF UNSPECIFIED SITE"/>
    	<CD code="38.81" displayName="OTHER SURGICAL OCCLUSION OF INTRACRANIAL VESSELS"/>
    	<CD code="38.82" displayName="OTHER SURGICAL OCCLUSION OF OTHER VESSELS OF HEAD AND NECK"/>
    	<CD code="38.83" displayName="OTHER SURGICAL OCCLUSION OF UPPER LIMB VESSELS"/>
    	<CD code="38.84" displayName="OTHER SURGICAL OCCLUSION OF AORTA, ABDOMINAL"/>
    	<CD code="38.85" displayName="OTHER SURGICAL OCCLUSION OF THORACIC VESSEL"/>
    	<CD code="38.86" displayName="OTHER SURGICAL OCCLUSION OF ABDOMINAL ARTERIES"/>
    	<CD code="38.87" displayName="OTHER SURGICAL OCCLUSION OF ABDOMINAL VEINS"/>
    	<CD code="38.88" displayName="OTHER SURGICAL OCCLUSION OF LOWER LIMB ARTERIES"/>
    	<CD code="38.89" displayName="OTHER SURGICAL OCCLUSION OF LOWER LIMB VEINS"/>
    	<CD code="39.41" displayName="CONTROL OF HEMORRHAGE FOLLOWING VASCULAR SURGERY"/>
    	<CD code="39.98" displayName="CONTROL OF HEMORRHAGE NOS"/>
    	<CD code="49.95" displayName="CONTROL OF (POSTOPERATIVE) HEMORRHAGE OF ANUS"/>
    	<CD code="57.93" displayName="CONTROL OF (POSTOPERATIVE HEMORRHAGE OF BLADDER"/>
    	<CD code="60.94" displayName="CONTROL OF (POSTOPERATIVE) HEMORRHAGE OF PROSTATE"/>
   	</membersForCodeSystem>
</OpenCdsConceptMappingSpecificationFile>
