<?xml version="1.0" encoding="UTF-8"?>
<OpenCdsConceptMappingSpecificationFile>
	<specificationNotes>Created manually from AHRQ PSI specifications.</specificationNotes>
    <openCdsConcept code="C284" displayName="Acute Respiratory Failure"/>
    <conceptDeterminationMethod code="C267" displayName="AHRQ"/>
    <membersForCodeSystem codeSystem="2.16.840.1.113883.6.103" codeSystemName="ICD9CM diagnoses">
    	<CD code="518.81" displayName="Acute Respiratory Failure"/>
    	<CD code="518.84" displayName="Acute and Chronic Respiratory Failure"/>
   	</membersForCodeSystem>
</OpenCdsConceptMappingSpecificationFile>
