<?xml version="1.0" encoding="UTF-8"?>
<OpenCdsConceptMappingSpecificationFile>
	<specificationNotes>Created manually from AHRQ PSI specifications.</specificationNotes>
    <openCdsConcept code="C360" displayName="Hip Fracture Repair"/>
    <conceptDeterminationMethod code="C267" displayName="AHRQ v4.3"/>
    <membersForCodeSystem codeSystem="2.16.840.1.113883.6.104" codeSystemName="ICD9CM procedures">
    	<CD code="78.55" displayName="INTERNAL FIXATION-FEMUR"/>
    	<CD code="79.05" displayName="CLOSED REDUCTION OF FRACTURE OF FEMUR WITHOUT INTERNAL FIXATION"/>
    	<CD code="79.15" displayName="CLOSED RED-INT FIX FEMUR"/>
    	<CD code="79.25" displayName="OPEN REDUCTION-FEMUR FX"/>
    	<CD code="79.35" displayName="OPEN REDUC-INT FIX FEMUR"/>
    	<CD code="79.65" displayName="DEBRIDEMENT OF OPEN FRACTURE OF FEMUR"/>
    	<CD code="81.51" displayName="TOTAL HIP REPLACEMENT"/>
    	<CD code="81.52" displayName="PARTIAL HIP REPLACEMENT"/>
    	<CD code="81.53" displayName="REVISION OF HIP REPLACEMENT, NOT OTHERWISE SPECIFIED"/>
   	</membersForCodeSystem>
</OpenCdsConceptMappingSpecificationFile>
