<?xml version="1.0" encoding="UTF-8"?>
<OpenCdsConceptMappingSpecificationFile>
	<specificationNotes>Created manually from AHRQ PSI specifications.</specificationNotes>
    <openCdsConcept code="C343" displayName="Deep Vein Thrombosis"/>
    <conceptDeterminationMethod code="C267" displayName="AHRQ"/>
    <membersForCodeSystem codeSystem="2.16.840.1.113883.6.103" codeSystemName="ICD9CM diagnoses">
    	<CD code="451.11" displayName="PHLEBITIS AND THROMBOSIS OF FEMORAL VEIN (DEEP) (SUPERFICIAL)"/>
    	<CD code="451.19" displayName="PHLEBITIS AND THROMBOPHLEBITIS OF DEEP VESSEL OF LOWER EXTREMITIES – OTHER"/>
    	<!-- <CD code="451.2" displayName="PHLEBITIS AND THROMBOPHLEBITIS OF LOWER EXTREMITIES UNSPECIFIED*"/> -->
    	<CD code="451.81" displayName="PHLEBITIS AND THROMBOPHLEBITIS OF ILIAC VEIN"/>
    	<!-- <CD code="451.19" displayName="PHLEBITIS AND THROMBOPHLEBITIS OF OTHER SITES - OF UNSPECIFIED SITE*"/> -->
    	<CD code="453.40" displayName="DVT-EMBLSM LOWER EXT NOS (OCT04)"/>
    	<CD code="453.41" displayName="DVT-EMB PROX LOWER EXT (OCT04)"/>
    	<CD code="453.42" displayName="DVT-EMB DISTAL LOWER EXT (OCT04)"/>
    	<!-- <CD code="453.8" displayName="OTHER VENOUS EMBOLISM AND THROMBOSIS OF OTHER SPECIFIED VEINS*"/> -->
    	<!-- <CD code="453.9" displayName="OTHER VENOUS EMBOLISM AND THROMBOSIS OF UNSPECIFIED SITE*"/> -->
   	</membersForCodeSystem>
</OpenCdsConceptMappingSpecificationFile>
