<?xml version="1.0" encoding="UTF-8"?>
<OpenCdsConceptMappingSpecificationFile>
	<specificationNotes>Created manually from AHRQ PSI specifications.</specificationNotes>
    <openCdsConcept code="C338" displayName="Physiologic and Metabolic Derangements"/>
    <conceptDeterminationMethod code="C267" displayName="AHRQ v4.3"/>
    <membersForCodeSystem codeSystem="2.16.840.1.113883.6.103" codeSystemName="ICD9CM diagnoses">
    	<CD code="249.10" displayName="SECONDARY DIABETES MELLITUS WITH KETOACIDOSIS, UNSPECIFIED"/>
    	<CD code="249.11" displayName="SECONDARY DIABETES MELLITUS WITH KETOACIDOSIS, UNCONTROLLED"/>
    	<CD code="249.20" displayName="SECONDARY DIABETES MELLITUS WITH HYPEROSMOLARITY, UNSPECIFIED"/>
    	<CD code="249.21" displayName="SECONDARY DIABETES MELLITUS WITH HYPEROSMOLARITY, UNCONTROLLED"/>
    	<CD code="249.30" displayName="SECONDARY DIABETES MELLITUS WITH OTHER COMA, UNSPECIFIED"/>
    	<CD code="249.31" displayName="SECONDARY DIABETES MELLITUS WITH OTHER COMA, UNCONTROLLED"/>
    	<CD code="250.10" displayName="TYPE 2, OR UNSPECIFIED TYPE, NOT STATED AS UNCONTROLLED"/>
    	<CD code="250.11" displayName="TYPE 1 NOT STATED AS UNCONTROLLED"/>
    	<CD code="250.12" displayName="TYPE 2, OR UNSPECIFIED TYPE, UNCONTROLLED"/>
    	<CD code="250.13" displayName="TYPE 1 UNCONTROLLED"/>
    	<CD code="250.20" displayName="TYPE 2, OR UNSPECIFIED TYPE, NOT STATED AS UNCONTROLLED"/>
    	<CD code="250.21" displayName="TYPE 1 NOT STATED AS UNCONTROLLED"/>
    	<CD code="250.22" displayName="TYPE 2, OR UNSPECIFIED TYPE, UNCONTROLLED"/>
    	<CD code="250.23" displayName="TYPE 1 UNCONTROLLED"/>
    	<CD code="250.30" displayName="TYPE 2, OR UNSPECIFIED TYPE, NOT STATED AS UNCONTROLLED"/>
    	<CD code="250.31" displayName="TYPE 1 NOT STATED AS UNCONTROLLED"/>
    	<CD code="250.32" displayName="TYPE 2, OR UNSPECIFIED TYPE, UNCONTROLLED"/>
    	<CD code="250.33" displayName="TYPE 1 UNCONTROLLED"/>
   	</membersForCodeSystem>
</OpenCdsConceptMappingSpecificationFile>
