<?xml version="1.0" encoding="UTF-8"?>
<OpenCdsConceptMappingSpecificationFile>
	<specificationNotes>Created for proprietary ARUP codes not in Apelon.</specificationNotes>
    <openCdsConcept code="C88" displayName="Result Negative"/>
    <conceptDeterminationMethod code="C74" displayName="Reportable Disease"/>
    <membersForCodeSystem codeSystem="2.16.840.1.113883.3.795.12.1.2" codeSystemName="OpenCDS proprietary local">
    	<CD code="NEGATIVE" displayName="Result Negative"/>
    	<CD code="Negative" displayName="Result Negative"/>
    	<CD code="negative" displayName="Result Negative"/>
    	<CD code="NEG" displayName="Result Negative"/>
    	<CD code="Neg" displayName="Result Negative"/>
    	<CD code="neg" displayName="Result Negative"/>
    	<CD code="N" displayName="Result Negative"/>
    	<CD code="n" displayName="Result Negative"/>
    	<CD code="Invalid" displayName="Result Negative"/>
    	<CD code="Indeterminate" displayName="Result Negative"/>
    	<CD code="Inadequate" displayName="Result Negative"/>
    	<CD code="Not Detected" displayName="Result Negative"/>
   	</membersForCodeSystem>
</OpenCdsConceptMappingSpecificationFile>
