<?xml version="1.0" encoding="UTF-8"?>
<OpenCdsConceptMappingSpecificationFile>
	<specificationNotes>Created for proprietary ARUP codes not in Apelon.</specificationNotes>
    <openCdsConcept code="C87" displayName="Result Positive"/>
    <conceptDeterminationMethod code="C74" displayName="Reportable Disease"/>
    <membersForCodeSystem codeSystem="2.16.840.1.113883.3.795.12.1.2" codeSystemName="OpenCDS proprietary local">
    	<CD code="POSITIVE" displayName="Result Positive"/>
    	<CD code="POS" displayName="Result Positive"/>
    	<CD code="P" displayName="Result Positive"/>
    	<CD code="Positive" displayName="Result Positive"/>
    	<CD code="Positve" displayName="Result Positive"/>
    	<CD code="positive" displayName="Result Positive"/>
    	<CD code="POS" displayName="Result Positive"/>
    	<CD code="Pos" displayName="Result Positive"/>
    	<CD code="pos" displayName="Result Positive"/>
    	<CD code="P" displayName="Result Positive"/>
    	<CD code="p" displayName="Result Positive"/>
    	<CD code="Detected" displayName="Result Positive"/>
   	</membersForCodeSystem>
</OpenCdsConceptMappingSpecificationFile>
