<?xml version="1.0" encoding="UTF-8"?>
<OpenCdsConceptMappingSpecificationFile>
	<specificationNotes>Created for proprietary ARUP codes not in Apelon.</specificationNotes>
    <openCdsConcept code="C80" displayName="Chlamydia and Gonorrhea Panel"/>
    <conceptDeterminationMethod code="C74" displayName="Reportable Disease"/>
    <membersForCodeSystem codeSystem="2.16.840.1.113883.3.795.12.1.2" codeSystemName="OpenCDS proprietary local">
    	<CD code="60224" displayName="Chlamydia, Gonorrhoeae DNA Probe"/>
    	<CD code="60241" displayName="C trachomatis and N gonorrhoeae by AMD"/>
   	</membersForCodeSystem>
</OpenCdsConceptMappingSpecificationFile>
