<?xml version="1.0" encoding="UTF-8"?>
<OpenCdsConceptMappingSpecificationFile>
	<specificationNotes>Created manually from AHRQ PSI specifications.</specificationNotes>
    <openCdsConcept code="C369" displayName="Laryngeal or Pharyngeal Surgery"/>
    <conceptDeterminationMethod code="C267" displayName="AHRQ"/>
    <membersForCodeSystem codeSystem="2.16.840.1.113883.6.104" codeSystemName="ICD9CM procedures">
    	<CD code="25.4 " displayName="RADICAL GLOSSECTOMY"/>
    	<CD code="27.31" displayName="LOCAL EXCISION OR DESTRUCTION OF LESION OR TISSUE OF BONY PALATE"/>
    	<CD code="29.0 " displayName="PHARYNGOTOMY"/>
    	<CD code="29.33" displayName="PHARYNGECTOMY (PARTIAL)"/>
    	<CD code="29.39" displayName="OTHER EXCISION OR DESTRUCTION OF LESION OR TISSUE OF PHARYNX"/>
    	<CD code="29.4 " displayName="PLASTIC OPERATION ON PHARYNX"/>
    	<CD code="29.53" displayName="CLOSURE OF OTHER FISTULA OF PHARYNX"/>
    	<CD code="29.59" displayName="OTHER REPAIR OF PHARYNX"/>
    	<CD code="29.91" displayName="DILATION OF PHARYNX"/>
    	<CD code="30.09" displayName="OTHER EXCISION OR DESTRUCTION OF LESION OR TISSUE OF LARYNX"/>
    	<CD code="30.21" displayName="EPIGLOTTIDECTOMY"/>
    	<CD code="30.22" displayName="VOCAL CORDECTOMY"/>
    	<CD code="30.29" displayName="OTHER PARTIAL LARYNGECTOMY"/>
    	<CD code="30.3 " displayName="COMPLETE LARYNGECTOMY"/>
    	<CD code="30.4 " displayName="RADICAL LARYNGECTOMY"/>
    	<CD code="31.3 " displayName="OTHER INCISION OF LARYNX OR TRACHEA"/>
    	<CD code="31.5 " displayName="LOCAL EXCISION OR DESTRUCTION OF LESION OR TISSUE OF TRACHEA"/>
    	<CD code="31.69" displayName="OTHER REPAIR OF LARYNX"/>
    	<CD code="31.73" displayName="CLOSURE OF OTHER FISTULA OF TRACHEA"/>
    	<CD code="31.75" displayName="RECONSTRUCTION OF TRACHEA AND CONSTRUCTION OF ARTIFICIAL LARYNX"/>
    	<CD code="31.79" displayName="OTHER REPAIR AND PLASTIC OPERATIONS ON TRACHEA"/>
    	<CD code="31.98" displayName="OTHER OPERATIONS ON LARYNX"/>
    	<CD code="31.99" displayName="OTHER OPERATIONS ON TRACHEA"/>
   	</membersForCodeSystem>
</OpenCdsConceptMappingSpecificationFile>
