<?xml version="1.0" encoding="UTF-8"?>
<OpenCdsConceptMappingSpecificationFile>
	<specificationNotes>Created manually from AHRQ PSI specifications.</specificationNotes>
    <openCdsConcept code="C368" displayName="Esophageal Resection"/>
    <conceptDeterminationMethod code="C267" displayName="AHRQ"/>
    <membersForCodeSystem codeSystem="2.16.840.1.113883.6.104" codeSystemName="ICD9CM procedures">
    	<CD code="42.4 " displayName="ESOPHAGECTOMY"/>
    	<CD code="42.40" displayName="ESOPHAGECTOMY NOS"/>
    	<CD code="42.41" displayName="PARTIAL ESOPHAGECTOMY"/>
    	<CD code="42.42" displayName="TOTAL ESOPHAGECTOMY"/>
    	<CD code="42.5 " displayName="THORAC ESOPHAG ANAST"/>
    	<CD code="42.51" displayName="THORAC ESOPHAGOESOPHAGOS"/>
    	<CD code="42.52" displayName="THORAC ESOPHAGOGASTROST"/>
    	<CD code="42.53" displayName="THORAC SM BOWEL INTERPOS"/>
    	<CD code="42.54" displayName="THORAC ESOPHAGOENTER NEC"/>
    	<CD code="42.55" displayName="THORAC LG BOWEL INTERPOS"/>
    	<CD code="42.56" displayName="THORAC ESOPHAGOCOLOS NEC"/>
    	<CD code="42.58" displayName="THORAC INTERPOSITION NEC"/>
    	<CD code="42.59" displayName="THORAC ESOPHAG ANAST NEC"/>
    	<CD code="42.6 " displayName="STERN ESOPHAG ANAST"/>
    	<CD code="42.61" displayName="STERN ESOPHAGOESOPHAGOST"/>
    	<CD code="42.62" displayName="STERN ESOPHAGOGASTROSTOM"/>
    	<CD code="42.63" displayName="STERN SM BOWEL INTERPOS"/>
    	<CD code="42.64" displayName="STERN ESOPHAGOENTER NEC"/>
    	<CD code="42.65" displayName="STERN LG BOWEL INTERPOS"/>
    	<CD code="42.66" displayName="STERN ESOPHAGOCOLOS NEC"/>
    	<CD code="42.68" displayName="STERN INTERPOSITION NEC"/>
    	<CD code="42.69" displayName="STERN ESOPHAG ANAST NEC"/>
   	</membersForCodeSystem>
</OpenCdsConceptMappingSpecificationFile>
