<?xml version="1.0" encoding="UTF-8"?>
<OpenCdsConceptMappingSpecificationFile>
	<specificationNotes>Created manually from AHRQ PSI specifications.</specificationNotes>
    <openCdsConcept code="C377" displayName="Operating Room Therapeutic Procedure"/>
    <conceptDeterminationMethod code="C267" displayName="AHRQ"/>
    <membersForCodeSystem codeSystem="2.16.840.1.113883.6.104" codeSystemName="ICD9CM procedures">
    	<CD code="00.50" displayName="IMPL CRT PACEMAKER SYS"/>
    	<CD code="00.51" displayName="IMPL CRT DEFIBRILLAT SYS"/>
    	<CD code="00.52" displayName="IMP/REP LEAD LF VEN SYS"/>
    	<CD code="00.53" displayName="IMP/REP CRT PACEMAKR GEN"/>
    	<CD code="00.54" displayName="IMP/REP CRT DEFIB GENAT"/>
    	<CD code="00.56" displayName="INS/REP IMPL SENSOR LEAD (OCT06)"/>
    	<CD code="00.57" displayName="IMP/REP SUBCUE CARD DEV (OCT06)"/>
    	<CD code="00.61" displayName="PERC ANGIO PRECEREB VES (OCT04)"/>
    	<CD code="00.62" displayName="PERC ANGIO INTRACRAN VES (OCT04)"/>
    	<CD code="00.66" displayName="PTCA OR CORONARY ATHER (OCT05)"/>
    	<CD code="00.70" displayName="REV HIP REPL-ACETAB/FEM (OCT05)"/>
    	<CD code="00.71" displayName="REV HIP REPL-ACETAB COMP (OCT05)"/>
    	<CD code="00.72" displayName="REV HIP REPL-FEM COMP (OCT05)"/>
    	<CD code="00.73" displayName="REV HIP REPL-LINER/HEAD (OCT05)"/>
    	<CD code="00.80" displayName="REV KNEE REPLACEMT-TOTAL (OCT05)"/>
    	<CD code="00.81" displayName="REV KNEE REPL-TIBIA COMP (OCT05)"/>
    	<CD code="00.82" displayName="REV KNEE REPL-FEMUR COMP (OCT05)"/>
    	<CD code="00.83" displayName="REV KNEE REPLACE-PATELLA (OCT05)"/>
    	<CD code="00.84" displayName="REV KNEE REPL-TIBIA LIN (OCT05)"/>
    	<CD code="00.85" displayName="RESRF HIPTOTAL-ACET/FEM (OCT06)"/>
    	<CD code="00.86" displayName="RESRF HIPPART-FEM HEAD (OCT06)"/>
    	<CD code="00.87" displayName="RESRF HIPPART-ACETABLUM (OCT06)"/>
    	<CD code="00.94" displayName="INTRA-OP NEURO PHYS MONTR (OCT08)"/>
    	<CD code="01.10" displayName="INTRACRAN PRESSURE MONTR (OCT08)"/>
    	<CD code="01.12" displayName="OPEN CEREB MENINGES BX"/>
    	<CD code="01.14" displayName="OPEN BRAIN BIOPSY"/>
    	<CD code="01.15" displayName="SKULL BIOPSY"/>
    	<CD code="01.16" displayName="INTRACRANIAL 02 MONITOR (OCT08)"/>
    	<CD code="01.17" displayName="BRAIN TEMP MONITORING (OCT08)"/>
    	<CD code="01.18" displayName="OTHER BRAIN DX PROCEDURE"/>
    	<CD code="01.19" displayName="OTHER SKULL DX PROCEDURE"/>
    	<CD code="01.21" displayName="CRANIAL SINUS I + D"/>
    	<CD code="01.22" displayName="REMOV INTRACRAN STIMULAT"/>
    	<CD code="01.23" displayName="REOPEN CRANIOTOMY SITE"/>
    	<CD code="01.24" displayName="OTHER CRANIOTOMY"/>
    	<CD code="01.25" displayName="OTHER CRANIECTOMY"/>
    	<CD code="01.28" displayName="INTRACEREB CTH-BURR HOLE (OCT06)"/>
    	<CD code="01.31" displayName="INCISE CEREBRAL MENINGES"/>
    	<CD code="01.32" displayName="LOBOTOMY + TRACTOTOMY"/>
    	<CD code="01.39" displayName="OTHER BRAIN INCISION"/>
    	<CD code="01.41" displayName="THALAMUS OPERATIONS"/>
    	<CD code="01.42" displayName="GLOBUS PALLIDUS OPS"/>
    	<CD code="01.51" displayName="EX CEREB MENINGEAL LES"/>
    	<CD code="01.52" displayName="HEMISPHERECTOMY"/>
    	<CD code="01.53" displayName="BRAIN LOBECTOMY"/>
    	<CD code="01.59" displayName="OTHER BRAIN EXCISION"/>
    	<CD code="01.6 " displayName="EXCISE SKULL LESION"/>
    	<CD code="02.01" displayName="LINEAR CRANIECTOMY"/>
    	<CD code="02.02" displayName="ELEVATE SKULL FX FRAGMNT"/>
    	<CD code="02.03" displayName="SKULL FLAP FORMATION"/>
    	<CD code="02.04" displayName="BONE GRAFT TO SKULL"/>
    	<CD code="02.05" displayName="SKULL PLATE INSERTION"/>
    	<CD code="02.06" displayName="CRANIAL OSTEOPLASTY NEC"/>
    	<CD code="02.07" displayName="SKULL PLATE REMOVAL"/>
    	<CD code="02.11" displayName="SIMPLE SUTURE OF DURA"/>
    	<CD code="02.12" displayName="BRAIN MENINGE REPAIR NEC"/>
    	<CD code="02.13" displayName="MENINGE VESSEL LIGATION"/>
    	<CD code="02.14" displayName="CHOROID PLEXECTOMY"/>
    	<CD code="02.2 " displayName="VENTRICULOSTOMY"/>
    	<CD code="02.31" displayName="VENTRICL SHUNT-HEAD/NECK"/>
    	<CD code="02.32" displayName="VENTRI SHUNT-CIRCULA SYS"/>
    	<CD code="02.33" displayName="VENTRICL SHUNT-THORAX"/>
    	<CD code="02.34" displayName="VENTRICL SHUNT-ABDOMEN"/>
    	<CD code="02.35" displayName="VENTRI SHUNT-UNINARY SYS"/>
    	<CD code="02.39" displayName="OTHER VENTRICULAR SHUNT"/>
    	<CD code="02.42" displayName="REPLACE VENTRICLE SHUNT"/>
    	<CD code="02.43" displayName="REMOVE VENTRICLE SHUNT"/>
    	<CD code="02.91" displayName="LYSIS CORTICAL ADHESION"/>
    	<CD code="02.92" displayName="BRAIN REPAIR"/>
    	<CD code="02.93" displayName="IMPLANT BRAIN STIMULATOR"/>
    	<CD code="02.94" displayName="INSERT/REPLAC SKULL TONG"/>
    	<CD code="02.99" displayName="SKULL + BRAIN OP NEC"/>
    	<CD code="03.01" displayName="REMOVAL FB SPINAL CANAL"/>
    	<CD code="03.02" displayName="REOPEN LAMINECTOMY SITE"/>
    	<CD code="03.09" displayName="SPINAL CANAL EXPLOR NEC"/>
    	<CD code="03.1 " displayName="INTRASPIN NERVE ROOT DIV"/>
    	<CD code="03.21" displayName="PERCUTANEOUS CHORDOTOMY"/>
    	<CD code="03.29" displayName="OTHER CHORDOTOMY"/>
    	<CD code="03.32" displayName="SPINAL CORD/MENINGES BX"/>
    	<CD code="03.39" displayName="OTHER SPINAL DX PROC"/>
    	<CD code="03.4 " displayName="EXCIS SPINAL CORD LESION"/>
    	<CD code="03.51" displayName="SPINE MENINGOCELE REPAIR"/>
    	<CD code="03.52" displayName="MYELOMENINGOCEL REPAIR"/>
    	<CD code="03.53" displayName="VERTEBRAL FX REPAIR"/>
    	<CD code="03.59" displayName="SPINAL STRUCT REPAIR NEC"/>
    	<CD code="03.6 " displayName="SPINAL CORD ADHESIOLYSIS"/>
    	<CD code="03.71" displayName="SUBARACH-PERITON SHUNT"/>
    	<CD code="03.72" displayName="SUBARACH-URETERAL SHUNT"/>
    	<CD code="03.79" displayName="OTH SPINAL THECAL SHUNT"/>
    	<CD code="03.93" displayName="INSERT SPINAL STIMULATOR"/>
    	<CD code="03.94" displayName="REMOVE SPINAL STIMULATOR"/>
    	<CD code="03.97" displayName="REVISE SPINE THECA SHUNT"/>
    	<CD code="03.98" displayName="REMOVE SPINE THECA SHUNT"/>
    	<CD code="03.99" displayName="SPINE CANAL STRUC OP NEC"/>
    	<CD code="04.01" displayName="EXCISION ACOUSTC NEUROMA"/>
    	<CD code="04.02" displayName="TRIGEMINAL NERV DIVISION"/>
    	<CD code="04.03" displayName="PERIPH NERVE DIV NEC"/>
    	<CD code="04.04" displayName="PERIPH NERVE INCIS NEC"/>
    	<CD code="04.05" displayName="GASSERIAN GANGLIONECTOMY"/>
    	<CD code="04.06" displayName="PERIPH GANGLIONECT NEC"/>
    	<CD code="04.07" displayName="PERIPH NERV EXCISION NEC"/>
    	<CD code="04.12" displayName="OPEN PERIPH NERVE BIOPSY"/>
    	<CD code="04.19" displayName="PERIPH NERVE DX PROC NEC"/>
    	<CD code="04.3 " displayName="PERIPHERAL NERVE SUTURE"/>
    	<CD code="04.41" displayName="DECOMPRESS TRIGEM ROOT"/>
    	<CD code="04.42" displayName="CRAN NERV ROOT DECOM NEC"/>
    	<CD code="04.43" displayName="CARPAL TUNNEL RELEASE"/>
    	<CD code="04.44" displayName="TARSAL TUNNEL RELEASE"/>
    	<CD code="04.49" displayName="PER NERVE ADHESIOLYS NEC"/>
    	<CD code="04.5 " displayName="PERIPHERAL NERVE GRAFT"/>
    	<CD code="04.6 " displayName="PERIPH NERVE TRANSPOSIT"/>
    	<CD code="04.71" displayName="HYPOGLOSS-FACIAL ANASTOM"/>
    	<CD code="04.72" displayName="ACCESSORY-FACIAL ANASTOM"/>
    	<CD code="04.73" displayName="ACCESS-HYPOGLOSS ANASTOM"/>
    	<CD code="04.74" displayName="PERIPH NERV ANASTOM NEC"/>
    	<CD code="04.75" displayName="POSTOP REVIS PER NERV OP"/>
    	<CD code="04.76" displayName="LATE REPAIR PER NERV INJ"/>
    	<CD code="04.79" displayName="OTHER NEUROPLASTY"/>
    	<CD code="04.91" displayName="NEURECTASIS"/>
    	<CD code="04.92" displayName="IMPLANT PERIPH STIMULAT"/>
    	<CD code="04.93" displayName="REMOVE PERIPH STIMULATOR"/>
    	<CD code="04.99" displayName="PERIPHERAL NERVE OPS NEC"/>
    	<CD code="05.0 " displayName="SYMPATH NERVE DIVISION"/>
    	<CD code="05.11" displayName="SYMPATHETIC NERVE BIOPSY"/>
    	<CD code="05.19" displayName="SYMPATH NRV DX PROC NEC"/>
    	<CD code="05.21" displayName="SPHENOPALATIN GANGLIONEC"/>
    	<CD code="05.22" displayName="CERVICAL SYMPATHECTOMY"/>
    	<CD code="05.23" displayName="LUMBAR SYMPATHECTOMY"/>
    	<CD code="05.24" displayName="PRESACRAL SYMPATHECTOMY"/>
    	<CD code="05.25" displayName="PERIART SYMPATHECTOMY"/>
    	<CD code="05.29" displayName="OTHER SYMPATHECTOMY"/>
    	<CD code="05.81" displayName="SYMPATHETIC NERVE REPAIR"/>
    	<CD code="05.89" displayName="SYMPATHETIC NERVE OP NEC"/>
    	<CD code="05.9 " displayName="OTHER NERVOUS SYSTEM OPS"/>
    	<CD code="06.02" displayName="REOPEN THYROID FIELD WND"/>
    	<CD code="06.09" displayName="INCIS THYROID FIELD NEC"/>
    	<CD code="06.12" displayName="OPEN THYROID GLAND BX"/>
    	<CD code="06.13" displayName="PARATHYROID BIOPSY"/>
    	<CD code="06.19" displayName="THYR/PARATHY DX PROC NEC"/>
    	<CD code="06.2 " displayName="UNILAT THYROID LOBECTOMY"/>
    	<CD code="06.31" displayName="EXCISION THYROID LESION"/>
    	<CD code="06.39" displayName="PART THYROIDECTOMY NEC"/>
    	<CD code="06.4 " displayName="COMPLETE THYROIDECTOMY"/>
    	<CD code="06.50" displayName="SUBSTERN THYROIDECT NOS"/>
    	<CD code="06.51" displayName="PART SUBSTERN THYROIDECT"/>
    	<CD code="06.52" displayName="TOT SUBSTERN THYROIDECT"/>
    	<CD code="06.6 " displayName="LINGUAL THYROID EXCISION"/>
    	<CD code="06.7 " displayName="THYROGLOSS DUCT EXCISION"/>
    	<CD code="06.81" displayName="TOTAL PARATHYROIDECTOMY"/>
    	<CD code="06.89" displayName="OTHER PARATHYROIDECTOMY"/>
    	<CD code="06.91" displayName="THYROID ISTHMUS DIVISION"/>
    	<CD code="06.92" displayName="THYROID VESSEL LIGATION"/>
    	<CD code="06.93" displayName="THYROID SUTURE"/>
    	<CD code="06.94" displayName="THYROID REIMPLANTATION"/>
    	<CD code="06.95" displayName="PARATHYROID REIMPLANT"/>
    	<CD code="06.98" displayName="OTHER THYROID OPERATIONS"/>
    	<CD code="06.99" displayName="OTHER PARATHYROID OPS"/>
    	<CD code="07.00" displayName="ADRENAL EXPLORATION NOS"/>
    	<CD code="07.01" displayName="UNILAT ADRENAL EXPLORAT"/>
    	<CD code="07.02" displayName="BILAT ADRENAL EXPLORAT"/>
    	<CD code="07.12" displayName="OPEN ADRENAL GLAND BX"/>
    	<CD code="07.13" displayName="TRANSFRONT PITUITARY BX"/>
    	<CD code="07.14" displayName="TRANSPHEN PITUITARY BX"/>
    	<CD code="07.15" displayName="PITUITARY BIOPSY NOS"/>
    	<CD code="07.16" displayName="THYMUS BIOPSY"/>
    	<CD code="07.17" displayName="PINEAL BIOPSY"/>
    	<CD code="07.19" displayName="ENDOCRINE DX PROC NEC"/>
    	<CD code="07.21" displayName="ADRENAL LESION EXCISION"/>
    	<CD code="07.22" displayName="UNILATERAL ADRENALECTOMY"/>
    	<CD code="07.29" displayName="PART ADRENALECTOMY NEC"/>
    	<CD code="07.3 " displayName="BILATERAL ADRENALECTOMY"/>
    	<CD code="07.41" displayName="ADRENAL INCISION"/>
    	<CD code="07.42" displayName="ADRENAL NERVE DIVISION"/>
    	<CD code="07.43" displayName="ADRENAL VESSEL LIGATION"/>
    	<CD code="07.44" displayName="ADRENAL REPAIR"/>
    	<CD code="07.45" displayName="ADRENAL REIMPLANTATION"/>
    	<CD code="07.49" displayName="ADRENAL OPERATION NEC"/>
    	<CD code="07.51" displayName="PINEAL FIELD EXPLORATION"/>
    	<CD code="07.52" displayName="PINEAL GLAND INCISION"/>
    	<CD code="07.53" displayName="PARTIAL PINEALECTOMY"/>
    	<CD code="07.54" displayName="TOTAL PINEALECTOMY"/>
    	<CD code="07.59" displayName="PINEAL OPERATION NEC"/>
    	<CD code="07.61" displayName="EXC PITUIT LES-TRANSFRON"/>
    	<CD code="07.62" displayName="EXC PITUIT LES-TRANSPHEN"/>
    	<CD code="07.63" displayName="PART EXCIS PITUITARY NOS"/>
    	<CD code="07.64" displayName="TOT EXC PITUIT-TRANSFRON"/>
    	<CD code="07.65" displayName="TOT EXC PITUIT-TRANSPHEN"/>
    	<CD code="07.68" displayName="TOTAL EXC PITUITARY NEC"/>
    	<CD code="07.69" displayName="TOTAL EXC PITUITARY NOS"/>
    	<CD code="07.71" displayName="PITUITARY FOSSA EXPLORAT"/>
    	<CD code="07.72" displayName="PITUITARY GLAND INCISION"/>
    	<CD code="07.79" displayName="PITUITARY OPERATION NEC"/>
    	<CD code="07.80" displayName="THYMECTOMY NOS"/>
    	<CD code="07.81" displayName="PART EXCISION OF THYMUS"/>
    	<CD code="07.82" displayName="TOTAL EXCISION OF THYMUS"/>
    	<CD code="07.83" displayName="THORAC PART EXISN THYMUS (OCT08)"/>
    	<CD code="07.84" displayName="THORAC TOTAL EXC THYMUS (OCT08)"/>
    	<CD code="07.91" displayName="THYMUS FIELD EXPLORATION"/>
    	<CD code="07.92" displayName="INCISION OF THYMUS"/>
    	<CD code="07.93" displayName="REPAIR OF THYMUS"/>
    	<CD code="07.94" displayName="THYMUS TRANSPLANTATION"/>
    	<CD code="07.95" displayName="THORAC INCISION THYMUS (OCT08)"/>
    	<CD code="07.98" displayName="OTH THORAC OP THYMUS NOS (OCT08)"/>
    	<CD code="07.99" displayName="THYMUS OPERATION NEC"/>
    	<CD code="08.11" displayName="EYELID BIOPSY"/>
    	<CD code="08.20" displayName="REMOVE EYELID LESION NOS"/>
    	<CD code="08.21" displayName="CHALAZION EXCISION"/>
    	<CD code="08.22" displayName="EXCISE MINOR LES LID NEC"/>
    	<CD code="08.23" displayName="EXC MAJ LES LID PRT-THIC"/>
    	<CD code="08.24" displayName="EXC MAJ LES LID FUL-THIC"/>
    	<CD code="08.25" displayName="DESTRUCTION LID LESION"/>
    	<CD code="08.31" displayName="PTOSIS REP-FRONT MUS SUT"/>
    	<CD code="08.32" displayName="PTOSIS REP-FRON MUS SLNG"/>
    	<CD code="08.33" displayName="PTOSIS REP-LEVAT MUS ADV"/>
    	<CD code="08.34" displayName="PTOSIS REP-LEVAT MUS NEC"/>
    	<CD code="08.35" displayName="PTOS REP-TARSAL TECHNIQ"/>
    	<CD code="08.36" displayName="BLEPHAROPTOS REPAIR NEC"/>
    	<CD code="08.37" displayName="REDUC OVERCORRECT PTOSIS"/>
    	<CD code="08.38" displayName="CORRECT LID RETRACTION"/>
    	<CD code="08.41" displayName="THERMOCAUT/ENTROPION REP"/>
    	<CD code="08.42" displayName="SUTURE ENTROPION REPAIR"/>
    	<CD code="08.43" displayName="WEDG RESEC ENTROPION REP"/>
    	<CD code="08.44" displayName="LID RECONS ENTROPION REP"/>
    	<CD code="08.49" displayName="ENTROPION/ECTROP REP NEC"/>
    	<CD code="08.51" displayName="CANTHOTOMY"/>
    	<CD code="08.52" displayName="BLEPHARORRHAPHY"/>
    	<CD code="08.59" displayName="ADJUST LID POSITION NEC"/>
    	<CD code="08.61" displayName="LID RECONST W SKIN GRAFT"/>
    	<CD code="08.62" displayName="LID RECONST W MUC GRAFT"/>
    	<CD code="08.63" displayName="LID RECONST W HAIR GRAFT"/>
    	<CD code="08.64" displayName="LID RECON-TARSOCONJ FLAP"/>
    	<CD code="08.69" displayName="LID RECONSTR W GRAFT NEC"/>
    	<CD code="08.70" displayName="LID RECONSTRUCTION NOS"/>
    	<CD code="08.71" displayName="LID MARG RECON-PART THIC"/>
    	<CD code="08.72" displayName="LID RECONS-PART THIC NEC"/>
    	<CD code="08.73" displayName="LID MARG RECONS FUL THIC"/>
    	<CD code="08.74" displayName="LID RECONST-FUL THIC NEC"/>
    	<CD code="08.91" displayName="ELECTROSURG LID EPILAT"/>
    	<CD code="08.92" displayName="CRYOSURG LID EPILATION"/>
    	<CD code="08.93" displayName="EYELID EPILATION NEC"/>
    	<CD code="08.99" displayName="EYELID OPERATION NEC"/>
    	<CD code="09.0 " displayName="LACRIMAL GLAND INCISION"/>
    	<CD code="09.11" displayName="LACRIMAL GLAND BIOPSY"/>
    	<CD code="09.12" displayName="LACRIMAL SAC BIOPSY"/>
    	<CD code="09.19" displayName="LACRIMAL SYS DX PROC NEC"/>
    	<CD code="09.20" displayName="EXC LACRIMAL GLAND NOS"/>
    	<CD code="09.21" displayName="EXCIS LES LACRIMAL GLAND"/>
    	<CD code="09.22" displayName="PART DACRYOADENECT NEC"/>
    	<CD code="09.23" displayName="TOTAL DACRYOADENECTOMY"/>
    	<CD code="09.3 " displayName="OTHER LACRIMAL GLAND OPS"/>
    	<CD code="09.41" displayName="LACRIMAL PUNCTUM PROBE"/>
    	<CD code="09.42" displayName="LAC CANALICULI PROBE"/>
    	<CD code="09.43" displayName="NASOLACRIMAL DUCT PROBE"/>
    	<CD code="09.44" displayName="NASOLAC DUCT INTUBAT"/>
    	<CD code="09.49" displayName="LAC PASSAGE MANIP NEC"/>
    	<CD code="09.51" displayName="LAC PUNCTUM INCISION"/>
    	<CD code="09.52" displayName="LAC CANALICULI INCISION"/>
    	<CD code="09.53" displayName="LACRIMAL SAC INCISION"/>
    	<CD code="09.59" displayName="LACRIM PASSAGE INCIS NEC"/>
    	<CD code="09.6 " displayName="LACRIM SAC/PASSAGE EXCIS"/>
    	<CD code="09.71" displayName="CORRECT EVERTED PUNCTUM"/>
    	<CD code="09.72" displayName="PUNCTUM REPAIR NEC"/>
    	<CD code="09.73" displayName="CANALICULUS REPAIR"/>
    	<CD code="09.81" displayName="DACRYOCYSTORHINOSTOMY"/>
    	<CD code="09.82" displayName="CONJUNCTIVOCYSTORHINOST"/>
    	<CD code="09.83" displayName="CONJUNCTIVORHINOS W TUBE"/>
    	<CD code="09.91" displayName="LAC PUNCTUM OBLITERATION"/>
    	<CD code="09.99" displayName="LACRIMAL SYSTEM OP NEC"/>
    	<CD code="10.0 " displayName="INCISE/REMOV CONJUNCT FB"/>
    	<CD code="10.1 " displayName="CONJUNCTIVA INCISION NEC"/>
    	<CD code="10.21" displayName="CONJUNCTIVAL BIOPSY"/>
    	<CD code="10.29" displayName="CONJUNCTIVA DX PROC NEC"/>
    	<CD code="10.31" displayName="EXCISE CONJUNCTIV LESION"/>
    	<CD code="10.32" displayName="DESTRUCT CONJUNC LES NEC"/>
    	<CD code="10.33" displayName="OTH CONJUNC DESTRUC PROC"/>
    	<CD code="10.41" displayName="SYMBLEPH REP W FREE GRFT"/>
    	<CD code="10.42" displayName="GRAFT CONJUNC CUL-DE-SAC"/>
    	<CD code="10.43" displayName="CONJUN CUL-DE-SAC RX NEC"/>
    	<CD code="10.44" displayName="CONJUNC FREE GRAFT NEC"/>
    	<CD code="10.49" displayName="CONJUNCTIVOPLASTY NEC"/>
    	<CD code="10.5 " displayName="CONJUNC/LID ADHESIOLYSIS"/>
    	<CD code="10.6 " displayName="REPAIR CONJUNCT LACERAT"/>
    	<CD code="10.91" displayName="SUBCONJUNCTIVAL INJECT"/>
    	<CD code="10.99" displayName="CONJUNCTIVAL OP NEC"/>
    	<CD code="11.0 " displayName="MAGNET REMOVAL CORNEA FB"/>
    	<CD code="11.1 " displayName="CORNEAL INCISION"/>
    	<CD code="11.21" displayName="CORNEAL SCRAPE FOR SMEAR"/>
    	<CD code="11.22" displayName="CORNEAL BIOPSY"/>
    	<CD code="11.29" displayName="CORNEAL DX PROC NEC"/>
    	<CD code="11.31" displayName="PTERYGIUM TRANSPOSITION"/>
    	<CD code="11.32" displayName="PTERYG EXC W CORNEA GRFT"/>
    	<CD code="11.39" displayName="PTERYGIUM EXCISION NEC"/>
    	<CD code="11.41" displayName="MECH REMOV CORNEA EPITH"/>
    	<CD code="11.42" displayName="THERMOCAUT CORNEA LESION"/>
    	<CD code="11.43" displayName="CRYOTHERAP CORNEA LESION"/>
    	<CD code="11.49" displayName="DESTRUCT CORNEA LES NEC"/>
    	<CD code="11.51" displayName="SUTURE CORNEA LACERATION"/>
    	<CD code="11.52" displayName="REP CORNEA POSTOP DEHISC"/>
    	<CD code="11.53" displayName="RX CORNEA LAC W CONJ FLP"/>
    	<CD code="11.59" displayName="CORNEAL REPAIR NEC"/>
    	<CD code="11.60" displayName="CORNEAL TRANSPLANT NOS"/>
    	<CD code="11.61" displayName="LAM KERATPLAST W AUTGRFT"/>
    	<CD code="11.62" displayName="LAMELLAR KERATOPLAST NEC"/>
    	<CD code="11.63" displayName="PERF KERATOPL W AUTOGRFT"/>
    	<CD code="11.64" displayName="PERFORAT KERATOPLAST NEC"/>
    	<CD code="11.69" displayName="CORNEAL TRANSPLANT NEC"/>
    	<CD code="11.71" displayName="KERATOMILEUSIS"/>
    	<CD code="11.72" displayName="KERATOPHAKIA"/>
    	<CD code="11.73" displayName="KERATOPROSTHESIS"/>
    	<CD code="11.74" displayName="THERMOKERATOPLASTY"/>
    	<CD code="11.75" displayName="RADIAL KERATOTOMY"/>
    	<CD code="11.76" displayName="EPIKERATOPHAKIA"/>
    	<CD code="11.79" displayName="CORNEA RECONSTRUCT NEC"/>
    	<CD code="11.91" displayName="CORNEAL TATTOOING"/>
    	<CD code="11.92" displayName="REMOVE CORNEAL IMPLANT"/>
    	<CD code="11.99" displayName="CORNEAL OPERATION NEC"/>
    	<CD code="12.00" displayName="REMOV ANT SEGMNT FB NOS"/>
    	<CD code="12.01" displayName="MAGNET REMOV ANT SEG FB"/>
    	<CD code="12.02" displayName="NONMAG REMOV ANT SEG FB"/>
    	<CD code="12.11" displayName="IRIDOTOMY W TRANSFIXION"/>
    	<CD code="12.12" displayName="IRIDOTOMY NEC"/>
    	<CD code="12.13" displayName="PROLAPSED IRIS EXCISION"/>
    	<CD code="12.14" displayName="IRIDECTOMY NEC"/>
    	<CD code="12.21" displayName="DX ASPIRAT-ANT CHAMBER"/>
    	<CD code="12.22" displayName="IRIS BIOPSY"/>
    	<CD code="12.29" displayName="ANT SEGMENT DX PROC NEC"/>
    	<CD code="12.31" displayName="GONIOSYNECHIAE LYSIS"/>
    	<CD code="12.32" displayName="ANT SYNECHIA LYSIS NEC"/>
    	<CD code="12.33" displayName="POST SYNECHIAE LYSIS"/>
    	<CD code="12.34" displayName="CORNEOVITREAL ADHESIOLYS"/>
    	<CD code="12.35" displayName="COREOPLASTY"/>
    	<CD code="12.39" displayName="IRIDOPLASTY NEC"/>
    	<CD code="12.40" displayName="REMOV ANT SEGMNT LES NOS"/>
    	<CD code="12.41" displayName="NONEXC DESTRUC IRIS LES"/>
    	<CD code="12.42" displayName="EXCISION OF IRIS LESION"/>
    	<CD code="12.43" displayName="NONEXC DESTR CIL BOD LES"/>
    	<CD code="12.44" displayName="EXCISE CILIARY BODY LES"/>
    	<CD code="12.51" displayName="GONIOPUNCTURE"/>
    	<CD code="12.52" displayName="GONIOTOMY"/>
    	<CD code="12.53" displayName="GONIOTOMY W GONIOPUNCTUR"/>
    	<CD code="12.54" displayName="TRABECULOTOMY AB EXTERNO"/>
    	<CD code="12.55" displayName="CYCLODIALYSIS"/>
    	<CD code="12.59" displayName="FACILIT INTRAOC CIRC NEC"/>
    	<CD code="12.61" displayName="TREPHIN SCLERA W IRIDECT"/>
    	<CD code="12.62" displayName="THERMCAUT SCLER W IRIDEC"/>
    	<CD code="12.63" displayName="IRIDENCLEISIS/IRIDOTASIS"/>
    	<CD code="12.64" displayName="TRABECULECTOM AB EXTERNO"/>
    	<CD code="12.65" displayName="SCLER FISTULIZ W IRIDECT"/>
    	<CD code="12.66" displayName="POSTOP REVIS SCL FISTUL"/>
    	<CD code="12.69" displayName="SCLER FISTULIZING OP NEC"/>
    	<CD code="12.71" displayName="CYCLODIATHERMY"/>
    	<CD code="12.72" displayName="CYCLOCRYOTHERAPY"/>
    	<CD code="12.73" displayName="CYCLOPHOTOCOAGULATION"/>
    	<CD code="12.74" displayName="CIL BODY DIMINUTION NOS"/>
    	<CD code="12.79" displayName="GLAUCOMA PROCEDURE NEC"/>
    	<CD code="12.81" displayName="SUTURE SCLERAL LACER"/>
    	<CD code="12.82" displayName="SCLERAL FISTULA REPAIR"/>
    	<CD code="12.83" displayName="REVIS ANT SEG OP WND NEC"/>
    	<CD code="12.84" displayName="DESTRUCT SCLERAL LESION"/>
    	<CD code="12.85" displayName="REPAIR STAPHYLOM W GRAFT"/>
    	<CD code="12.86" displayName="REP SCLER STAPHYLOMA NEC"/>
    	<CD code="12.87" displayName="GRAFT REINFORCE SCLERA"/>
    	<CD code="12.88" displayName="SCLERA REINFORCEMENT NEC"/>
    	<CD code="12.89" displayName="SCLERAL OPERATION NEC"/>
    	<CD code="12.91" displayName="THERAPEUT EVAC ANT CHAMB"/>
    	<CD code="12.92" displayName="ANTERIOR CHAMBER INJECT"/>
    	<CD code="12.93" displayName="REMOV EPITHEL DOWNGROWTH"/>
    	<CD code="12.97" displayName="IRIS OPERATION NEC"/>
    	<CD code="12.98" displayName="CILIARY BODY OP NEC"/>
    	<CD code="12.99" displayName="ANTERIOR CHAMBER OP NEC"/>
    	<CD code="13.00" displayName="REMOVE FB LENS NOS"/>
    	<CD code="13.01" displayName="MAGNET REMOVE FB LENS"/>
    	<CD code="13.02" displayName="NONMAGNET REMOVE FB LENS"/>
    	<CD code="13.11" displayName="TEMP-INF INTRCAP LENS EX"/>
    	<CD code="13.19" displayName="INTRACAPSUL LENS EXT NEC"/>
    	<CD code="13.2 " displayName="LINEAR EXTRACAP LENS EXT"/>
    	<CD code="13.3 " displayName="SIMPL ASPIR LENS EXTRACT"/>
    	<CD code="13.41" displayName="CATARAC PHACOEMULS/ASPIR"/>
    	<CD code="13.42" displayName="POST CATARAC FRAG/ASPIR"/>
    	<CD code="13.43" displayName="CATARACT FRAG/ASPIR NEC"/>
    	<CD code="13.51" displayName="TEMP-INF XTRACAP LENS EX"/>
    	<CD code="13.59" displayName="EXTRACAP LENS EXTRAC NEC"/>
    	<CD code="13.61" displayName="EXTRACAP LENS EXTRAC NEC"/>
    	<CD code="13.62" displayName="EXTRACAP LENS EXTRAC NEC"/>
    	<CD code="13.63" displayName="EXTRACAP LENS EXTRAC NEC"/>
    	<CD code="13.64" displayName="AFTER-CATAR DISCISSION"/>
    	<CD code="13.65" displayName="AFTER-CATARACT EXCISION"/>
    	<CD code="13.66" displayName="AFTER CATAR FRAGMNTATION"/>
    	<CD code="13.69" displayName="CATARACT EXTRACTION NEC"/>
    	<CD code="13.70" displayName="INSERT PSEUDOPHAKOS NOS"/>
    	<CD code="13.71" displayName="NSERT LENS AT CATAR EXT"/>
    	<CD code="13.72" displayName="SECONDARY INSERT LENS"/>
    	<CD code="13.8 " displayName="IMPLANTED LENS REMOVAL"/>
    	<CD code="13.9 " displayName="OTHER OPERATIONS ON LENS"/>
    	<CD code="13.90" displayName="OPERATION ON LENS NEC (OCT06)"/>
    	<CD code="13.91" displayName="IMPL INTRAOC TELESC PROS (OCT06)"/>
    	<CD code="14.00" displayName="REMOV POST SEGMNT FB NOS"/>
    	<CD code="14.01" displayName="MAGNET REMOV POST SEG FB"/>
    	<CD code="14.02" displayName="NONMAG REMOV POST SEG FB"/>
    	<CD code="14.11" displayName="DIAGNOST VITREOUS ASPIR"/>
    	<CD code="14.19" displayName="DX PROC POST SEG NEC"/>
    	<CD code="14.21" displayName="CHORIORET LES DIATHERMY"/>
    	<CD code="14.22" displayName="CHORIORETIN LES CRYOTHER"/>
    	<CD code="14.26" displayName="CHORIORET LES RADIOTHER"/>
    	<CD code="14.27" displayName="CHORIORET LES RAD IMPLAN"/>
    	<CD code="14.29" displayName="CHORIORET LES DESTR NEC"/>
    	<CD code="14.31" displayName="RETINAL TEAR DIATHERMY"/>
    	<CD code="14.32" displayName="RETINAL TEAR CRYOTHERAPY"/>
    	<CD code="14.39" displayName="RETINAL TEAR REPAIR NEC"/>
    	<CD code="14.41" displayName="SCLERAL BUCKLE W IMPLANT"/>
    	<CD code="14.49" displayName="SCLERAL BUCKLING NEC"/>
    	<CD code="14.51" displayName="DETACH RETINA-DIATHERMY"/>
    	<CD code="14.52" displayName="DETACH RETINA-CRYOTHERAP"/>
    	<CD code="14.53" displayName="DETACH RETINA XENON COAG"/>
    	<CD code="14.54" displayName="DETACH RETINA LASER COAG"/>
    	<CD code="14.55" displayName="DETACH RET PHOTOCOAG NOS"/>
    	<CD code="14.59" displayName="REPAIR RETINA DETACH NEC"/>
    	<CD code="14.6 " displayName="REMOV PROS MAT POST SEG"/>
    	<CD code="14.71" displayName="ANTERIOR REMOV VITREOUS"/>
    	<CD code="14.72" displayName="VITREOUS REMOVAL NEC"/>
    	<CD code="14.73" displayName="ANTERIOR MECHAN VITRECT"/>
    	<CD code="14.74" displayName="MECH VITRECTOMY NEC"/>
    	<CD code="14.75" displayName="VITREOUS SUBSTITUT INJEC"/>
    	<CD code="14.79" displayName="VITREOUS OPERATION NEC"/>
    	<CD code="14.9 " displayName="OTHER POST SEGMENT OPS"/>
    	<CD code="15.01" displayName="EXTRAOC MUSC-TEND BIOPSY"/>
    	<CD code="15.09" displayName="EXTRAOC MUSC DX PROC NEC"/>
    	<CD code="15.11" displayName="ONE EXTRAOC MUS RECESS"/>
    	<CD code="15.12" displayName="1 EXTRAOC MUSCL ADVANCE"/>
    	<CD code="15.13" displayName="1 EXTRAOC MUSCL RESECT"/>
    	<CD code="15.19" displayName="XTRAOC MUS OP/DETACH NEC"/>
    	<CD code="15.21" displayName="LENGTHEN 1 EXTRAOC MUSC"/>
    	<CD code="15.22" displayName="SHORTEN 1 EXTRAOC MUSC"/>
    	<CD code="15.29" displayName="OP ON 1 EXTRAOC MUSC NEC"/>
    	<CD code="15.3 " displayName="TEMP DETACH GT1 XTROC MUS"/>
    	<CD code="15.4 " displayName="OTH OP ON GTL EXTRAOC MUS"/>
    	<CD code="15.5 " displayName="EXTRAOCUL MUS TRANSPOSIT"/>
    	<CD code="15.6 " displayName="REVIS EXTRAOC MUSC SURG"/>
    	<CD code="15.7 " displayName="EXTRAOC MUSC INJ REPAIR"/>
    	<CD code="15.9 " displayName="OTH EXTRAOC MUS-TEND OP"/>
    	<CD code="16.01" displayName="ORBITOTOMY W BONE FLAP"/>
    	<CD code="16.02" displayName="ORBITOTOMY W IMPLANT"/>
    	<CD code="16.09" displayName="ORBITOTOMY NEC"/>
    	<CD code="16.1 " displayName="REMOVE PENETRAT FB EYE"/>
    	<CD code="16.22" displayName="DIAGNOSTIC ASP OF ORBIT"/>
    	<CD code="16.23" displayName="EYEBALL + ORBIT BIOPSY"/>
    	<CD code="16.29" displayName="EYEBAL/ORBIT DX PROC NEC"/>
    	<CD code="16.31" displayName="EYE EVISC W SYNCH IMPLAN"/>
    	<CD code="16.39" displayName="EYEBALL EVISCERATION NEC"/>
    	<CD code="16.41" displayName="EYE ENUC/IMPLAN/MUSC ATT"/>
    	<CD code="16.42" displayName="EYE ENUC W IMPLANT NEC"/>
    	<CD code="16.49" displayName="EYEBALL ENUCLEATION NEC"/>
    	<CD code="16.51" displayName="RADICAL ORBITOMAXILLECT"/>
    	<CD code="16.52" displayName="ORBIT EXENT W BONE REMOV"/>
    	<CD code="16.59" displayName="ORBITAL EXENTERATION NEC"/>
    	<CD code="16.61" displayName="2NDRY OCULAR IMP INSERT"/>
    	<CD code="16.62" displayName="REVIS/REINSERT OCUL IMP"/>
    	<CD code="16.63" displayName="REVIS ENUC SOCKET W GRFT"/>
    	<CD code="16.64" displayName="ENUC SOCKET REVIS NEC"/>
    	<CD code="16.65" displayName="2NDRY EXENT CAVITY GRAFT"/>
    	<CD code="16.66" displayName="REVIS EXENTER CAVITY NEC"/>
    	<CD code="16.69" displayName="2ND OP POST EYE REM NEC"/>
    	<CD code="16.71" displayName="REMOVE OCULAR IMPLANT"/>
    	<CD code="16.72" displayName="REMOVE ORBITAL IMPLANT"/>
    	<CD code="16.81" displayName="REPAIR OF ORBITAL WOUND"/>
    	<CD code="16.82" displayName="REPAIR EYEBALL RUPTURE"/>
    	<CD code="16.89" displayName="EYE/ORBIT INJ REPAIR NEC"/>
    	<CD code="16.92" displayName="EXCISION ORBITAL LESION"/>
    	<CD code="16.93" displayName="EXCISION EYE LESION NOS"/>
    	<CD code="16.98" displayName="OPERATION ON ORBIT NEC"/>
    	<CD code="16.99" displayName="OPERATION ON EYEBALL NEC"/>
    	<CD code="17.11" displayName="LAP DIR ING HERN-GRAFT (OCT08)"/>
    	<CD code="17.12" displayName="LAP INDIR ING HERN-GRAFT (OCT08)"/>
    	<CD code="17.13" displayName="LAP ING HERN-GRAFT NOS (OCT08)"/>
    	<CD code="17.21" displayName="LAP BIL DIR ING HRN-GRFT (OCT08)"/>
    	<CD code="17.22" displayName="LAP BI INDIR ING HRN-GRF (OCT08)"/>
    	<CD code="17.23" displayName="LAP BI DR/IND ING HRN-GR (OCT08)"/>
    	<CD code="17.24" displayName="LAP BIL ING HERN-GRF NOS (OCT08)"/>
    	<CD code="17.31" displayName="LAP MUL SEG RES LG INTES (OCT08)"/>
    	<CD code="17.32" displayName="LAPAROSCOPIC CECECTOMY (OCT08)"/>
    	<CD code="17.33" displayName="LAP RIGHT HEMICOLECTOMY (OCT08)"/>
    	<CD code="17.34" displayName="LAP RES TRANSVERSE COLON (OCT08)"/>
    	<CD code="17.35" displayName="LAP LEFT HEMICOLECTOMY (OCT08)"/>
    	<CD code="17.36" displayName="LAP SIGMOIDECTOMY (OCT08)"/>
    	<CD code="17.39" displayName="LAP PT EX LRG INTEST NEC (OCT08)"/>
    	<CD code="17.51" displayName="IMPLANT CCM, TOTAL SYSTEM (OCT09)"/>
    	<CD code="17.52" displayName="IMPLANT CCM PULSE GENRTR (OCT09)"/>
    	<CD code="17.61" displayName="LITT LESN BRAIN, GUIDANCE (OCT09)"/>
    	<CD code="17.62" displayName="LITT LESN HD/NCK GUIDANCE (OCT09)"/>
    	<CD code="17.63" displayName="LITT LESN LIVER, GUIDEANCE (OCT09)"/>
    	<CD code="17.69" displayName="LITT LESN GUIDE OTH/NOS (OCT09)"/>
    	<CD code="18.21" displayName="PREAURICULAR SINUS EXCIS"/>
    	<CD code="18.31" displayName="RAD EXCIS EXT EAR LES"/>
    	<CD code="18.39" displayName="EXCIS EXTERNAL EAR NEC"/>
    	<CD code="18.5 " displayName="CORRECTION PROMINENT EAR"/>
    	<CD code="18.6 " displayName="EXT AUDIT CANAL RECONSTR"/>
    	<CD code="18.71" displayName="CONSTRUCTION EAR AURICLE"/>
    	<CD code="18.72" displayName="REATTACH AMPUTATED EAR"/>
    	<CD code="18.79" displayName="PLASTIC REP EXT EAR NEC"/>
    	<CD code="18.9 " displayName="OTHER EXT EAR OPERATIONS"/>
    	<CD code="19.0 " displayName="STAPES MOBILIZATION"/>
    	<CD code="19.11" displayName="STAPEDECT W REPLAC INCUS"/>
    	<CD code="19.19" displayName="STAPEDECTOMY NEC"/>
    	<CD code="19.21" displayName="REV STAPDEC W INCUS REPL"/>
    	<CD code="19.29" displayName="STAPEDECTOMY REVIS NEC"/>
    	<CD code="19.3 " displayName="OSSICULAR CHAIN OP NEC"/>
    	<CD code="19.4 " displayName="MYRINGOPLASTY"/>
    	<CD code="19.52" displayName="TYPE 2 TYMPANOPLASTY"/>
    	<CD code="19.53" displayName="TYPE 3 TYMPANOPLASTY"/>
    	<CD code="19.54" displayName="TYPE 4 TYMPANOPLASTY"/>
    	<CD code="19.55" displayName="TYPE 5 TYMPANOPLASTY"/>
    	<CD code="19.6 " displayName="TYMPANOPLASTY REVISION"/>
    	<CD code="19.9 " displayName="MIDDLE EAR REPAIR NEC"/>
    	<CD code="20.01" displayName="MYRINGOTOMY W INTUBATION"/>
    	<CD code="20.21" displayName="MASTOID INCISION"/>
    	<CD code="20.22" displayName="PETRUS PYRAM AIR CEL INC"/>
    	<CD code="20.23" displayName="MIDDLE EAR INCISION"/>
    	<CD code="20.32" displayName="MID + INNER EAR BIOPSY"/>
    	<CD code="20.39" displayName="MID/IN EAR DX PROC NEC"/>
    	<CD code="20.41" displayName="SIMPLE MASTOIDECTOMY"/>
    	<CD code="20.42" displayName="RADICAL MASTOIDECTOMY"/>
    	<CD code="20.49" displayName="MASTOIDECTOMY NEC"/>
    	<CD code="20.51" displayName="EXCISE MIDDLE EAR LESION"/>
    	<CD code="20.59" displayName="MIDDLE EAR EXCISION NEC"/>
    	<CD code="20.61" displayName="INNER EAR FENESTRATION"/>
    	<CD code="20.62" displayName="REVIS INNER EAR FENESTRA"/>
    	<CD code="20.71" displayName="ENDOLYMPHATIC SHUNT"/>
    	<CD code="20.72" displayName="INNER EAR INJECTION"/>
    	<CD code="20.79" displayName="INC/EXC/DESTR IN EAR NEC"/>
    	<CD code="20.91" displayName="TYMPANOSYMPATHECTOMY"/>
    	<CD code="20.92" displayName="MASTOIDECTOMY REVISION"/>
    	<CD code="20.93" displayName="REPAIR OVAL/ROUND WINDOW"/>
    	<CD code="20.95" displayName="ELECMAG HEAR DEV IMPLANT"/>
    	<CD code="20.96" displayName="IMPLT COCHLEAR PROST NOS"/>
    	<CD code="20.97" displayName="IMP/REP SCHAN COCH PROS"/>
    	<CD code="20.98" displayName="IMP/REP MCHAN COCHL PROS"/>
    	<CD code="20.99" displayName="MID-INNER EAR OPS NEC"/>
    	<CD code="21.04" displayName="ETHMOID ART LIGAT-EPIST"/>
    	<CD code="21.05" displayName="MAX ART LIG FOR EPISTAX"/>
    	<CD code="21.06" displayName="EXT CAROT ART LIG-EPIST"/>
    	<CD code="21.07" displayName="NASAL SEPT GRFT-EPISTAX"/>
    	<CD code="21.09" displayName="EPISTAXIS CONTROL NEC"/>
    	<CD code="21.4 " displayName="RESECTION OF NOSE"/>
    	<CD code="21.5 " displayName="SUBMUC NASAL SEPT RESECT"/>
    	<CD code="21.61" displayName="DIATHER/CRYO TURBINECTOM"/>
    	<CD code="21.62" displayName="TURBINATE FRACTURE"/>
    	<CD code="21.69" displayName="TURBINECTOMY NEC"/>
    	<CD code="21.72" displayName="OPEN REDUCTION NASAL FX"/>
    	<CD code="21.82" displayName="NASAL FISTULA CLOSURE"/>
    	<CD code="21.83" displayName="TOT NASAL RECONSTRUCTION"/>
    	<CD code="21.84" displayName="REVISION RHINOPLASTY"/>
    	<CD code="21.85" displayName="AUGMENTATION RHINOPLASTY"/>
    	<CD code="21.86" displayName="LIMITED RHINOPLASTY"/>
    	<CD code="21.87" displayName="RHINOPLASTY NEC"/>
    	<CD code="21.88" displayName="SEPTOPLASTY NEC"/>
    	<CD code="21.89" displayName="NASAL REPAIR NEC"/>
    	<CD code="21.99" displayName="NASAL OPERATION NEC"/>
    	<CD code="22.12" displayName="OPEN BIOPSY NASAL SINUS"/>
    	<CD code="22.31" displayName="RADICAL MAXILLARY ANTROT"/>
    	<CD code="22.39" displayName="EXT MAXILLARY ANTROT NEC"/>
    	<CD code="22.41" displayName="FRONTAL SINUSOTOMY"/>
    	<CD code="22.42" displayName="FRONTAL SINUSECTOMY"/>
    	<CD code="22.50" displayName="SINUSOTOMY NOS"/>
    	<CD code="22.51" displayName="ETHMOIDOTOMY"/>
    	<CD code="22.52" displayName="SPHENOIDOTOMY"/>
    	<CD code="22.53" displayName="MULTIPLE SINUS INCISION"/>
    	<CD code="22.60" displayName="SINUSECTOMY NOS"/>
    	<CD code="22.61" displayName="C-LUC EXC MAX SINUS LES"/>
    	<CD code="22.62" displayName="EXC MAX SINUS LESION NEC"/>
    	<CD code="22.63" displayName="ETHMOIDECTOMY"/>
    	<CD code="22.64" displayName="SPHENOIDECTOMY"/>
    	<CD code="22.71" displayName="NASAL SINUS FISTULA CLOS"/>
    	<CD code="22.79" displayName="NASAL SINUS REPAIR NEC"/>
    	<CD code="22.9 " displayName="OTHER NASAL SINUS OPS"/>
    	<CD code="24.2 " displayName="GINGIVOPLASTY"/>
    	<CD code="24.4 " displayName="EXC OF DENTAL LES OF JAW"/>
    	<CD code="24.5 " displayName="ALVEOLOPLASTY"/>
    	<CD code="25.02" displayName="OPEN BIOPSY OF TONGUE"/>
    	<CD code="25.1 " displayName="DESTRUCTION TONGUE LES"/>
    	<CD code="25.2 " displayName="PARTIAL GLOSSECTOMY"/>
    	<CD code="25.3 " displayName="COMPLETE GLOSSECTOMY"/>
    	<CD code="25.4 " displayName="RADICAL GLOSSECTOMY"/>
    	<CD code="25.59" displayName="REPAIR OF TONGUE NEC"/>
    	<CD code="25.94" displayName="OTHER GLOSSOTOMY"/>
    	<CD code="25.99" displayName="TONGUE OPERATION NEC"/>
    	<CD code="26.12" displayName="OPEN BX SALIV GLAND/DUCT"/>
    	<CD code="26.21" displayName="SALIVARY CYST MARSUPIAL"/>
    	<CD code="26.29" displayName="SALIV LESION EXCIS NEC"/>
    	<CD code="26.30" displayName="SIALOADENECTOMY NOS"/>
    	<CD code="26.31" displayName="PARTIAL SIALOADENECTOMY"/>
    	<CD code="26.32" displayName="COMPLETE SIALOADENECTOMY"/>
    	<CD code="26.41" displayName="SUTURE OF SALIV GLND LAC"/>
    	<CD code="26.42" displayName="SALIVARY FISTULA CLOSURE"/>
    	<CD code="26.49" displayName="SALIVARY REPAIR NEC"/>
    	<CD code="26.99" displayName="SALIVARY OPERATION NEC"/>
    	<CD code="27.0 " displayName="DRAIN FACE + MOUTH FLOOR"/>
    	<CD code="27.1 " displayName="INCISION OF PALATE"/>
    	<CD code="27.21" displayName="BONY PALATE BIOPSY"/>
    	<CD code="27.22" displayName="UVULA AND SOFT PALATE BX"/>
    	<CD code="27.31" displayName="LOC EXC BONY PALATE LES"/>
    	<CD code="27.32" displayName="WIDE EXC BONY PALATE LES"/>
    	<CD code="27.42" displayName="WIDE EXCISION OF LIP LES"/>
    	<CD code="27.43" displayName="EXCISION OF LIP LES NEC"/>
    	<CD code="27.49" displayName="EXCISION OF MOUTH NEC"/>
    	<CD code="27.53" displayName="CLOSURE OF MOUTH FISTULA"/>
    	<CD code="27.54" displayName="REPAIR OF CLEFT LIP"/>
    	<CD code="27.55" displayName="FULL-THICK GRFT TO MOUTH"/>
    	<CD code="27.56" displayName="SKIN GRAFT TO MOUTH NEC"/>
    	<CD code="27.57" displayName="PEDICLE ATTACH TO MOUTH"/>
    	<CD code="27.59" displayName="MOUTH REPAIR NEC"/>
    	<CD code="27.61" displayName="SUTURE OF PALATE LACERAT"/>
    	<CD code="27.62" displayName="CLEFT PALATE CORRECTION"/>
    	<CD code="27.63" displayName="REVIS CLEFT PALAT REPAIR"/>
    	<CD code="27.69" displayName="OTH PLASTIC REPAIR PALAT"/>
    	<CD code="27.71" displayName="INCISION OF UVULA"/>
    	<CD code="27.72" displayName="EXCISION OF UVULA"/>
    	<CD code="27.73" displayName="REPAIR OF UVULA"/>
    	<CD code="27.79" displayName="OTHER UVULA OPERATIONS"/>
    	<CD code="27.92" displayName="MOUTH INCISION NOS"/>
    	<CD code="27.99" displayName="ORAL CAVITY OPS NEC"/>
    	<CD code="28.0 " displayName="PERITONSILLAR I + D"/>
   	</membersForCodeSystem>
</OpenCdsConceptMappingSpecificationFile>
