<?xml version="1.0" encoding="UTF-8"?>
<OpenCdsConceptMappingSpecificationFile>
	<specificationNotes>The child of a person, as commonly represented. Does not necessarily imply genetic relationship, legal responsibility, or living together.</specificationNotes>
	<openCdsConcept code="C388" displayName="Child Of"></openCdsConcept>
    <conceptDeterminationMethod code="C36" displayName="OpenCDS"></conceptDeterminationMethod>
    <membersForCodeSystem codeSystem="2.16.840.1.113883.3.795.12.1.2" codeSystemName="OpenCDS">
    	<CD code="ChildOf" displayName="Child of"/>
    </membersForCodeSystem>
</OpenCdsConceptMappingSpecificationFile>     
