<?xml version="1.0" encoding="UTF-8"?>
<OpenCdsConceptMappingSpecificationFile>
	<specificationNotes>The genetic child of a person, for scientific purposes.</specificationNotes>
	<openCdsConcept code="C391" displayName="Genetic Child of"></openCdsConcept>
    <conceptDeterminationMethod code="C36" displayName="OpenCDS"></conceptDeterminationMethod>
    <membersForCodeSystem codeSystem="2.16.840.1.113883.3.795.12.1.2" codeSystemName="OpenCDS">
    	<CD code="GChildOf" displayName="Genetic Child Of"/>
    </membersForCodeSystem>
</OpenCdsConceptMappingSpecificationFile>     
