<?xml version="1.0" encoding="UTF-8"?>
<OpenCdsConceptMappingSpecificationFile>
	<specificationNotes></specificationNotes>
	<openCdsConcept code="C405" displayName="Part Of"></openCdsConcept>
    <conceptDeterminationMethod code="C36" displayName="OpenCDS"></conceptDeterminationMethod>
    <membersForCodeSystem codeSystem="2.16.840.1.113883.3.795.12.1.2" codeSystemName="OpenCDS">
    	<CD code="COMP" displayName="Component of"/>
    	<CD code="ContBy" displayName="Contained by"/>
    	<CD code="PartOf" displayName="Part Of"/>
    </membersForCodeSystem>
</OpenCdsConceptMappingSpecificationFile>     
