<?xml version="1.0" encoding="UTF-8"?>
<OpenCdsConceptMappingSpecificationFile>
	<specificationNotes>The genetic parent of a person, for scientific purposes.</specificationNotes>
	<openCdsConcept code="C390" displayName="Genetic Parent of"></openCdsConcept>
    <conceptDeterminationMethod code="C36" displayName="OpenCDS"></conceptDeterminationMethod>
    <membersForCodeSystem codeSystem="2.16.840.1.113883.3.795.12.1.2" codeSystemName="OpenCDS">
    	<CD code="GParent" displayName="Genetic Parent Of"/>
    </membersForCodeSystem>
</OpenCdsConceptMappingSpecificationFile>     
