<?xml version="1.0" encoding="UTF-8"?>
<OpenCdsConceptMappingSpecificationFile>
	<specificationNotes></specificationNotes>
	<openCdsConcept code="C397" displayName="Infection Contact"></openCdsConcept>
    <conceptDeterminationMethod code="C36" displayName="OpenCDS"></conceptDeterminationMethod>
    <membersForCodeSystem codeSystem="2.16.840.1.113883.3.795.12.1.2" codeSystemName="OpenCDS">
    	<CD code="InfContact" displayName="Public Health Contact"/>
    </membersForCodeSystem>
</OpenCdsConceptMappingSpecificationFile>     
