<?xml version="1.0" encoding="UTF-8"?>
<OpenCdsConceptMappingSpecificationFile>
	<specificationNotes>A third-degree relative is defined as a blood relative which includes the individual’s first-cousins, great-grandparents or great grandchildren</specificationNotes>
	<openCdsConcept code="C462" displayName="Relative Third Degree"></openCdsConcept>
    <conceptDeterminationMethod code="C36" displayName="OpenCDS"></conceptDeterminationMethod>
    <membersForCodeSystem codeSystem="2.16.840.1.113883.3.795.12.1.2" codeSystemName="OpenCDS">
    	<CD code="RelDegree3" displayName="Relative Third Degree"/>
    </membersForCodeSystem>
</OpenCdsConceptMappingSpecificationFile>     
