<?xml version="1.0" encoding="UTF-8"?>
<OpenCdsConceptMappingSpecificationFile>
	<specificationNotes>The genetic half sibling of a person, for scientific purposes.  This means they share one genetic parent, but not the other.</specificationNotes>
	<openCdsConcept code="C393" displayName="Genetic Half Sibling of"></openCdsConcept>
    <conceptDeterminationMethod code="C36" displayName="OpenCDS"></conceptDeterminationMethod>
    <membersForCodeSystem codeSystem="2.16.840.1.113883.3.795.12.1.2" codeSystemName="OpenCDS">
    	<CD code="GHalfSibling" displayName="Genetic Half Sibling Of"/>
    </membersForCodeSystem>
</OpenCdsConceptMappingSpecificationFile>     
