<?xml version="1.0" encoding="UTF-8"?>
<?xml-stylesheet type="text/xsl" href="HQMFreader.xsl"?>
<QualityMeasureDocument xmlns:xsi="http://www.w3.org/2001/XMLSchema-instance" xmlns="urn:hl7-org:v3">
         
      <!--
         **************************************************************   
         Measure Header Section
         **************************************************************
      --><typeId root="2.16.840.1.113883.1.3" extension="POQM_HD000001"/>
   <id root="8ce0bd83-8e22-47ba-8d1d-cf447e189739"/>
   <code code="57024-2" codeSystem="2.16.840.1.113883.6.1" displayName="Health Quality Measure Document"/>
   <title>Diabetes: Blood Pressure Management (NQF 0061)</title>
   <text>The percentage of patients 18-75 years of age with diabetes (type 1 or type 2) who had BP &lt; 140/90 mmHg.</text>
   <statusCode code="completed"/>
   <setId root="120ff978-f491-4002-aeeb-d8608f74fde8"/>
   <versionNumber value="1"/>
   <author typeCode="AUT">
      <assignedPerson classCode="ASSIGNED">
         <representedOrganization classCode="ORG" determinerCode="INSTANCE">
            <id root="2.16.840.1.113883.3.464"/>
            <name>National Committee for Quality Assurance</name>
            <contactParty classCode="CON" nullFlavor="UNK"/>
         </representedOrganization>
      </assignedPerson>
   </author>
   <custodian>
      <assignedPerson classCode="ASSIGNED">
         <representedOrganization classCode="ORG" determinerCode="INSTANCE">
            <id root="2.16.840.1.113883.3.464"/>
            <name>National Committee for Quality Assurance</name>
            <contactParty classCode="CON" nullFlavor="UNK"/>
         </representedOrganization>
      </assignedPerson>
   </custodian>
   <verifier typeCode="VRF">
      <assignedPerson classCode="ASSIGNED">
         <representedOrganization classCode="ORG" determinerCode="INSTANCE">
            <id root="2.16.840.1.113883.3.560"/>
            <name>National Quality Forum</name>
            <contactParty classCode="CON" nullFlavor="UNK"/>
         </representedOrganization>
      </assignedPerson>
   </verifier>
   <subjectOf>
      <measureAttribute>
         <code code="COPY" codeSystem="2.16.840.1.113883.5.4" displayName="Copyright"/>
         <value xsi:type="ED" mediaType="text/plain">© National Committee for Quality Assurance. All Rights Reserved</value>
      </measureAttribute>
   </subjectOf>
   <subjectOf>
      <measureAttribute>
         <code code="MSRSCORE" codeSystem="2.16.840.1.113883.5.4" displayName="Measure scoring"/>
         <value xsi:type="CD" code="PROPOR" codeSystem="2.16.840.1.113883.5.1063" displayName="Proportion"/>
      </measureAttribute>
   </subjectOf>
   <subjectOf>
      <measureAttribute>
         <code code="MSRTYPE" codeSystem="2.16.840.1.113883.5.4" displayName="Measure type"/>
         <value xsi:type="CD" code="PROCESS" codeSystem="2.16.840.1.113883.5.1063" displayName="Process"/>
      </measureAttribute>
   </subjectOf>
   <subjectOf>
      <measureAttribute>
         <code code="STRAT" codeSystem="2.16.840.1.113883.5.4" displayName="Stratification"/>
         <value xsi:type="ED" mediaType="text/plain">None</value>
      </measureAttribute>
   </subjectOf>
   <subjectOf>
      <measureAttribute>
         <code code="MSRADJ" codeSystem="2.16.840.1.113883.5.4" displayName="Risk Adjustment"/>
         <value xsi:type="ED" mediaType="text/plain">None</value>
      </measureAttribute>
   </subjectOf>
   <subjectOf>
      <measureAttribute>
         <code code="MSRAGG" codeSystem="2.16.840.1.113883.5.4" displayName="Data Aggregation"/>
         <value xsi:type="ED" mediaType="text/plain"/>
      </measureAttribute>
   </subjectOf>
   <subjectOf>
      <measureAttribute>
         <code code="RAT" codeSystem="2.16.840.1.113883.5.4" displayName="Rationale"/>
         <value xsi:type="ED" mediaType="text/plain">This measure evaluates the percentage of patients in a specific age demographic who were diagnosed with type 1 or type 2 diabetes and who sustain adequate blood pressure control. Diabetes mellitus (diabetes) is a group of diseases characterized by high blood glucose levels caused by the body's inability to correctly produce or utilize the hormone insulin. It is recognized as a leading cause of death and disability in the U.S. and is highly underreported as a cause of death. Diabetes of either type may cause life-threatening, life-ending or life-altering complications, including poor blood pressure control and subsequent cardiovascular disease of varying severity. Maintaining a healthy blood pressure has been shown to reduce complications due to diabetes, with a 10 mm Hg reduction in systolic blood pressure lowering the risk of complications by 12%. It also reduces the chance of cardiovascular disease among patient with diabetes by up to 50% and reduces the chance of other related complications (eye, kidney, nerve) by more than 25%. This measure facilitates long-term management of blood pressure levels for patients diagnosed with diabetes.</value>
      </measureAttribute>
   </subjectOf>
   <subjectOf>
      <measureAttribute>
         <code code="CRS" codeSystem="2.16.840.1.113883.3.560" displayName="Clinical Recommendation Statement"/>
         <value xsi:type="ED" mediaType="text/plain">Statement American Association of Clinical Endocrinologists and American College of Endocrinology (AACE/ACE): Recommends that a blood pressure determination during the initial evaluation, including orthostatic evaluation, be included in the initial and every interim physical examination.
                
American College of Physicians (ACP): Blood pressure control must be a priority in the management of persons with hypertension and type 2 diabetes.

American Diabetes Association (ADA): Blood pressure should be measured at every routine diabetes visit. Patients found to have systolic blood pressure &gt;130 mmHg or diastolic &gt;80 mmHg should have blood pressure confirmed on a separate day. Orthostatic measurement of blood pressure should be performed to assess for the presence of autonomic neuropathy. (Level of Evidence: E)

American Geriatrics Society (AGS): Older persons with diabetes are likely to benefit greatly from cardiovascular risk reduction, therefore monitor and treat hypertension and dyslipidemias.

JNC VII: Recommends that measurement of blood pressure in the standing position is indicated periodically, especially in those at risk for postural hypotension. At least two measurements should be made and the average recorded. After BP is at goal and stable, follow-up visits can usually be at 3-to 6- month intervals. Co-morbidities such as heart failure, associated diseases such as diabetes, and the need for laboratory tests influence the frequency of visits.

National Kidney Foundation (NKF): Recommends that all individuals should be evaluated during health encounters to determine whether they are at increased risk of having or of developing chronic kidney disease. This evaluation of risk factors should include blood pressure measurement. </value>
      </measureAttribute>
   </subjectOf>
   <subjectOf>
      <measureAttribute>
         <code code="IDUR" codeSystem="2.16.840.1.113883.3.560" displayName="Improvement notation"/>
         <value xsi:type="ED" mediaType="text/plain">Higher score indicates better quality</value>
      </measureAttribute>
   </subjectOf>
   <subjectOf>
      <measureAttribute>
         <templateId root="2.16.840.1.113883.3.560.1.74"/>
         <id root="0F86564F-0DD7-4EB8-B684-5340BCA01404"/>
         <code code="MSRTP" displayName="Measurement period" codeSystem="2.16.840.1.113883.3.560"/>
         <value xsi:type="EXPR_PQ" value="12" unit="m">
            <expression mediaType="text/plain">measureEndDate - measureStartDate</expression>
         </value>
      </measureAttribute>
   </subjectOf>
   <subjectOf>
      <localVariableName>measureStartDate</localVariableName>
      <measureAttribute>
         <templateId root="2.16.840.1.113883.3.560.1.75"/>
         <id root="BD79CFCF-9B7C-4DAE-B8B8-E26AEBC6071F7"/>
         <code code="MSRSD" displayName="Measurement start date" codeSystem="2.16.840.1.113883.3.560"/>
         <value xsi:type="TS" value="00000101"/>
      </measureAttribute>
   </subjectOf>
   <subjectOf>
      <localVariableName>measureEndDate</localVariableName>
      <measureAttribute>
         <templateId root="2.16.840.1.113883.3.560.1.75"/>
         <id root="DEA5FB4D-05C9-4442-8CDE-078DE270DFAA"/>
         <code code="MSRED" displayName="Measurement end date" codeSystem="2.16.840.1.113883.3.560"/>
         <value xsi:type="TS" value="00001231"/>
      </measureAttribute>
   </subjectOf>
   <subjectOf>
      <measureAttribute>
         <code code="MSRMD" codeSystem="2.16.840.1.113883.3.560" displayName="Measurement duration"/>
         <value xsi:type="ED" mediaType="text/plain">12 month(s)</value>
      </measureAttribute>
   </subjectOf>
   <subjectOf>
      <measureAttribute>
         <code code="REF" codeSystem="2.16.840.1.113883.5.4" displayName="Reference"/>
         <value xsi:type="ED" mediaType="text/plain">American Association of Clinical Endocrinologists and American College of Endocrinology. The American Association of Clinical Endocrinologists Medical Guidelines for the Management of Diabetes Mellitus: The AACE System of Intensive Diabetes Self-Management-2002</value>
      </measureAttribute>
   </subjectOf>
   <subjectOf>
      <measureAttribute>
         <code code="REF" codeSystem="2.16.840.1.113883.5.4" displayName="Reference"/>
         <value xsi:type="ED" mediaType="text/plain"> California Healthcare Foundation/American Geriatrics Society (AGS) Improving Care of Elders with Diabetes. Guidelines for Improving the Care of the Older Person with Diabetes Mellitus. J Am Geriatr Soc 2003;51:S265-S280. Available at http://ww.americangeriatrics.org/education/diabetes_executive_summary.shtml Accessed September 2004. </value>
      </measureAttribute>
   </subjectOf>
   <subjectOf>
      <measureAttribute>
         <code code="REF" codeSystem="2.16.840.1.113883.5.4" displayName="Reference"/>
         <value xsi:type="ED" mediaType="text/plain"> The Seventh Report of the Joint National Committee on Prevention, Detection, Evaluation, and Treatment of High Blood Pressure (JNC VII). NIH Publication No. 04-5230, August 2004. </value>
      </measureAttribute>
   </subjectOf>
   <subjectOf>
      <measureAttribute>
         <code code="DEF" codeSystem="2.16.840.1.113883.3.560" displayName="Definition"/>
         <value xsi:type="ED" mediaType="text/plain" nullFlavor="NI"/>
      </measureAttribute>
   </subjectOf>
   <subjectOf>
      <measureAttribute>
         <code code="GUIDE" codeSystem="2.16.840.1.113883.5.4" displayName="Guidance"/>
         <value xsi:type="ED" mediaType="text/plain">Numerator element: 
Only blood pressure readings performed by a clinician in the provider office is acceptable for numerator compliance with this measure.  Blood pressure readings from the patient’s home (including readings directly from monitoring devices) are not acceptable.
        </value>
      </measureAttribute>
   </subjectOf>
   <componentOf>
      <qualityMeasureSet classCode="ACT">
         <id root="B1EB421F-C28C-453C-8DEE-7C6EFE318EB1"/>
         <title>CLINICAL QUALITY MEASURE SET 2011-2012</title>
      </qualityMeasureSet>
   </componentOf>
         
      <!--
         **************************************************************   
         Population Criteria Section
         **************************************************************
      --><component typeCode="COMP">
      <section>
         <code code="57026-7" codeSystem="2.16.840.1.113883.6.1" displayName="Population criteria"/>
         <title>Population criteria</title>
         <text>
            <list>
               <item>
                  <content styleCode="Bold">Initial Patient Population =</content>
                  <list>
                     <item>AND: "Patient characteristic: birth date"  &gt;= 17 year(s) and &lt;= 74 year(s) starts before start of "Measurement period"</item>
                  </list>
               </item>
               <item>
                  <content styleCode="Bold">Denominator=</content>
                  <list>
                     <item>AND: "Initial Patient Population"</item>
                     <item>AND: <list>
                           <item>OR: <list>
                                 <item>AND: <list>
                                       <item>OR: "Encounter: Encounter acute inpatient or ED"</item>
                                       <item>OR: <list>
                                             <item>AND:  &gt;= 2 count(s) of<list>
                                                   <item>AND: "Encounter: Encounter non-acute inpatient and outpatient"</item>
                                                </list>
                                             </item>
                                             <item>AND: FIRST:"Encounter: Encounter non-acute inpatient and outpatient" starts before start of SECOND :"Encounter: Encounter non-acute inpatient and outpatient"</item>
                                          </list>
                                       </item>
                                    </list>
                                 </item>
                                 <item>AND: "Diagnosis active: diabetes"</item>
                              </list>
                           </item>
                           <item>OR: <list>
                                 <item>OR: "Medication order: Medications indicative of diabetes"</item>
                                 <item>OR: "Medication dispensed: Medications indicative of diabetes"</item>
                                 <item>OR: "Medication active: Medications indicative of diabetes"</item>
                              </list>
                           </item>
                           <item>  &lt;= 2 year starts before or during "Measurement end date"</item>
                        </list>
                     </item>
                  </list>
               </item>
               <item>
                  <content styleCode="Bold">Numerator =</content>
                  <list>
                     <item>AND: <list>
                           <item>AND: MINIMUM:"Physical exam finding: diastolic blood pressure (result value &lt; 90 mmHg)"</item>
                           <item>AND: MINIMUM:"Physical exam finding: systolic blood pressure (result value &lt; 140 mmHg)"</item>
                           <item> during MOST RECENT:<list>
                                 <item>OR: "Encounter: Encounter acute inpatient or ED"</item>
                                 <item>OR: "Encounter: Encounter non-acute inpatient and outpatient"</item>
                                 <item> during "Measurement period"</item>
                              </list>
                           </item>
                        </list>
                     </item>
                  </list>
               </item>
               <item>
                  <content styleCode="Bold">Exclusions =</content>
                  <list>
                     <item>OR: <list>
                           <item>AND: "Diagnosis active: polycystic ovaries" starts before or during "Measurement end date"</item>
                           <item>AND: <list>
                                 <item>AND NOT: <list>
                                       <item>AND: "Diagnosis active: diabetes"</item>
                                       <item>AND: <list>
                                             <item>OR: "Encounter: Encounter acute inpatient or ED"</item>
                                             <item>OR: "Encounter: Encounter non-acute inpatient and outpatient"</item>
                                          </list>
                                       </item>
                                       <item>  &lt;= 2 year starts before or during "Measurement end date"</item>
                                    </list>
                                 </item>
                              </list>
                           </item>
                        </list>
                     </item>
                     <item>OR: <list>
                           <item>AND: <list>
                                 <item>OR: "Diagnosis active: gestational diabetes"</item>
                                 <item>OR: "Diagnosis active: steroid induced diabetes"</item>
                              </list>
                           </item>
                           <item>AND: <list>
                                 <item>OR: "Medication order: Medications indicative of diabetes"</item>
                                 <item>OR: "Medication dispensed: Medications indicative of diabetes"</item>
                                 <item>OR: "Medication active: Medications indicative of diabetes"</item>
                              </list>
                           </item>
                           <item>AND: <list>
                                 <item>AND NOT: <list>
                                       <item>AND: "Diagnosis active: diabetes"</item>
                                       <item>AND: <list>
                                             <item>OR: "Encounter: Encounter acute inpatient or ED"</item>
                                             <item>OR: "Encounter: Encounter non-acute inpatient and outpatient"</item>
                                          </list>
                                       </item>
                                    </list>
                                 </item>
                              </list>
                           </item>
                           <item>  &lt;= 2 year starts before or during "Measurement end date"</item>
                        </list>
                     </item>
                  </list>
               </item>
            </list>
         </text><!--
            **************************************************************   
            Population Criteria Section: population 
            **************************************************************
      -->
         <entry typeCode="DRIV">
            <observation classCode="OBS" moodCode="EVN.CRT" isCriterionInd="true">
               <id root="B1EEE1FF-118F-449E-A111-8A385B78C2F9"/>
               <code code="ASSERTION" codeSystem="2.16.840.1.113883.5.4"/>
               <value xsi:type="CD" code="IPP" codeSystem="2.16.840.1.113883.5.1063" codeSystemName="HL7 Observation Value" displayName="Initial Patient Population"/><!--  top and/or -->
               <sourceOf typeCode="PRCN">
                  <conjunctionCode code="AND"/>
                  <act classCode="ACT" moodCode="EVN" isCriterionInd="true"><!-- patient characteristic pattern -->
                     <templateId root="2.16.840.1.113883.3.560.1.25"/>
                     <id root="AB470CDF-CC5F-4D87-8D7B-3B14A28E39BE"/>
                     <code code="45970-1" displayName="Demographics" codeSystem="2.16.840.1.113883.6.1"/>
                     <sourceOf typeCode="COMP">
                        <observation classCode="OBS" moodCode="EVN" isCriterionInd="true">
                           <code code="2.16.840.1.113883.3.464.0001.14" displayName="birth date HL7 Code List"/>
                           <title>Patient characteristic: birth date</title>
                           <sourceOf typeCode="SBS">
                              <pauseQuantity xsi:type="IVL_PQ">
                                 <low value="17" unit="a" inclusive="true"/>
                                 <high value="74" unit="a" inclusive="true"/>
                              </pauseQuantity>
                              <observation classCode="OBS" moodCode="EVN">
                                 <id root="FA53DA92-1ABD-4051-837D-457AF37736ED"/>
                                 <title>Measurement period</title>
                              </observation>
                           </sourceOf>
                        </observation>
                     </sourceOf>
                  </act>
               </sourceOf>
            </observation>
         </entry><!--
            **************************************************************   
            Population Criteria Section: denominator 
            **************************************************************
      -->
         <entry typeCode="DRIV">
            <observation classCode="OBS" moodCode="EVN.CRT" isCriterionInd="true">
               <id root="9A426D34-21B2-4690-A542-4B4CC47EA037"/>
               <code code="ASSERTION" codeSystem="2.16.840.1.113883.5.4"/>
               <value xsi:type="CD" code="DENOM" codeSystem="2.16.840.1.113883.5.1063" codeSystemName="HL7 Observation Value" displayName="Denominator"/><!--  top and/or -->
               <sourceOf typeCode="PRCN">
                  <conjunctionCode code="AND"/>
                  <observation classCode="OBS" moodCode="EVN" isCriterionInd="true">
                     <id root="B1EEE1FF-118F-449E-A111-8A385B78C2F9"/>
                     <title>Initial Patient Population</title>
                  </observation>
               </sourceOf>
               <sourceOf typeCode="PRCN">
                  <conjunctionCode code="AND"/>
                  <act classCode="ACT" moodCode="EVN" isCriterionInd="true">
                     <sourceOf typeCode="PRCN">
                        <conjunctionCode code="OR"/>
                        <act classCode="ACT" moodCode="EVN" isCriterionInd="true">
                           <sourceOf typeCode="PRCN">
                              <conjunctionCode code="AND"/>
                              <act classCode="ACT" moodCode="EVN" isCriterionInd="true">
                                 <sourceOf typeCode="PRCN">
                                    <conjunctionCode code="OR"/>
                                    <act classCode="ACT" moodCode="EVN" isCriterionInd="true"><!-- encounter pattern -->
                                       <templateId root="2.16.840.1.113883.3.560.1.4"/>
                                       <id root="673A2145-D199-4601-9F90-765EC420166A"/>
                                       <code code="46240-8" displayName="Encounter list" codeSystem="2.16.840.1.113883.6.1"/>
                                       <sourceOf typeCode="COMP">
                                          <encounter classCode="ENC" moodCode="EVN" isCriterionInd="true">
                                             <code code="2.16.840.1.113883.3.464.0001.42" displayName="Encounter acute inpatient or ED Code List GROUPING"/>
                                             <title>Encounter: Encounter acute inpatient or ED</title>
                                          </encounter>
                                       </sourceOf>
                                    </act>
                                 </sourceOf>
                                 <sourceOf typeCode="PRCN">
                                    <conjunctionCode code="OR"/>
                                    <act classCode="ACT" moodCode="EVN" isCriterionInd="true">
                                       <sourceOf typeCode="PRCN">
                                          <conjunctionCode code="AND"/>
                                          <act classCode="ACT" moodCode="EVN" isCriterionInd="true">
                                             <repeatNumber>
                                                <low value="2" inclusive="true"/>
                                             </repeatNumber>
                                             <sourceOf typeCode="PRCN">
                                                <conjunctionCode code="AND"/>
                                                <act classCode="ACT" moodCode="EVN" isCriterionInd="true"><!-- encounter pattern -->
                                                   <templateId root="2.16.840.1.113883.3.560.1.4"/>
                                                   <id root="B032B744-0FC7-42BE-88FC-BDB035760E4F"/>
                                                   <code code="46240-8" displayName="Encounter list" codeSystem="2.16.840.1.113883.6.1"/>
                                                   <sourceOf typeCode="COMP">
                                                      <encounter classCode="ENC" moodCode="EVN" isCriterionInd="true">
                                                         <code code="2.16.840.1.113883.3.464.0003.1142" displayName="Encounter non-acute inpatient and outpatient Code List GROUPING"/>
                                                         <title>Encounter: Encounter non-acute inpatient and outpatient</title>
                                                      </encounter>
                                                   </sourceOf>
                                                </act>
                                             </sourceOf>
                                          </act>
                                       </sourceOf>
                                       <sourceOf typeCode="PRCN">
                                          <conjunctionCode code="AND"/>
                                          <subsetCode code="FIRST"/>
                                          <act classCode="ACT" moodCode="EVN" isCriterionInd="true"><!-- encounter pattern -->
                                             <templateId root="2.16.840.1.113883.3.560.1.4"/>
                                             <id root="B032B744-0FC7-42BE-88FC-BDB035760E4F"/>
                                             <code code="46240-8" displayName="Encounter list" codeSystem="2.16.840.1.113883.6.1"/>
                                             <sourceOf typeCode="COMP">
                                                <encounter classCode="ENC" moodCode="EVN" isCriterionInd="true">
                                                   <code code="2.16.840.1.113883.3.464.0003.1142" displayName="Encounter non-acute inpatient and outpatient Code List GROUPING"/>
                                                   <title>Encounter: Encounter non-acute inpatient and outpatient</title>
                                                   <sourceOf typeCode="SBS">
                                                      <subsetCode code="SECOND"/>
                                                      <act classCode="ACT" moodCode="EVN" isCriterionInd="true"><!-- encounter pattern -->
                                                         <templateId root="2.16.840.1.113883.3.560.1.4"/>
                                                         <id root="B032B744-0FC7-42BE-88FC-BDB035760E4F"/>
                                                         <code code="46240-8" displayName="Encounter list" codeSystem="2.16.840.1.113883.6.1"/>
                                                         <sourceOf typeCode="COMP">
                                                            <encounter classCode="ENC" moodCode="EVN" isCriterionInd="true">
                                                               <code code="2.16.840.1.113883.3.464.0003.1142" displayName="Encounter non-acute inpatient and outpatient Code List GROUPING"/>
                                                               <title>Encounter: Encounter non-acute inpatient and outpatient</title>
                                                            </encounter>
                                                         </sourceOf>
                                                      </act>
                                                   </sourceOf>
                                                </encounter>
                                             </sourceOf>
                                          </act>
                                       </sourceOf>
                                    </act>
                                 </sourceOf>
                              </act>
                           </sourceOf>
                           <sourceOf typeCode="PRCN">
                              <conjunctionCode code="AND"/>
                              <act classCode="ACT" moodCode="EVN" isCriterionInd="true"><!-- diagnosis active pattern -->
                                 <templateId root="2.16.840.1.113883.3.560.1.2"/>
                                 <id root="FB251A73-94F8-433B-B544-13961A24165C"/>
                                 <code code="11450-4" displayName="Problem" codeSystem="2.16.840.1.113883.6.1"/>
                                 <sourceOf typeCode="COMP">
                                    <observation classCode="OBS" moodCode="EVN" isCriterionInd="true">
                                       <code code="55607006" codeSystem="2.16.840.1.113883.6.96" displayName="Problem"/>
                                       <title>Diagnosis active: diabetes</title>
                                       <value xsi:type="CD" code="2.16.840.1.113883.3.464.0001.37" displayName="diabetes Code List GROUPING"/>
                                       <sourceOf typeCode="REFR">
                                          <observation classCode="OBS" moodCode="EVN" isCriterionInd="true">
                                             <code code="33999-4" codeSystem="2.16.840.1.113883.6.1" displayName="Status"/>
                                             <value xsi:type="CD" code="55561003" displayName="active" codeSystem="2.16.840.1.113883.6.96"/>
                                          </observation>
                                       </sourceOf>
                                    </observation>
                                 </sourceOf>
                              </act>
                           </sourceOf>
                        </act>
                     </sourceOf>
                     <sourceOf typeCode="PRCN">
                        <conjunctionCode code="OR"/>
                        <act classCode="ACT" moodCode="EVN" isCriterionInd="true">
                           <sourceOf typeCode="PRCN">
                              <conjunctionCode code="OR"/>
                              <act classCode="ACT" moodCode="EVN" isCriterionInd="true"><!-- medication order pattern -->
                                 <templateId root="2.16.840.1.113883.3.560.1.17"/>
                                 <id root="BEFB1367-6E78-4646-8235-47530F782CA9"/>
                                 <code code="10160-0" displayName="Medications" codeSystem="2.16.840.1.113883.6.1"/>
                                 <sourceOf typeCode="COMP">
                                    <substanceAdministration classCode="SBADM" moodCode="RQO" isCriterionInd="true">
                                       <title>Medication order: Medications indicative of diabetes</title>
                                       <participant typeCode="CSM">
                                          <roleParticipant classCode="MANU">
                                             <playingMaterial classCode="MMAT" determinerCode="KIND">
                                                <code code="2.16.840.1.113883.3.464.0001.94" displayName="Medications indicative of diabetes Code List GROUPING"/>
                                             </playingMaterial>
                                          </roleParticipant>
                                       </participant>
                                    </substanceAdministration>
                                 </sourceOf>
                              </act>
                           </sourceOf>
                           <sourceOf typeCode="PRCN">
                              <conjunctionCode code="OR"/>
                              <act classCode="ACT" moodCode="EVN" isCriterionInd="true"><!-- medication dispensed pattern -->
                                 <templateId root="2.16.840.1.113883.3.560.1.8"/>
                                 <id root="BF3D467E-7514-4151-8F5D-0231ABE5EDC2"/>
                                 <code code="10160-0" displayName="Medications" codeSystem="2.16.840.1.113883.6.1"/>
                                 <sourceOf typeCode="COMP">
                                    <supply classCode="SPLY" moodCode="EVN" isCriterionInd="true">
                                       <title>Medication dispensed: Medications indicative of diabetes</title>
                                       <participant typeCode="CSM">
                                          <roleParticipant classCode="MANU">
                                             <playingMaterial classCode="MMAT" determinerCode="KIND">
                                                <code code="2.16.840.1.113883.3.464.0001.94" displayName="Medications indicative of diabetes Code List GROUPING"/>
                                             </playingMaterial>
                                          </roleParticipant>
                                       </participant>
                                    </supply>
                                 </sourceOf>
                              </act>
                           </sourceOf>
                           <sourceOf typeCode="PRCN">
                              <conjunctionCode code="OR"/>
                              <act classCode="ACT" moodCode="EVN" isCriterionInd="true"><!-- medication active pattern -->
                                 <templateId root="2.16.840.1.113883.3.560.1.13"/>
                                 <id root="C991309C-C2C1-4714-810D-CA732FFB4989"/>
                                 <code code="10160-0" displayName="Medications" codeSystem="2.16.840.1.113883.6.1"/>
                                 <sourceOf typeCode="COMP">
                                    <substanceAdministration classCode="SBADM" moodCode="EVN" isCriterionInd="true">
                                       <title>Medication active: Medications indicative of diabetes</title>
                                       <participant typeCode="CSM">
                                          <roleParticipant classCode="MANU">
                                             <playingMaterial classCode="MMAT" determinerCode="KIND">
                                                <code code="2.16.840.1.113883.3.464.0001.94" displayName="Medications indicative of diabetes Code List GROUPING"/>
                                             </playingMaterial>
                                          </roleParticipant>
                                       </participant>
                                       <sourceOf typeCode="REFR">
                                          <observation classCode="OBS" moodCode="EVN" isCriterionInd="true">
                                             <code code="33999-4" displayName="Status" codeSystem="2.16.840.1.113883.6.1"/>
                                             <value xsi:type="CD" code="55561003" displayName="Active" codeSystem="2.16.840.1.113883.6.96"/>
                                          </observation>
                                       </sourceOf>
                                    </substanceAdministration>
                                 </sourceOf>
                              </act>
                           </sourceOf>
                        </act>
                     </sourceOf>
                     <sourceOf typeCode="EAS" inversionInd="true">
                        <pauseQuantity xsi:type="URG_PQ">
                           <high value="2" unit="year" inclusive="true"/>
                        </pauseQuantity>
                        <observation classCode="OBS" moodCode="EVN" isCriterionInd="true">
                           <id root="5313BF27-317F-4381-BC2E-2BF06D16011D"/>
                           <title>Measurement end date</title>
                        </observation>
                     </sourceOf>
                  </act>
               </sourceOf>
            </observation>
         </entry><!--
            **************************************************************   
            Population Criteria Section: numerator 
            **************************************************************
      -->
         <entry typeCode="DRIV">
            <observation classCode="OBS" moodCode="EVN.CRT" isCriterionInd="true">
               <id root="03ABF78C-8238-4608-82D1-BDBD5D30C8A8"/>
               <code code="ASSERTION" codeSystem="2.16.840.1.113883.5.4"/>
               <value xsi:type="CD" code="NUMER" codeSystem="2.16.840.1.113883.5.1063" codeSystemName="HL7 Observation Value" displayName="Numerator"/><!--  top and/or -->
               <sourceOf typeCode="PRCN">
                  <conjunctionCode code="AND"/>
                  <act classCode="ACT" moodCode="EVN" isCriterionInd="true">
                     <sourceOf typeCode="PRCN">
                        <conjunctionCode code="AND"/>
                        <subsetCode code="MIN"/>
                        <act classCode="ACT" moodCode="EVN" isCriterionInd="true"><!-- physical exam finding pattern -->
                           <templateId root="2.16.840.1.113883.3.560.1.18"/>
                           <id root="719F3CC3-0FE7-4059-B6C3-3D87763C2AF5"/>
                           <code code="29545-1" codeSystem="2.16.840.1.113883.6.1" displayName="Physical Examination"/>
                           <sourceOf typeCode="COMP">
                              <observation classCode="OBS" moodCode="EVN" isCriterionInd="true">
                                 <code code="2.16.840.1.113883.3.464.0001.41" displayName="diastolic blood pressure SNOMED-CT Code List"/>
                                 <title>Physical exam finding: diastolic blood pressure (result value &lt; 90  mmHg)</title>
                              </observation>
                           </sourceOf>
                        </act>
                     </sourceOf>
                     <sourceOf typeCode="PRCN">
                        <conjunctionCode code="AND"/>
                        <subsetCode code="MIN"/>
                        <act classCode="ACT" moodCode="EVN" isCriterionInd="true"><!-- physical exam finding pattern -->
                           <templateId root="2.16.840.1.113883.3.560.1.18"/>
                           <id root="4321D8EF-115D-42E2-A6AA-7C23DF9728CB"/>
                           <code code="29545-1" codeSystem="2.16.840.1.113883.6.1" displayName="Physical Examination"/>
                           <sourceOf typeCode="COMP">
                              <observation classCode="OBS" moodCode="EVN" isCriterionInd="true">
                                 <code code="2.16.840.1.113883.3.464.0001.118" displayName="systolic blood pressure SNOMED-CT Code List"/>
                                 <title>Physical exam finding: systolic blood pressure (result value &lt; 140  mmHg)</title>
                              </observation>
                           </sourceOf>
                        </act>
                     </sourceOf>
                     <sourceOf typeCode="DURING">
                        <subsetCode code="RECENT"/>
                        <act classCode="ACT" moodCode="EVN" isCriterionInd="true">
                           <sourceOf typeCode="PRCN">
                              <conjunctionCode code="OR"/>
                              <act classCode="ACT" moodCode="EVN" isCriterionInd="true"><!-- encounter pattern -->
                                 <templateId root="2.16.840.1.113883.3.560.1.4"/>
                                 <id root="673A2145-D199-4601-9F90-765EC420166A"/>
                                 <code code="46240-8" displayName="Encounter list" codeSystem="2.16.840.1.113883.6.1"/>
                                 <sourceOf typeCode="COMP">
                                    <encounter classCode="ENC" moodCode="EVN" isCriterionInd="true">
                                       <code code="2.16.840.1.113883.3.464.0001.42" displayName="Encounter acute inpatient or ED Code List GROUPING"/>
                                       <title>Encounter: Encounter acute inpatient or ED</title>
                                    </encounter>
                                 </sourceOf>
                              </act>
                           </sourceOf>
                           <sourceOf typeCode="PRCN">
                              <conjunctionCode code="OR"/>
                              <act classCode="ACT" moodCode="EVN" isCriterionInd="true"><!-- encounter pattern -->
                                 <templateId root="2.16.840.1.113883.3.560.1.4"/>
                                 <id root="B032B744-0FC7-42BE-88FC-BDB035760E4F"/>
                                 <code code="46240-8" displayName="Encounter list" codeSystem="2.16.840.1.113883.6.1"/>
                                 <sourceOf typeCode="COMP">
                                    <encounter classCode="ENC" moodCode="EVN" isCriterionInd="true">
                                       <code code="2.16.840.1.113883.3.464.0003.1142" displayName="Encounter non-acute inpatient and outpatient Code List GROUPING"/>
                                       <title>Encounter: Encounter non-acute inpatient and outpatient</title>
                                    </encounter>
                                 </sourceOf>
                              </act>
                           </sourceOf>
                           <sourceOf typeCode="DURING">
                              <observation classCode="OBS" moodCode="EVN" isCriterionInd="true">
                                 <id root="FA53DA92-1ABD-4051-837D-457AF37736ED"/>
                                 <title>Measurement period</title>
                              </observation>
                           </sourceOf>
                        </act>
                     </sourceOf>
                  </act>
               </sourceOf>
            </observation>
         </entry><!--
            **************************************************************   
            Population Criteria Section: exclusions 
            **************************************************************
      -->
         <entry typeCode="DRIV">
            <observation classCode="OBS" moodCode="EVN.CRT" isCriterionInd="true" actionNegationInd="true">
               <id root="BE15214D-8C8B-4621-8952-26E66E76C029"/>
               <code code="ASSERTION" codeSystem="2.16.840.1.113883.5.4"/>
               <value xsi:type="CD" code="DENOM" codeSystem="2.16.840.1.113883.5.1063" codeSystemName="HL7 Observation Value" displayName="Denominator"/>
            </observation>
         </entry><!--
            **************************************************************   
            Population Criteria Section: exceptions 
            **************************************************************
      -->
         <entry typeCode="DRIV">
            <observation classCode="OBS" moodCode="EVN.CRT" isCriterionInd="true">
               <id root="0808F196-5D42-4F80-9205-36DA47921F2C"/>
               <code code="ASSERTION" codeSystem="2.16.840.1.113883.5.4"/>
               <value xsi:type="CD" code="DENEXCEP" codeSystem="2.16.840.1.113883.5.1063" codeSystemName="HL7 Observation Value" displayName="Denominator Exception"/><!--  top and/or -->
               <sourceOf typeCode="PRCN">
                  <conjunctionCode code="OR"/>
                  <act classCode="ACT" moodCode="EVN" isCriterionInd="true">
                     <sourceOf typeCode="PRCN">
                        <conjunctionCode code="AND"/>
                        <act classCode="ACT" moodCode="EVN" isCriterionInd="true"><!-- diagnosis active pattern -->
                           <templateId root="2.16.840.1.113883.3.560.1.2"/>
                           <id root="06EE1B39-D6DE-4937-932E-28B973BCF886"/>
                           <code code="11450-4" displayName="Problem" codeSystem="2.16.840.1.113883.6.1"/>
                           <sourceOf typeCode="COMP">
                              <observation classCode="OBS" moodCode="EVN" isCriterionInd="true">
                                 <code code="55607006" codeSystem="2.16.840.1.113883.6.96" displayName="Problem"/>
                                 <title>Diagnosis active: polycystic ovaries</title>
                                 <value xsi:type="CD" code="2.16.840.1.113883.3.464.0001.98" displayName="polycystic ovaries Code List GROUPING"/>
                                 <sourceOf typeCode="REFR">
                                    <observation classCode="OBS" moodCode="EVN" isCriterionInd="true">
                                       <code code="33999-4" codeSystem="2.16.840.1.113883.6.1" displayName="Status"/>
                                       <value xsi:type="CD" code="55561003" displayName="active" codeSystem="2.16.840.1.113883.6.96"/>
                                    </observation>
                                 </sourceOf>
                                 <sourceOf typeCode="EAS" inversionInd="true">
                                    <observation classCode="OBS" moodCode="EVN">
                                       <id root="5313BF27-317F-4381-BC2E-2BF06D16011D"/>
                                       <title>Measurement end date</title>
                                    </observation>
                                 </sourceOf>
                              </observation>
                           </sourceOf>
                        </act>
                     </sourceOf>
                     <sourceOf typeCode="PRCN">
                        <conjunctionCode code="AND"/>
                        <act classCode="ACT" moodCode="EVN" isCriterionInd="true" actionNegationInd="true">
                           <sourceOf typeCode="PRCN">
                              <conjunctionCode code="AND"/>
                              <act classCode="ACT" moodCode="EVN" isCriterionInd="true">
                                 <sourceOf typeCode="PRCN">
                                    <conjunctionCode code="AND"/>
                                    <act classCode="ACT" moodCode="EVN" isCriterionInd="true"><!-- diagnosis active pattern -->
                                       <templateId root="2.16.840.1.113883.3.560.1.2"/>
                                       <id root="FB251A73-94F8-433B-B544-13961A24165C"/>
                                       <code code="11450-4" displayName="Problem" codeSystem="2.16.840.1.113883.6.1"/>
                                       <sourceOf typeCode="COMP">
                                          <observation classCode="OBS" moodCode="EVN" isCriterionInd="true">
                                             <code code="55607006" codeSystem="2.16.840.1.113883.6.96" displayName="Problem"/>
                                             <title>Diagnosis active: diabetes</title>
                                             <value xsi:type="CD" code="2.16.840.1.113883.3.464.0001.37" displayName="diabetes Code List GROUPING"/>
                                             <sourceOf typeCode="REFR">
                                                <observation classCode="OBS" moodCode="EVN" isCriterionInd="true">
                                                   <code code="33999-4" codeSystem="2.16.840.1.113883.6.1" displayName="Status"/>
                                                   <value xsi:type="CD" code="55561003" displayName="active" codeSystem="2.16.840.1.113883.6.96"/>
                                                </observation>
                                             </sourceOf>
                                          </observation>
                                       </sourceOf>
                                    </act>
                                 </sourceOf>
                                 <sourceOf typeCode="PRCN">
                                    <conjunctionCode code="AND"/>
                                    <act classCode="ACT" moodCode="EVN" isCriterionInd="true">
                                       <sourceOf typeCode="PRCN">
                                          <conjunctionCode code="OR"/>
                                          <act classCode="ACT" moodCode="EVN" isCriterionInd="true"><!-- encounter pattern -->
                                             <templateId root="2.16.840.1.113883.3.560.1.4"/>
                                             <id root="673A2145-D199-4601-9F90-765EC420166A"/>
                                             <code code="46240-8" displayName="Encounter list" codeSystem="2.16.840.1.113883.6.1"/>
                                             <sourceOf typeCode="COMP">
                                                <encounter classCode="ENC" moodCode="EVN" isCriterionInd="true">
                                                   <code code="2.16.840.1.113883.3.464.0001.42" displayName="Encounter acute inpatient or ED Code List GROUPING"/>
                                                   <title>Encounter: Encounter acute inpatient or ED</title>
                                                </encounter>
                                             </sourceOf>
                                          </act>
                                       </sourceOf>
                                       <sourceOf typeCode="PRCN">
                                          <conjunctionCode code="OR"/>
                                          <act classCode="ACT" moodCode="EVN" isCriterionInd="true"><!-- encounter pattern -->
                                             <templateId root="2.16.840.1.113883.3.560.1.4"/>
                                             <id root="B032B744-0FC7-42BE-88FC-BDB035760E4F"/>
                                             <code code="46240-8" displayName="Encounter list" codeSystem="2.16.840.1.113883.6.1"/>
                                             <sourceOf typeCode="COMP">
                                                <encounter classCode="ENC" moodCode="EVN" isCriterionInd="true">
                                                   <code code="2.16.840.1.113883.3.464.0003.1142" displayName="Encounter non-acute inpatient and outpatient Code List GROUPING"/>
                                                   <title>Encounter: Encounter non-acute inpatient and outpatient</title>
                                                </encounter>
                                             </sourceOf>
                                          </act>
                                       </sourceOf>
                                    </act>
                                 </sourceOf>
                                 <sourceOf typeCode="EAS" inversionInd="true">
                                    <pauseQuantity xsi:type="URG_PQ">
                                       <high value="2" unit="year" inclusive="true"/>
                                    </pauseQuantity>
                                    <observation classCode="OBS" moodCode="EVN" isCriterionInd="true">
                                       <id root="5313BF27-317F-4381-BC2E-2BF06D16011D"/>
                                       <title>Measurement end date</title>
                                    </observation>
                                 </sourceOf>
                              </act>
                           </sourceOf>
                        </act>
                     </sourceOf>
                  </act>
               </sourceOf>
               <sourceOf typeCode="PRCN">
                  <conjunctionCode code="OR"/>
                  <act classCode="ACT" moodCode="EVN" isCriterionInd="true">
                     <sourceOf typeCode="PRCN">
                        <conjunctionCode code="AND"/>
                        <act classCode="ACT" moodCode="EVN" isCriterionInd="true">
                           <sourceOf typeCode="PRCN">
                              <conjunctionCode code="OR"/>
                              <act classCode="ACT" moodCode="EVN" isCriterionInd="true"><!-- diagnosis active pattern -->
                                 <templateId root="2.16.840.1.113883.3.560.1.2"/>
                                 <id root="76BF1239-DC93-4309-9E98-A19FD55F13FA"/>
                                 <code code="11450-4" displayName="Problem" codeSystem="2.16.840.1.113883.6.1"/>
                                 <sourceOf typeCode="COMP">
                                    <observation classCode="OBS" moodCode="EVN" isCriterionInd="true">
                                       <code code="55607006" codeSystem="2.16.840.1.113883.6.96" displayName="Problem"/>
                                       <title>Diagnosis active: gestational diabetes</title>
                                       <value xsi:type="CD" code="2.16.840.1.113883.3.464.0001.67" displayName="gestational diabetes Code List GROUPING"/>
                                       <sourceOf typeCode="REFR">
                                          <observation classCode="OBS" moodCode="EVN" isCriterionInd="true">
                                             <code code="33999-4" codeSystem="2.16.840.1.113883.6.1" displayName="Status"/>
                                             <value xsi:type="CD" code="55561003" displayName="active" codeSystem="2.16.840.1.113883.6.96"/>
                                          </observation>
                                       </sourceOf>
                                    </observation>
                                 </sourceOf>
                              </act>
                           </sourceOf>
                           <sourceOf typeCode="PRCN">
                              <conjunctionCode code="OR"/>
                              <act classCode="ACT" moodCode="EVN" isCriterionInd="true"><!-- diagnosis active pattern -->
                                 <templateId root="2.16.840.1.113883.3.560.1.2"/>
                                 <id root="2254080C-EDB6-4CDA-B0AF-41A278967129"/>
                                 <code code="11450-4" displayName="Problem" codeSystem="2.16.840.1.113883.6.1"/>
                                 <sourceOf typeCode="COMP">
                                    <observation classCode="OBS" moodCode="EVN" isCriterionInd="true">
                                       <code code="55607006" codeSystem="2.16.840.1.113883.6.96" displayName="Problem"/>
                                       <title>Diagnosis active: steroid induced diabetes</title>
                                       <value xsi:type="CD" code="2.16.840.1.113883.3.464.0001.113" displayName="steroid induced diabetes Code List GROUPING"/>
                                       <sourceOf typeCode="REFR">
                                          <observation classCode="OBS" moodCode="EVN" isCriterionInd="true">
                                             <code code="33999-4" codeSystem="2.16.840.1.113883.6.1" displayName="Status"/>
                                             <value xsi:type="CD" code="55561003" displayName="active" codeSystem="2.16.840.1.113883.6.96"/>
                                          </observation>
                                       </sourceOf>
                                    </observation>
                                 </sourceOf>
                              </act>
                           </sourceOf>
                        </act>
                     </sourceOf>
                     <sourceOf typeCode="PRCN">
                        <conjunctionCode code="AND"/>
                        <act classCode="ACT" moodCode="EVN" isCriterionInd="true">
                           <sourceOf typeCode="PRCN">
                              <conjunctionCode code="OR"/>
                              <act classCode="ACT" moodCode="EVN" isCriterionInd="true"><!-- medication order pattern -->
                                 <templateId root="2.16.840.1.113883.3.560.1.17"/>
                                 <id root="BEFB1367-6E78-4646-8235-47530F782CA9"/>
                                 <code code="10160-0" displayName="Medications" codeSystem="2.16.840.1.113883.6.1"/>
                                 <sourceOf typeCode="COMP">
                                    <substanceAdministration classCode="SBADM" moodCode="RQO" isCriterionInd="true">
                                       <title>Medication order: Medications indicative of diabetes</title>
                                       <participant typeCode="CSM">
                                          <roleParticipant classCode="MANU">
                                             <playingMaterial classCode="MMAT" determinerCode="KIND">
                                                <code code="2.16.840.1.113883.3.464.0001.94" displayName="Medications indicative of diabetes Code List GROUPING"/>
                                             </playingMaterial>
                                          </roleParticipant>
                                       </participant>
                                    </substanceAdministration>
                                 </sourceOf>
                              </act>
                           </sourceOf>
                           <sourceOf typeCode="PRCN">
                              <conjunctionCode code="OR"/>
                              <act classCode="ACT" moodCode="EVN" isCriterionInd="true"><!-- medication dispensed pattern -->
                                 <templateId root="2.16.840.1.113883.3.560.1.8"/>
                                 <id root="BF3D467E-7514-4151-8F5D-0231ABE5EDC2"/>
                                 <code code="10160-0" displayName="Medications" codeSystem="2.16.840.1.113883.6.1"/>
                                 <sourceOf typeCode="COMP">
                                    <supply classCode="SPLY" moodCode="EVN" isCriterionInd="true">
                                       <title>Medication dispensed: Medications indicative of diabetes</title>
                                       <participant typeCode="CSM">
                                          <roleParticipant classCode="MANU">
                                             <playingMaterial classCode="MMAT" determinerCode="KIND">
                                                <code code="2.16.840.1.113883.3.464.0001.94" displayName="Medications indicative of diabetes Code List GROUPING"/>
                                             </playingMaterial>
                                          </roleParticipant>
                                       </participant>
                                    </supply>
                                 </sourceOf>
                              </act>
                           </sourceOf>
                           <sourceOf typeCode="PRCN">
                              <conjunctionCode code="OR"/>
                              <act classCode="ACT" moodCode="EVN" isCriterionInd="true"><!-- medication active pattern -->
                                 <templateId root="2.16.840.1.113883.3.560.1.13"/>
                                 <id root="C991309C-C2C1-4714-810D-CA732FFB4989"/>
                                 <code code="10160-0" displayName="Medications" codeSystem="2.16.840.1.113883.6.1"/>
                                 <sourceOf typeCode="COMP">
                                    <substanceAdministration classCode="SBADM" moodCode="EVN" isCriterionInd="true">
                                       <title>Medication active: Medications indicative of diabetes</title>
                                       <participant typeCode="CSM">
                                          <roleParticipant classCode="MANU">
                                             <playingMaterial classCode="MMAT" determinerCode="KIND">
                                                <code code="2.16.840.1.113883.3.464.0001.94" displayName="Medications indicative of diabetes Code List GROUPING"/>
                                             </playingMaterial>
                                          </roleParticipant>
                                       </participant>
                                       <sourceOf typeCode="REFR">
                                          <observation classCode="OBS" moodCode="EVN" isCriterionInd="true">
                                             <code code="33999-4" displayName="Status" codeSystem="2.16.840.1.113883.6.1"/>
                                             <value xsi:type="CD" code="55561003" displayName="Active" codeSystem="2.16.840.1.113883.6.96"/>
                                          </observation>
                                       </sourceOf>
                                    </substanceAdministration>
                                 </sourceOf>
                              </act>
                           </sourceOf>
                        </act>
                     </sourceOf>
                     <sourceOf typeCode="PRCN">
                        <conjunctionCode code="AND"/>
                        <act classCode="ACT" moodCode="EVN" isCriterionInd="true" actionNegationInd="true">
                           <sourceOf typeCode="PRCN">
                              <conjunctionCode code="AND"/>
                              <act classCode="ACT" moodCode="EVN" isCriterionInd="true">
                                 <sourceOf typeCode="PRCN">
                                    <conjunctionCode code="AND"/>
                                    <act classCode="ACT" moodCode="EVN" isCriterionInd="true"><!-- diagnosis active pattern -->
                                       <templateId root="2.16.840.1.113883.3.560.1.2"/>
                                       <id root="FB251A73-94F8-433B-B544-13961A24165C"/>
                                       <code code="11450-4" displayName="Problem" codeSystem="2.16.840.1.113883.6.1"/>
                                       <sourceOf typeCode="COMP">
                                          <observation classCode="OBS" moodCode="EVN" isCriterionInd="true">
                                             <code code="55607006" codeSystem="2.16.840.1.113883.6.96" displayName="Problem"/>
                                             <title>Diagnosis active: diabetes</title>
                                             <value xsi:type="CD" code="2.16.840.1.113883.3.464.0001.37" displayName="diabetes Code List GROUPING"/>
                                             <sourceOf typeCode="REFR">
                                                <observation classCode="OBS" moodCode="EVN" isCriterionInd="true">
                                                   <code code="33999-4" codeSystem="2.16.840.1.113883.6.1" displayName="Status"/>
                                                   <value xsi:type="CD" code="55561003" displayName="active" codeSystem="2.16.840.1.113883.6.96"/>
                                                </observation>
                                             </sourceOf>
                                          </observation>
                                       </sourceOf>
                                    </act>
                                 </sourceOf>
                                 <sourceOf typeCode="PRCN">
                                    <conjunctionCode code="AND"/>
                                    <act classCode="ACT" moodCode="EVN" isCriterionInd="true">
                                       <sourceOf typeCode="PRCN">
                                          <conjunctionCode code="OR"/>
                                          <act classCode="ACT" moodCode="EVN" isCriterionInd="true"><!-- encounter pattern -->
                                             <templateId root="2.16.840.1.113883.3.560.1.4"/>
                                             <id root="673A2145-D199-4601-9F90-765EC420166A"/>
                                             <code code="46240-8" displayName="Encounter list" codeSystem="2.16.840.1.113883.6.1"/>
                                             <sourceOf typeCode="COMP">
                                                <encounter classCode="ENC" moodCode="EVN" isCriterionInd="true">
                                                   <code code="2.16.840.1.113883.3.464.0001.42" displayName="Encounter acute inpatient or ED Code List GROUPING"/>
                                                   <title>Encounter: Encounter acute inpatient or ED</title>
                                                </encounter>
                                             </sourceOf>
                                          </act>
                                       </sourceOf>
                                       <sourceOf typeCode="PRCN">
                                          <conjunctionCode code="OR"/>
                                          <act classCode="ACT" moodCode="EVN" isCriterionInd="true"><!-- encounter pattern -->
                                             <templateId root="2.16.840.1.113883.3.560.1.4"/>
                                             <id root="B032B744-0FC7-42BE-88FC-BDB035760E4F"/>
                                             <code code="46240-8" displayName="Encounter list" codeSystem="2.16.840.1.113883.6.1"/>
                                             <sourceOf typeCode="COMP">
                                                <encounter classCode="ENC" moodCode="EVN" isCriterionInd="true">
                                                   <code code="2.16.840.1.113883.3.464.0003.1142" displayName="Encounter non-acute inpatient and outpatient Code List GROUPING"/>
                                                   <title>Encounter: Encounter non-acute inpatient and outpatient</title>
                                                </encounter>
                                             </sourceOf>
                                          </act>
                                       </sourceOf>
                                    </act>
                                 </sourceOf>
                              </act>
                           </sourceOf>
                        </act>
                     </sourceOf>
                     <sourceOf typeCode="EAS" inversionInd="true">
                        <pauseQuantity xsi:type="URG_PQ">
                           <high value="2" unit="year" inclusive="true"/>
                        </pauseQuantity>
                        <observation classCode="OBS" moodCode="EVN" isCriterionInd="true">
                           <id root="5313BF27-317F-4381-BC2E-2BF06D16011D"/>
                           <title>Measurement end date</title>
                        </observation>
                     </sourceOf>
                  </act>
               </sourceOf>
            </observation>
         </entry>
      </section>
   </component>
         
      <!--
         ******************************************   
         Data Criteria Section
         ******************************************
      --><component typeCode="COMP">
      <section>
         <code code="57025-9" codeSystem="2.16.840.1.113883.6.1" displayName="Data criteria (QDS Data Elements)"/>
         <title>Data criteria (QDS Data Elements)</title>
         <text>
            <list>
               <item>
                  <content>"Diagnosis active: diabetes"</content> using "diabetes Code List GROUPING (2.16.840.1.113883.3.464.0001.37)"</item>
               <item>
                  <content>"Diagnosis active: gestational diabetes"</content> using "gestational diabetes Code List GROUPING (2.16.840.1.113883.3.464.0001.67)"</item>
               <item>
                  <content>"Diagnosis active: polycystic ovaries"</content> using "polycystic ovaries Code List GROUPING (2.16.840.1.113883.3.464.0001.98)"</item>
               <item>
                  <content>"Diagnosis active: steroid induced diabetes"</content> using "steroid induced diabetes Code List GROUPING (2.16.840.1.113883.3.464.0001.113)"</item>
               <item>
                  <content>"Encounter: Encounter acute inpatient or ED"</content> using "Encounter acute inpatient or ED Code List GROUPING (2.16.840.1.113883.3.464.0001.42)"</item>
               <item>
                  <content>"Encounter: Encounter non-acute inpatient and outpatient"</content> using "Encounter non-acute inpatient and outpatient Code List GROUPING (2.16.840.1.113883.3.464.0003.1142)"</item>
               <item>
                  <content>"Medication active: Medications indicative of diabetes"</content> using "Medications indicative of diabetes Code List GROUPING (2.16.840.1.113883.3.464.0001.94)"</item>
               <item>
                  <content>"Medication dispensed: Medications indicative of diabetes"</content> using "Medications indicative of diabetes Code List GROUPING (2.16.840.1.113883.3.464.0001.94)"</item>
               <item>
                  <content>"Medication order: Medications indicative of diabetes"</content> using "Medications indicative of diabetes Code List GROUPING (2.16.840.1.113883.3.464.0001.94)"</item>
               <item>
                  <content>"Patient characteristic: birth date" (age)</content> using "birth date HL7 Code List (2.16.840.1.113883.3.464.0001.14)"</item>
               <item>
                  <content>"Physical exam finding: diastolic blood pressure"</content> using "diastolic blood pressure SNOMED-CT Code List (2.16.840.1.113883.3.464.0001.41)"</item>
               <item>
                  <content>"Physical exam finding: systolic blood pressure"</content> using "systolic blood pressure SNOMED-CT Code List (2.16.840.1.113883.3.464.0001.118)"</item>
            </list>
         </text>
         <entry typeCode="DRIV">
            <act classCode="ACT" moodCode="EVN" isCriterionInd="true"><!-- patient characteristic pattern -->
               <templateId root="2.16.840.1.113883.3.560.1.25"/>
               <id root="AB470CDF-CC5F-4D87-8D7B-3B14A28E39BE"/>
               <code code="45970-1" displayName="Demographics" codeSystem="2.16.840.1.113883.6.1"/>
               <sourceOf typeCode="COMP">
                  <observation classCode="OBS" moodCode="EVN" isCriterionInd="true">
                     <code code="2.16.840.1.113883.3.464.0001.14" displayName="birth date HL7 Code List"/>
                     <title>Patient characteristic: birth date</title>
                  </observation>
               </sourceOf>
            </act>
         </entry>
         <entry typeCode="DRIV">
            <act classCode="ACT" moodCode="EVN" isCriterionInd="true"><!-- diagnosis active pattern -->
               <templateId root="2.16.840.1.113883.3.560.1.2"/>
               <id root="FB251A73-94F8-433B-B544-13961A24165C"/>
               <code code="11450-4" displayName="Problem" codeSystem="2.16.840.1.113883.6.1"/>
               <sourceOf typeCode="COMP">
                  <observation classCode="OBS" moodCode="EVN" isCriterionInd="true">
                     <code code="55607006" codeSystem="2.16.840.1.113883.6.96" displayName="Problem"/>
                     <title>Diagnosis active: diabetes</title>
                     <value xsi:type="CD" code="2.16.840.1.113883.3.464.0001.37" displayName="diabetes Code List GROUPING"/>
                     <sourceOf typeCode="REFR">
                        <observation classCode="OBS" moodCode="EVN" isCriterionInd="true">
                           <code code="33999-4" codeSystem="2.16.840.1.113883.6.1" displayName="Status"/>
                           <value xsi:type="CD" code="55561003" displayName="active" codeSystem="2.16.840.1.113883.6.96"/>
                        </observation>
                     </sourceOf>
                  </observation>
               </sourceOf>
            </act>
         </entry>
         <entry typeCode="DRIV">
            <act classCode="ACT" moodCode="EVN" isCriterionInd="true"><!-- encounter pattern -->
               <templateId root="2.16.840.1.113883.3.560.1.4"/>
               <id root="673A2145-D199-4601-9F90-765EC420166A"/>
               <code code="46240-8" displayName="Encounter list" codeSystem="2.16.840.1.113883.6.1"/>
               <sourceOf typeCode="COMP">
                  <encounter classCode="ENC" moodCode="EVN" isCriterionInd="true">
                     <code code="2.16.840.1.113883.3.464.0001.42" displayName="Encounter acute inpatient or ED Code List GROUPING"/>
                     <title>Encounter: Encounter acute inpatient or ED</title>
                  </encounter>
               </sourceOf>
            </act>
         </entry>
         <entry typeCode="DRIV">
            <act classCode="ACT" moodCode="EVN" isCriterionInd="true"><!-- encounter pattern -->
               <templateId root="2.16.840.1.113883.3.560.1.4"/>
               <id root="B032B744-0FC7-42BE-88FC-BDB035760E4F"/>
               <code code="46240-8" displayName="Encounter list" codeSystem="2.16.840.1.113883.6.1"/>
               <sourceOf typeCode="COMP">
                  <encounter classCode="ENC" moodCode="EVN" isCriterionInd="true">
                     <code code="2.16.840.1.113883.3.464.0003.1142" displayName="Encounter non-acute inpatient and outpatient Code List GROUPING"/>
                     <title>Encounter: Encounter non-acute inpatient and outpatient</title>
                  </encounter>
               </sourceOf>
            </act>
         </entry>
         <entry typeCode="DRIV">
            <act classCode="ACT" moodCode="EVN" isCriterionInd="true"><!-- diagnosis active pattern -->
               <templateId root="2.16.840.1.113883.3.560.1.2"/>
               <id root="76BF1239-DC93-4309-9E98-A19FD55F13FA"/>
               <code code="11450-4" displayName="Problem" codeSystem="2.16.840.1.113883.6.1"/>
               <sourceOf typeCode="COMP">
                  <observation classCode="OBS" moodCode="EVN" isCriterionInd="true">
                     <code code="55607006" codeSystem="2.16.840.1.113883.6.96" displayName="Problem"/>
                     <title>Diagnosis active: gestational diabetes</title>
                     <value xsi:type="CD" code="2.16.840.1.113883.3.464.0001.67" displayName="gestational diabetes Code List GROUPING"/>
                     <sourceOf typeCode="REFR">
                        <observation classCode="OBS" moodCode="EVN" isCriterionInd="true">
                           <code code="33999-4" codeSystem="2.16.840.1.113883.6.1" displayName="Status"/>
                           <value xsi:type="CD" code="55561003" displayName="active" codeSystem="2.16.840.1.113883.6.96"/>
                        </observation>
                     </sourceOf>
                  </observation>
               </sourceOf>
            </act>
         </entry>
         <entry typeCode="DRIV">
            <act classCode="ACT" moodCode="EVN" isCriterionInd="true"><!-- medication active pattern -->
               <templateId root="2.16.840.1.113883.3.560.1.13"/>
               <id root="C991309C-C2C1-4714-810D-CA732FFB4989"/>
               <code code="10160-0" displayName="Medications" codeSystem="2.16.840.1.113883.6.1"/>
               <sourceOf typeCode="COMP">
                  <substanceAdministration classCode="SBADM" moodCode="EVN" isCriterionInd="true">
                     <title>Medication active: Medications indicative of diabetes</title>
                     <participant typeCode="CSM">
                        <roleParticipant classCode="MANU">
                           <playingMaterial classCode="MMAT" determinerCode="KIND">
                              <code code="2.16.840.1.113883.3.464.0001.94" displayName="Medications indicative of diabetes Code List GROUPING"/>
                           </playingMaterial>
                        </roleParticipant>
                     </participant>
                     <sourceOf typeCode="REFR">
                        <observation classCode="OBS" moodCode="EVN" isCriterionInd="true">
                           <code code="33999-4" displayName="Status" codeSystem="2.16.840.1.113883.6.1"/>
                           <value xsi:type="CD" code="55561003" displayName="Active" codeSystem="2.16.840.1.113883.6.96"/>
                        </observation>
                     </sourceOf>
                  </substanceAdministration>
               </sourceOf>
            </act>
         </entry>
         <entry typeCode="DRIV">
            <act classCode="ACT" moodCode="EVN" isCriterionInd="true"><!-- medication dispensed pattern -->
               <templateId root="2.16.840.1.113883.3.560.1.8"/>
               <id root="BF3D467E-7514-4151-8F5D-0231ABE5EDC2"/>
               <code code="10160-0" displayName="Medications" codeSystem="2.16.840.1.113883.6.1"/>
               <sourceOf typeCode="COMP">
                  <supply classCode="SPLY" moodCode="EVN" isCriterionInd="true">
                     <title>Medication dispensed: Medications indicative of diabetes</title>
                     <participant typeCode="CSM">
                        <roleParticipant classCode="MANU">
                           <playingMaterial classCode="MMAT" determinerCode="KIND">
                              <code code="2.16.840.1.113883.3.464.0001.94" displayName="Medications indicative of diabetes Code List GROUPING"/>
                           </playingMaterial>
                        </roleParticipant>
                     </participant>
                  </supply>
               </sourceOf>
            </act>
         </entry>
         <entry typeCode="DRIV">
            <act classCode="ACT" moodCode="EVN" isCriterionInd="true"><!-- medication order pattern -->
               <templateId root="2.16.840.1.113883.3.560.1.17"/>
               <id root="BEFB1367-6E78-4646-8235-47530F782CA9"/>
               <code code="10160-0" displayName="Medications" codeSystem="2.16.840.1.113883.6.1"/>
               <sourceOf typeCode="COMP">
                  <substanceAdministration classCode="SBADM" moodCode="RQO" isCriterionInd="true">
                     <title>Medication order: Medications indicative of diabetes</title>
                     <participant typeCode="CSM">
                        <roleParticipant classCode="MANU">
                           <playingMaterial classCode="MMAT" determinerCode="KIND">
                              <code code="2.16.840.1.113883.3.464.0001.94" displayName="Medications indicative of diabetes Code List GROUPING"/>
                           </playingMaterial>
                        </roleParticipant>
                     </participant>
                  </substanceAdministration>
               </sourceOf>
            </act>
         </entry>
         <entry typeCode="DRIV">
            <act classCode="ACT" moodCode="EVN" isCriterionInd="true"><!-- diagnosis active pattern -->
               <templateId root="2.16.840.1.113883.3.560.1.2"/>
               <id root="06EE1B39-D6DE-4937-932E-28B973BCF886"/>
               <code code="11450-4" displayName="Problem" codeSystem="2.16.840.1.113883.6.1"/>
               <sourceOf typeCode="COMP">
                  <observation classCode="OBS" moodCode="EVN" isCriterionInd="true">
                     <code code="55607006" codeSystem="2.16.840.1.113883.6.96" displayName="Problem"/>
                     <title>Diagnosis active: polycystic ovaries</title>
                     <value xsi:type="CD" code="2.16.840.1.113883.3.464.0001.98" displayName="polycystic ovaries Code List GROUPING"/>
                     <sourceOf typeCode="REFR">
                        <observation classCode="OBS" moodCode="EVN" isCriterionInd="true">
                           <code code="33999-4" codeSystem="2.16.840.1.113883.6.1" displayName="Status"/>
                           <value xsi:type="CD" code="55561003" displayName="active" codeSystem="2.16.840.1.113883.6.96"/>
                        </observation>
                     </sourceOf>
                  </observation>
               </sourceOf>
            </act>
         </entry>
         <entry typeCode="DRIV">
            <act classCode="ACT" moodCode="EVN" isCriterionInd="true"><!-- diagnosis active pattern -->
               <templateId root="2.16.840.1.113883.3.560.1.2"/>
               <id root="2254080C-EDB6-4CDA-B0AF-41A278967129"/>
               <code code="11450-4" displayName="Problem" codeSystem="2.16.840.1.113883.6.1"/>
               <sourceOf typeCode="COMP">
                  <observation classCode="OBS" moodCode="EVN" isCriterionInd="true">
                     <code code="55607006" codeSystem="2.16.840.1.113883.6.96" displayName="Problem"/>
                     <title>Diagnosis active: steroid induced diabetes</title>
                     <value xsi:type="CD" code="2.16.840.1.113883.3.464.0001.113" displayName="steroid induced diabetes Code List GROUPING"/>
                     <sourceOf typeCode="REFR">
                        <observation classCode="OBS" moodCode="EVN" isCriterionInd="true">
                           <code code="33999-4" codeSystem="2.16.840.1.113883.6.1" displayName="Status"/>
                           <value xsi:type="CD" code="55561003" displayName="active" codeSystem="2.16.840.1.113883.6.96"/>
                        </observation>
                     </sourceOf>
                  </observation>
               </sourceOf>
            </act>
         </entry>
         <entry typeCode="DRIV">
            <act classCode="ACT" moodCode="EVN" isCriterionInd="true"><!-- physical exam finding pattern -->
               <templateId root="2.16.840.1.113883.3.560.1.18"/>
               <id root="719F3CC3-0FE7-4059-B6C3-3D87763C2AF5"/>
               <code code="29545-1" codeSystem="2.16.840.1.113883.6.1" displayName="Physical Examination"/>
               <sourceOf typeCode="COMP">
                  <observation classCode="OBS" moodCode="EVN" isCriterionInd="true">
                     <code code="2.16.840.1.113883.3.464.0001.41" displayName="diastolic blood pressure SNOMED-CT Code List"/>
                     <title>Physical exam finding: diastolic blood pressure</title>
                  </observation>
               </sourceOf>
            </act>
         </entry>
         <entry typeCode="DRIV">
            <act classCode="ACT" moodCode="EVN" isCriterionInd="true"><!-- physical exam finding pattern -->
               <templateId root="2.16.840.1.113883.3.560.1.18"/>
               <id root="4321D8EF-115D-42E2-A6AA-7C23DF9728CB"/>
               <code code="29545-1" codeSystem="2.16.840.1.113883.6.1" displayName="Physical Examination"/>
               <sourceOf typeCode="COMP">
                  <observation classCode="OBS" moodCode="EVN" isCriterionInd="true">
                     <code code="2.16.840.1.113883.3.464.0001.118" displayName="systolic blood pressure SNOMED-CT Code List"/>
                     <title>Physical exam finding: systolic blood pressure</title>
                  </observation>
               </sourceOf>
            </act>
         </entry>
      </section>
   </component>
   <component typeCode="COMP">
      <section>
         <title>Summary Calculation</title>
         <text>
            <content>Calculation is generic to all measures:</content>
            <list>
               <item>Calculate the final denominator by adding all that meet denominator criteria.</item>
               <item>Subtract from the final denominator all that do not meet numerator criteria yet also meet exclusion criteria.  Note some measures do not have exclusion criteria.</item>
               <item>The performance calculation is based on the "Measure scoring" from header information above:
					        	<list>
                     <item>For "Proportion" measures, the calculation is the number meeting numerator criteria divided by the final denominator.</item>
                     <item>For "Ratio" and "Continuous Variable" measures, follow the calculation instructions in the Data Aggregation header information above, if present.</item>
                  </list>
               </item>
               <item>For measures with multiple denominators, repeat this process for each denominator and report each result separately.</item>
               <item>For measures with multiple patient populations, repeat this process for each patient population and report each result separately.</item>
               <item>For measures with multiple numerators, calculate each numerator separately within each population using the paired exclusion.</item>
            </list>
         </text>
      </section>
   </component>
</QualityMeasureDocument>