<?xml version="1.0" encoding="UTF-8"?>
<vMR>
	<SinglePatient>
		<Patient>
			<Person id="PatientID">
				<BirthTime value="19320924"/>
				<GenderCode value="M"/>
			</Person>
		</Patient>
		
		<!-- Family History -->
		
		<FamilyHistoryList>
			<FamilyHistory classCode="FAH" moodCode="EVN">
				<Code code="22298006" codeSystem="2.16.840.1.113883.6.96"/><!-- Snomed CT - MI -->
				<EffectiveTime value="1970"/>
				<Relatives>
					<Relative>
						<Relationship code="FTH" codeSystem="2.16.840.1.113883.5.111"/>
					<Relative/>
				<Relatives/>
				<Components>
					<Observation classCode="OBS" moodCode="EVN" relationshipCode="CAUS">
						<Code code="399347008" codeSystem="2.16.840.1.113883.6.96"/><!-- Snomed CT - Death -->
						<EffectiveTime value="1970"/>
					</Observation>
				</Components>
			</FamilyHistory>
			<FamilyHistory classCode="FAH" moodCode="EVN">
				<Code code="363346000" codeSystem="2.16.840.1.113883.6.96"/> <!-- Snomed CT - Cancer -->
				<EffectiveTime>
					<High value="20000407" inclusive="true"/>
				</EffectiveTime>
			</FamilyHistory>
			<FamilyHistory classCode="FAH" moodCode="EVN">
				<Code code="73211009" codeSystem="2.16.840.1.113883.6.96"/> <!-- Snomed CT - Diabetes mellitus -->
				<ActionNegationInd value="True"/>
				<EffectiveTime>
					<High value="20000407" inclusive="true"/>
				</EffectiveTime>
			</FamilyHistory>
		</FamilyHistoryList>
		
		<!-- Allergies -->
		
		<AllergyList>
			<Allergy classCode="ALL" moodCode="EVN">
				<Code value="106190000" codeSystem="2.16.840.1.113883.6.96"/> <!-- Snomed CT - Allergy -->
				<Agent value="373270004" codeSystem="2.16.840.1.113883.6.96"/> <!-- Snomed CT - Penicillin -->
				<Reaction value="247472004" codeSystem="2.16.840.1.113883.6.96"/> <!-- Snomed CT - Hives -->
			</Allergy>
			<Allergy classCode="ALL" moodCode="EVN">
				<Code value="106190000" codeSystem="2.16.840.1.113883.6.96"/> <!-- Snomed CT - Allergy -->
				<Agent value="387458008" codeSystem="2.16.840.1.113883.6.96"/> <!-- Snomed CT - Aspirin -->
				<Reaction value="56018004" codeSystem="2.16.840.1.113883.6.96"/> <!-- Snomed CT - Wheezing -->
			</Allergy>
			<!-- We also use the Allergy class to express adverse reactions -->
			<Allergy classCode="ALL" moodCode="EVN">
				<Code value="62014003" codeSystem="2.16.840.1.113883.6.96"/> <!-- Snomed CT - Adverse reaction to drug -->
				<Agent value="1476002" codeSystem="2.16.840.1.113883.6.96"/> <!-- Snomed CT - Codeine -->
				<Reaction value="32738000" codeSystem="2.16.840.1.113883.6.96"/> <!-- Snomed CT - Pruritis -->
			</Allergy>
			<Allergy classCode="ALL" moodCode="EVN">
				<Code value="???" codeSystem="???"/> <!-- We don't know the kind ofproblem... Is it an Allergy? -->
				<Agent value="84100007" codeSystem="2.16.840.1.113883.6.96"/> <!-- Snomed CT - History taking -->
				<Reaction value="73879007" codeSystem="2.16.840.1.113883.6.96"/> <!-- Snomed CT - Nausea -->
			</Allergy>
		</AllergyList>
		
		<!-- Immunization -->
		
		<ImmunizationList>
		</ImmunizationList>
		
		<!-- Medical Equipment -->
		<MedicalEquipmentList>
		</MedicalEquipmentList>
		
		<!-- Medication -->
		
		<MedicationList>
			<SubstanceAdministration classCode="SBADM" moodCode="EVN">
				<Code value="66493003" codeSystem="2.16.840.1.113883.6.96"/> <!-- Snomed CT - Theophylline -->
				<EffectiveTime xsi:type="PIVL_TS" institutionSpecified="true">
					<Period value="12" unit="h"/>
				</EffectiveTime>
				<RouteCode code="PO" codeSystem="2.16.840.1.113883.5.112"/> <!-- RouteOfAdministration -->
				<DoseQuantity value="200" unit="mg"/>
			</SubstanceAdministration>
			<SubstanceAdministration classCode="SBADM" moodCode="EVN">
				<Code value="91143003" codeSystem="2.16.840.1.113883.6.96"/> <!-- Snomed CT - Albuterol -->
				<EffectiveTime xsi:type="PIVL_TS" institutionSpecified="true">
					<Period value="6" unit="h"/>
				</EffectiveTime>
				<RouteCode code="IPINHL" codeSystem="2.16.840.1.113883.5.112"/> <!-- RouteOfAdministration -->
				<DoseQuantity value="2"/>
			</SubstanceAdministration>
			<SubstanceAdministration classCode="SBADM" moodCode="EVN">
				<Code value="13012003" codeSystem="2.16.840.1.113883.6.96"/> <!-- Snomed CT - Prednisone preparation -->
				<EffectiveTime xsi:type="PIVL_TS" institutionSpecified="true">
					<Period value="24" unit="h"/>
				</EffectiveTime>
				<RouteCode code="PO" codeSystem="2.16.840.1.113883.5.112"/> <!-- RouteOfAdministration -->
				<DoseQuantity value="20" unit="mg"/>
			</SubstanceAdministration>
			<SubstanceAdministration classCode="SBADM" moodCode="EVN">
				<Code value="376209006" codeSystem="2.16.840.1.113883.6.96"/> <!-- Snomed CT - Hydrochlorothiazide 25mg tablet -->
				<EffectiveTime xsi:type="PIVL_TS" institutionSpecified="true">
					<Period value="24" unit="h"/>
				</EffectiveTime>
				<RouteCode code="PO" codeSystem="2.16.840.1.113883.5.112"/> <!-- RouteOfAdministration -->
			</SubstanceAdministration>
		</MedicationList>

		<!-- Observation -->
		
		<ObservationList>
			<Observation classCode="ORG" moodCode="EVN"> <!-- ORG for Organizer -->
				<Code code="11348-0" codeSystem="2.16.840.1.113883.6.1"/> <!-- LOINC - History of Past Illness -->
				<Components>
					<Observation classCode="OBS" moodCode="EVN" relationshipCode="COMP">
						<Code code="195967001" codeSystem="2.16.840.1.113883.6.96"/> <!-- Snomed CT - Asthma -->
						<EffectiveTime value="1950"/>
					</Observation>
					<Observation classCode="OBS" moodCode="EVN" relationshipCode="COMP">
						<Code code="59621000" codeSystem="2.16.840.1.113883.6.96"/> <!-- Snomed CT - HTN -->
					</Observation>
					<Observation classCode="OBS" moodCode="EVN" relationshipCode="COMP">
						<Code code="396275006" codeSystem="2.16.840.1.113883.6.96"/> <!-- Snomed CT - Osteoarthritis -->
						<Value code="49076000" codeSystem="2.16.840.1.113883.6.96"> <!-- Snomed CT - Knee joint -->
							<Qualifier>
								<Name code="78615007" codeSystem="2.16.840.1.113883.6.96"/> <!-- Snomed CT - With laterality -->
								<Value code="24028007" codeSystem="2.16.840.1.113883.6.96"/> <!-- Snomed CT - Right -->
							</Qualifier>
						</Value>
					</Observation>
				</Components>
			</Observation>
			<Observation classCode="ORG" moodCode="EVN">
				<Code code="11384-5" codeSystem="2.16.840.1.113883.6.1"/> <!-- LOINC - Physical examination -->
				<Components>
					<Observation classCode="ORG" moodCode="EVN">
						<Code code="8716-3" codeSystem="2.16.840.1.113883.6.1"/> <!-- LOINC - Vital signs -->
						<Components>
							<Observation classCode="OBS" moodCode="EVN">
								<Code code="50373000" codeSystem="2.16.840.1.113883.6.96"/> <!-- Snomed CT - Body height measure -->
								<EffectiveTime value="200004071430"/>
								<Value xsi:type="PQ" value="1.77" unit="m">
									<Translation value="69.7" code="[in_I]" codeSystem="2.16.840.1.113883.6.8" codeSystemName="UCUM"/>
								</Value>
							</Observation>
							<Observation classCode="OBS" moodCode="EVN">
								<Code code="363808001" codeSystem="2.16.840.1.113883.6.96"/> <!-- Snomed CT - Body weight measure -->
								<EffectiveTime value="200004071430"/>
								<Value xsi:type="PQ" value="194.0" unit="[lb_ap]">
									<Translation value="88.0" code="kg" codeSystem="2.16.840.1.113883.6.8" codeSystemName="UCUM"/>
								</Value>
							</Observation>
							<Observation classCode="OBS" moodCode="EVN">
								<Code code="60621009" codeSystem="2.16.840.1.113883.6.96"/> <!-- Snomed CT - Body mass index -->
								<EffectiveTime value="200004071430"/>
								<Value xsi:type="RTO_PQ_PQ">
									<Numerator value="28.1" unit="kg"/>
									<Denominator value="1" unit="ar"/>
								</Value>
							</Observation>
							<Observation classCode="OBS" moodCode="EVN">
								<Code code="301898006" codeSystem="2.16.840.1.113883.6.96"/> <!-- Snomed CT - Body surface area -->
								<EffectiveTime value="200004071430"/>
								<Value xsi:type="PQ" value="2.05" unit="ar"/>
							</Observation>
							<Observation classCode="OBS" moodCode="EVN">
								<Code code="386725007" codeSystem="2.16.840.1.113883.6.96"/> <!-- Snomed CT - Body temperature -->
								<EffectiveTime value="200004071430"/>
								<Value xsi:type="PQ" value="36.9" unit="Cel">
									<Translation value="98.5" code="[degF]" codeSystem="2.16.840.1.113883.6.8" codeSystemName="UCUM"/>
								</Value>
							</Observation>
							<Observation classCode="OBS" moodCode="EVN">
								<Code code="364075005" codeSystem="2.16.840.1.113883.6.96"/> <!-- Snomed CT - Heart rate -->
								<EffectiveTime value="200004071430"/>
								<Value xsi:type="RTO_PQ_PQ">
									<Numerator value="86"/>
									<Denominator value="1" unit="min"/>
								</Value>
							</Observation>
							<Observation classCode="OBS" moodCode="EVN">
								<Code code="364075005" codeSystem="2.16.840.1.113883.6.96"/> <!-- Snomed CT - Heart rate -->
								<EffectiveTime value="200004071530"/>
								<Value xsi:type="RTO_PQ_PQ">
									<Numerator value="84"/>
									<Denominator value="1" unit="min"/>
								</Value>
							</Observation>
							<Observation classCode="OBS" moodCode="EVN">
								<Code code="364074009" codeSystem="2.16.840.1.113883.6.96"/> <!-- Snomed CT - Regularity of heart rhythm -->
								<EffectiveTime value="200004071430"/>
								<Value xsi:type="CD" code="248649006" codeSystem="2.16.840.1.113883.6.96"/> <!-- Snomed CT - Heart regular -->
							</Observation>
							<Observation classCode="OBS" moodCode="EVN">
								<Code code="364074009" codeSystem="2.16.840.1.113883.6.96"/> <!-- Snomed CT - Regularity of heart rhythm -->
								<EffectiveTime value="200004071530"/>
								<Value xsi:type="CD" code="248649006" codeSystem="2.16.840.1.113883.6.96"/> <!-- Snomed CT - Heart regular -->
							</Observation>
							<Observation classCode="OBS" moodCode="EVN">
								<Code code="86290005" codeSystem="2.16.840.1.113883.6.96"/> <!-- Snomed CT - Respiratory rate -->
								<EffectiveTime value="200004071430"/>
								<Value xsi:type="RTO_PQ_PQ">
									<Numerator value="16"/>
									<Denominator value="1" unit="min"/>
								</Value>
							</Observation>
							<Observation classCode="OBS" moodCode="EVN">
								<Code code="276362002" codeSystem="2.16.840.1.113883.6.96"/> <!-- Snomed CT - Breathing easily -->
								<EffectiveTime value="200004071430"/>
							</Observation>
							<Observation classCode="OBS" moodCode="EVN">
								<Code code="86290005" codeSystem="2.16.840.1.113883.6.96"/> <!-- Snomed CT - Respiratory rate -->
								<EffectiveTime value="200004071530"/>
								<Value xsi:type="RTO_PQ_PQ">
									<Numerator value="14"/>
									<Denominator value="1" unit="min"/>
								</Value>
							</Observation>
							<Observation classCode="OBS" moodCode="EVN">
								<Code code="75367002" codeSystem="2.16.840.1.113883.6.96"/> <!-- Snomed CT - Blood pressure -->
								<Components>
									<Procedure classCode="PROC" moodCode="EVN">
										<Code code="251076008" codeSystem="2.16.840.1.113883.6.96"/> <!-- Snomed CT - Cuff blood pressure -->
										<EffectiveTime value="200004071430"/>
										<TargetSiteCode code="368208006"  codeSystem="2.16.840.1.113883.6.96"/> <!-- Snomed CT - Left arm -->
									</Procedure>
									<Observation classCode="OBS" moodCode="EVN">
										<Code code="271649006" codeSystem="2.16.840.1.113883.6.96"/> <!-- Snomed CT - Systolic BP -->
										<EffectiveTime value="200004071430"/>
										<Value xsi:type="PQ" value="132" unit="mm[HG]"/>
									</Observation>
									<Observation classCode="OBS" moodCode="EVN">
										<Code code="271650006" codeSystem="2.16.840.1.113883.6.96"/> <!-- Snomed CT - Diastolic BP -->
										<EffectiveTime value="200004071430"/>
										<Value xsi:type="PQ" value="86" unit="mm[HG]"/>
									</Observation>
								</Components>
							</Observation>							
							<Observation classCode="OBS" moodCode="EVN">
								<Code code="75367002" codeSystem="2.16.840.1.113883.6.96"/> <!-- Snomed CT - Blood pressure -->
								<Components>
									<Procedure classCode="PROC" moodCode="EVN">
										<Code code="251076008" codeSystem="2.16.840.1.113883.6.96"/> <!-- Snomed CT - Cuff blood pressure -->
										<EffectiveTime value="200004071530"/>
										<TargetSiteCode code="368208006"  codeSystem="2.16.840.1.113883.6.96"/> <!-- Snomed CT - Left arm -->
									</Procedure>
									<Observation classCode="OBS" moodCode="EVN">
										<Code code="271649006" codeSystem="2.16.840.1.113883.6.96"/> <!-- Snomed CT - Systolic BP -->
										<EffectiveTime value="200004071530"/>
										<Value xsi:type="PQ" value="135" unit="mm[HG]"/>
									</Observation>
									<Observation classCode="OBS" moodCode="EVN">
										<Code code="271650006" codeSystem="2.16.840.1.113883.6.96"/> <!-- Snomed CT - Diastolic BP -->
										<EffectiveTime value="200004071530"/>
										<Value xsi:type="PQ" value="88" unit="mm[HG]"/>
									</Observation>
								</Components>
							</Observation>		
						</Components>
					</Observation>					
					<Observation classCode="ORG" moodCode="EVN">
						<Code code="8709-8" codeSystem="2.16.840.1.113883.6.1"/> <!-- LOINC - Skin exam -->
						<Components>
						<!-- We don't know how to express the CDA sample... -->
						</Components>
					</Observation>
					<Observation classCode="OBS" moodCode="EVN">
						<Code code="8710-6" codeSystem="2.16.840.1.113883.6.1"/> <!-- LOINC - Lungs -->
						<Components>
							<Observation classCode="OBS" moodCode="EVN">
								<Code code="37931006" codeSystem="2.16.840.1.113883.6.96"/> <!-- Snomed CT - Auscultation -->
								<Value xsi:type="CD" code="48348007" codeSystem="2.16.840.1.113883.6.96"/> <!-- Snomed CT - Cheast clear -->
							</Observation>
							<Observation classCode="OBS" moodCode="EVN">
								<Code code="37931006" codeSystem="2.16.840.1.113883.6.96"/> <!-- Snomed CT - Auscultation -->
								<Value xsi:type="CD" code="56018004" codeSystem="2.16.840.1.113883.6.96"/> <!-- Snomed CT - Wheezing -->
							</Observation>
						</Components>
					</Observation>
					<Observation classCode="OBS" moodCode="EVN">
						<Code code="10200-4" codeSystem="2.16.840.1.113883.6.1"/> <!-- LOINC - Physical findings heart -->
						<Components>
							<Observation classCode="OBS" moodCode="EVN">
								<Code code="37931006" codeSystem="2.16.840.1.113883.6.96"/> <!-- Snomed CT - Auscultation -->
								<Value xsi:type="CD" code="76863003" codeSystem="2.16.840.1.113883.6.96"/> <!-- Snomed CT - Normal heart rate -->
							</Observation>							
							<Observation classCode="OBS" moodCode="EVN">
								<Code code="37931006" codeSystem="2.16.840.1.113883.6.96"/> <!-- Snomed CT - Auscultation -->
								<Value xsi:type="CD" code="88610006" codeSystem="2.16.840.1.113883.6.96"/> <!-- Snomed CT - Heart murmur -->
							</Observation>							
							<Observation classCode="OBS" moodCode="EVN">
								<Code code="37931006" codeSystem="2.16.840.1.113883.6.96"/> <!-- Snomed CT - Auscultation -->
								<Value xsi:type="CD" code="277455002" codeSystem="2.16.840.1.113883.6.96"/> <!-- Snomed CT - Third heart sound -->
							</Observation>							
							<Observation classCode="OBS" moodCode="EVN">
								<Code code="37931006" codeSystem="2.16.840.1.113883.6.96"/> <!-- Snomed CT - Auscultation -->
								<Value xsi:type="CD" code="60721002" codeSystem="2.16.840.1.113883.6.96"/> <!-- Snomed CT - Fourth heart sound inaudible -->
							</Observation>
						</Components>
					</Observation>
				</Components>
			</Observation>
			<Observation classCode="OBS" moodCode="EVN">
				<Code code="11502-2" codeSystem="2.16.840.1.113883.6.1"/> <!-- LOINC - Labs -->
				<Components>
					<Observation classCode="OBS" moodCode="EVN">
						<Code code="282290005"  codeSystem="2.16.840.1.113883.6.96"/> <!-- Snomed CT - Imaging interpretation -->
						<Value xsi:type="CD" code="249674001" codeSystem="2.16.840.1.113883.6.96"/> <!-- Snomed CT - Chest hyperinflated -->
					</Observation>
					<Observation classCode="OBS" moodCode="EVN">
						<Code code="313193002"  codeSystem="2.16.840.1.113883.6.96"/> <!-- Snomed CT - Peak flow -->
						<EffectiveTime value="20000407"/>
						<Value xsi:type="RTO_PQ_PQ">
							<Numerator value="260" unit="l"/>
							<Denominator value="1" unit="min"/>
						</Value>
					</Observation>
				</Components>
			</Observation>
			<Observation classCode="OBS" moodCode="EVN">
				<Code code="11496-7" codeSystem="2.16.840.1.113883.6.1"/> <!-- LOINC - Assessment -->
				<Components>
					<Observation classCode="OBS" moodCode="EVN">
						<Code code="14657009" codeSystem="2.16.840.1.113883.6.96"/> <!-- Snomed CT - Established diagnosis -->
						<EffectiveTime value="200004071530"/>
						<Value xsi:type="CD" code="195967001" codeSystem="2.16.840.1.113883.6.96"/> <!-- Snomed CT - Asthma -->
					</Observation>
					<Observation classCode="OBS" moodCode="EVN">
						<Code code="14657009" codeSystem="2.16.840.1.113883.6.96"/> <!-- Snomed CT - Established diagnosis -->
						<EffectiveTime value="200004071530"/>
						<Value xsi:type="CD" code="59621000" codeSystem="2.16.840.1.113883.6.96"/> <!-- Snomed CT - Essential hypertension -->
					</Observation>
					<Observation classCode="OBS" moodCode="EVN">
						<Code code="14657009" codeSystem="2.16.840.1.113883.6.96"/> <!-- Snomed CT - Established diagnosis -->
						<EffectiveTime value="200004071530"/>
						<Value xsi:type="CD" code="40275004" codeSystem="2.16.840.1.113883.6.96"/> <!-- Snomed CT - Contact dermatitis -->
							<Qualifier>
								<Name code="363698007"  codeSystem="2.16.840.1.113883.6.96"/> <!-- Snomed CT - Finding site -->
								<Value code="48856004"  codeSystem="2.16.840.1.113883.6.96"/> <!-- Snomed CT - Skin of palmar surface of index finger -->
									<Qualifier>
										<Name code="78615007"  codeSystem="2.16.840.1.113883.6.96"/> <!-- Snomed CT - With laterality -->
										<Value code="7771000"  codeSystem="2.16.840.1.113883.6.96"/> <!-- Snomed CT - Left -->
									</Qualifier>
							</Qualifier>
					</Observation>
				</Components>
			</Observation>						
		</ObservationList>
		
		<!-- Patient Encounter -->
		
		<PatientEncounterList>
		</PatientEncounterList>
		
		<!-- Pregnancy History -->
		
		<PregnancyHistoryList>
		</PregnancyHistoryList>
		
		<!-- Problem -->
		
		<ProblemList>
		</ProblemList>
		
		<!-- Procedure -->
		
		<ProcedureList>
			<Procedure classCode="PROC" moodCode="EVN">
				<code code="30549001" codeSystem="2.16.840.1.113883.6.96"/> <!-- Snomed CT - Suture removal -->
				<effectiveTime value="200004071430"/>
				<targetSiteCode code="66480008" codeSystem="2.16.840.1.113883.6.96"/> <!-- Snomed CT - Left forearm -->
			</Procedure>
		</ProcedureList>
		
		<!-- Social History -->
		
		<SocialHistoryList>
			<SocialHistory classCode="SOHIST" moodCode="EVN">
				<Code code="266924008" codeSystem="2.16.840.1.113883.6.96"/> <!-- Snomed CT - Ex-heavy cigarette smoker (20-39/day) -->
				<EffectiveTime>
					<Low value="1955"/>
					<High value="1990"/>
				</EffectiveTime>
			</SocialHistory>
			<SocialHistory classCode="SOHIST" moodCode="EVN">
				<Code code="160625004" codeSystem="2.16.840.1.113883.6.96"/> <!-- Snomed CT - Date ceased smoking -->
				<Value xsi:Type="TS" value="1990"/>
			</SocialHistory>
			<SocialHistory classCode="SOHIST" moodCode="EVN">
				<Code code="266917007" codeSystem="2.16.840.1.113883.6.96"/> <!-- Snomed CT - Trivial drinker - les than 1/day -->
			</SocialHistory>
		</SocialHistoryList>
		
		<!-- Substance Administeration  -->
		
		<SubstanceAdministrationList>
		</SubstanceAdministrationList>
		
	</SinglePatient>

</vMR>
