<?xml version="1.0"?>
<!--<?xml-stylesheet type="text/xsl" href="CDA.xsl"?>-->
<!--
Readers should be aware of the evolving "Using SNOMED CT in HL7 Version 3" implementation guide, currently in a draft state. The guide, co-developed by HL7 and the College of American Pathologists, will be balloted by HL7 as an Informative Document. Recommendations in the final published guide should usurp patterns of SNOMED CT usage found in this sample instance.
-->
<ClinicalDocument xmlns="urn:hl7-org:v3" xmlns:voc="urn:hl7-org:v3/voc" xmlns:xsi="http://www.w3.org/2001/XMLSchema-instance" xsi:schemaLocation="urn:hl7-org:v3 CDA.xsd">
	<!-- 
********************************************************
 vMR Header
********************************************************
-->
	<typeId root="vMRRootOID" extension="vMRHL7v3TypeExtension"/>
	<templateId root="tIdOID"/>
	<id extension="eee" root="submitterOID"/>
	<code code="LLL" codeSystem="2.16.840.1.113883.6.1" codeSystemName="LOINC" displayName="virtual Medical Record for DSS"/>
	<title>Good Health Clinic vMR for DSS</title>
	<effectiveTime value="20100107"/>
	<languageCode code="en-US"/>
	<recordTarget>
		<patientRole>
			<id extension="12345" root="2.16.840.1.113883.19.5"/>
			<patient>
				<administrativeGenderCode code="M" codeSystem="2.16.840.1.113883.5.1"/>
				<birthTime value="19320924"/>
			</patient>
			<providerOrganization>
				<id root="2.16.840.1.113883.19.5"/>
			</providerOrganization>
		</patientRole>
	</recordTarget>
	<!-- 
********************************************************
  vMR Body
********************************************************
-->
	<component>
		<structuredBody>
			<!-- 
********************************************************
  History of Present Illness section
********************************************************
-->
			<component>
				<section>
					<code code="10164-2" codeSystem="2.16.840.1.113883.6.1" codeSystemName="LOINC" displayName="History of Present Illness"/>
				</section>
			</component>
			<!-- 
********************************************************
  Past Medical History section
********************************************************
-->
			<component>
				<section>
					<code code="11348-0" codeSystem="2.16.840.1.113883.6.1" codeSystemName="LOINC" displayName="History of Past Illness"/>
					<entry>
						<observation classCode="COND" moodCode="EVN">
							<code code="195967001" codeSystem="2.16.840.1.113883.6.96" codeSystemName="SNOMED CT" displayName="Asthma"/>
							<effectiveTime value="1950"/>
						</observation>
					</entry>
					<entry>
						<observation classCode="COND" moodCode="EVN">
							<code code="59621000" codeSystem="2.16.840.1.113883.6.96" codeSystemName="SNOMED CT" displayName="HTN"/>
						</observation>
					</entry>
					<entry>
						<observation classCode="COND" moodCode="EVN">
							<code xsi:type="CD" code="396275006" codeSystem="2.16.840.1.113883.6.96" codeSystemName="SNOMED CT" displayName="Osteoarthritis"/>
							<targetSiteCode code="49076000" codeSystem="2.16.840.1.113883.6.96" codeSystemName="SNOMED CT" displayName="Knee joint">
								<qualifier>
									<name code="78615007" codeSystem="2.16.840.1.113883.6.96" codeSystemName="SNOMED CT" displayName="with laterality"/>
									<value code="24028007" codeSystem="2.16.840.1.113883.6.96" codeSystemName="SNOMED CT" displayName="right"/>
								</qualifier>
							</targetSiteCode>
						</observation>
					</entry>
				</section>
			</component>
			<!-- 
********************************************************
  Medications section
********************************************************
-->
			<component>
				<section>
					<code code="10160-0" codeSystem="2.16.840.1.113883.6.1" codeSystemName="LOINC" displayName="Medications"/>
					<entry>
						<substanceAdministration classCode="SBADM" moodCode="EVN">
							<effectiveTime xsi:type="PIVL_TS" institutionSpecified="true">
								<period value="12" unit="h"/>
							</effectiveTime>
							<routeCode code="PO" codeSystem="2.16.840.1.113883.5.112" codeSystemName="RouteOfAdministration"/>
							<doseQuantity value="200" unit="mg"/>
							<consumable>
								<manufacturedProduct>
									<manufacturedLabeledDrug>
										<code code="66493003" codeSystem="2.16.840.1.113883.6.96" codeSystemName="SNOMED CT" displayName="Theophylline"/>
									</manufacturedLabeledDrug>
								</manufacturedProduct>
							</consumable>
						</substanceAdministration>
					</entry>
					<entry>
						<substanceAdministration classCode="SBADM" moodCode="EVN">
							<effectiveTime xsi:type="PIVL_TS" institutionSpecified="true">
								<period value="6" unit="h"/>
							</effectiveTime>
							<priorityCode code="PRN"/>
							<routeCode code="IPINHL" codeSystem="2.16.840.1.113883.5.112" codeSystemName="RouteOfAdministration" displayName="Inhalation, oral"/>
							<doseQuantity value="2"/>
							<consumable>
								<manufacturedProduct>
									<manufacturedLabeledDrug>
										<code code="91143003" codeSystem="2.16.840.1.113883.6.96" codeSystemName="SNOMED CT" displayName="Albuterol"/>
									</manufacturedLabeledDrug>
								</manufacturedProduct>
							</consumable>
						</substanceAdministration>
					</entry>
					<entry>
						<substanceAdministration classCode="SBADM" moodCode="EVN">
							<effectiveTime xsi:type="PIVL_TS" institutionSpecified="true">
								<period value="24" unit="h"/>
							</effectiveTime>
							<routeCode code="PO" codeSystem="2.16.840.1.113883.5.112" codeSystemName="RouteOfAdministration"/>
							<doseQuantity value="20" unit="mg"/>
							<consumable>
								<manufacturedProduct>
									<manufacturedLabeledDrug>
										<code code="10312003" codeSystem="2.16.840.1.113883.6.96" codeSystemName="SNOMED CT" displayName="Prednisone preparation"/>
									</manufacturedLabeledDrug>
								</manufacturedProduct>
							</consumable>
						</substanceAdministration>
					</entry>
					<entry>
						<substanceAdministration classCode="SBADM" moodCode="EVN">
							<effectiveTime xsi:type="PIVL_TS" institutionSpecified="true">
								<period value="24" unit="h"/>
							</effectiveTime>
							<routeCode code="PO" codeSystem="2.16.840.1.113883.5.112" codeSystemName="RouteOfAdministration"/>
							<consumable>
								<manufacturedProduct>
									<manufacturedLabeledDrug>
										<code code="376209006" codeSystem="2.16.840.1.113883.6.96" codeSystemName="SNOMED CT" displayName="Hydrochlorothiazide 25mg tablet"/>
									</manufacturedLabeledDrug>
								</manufacturedProduct>
							</consumable>
						</substanceAdministration>
					</entry>
				</section>
			</component>
			<!-- 
********************************************************
  Allergies & Adverse Reactions section
********************************************************
-->
			<component>
				<section>
					<code code="10155-0" codeSystem="2.16.840.1.113883.6.1" codeSystemName="LOINC" displayName="Allergies and Adverse Reactions"/>
					<entry>
						<observation classCode="OBS" moodCode="EVN">
							<code xsi:type="CD" code="247472004" codeSystem="2.16.840.1.113883.6.96" codeSystemName="SNOMED CT" displayName="Hives"/>
							<entryRelationship typeCode="MFST">
								<observation classCode="OBS" moodCode="EVN">
									<code xsi:type="CD" code="91936005" codeSystem="2.16.840.1.113883.6.96" codeSystemName="SNOMED CT" displayName="Allergy to penicillin"/>
								</observation>
							</entryRelationship>
						</observation>
					</entry>
					<entry>
						<observation classCode="OBS" moodCode="EVN">
							<code code="56018004" codeSystem="2.16.840.1.113883.6.96" codeSystemName="SNOMED CT" displayName="Wheezing"/>
							<entryRelationship typeCode="MFST">
								<observation classCode="OBS" moodCode="EVN">
									<code code="293586001" codeSystem="2.16.840.1.113883.6.96" codeSystemName="SNOMED CT" displayName="Allergy to aspirin"/>
								</observation>
							</entryRelationship>
						</observation>
					</entry>
					<entry>
						<observation classCode="OBS" moodCode="EVN">
							<code code="32738000" codeSystem="2.16.840.1.113883.6.96" codeSystemName="SNOMED CT" displayName="Pruritis"/>
							<entryRelationship typeCode="MFST">
								<observation classCode="OBS" moodCode="EVN">
									<id root="2.16.840.1.113883.19.1.2010"/>
									<code code="62014003" codeSystem="2.16.840.1.113883.6.96" codeSystemName="SNOMED CT" displayName="Adverse reaction to drug">
										<qualifier>
											<name code="246075003" codeSystem="2.16.840.1.113883.6.96" codeSystemName="SNOMED CT" displayName="causative agent"/>
											<value code="1476002" codeSystem="2.16.840.1.113883.6.96" codeSystemName="SNOMED CT" displayName="codeine"/>
										</qualifier>
									</code>
								</observation>
							</entryRelationship>
						</observation>
					</entry>
					<entry>
						<observation classCode="OBS" moodCode="EVN">
							<code code="73879007" codeSystem="2.16.840.1.113883.6.96" codeSystemName="SNOMED CT" displayName="Nausea"/>
							<entryRelationship typeCode="MFST">
								<observation classCode="OBS" moodCode="EVN">
									<id root="2.16.840.1.113883.19.1.2010"/>
									<code code="84100007" codeSystem="2.16.840.1.113883.6.96"/>
								</observation>
							</entryRelationship>
						</observation>
					</entry>
				</section>
			</component>
			<!-- 
********************************************************
  Family History section
********************************************************
-->
			<component>
				<section>
					<code code="10157-6" codeSystem="2.16.840.1.113883.6.1" codeSystemName="LOINC" displayName="History of Family Members Diseases"/>
					<entry>
						<observation classCode="OBS" moodCode="EVN">
							<code code="22298006" codeSystem="2.16.840.1.113883.6.96" codeSystemName="SNOMED CT" displayName="MI"/>
							<effectiveTime value="1970"/>
							<subject>
								<relatedSubject classCode="PRS">
									<code code="FTH" codeSystem="2.16.840.1.113883.5.111"/>
								</relatedSubject>
							</subject>
							<entryRelationship typeCode="CAUS">
								<observation classCode="OBS" moodCode="EVN">
									<code code="399347008" codeSystem="2.16.840.1.113883.6.96" codeSystemName="SNOMED CT" displayName="death"/>
									<effectiveTime value="1970"/>
								</observation>
							</entryRelationship>
						</observation>
					</entry>
					<entry>
						<observation classCode="OBS" moodCode="EVN" negationInd="true">
							<code code="275937001" codeSystem="2.16.840.1.113883.6.96" codeSystemName="SNOMED CT" displayName="Family history of cancer"/>
							<effectiveTime>
								<high value="20000407" inclusive="true"/>
							</effectiveTime>
						</observation>
					</entry>
					<entry>
						<observation classCode="OBS" moodCode="EVN">
							<code code="160274005" codeSystem="2.16.840.1.113883.6.96" codeSystemName="SNOMED CT" displayName="No family history of diabetes"/>
							<effectiveTime>
								<high value="20000407" inclusive="true"/>
							</effectiveTime>
						</observation>
					</entry>
				</section>
			</component>
			<!-- 
********************************************************
  Social History section
********************************************************
-->
			<component>
				<section>
					<code code="29762-2" codeSystem="2.16.840.1.113883.6.1" codeSystemName="LOINC" displayName="Social History"/>
					<entry>
						<observation classCode="OBS" moodCode="EVN">
							<code code="266924008" codeSystem="2.16.840.1.113883.6.96" codeSystemName="SNOMED CT" displayName="ex-heavy cigarette smoker (20-39/day)"/>
							<effectiveTime>
								<low value="1955"/>
								<high value="1990"/>
							</effectiveTime>
						</observation>
					</entry>
					<entry>
						<observation classCode="OBS" moodCode="EVN">
							<code code="160625004" codeSystem="2.16.840.1.113883.6.96" codeSystemName="SNOMED CT" displayName="Date ceased smoking"/>
							<value xsi:type="TS" value="1990"/>
						</observation>
					</entry>
					<entry>
						<observation classCode="OBS" moodCode="EVN">
							<code code="266917007" codeSystem="2.16.840.1.113883.6.96" codeSystemName="SNOMED CT" displayName="Trivial drinker -  less than 1/day"/>
						</observation>
					</entry>
				</section>
			</component>
			<!-- 
********************************************************
  Physical Exam section
********************************************************
-->
			<component>
				<section>
					<code code="11384-5" codeSystem="2.16.840.1.113883.6.1" codeSystemName="LOINC" displayName="Physical Examination"/>
					<!-- 
          ********************************************************
            Physical Exam  - Vital Signs
          ********************************************************
          -->
					<component>
						<section>
							<code code="8716-3" codeSystem="2.16.840.1.113883.6.1" codeSystemName="LOINC" displayName="Vital Signs"/>
							<entry>
								<observation classCode="OBS" moodCode="EVN">
									<code code="50373000" codeSystem="2.16.840.1.113883.6.96" codeSystemName="SNOMED CT" displayName="Body height measure"/>
									<effectiveTime value="200004071430"/>
									<value xsi:type="PQ" value="1.77" unit="m">
										<translation value="69.7" code="[in_I]" codeSystem="2.16.840.1.113883.6.8" codeSystemName="UCUM"/>
									</value>
								</observation>
							</entry>
							<entry>
								<observation classCode="OBS" moodCode="EVN">
									<code code="363808001" codeSystem="2.16.840.1.113883.6.96" codeSystemName="SNOMED CT" displayName="Body weight measure"/>
									<effectiveTime value="200004071430"/>
									<value xsi:type="PQ" value="194.0" unit="[lb_ap]">
										<translation value="88.0" code="kg" codeSystem="2.16.840.1.113883.6.8" codeSystemName="UCUM"/>
									</value>
								</observation>
							</entry>
							<entry>
								<observation classCode="OBS" moodCode="EVN">
									<code code="60621009" codeSystem="2.16.840.1.113883.6.96" codeSystemName="SNOMED CT" displayName="Body mass index"/>
									<effectiveTime value="200004071430"/>
									<value xsi:type="RTO_PQ_PQ">
										<numerator value="28.1" unit="kg"/>
										<denominator value="1" unit="ar"/>
									</value>
								</observation>
							</entry>
							<entry>
								<observation classCode="OBS" moodCode="EVN">
									<code code="301898006" codeSystem="2.16.840.1.113883.6.96" codeSystemName="SNOMED CT" displayName="Body surface area"/>
									<effectiveTime value="200004071430"/>
									<value xsi:type="PQ" value="2.05" unit="ar"/>
								</observation>
							</entry>
							<entry>
								<observation classCode="OBS" moodCode="EVN">
									<code code="386725007" codeSystem="2.16.840.1.113883.6.96" codeSystemName="SNOMED CT" displayName="Body temperature"/>
									<effectiveTime value="200004071430"/>
									<value xsi:type="PQ" value="36.9" unit="Cel">
										<translation value="98.5" code="[degF]" codeSystem="2.16.840.1.113883.6.8" codeSystemName="UCUM"/>
									</value>
								</observation>
							</entry>
							<entry>
								<observation classCode="OBS" moodCode="EVN">
									<code code="364075005" codeSystem="2.16.840.1.113883.6.96" codeSystemName="SNOMED CT" displayName="Heart rate"/>
									<effectiveTime value="200004071430"/>
									<value xsi:type="RTO_PQ_PQ">
										<numerator value="86"/>
										<denominator value="1" unit="min"/>
									</value>
								</observation>
							</entry>
							<entry>
								<observation classCode="OBS" moodCode="EVN">
									<code code="364075005" codeSystem="2.16.840.1.113883.6.96" codeSystemName="SNOMED CT" displayName="Heart rate"/>
									<effectiveTime value="200004071530"/>
									<value xsi:type="RTO_PQ_PQ">
										<numerator value="84"/>
										<denominator value="1" unit="min"/>
									</value>
								</observation>
							</entry>
							<entry>
								<observation classCode="OBS" moodCode="EVN">
									<code code="364074009" codeSystem="2.16.840.1.113883.6.96" codeSystemName="SNOMED CT" displayName="Regularity of heart rhythm"/>
									<effectiveTime value="200004071430"/>
									<value xsi:type="CD" code="248649006" codeSystem="2.16.840.1.113883.6.96" codeSystemName="SNOMED CT" displayName="Heart regular"/>
								</observation>
							</entry>
							<entry>
								<observation classCode="OBS" moodCode="EVN">
									<code code="364074009" codeSystem="2.16.840.1.113883.6.96" codeSystemName="SNOMED CT" displayName="Regularity of heart rhythm"/>
									<effectiveTime value="200004071530"/>
									<value xsi:type="CD" code="248649006" codeSystem="2.16.840.1.113883.6.96" codeSystemName="SNOMED CT" displayName="Heart regular"/>
								</observation>
							</entry>
							<entry>
								<observation classCode="OBS" moodCode="EVN">
									<code code="86290005" codeSystem="2.16.840.1.113883.6.96" codeSystemName="SNOMED CT" displayName="Respiratory rate"/>
									<effectiveTime value="200004071430"/>
									<value xsi:type="RTO_PQ_PQ">
										<numerator value="16"/>
										<denominator value="1" unit="min"/>
									</value>
								</observation>
							</entry>
							<entry>
								<observation classCode="OBS" moodCode="EVN">
									<code code="276362002" codeSystem="2.16.840.1.113883.6.96" codeSystemName="SNOMED CT" displayName="Breathing easily"/>
									<effectiveTime value="200004071430"/>
								</observation>
							</entry>
							<entry>
								<observation classCode="OBS" moodCode="EVN">
									<code code="86290005" codeSystem="2.16.840.1.113883.6.96" codeSystemName="SNOMED CT" displayName="Respiratory rate"/>
									<effectiveTime value="200004071530"/>
									<value xsi:type="RTO_PQ_PQ">
										<numerator value="14"/>
										<denominator value="1" unit="min"/>
									</value>
								</observation>
							</entry>
							<entry>
								<observation classCode="OBS" moodCode="EVN">
									<code code="251076008" codeSystem="2.16.840.1.113883.6.96" codeSystemName="SNOMED CT" displayName="Cuff blood pressure"/>
									<effectiveTime value="200004071430"/>
									<targetSiteCode code="368208006" codeSystem="2.16.840.1.113883.6.96" codeSystemName="SNOMED CT" displayName="Left arm"/>
									<entryRelationship typeCode="COMP">
										<observation classCode="OBS" moodCode="EVN">
											<code code="271649006" codeSystem="2.16.840.1.113883.6.96" codeSystemName="SNOMED CT" displayName="Systolic BP"/>
											<effectiveTime value="200004071530"/>
											<value xsi:type="PQ" value="132" unit="mm[Hg]"/>
										</observation>
									</entryRelationship>
									<entryRelationship typeCode="COMP">
										<observation classCode="OBS" moodCode="EVN">
											<code code="271650006" codeSystem="2.16.840.1.113883.6.96" codeSystemName="SNOMED CT" displayName="Diastolic BP"/>
											<effectiveTime value="200004071530"/>
											<value xsi:type="PQ" value="86" unit="mm[Hg]"/>
										</observation>
									</entryRelationship>
								</observation>
							</entry>
							<entry>
								<observation classCode="OBS" moodCode="EVN">
									<code code="251076008" codeSystem="2.16.840.1.113883.6.96" codeSystemName="SNOMED CT" displayName="Cuff blood pressure"/>
									<effectiveTime value="200004071530"/>
									<targetSiteCode code="368208006" codeSystem="2.16.840.1.113883.6.96" codeSystemName="SNOMED CT" displayName="Left arm"/>
									<entryRelationship typeCode="COMP">
										<observation classCode="OBS" moodCode="EVN">
											<code code="271649006" codeSystem="2.16.840.1.113883.6.96" codeSystemName="SNOMED CT" displayName="Systolic BP"/>
											<effectiveTime value="200004071530"/>
											<value xsi:type="PQ" value="135" unit="mm[Hg]"/>
										</observation>
									</entryRelationship>
									<entryRelationship typeCode="COMP">
										<observation classCode="OBS" moodCode="EVN">
											<code code="271650006" codeSystem="2.16.840.1.113883.6.96" codeSystemName="SNOMED CT" displayName="Diastolic BP"/>
											<effectiveTime value="200004071530"/>
											<value xsi:type="PQ" value="88" unit="mm[Hg]"/>
										</observation>
									</entryRelationship>
								</observation>
							</entry>
						</section>
					</component>
					<!-- 
          ********************************************************
            Physical Exam  - Skin
          ********************************************************
          -->
					<component>
						<section>
							<code code="8709-8" codeSystem="2.16.840.1.113883.6.1" codeSystemName="LOINC" displayName="Skin Exam"/>
							<entry>
								<observation classCode="OBS" moodCode="EVN">
									<code code="271807003" codeSystem="2.16.840.1.113883.6.96" codeSystemName="SNOMED CT" displayName="Rash"/>
									<methodCode code="32750006" codeSystem="2.16.840.1.113883.6.96" codeSystemName="SNOMED CT" displayName="Inspection"/>
									<targetSiteCode code="48856004" codeSystem="2.16.840.1.113883.6.96" codeSystemName="SNOMED CT" displayName="Skin of palmer surface of index finger">
										<qualifier>
											<name code="78615007" codeSystem="2.16.840.1.113883.6.96" codeSystemName="SNOMED CT" displayName="with laterality"/>
											<value code="7771000" codeSystem="2.16.840.1.113883.6.96" codeSystemName="SNOMED CT" displayName="left"/>
										</qualifier>
									</targetSiteCode>
									<entryRelationship typeCode="SPRT">
										<regionOfInterest classCode="ROIOVL" moodCode="EVN" ID="MM1">
											<id root="2.16.840.1.113883.19.3.1"/>
											<code code="ELLIPSE"/>
											<value value="3"/>
											<value value="1"/>
											<value value="3"/>
											<value value="7"/>
											<value value="2"/>
											<value value="4"/>
											<value value="4"/>
											<value value="4"/>
											<entryRelationship typeCode="SUBJ">
											</entryRelationship>
										</regionOfInterest>
									</entryRelationship>
								</observation>
							</entry>
						</section>
					</component>
					<!-- 
          ********************************************************
            Physical Exam  - Lungs
          ********************************************************
          -->
					<component>
						<section>
							<code code="8710-6" codeSystem="2.16.840.1.113883.6.1" codeSystemName="LOINC" displayName="Lungs"/>
							<entry>
								<observation classCode="OBS" moodCode="EVN">
									<code code="48348007" codeSystem="2.16.840.1.113883.6.96" codeSystemName="SNOMED CT" displayName="Chest clear"/>
									<methodCode code="37931006" codeSystem="2.16.840.1.113883.6.96" codeSystemName="SNOMED CT" displayName="Auscultation"/>
								</observation>
							</entry>
							<entry>
								<observation classCode="OBS" moodCode="EVN" negationInd="true">
									<code code="56018004" codeSystem="2.16.840.1.113883.6.96" codeSystemName="SNOMED CT" displayName="Wheezing"/>
									<methodCode code="37931006" codeSystem="2.16.840.1.113883.6.96" codeSystemName="SNOMED CT" displayName="Auscultation"/>
								</observation>
							</entry>
						</section>
					</component>
					<!-- 
          ********************************************************
            Physical Exam  - Cardiac
          ********************************************************
          -->
					<component>
						<section>
							<code code="10200-4" codeSystem="2.16.840.1.113883.6.1" codeSystemName="LOINC" displayName="Physical Findings Heart"/>
							<entry>
								<observation classCode="OBS" moodCode="EVN">
									<code code="76863003" codeSystem="2.16.840.1.113883.6.96" codeSystemName="SNOMED CT" displayName="Normal heart rate"/>
									<methodCode code="37931006" codeSystem="2.16.840.1.113883.6.96" codeSystemName="SNOMED CT" displayName="Auscultation"/>
								</observation>
							</entry>
							<entry>
								<observation classCode="OBS" moodCode="EVN" negationInd="true">
									<code code="88610006" codeSystem="2.16.840.1.113883.6.96" codeSystemName="SNOMED CT" displayName="heart murmur"/>
									<methodCode code="37931006" codeSystem="2.16.840.1.113883.6.96" codeSystemName="SNOMED CT" displayName="Auscultation"/>
								</observation>
							</entry>
							<entry>
								<observation classCode="OBS" moodCode="EVN" negationInd="true">
									<code code="277455002" codeSystem="2.16.840.1.113883.6.96" codeSystemName="SNOMED CT" displayName="Third heart sound"/>
									<methodCode code="37931006" codeSystem="2.16.840.1.113883.6.96" codeSystemName="SNOMED CT" displayName="Auscultation"/>
								</observation>
							</entry>
							<entry>
								<observation classCode="OBS" moodCode="EVN">
									<code code="60721002" codeSystem="2.16.840.1.113883.6.96" codeSystemName="SNOMED CT" displayName="Fourth heart sound inaudible"/>
									<methodCode code="37931006" codeSystem="2.16.840.1.113883.6.96" codeSystemName="SNOMED CT" displayName="Auscultation"/>
								</observation>
							</entry>
						</section>
					</component>
				</section>
			</component>
			<!-- 
********************************************************
  Labs section
********************************************************
-->
			<component>
				<section>
					<code code="11502-2" codeSystem="2.16.840.1.113883.6.1" codeSystemName="LOINC" displayName="Labs"/>
					<entry>
						<observation classCode="OBS" moodCode="EVN">
							<code code="282290005" codeSystem="2.16.840.1.113883.6.96" codeSystemName="SNOMED CT" displayName="Imaging interpretation"/>
							<entryRelationship typeCode="COMP">
								<observation classCode="OBS" moodCode="EVN">
									<id root="2.16.840.1.113883.19.1.3005"/>
									<code code="249674001" codeSystem="2.16.840.1.113883.6.96" codeSystemName="SNOMED CT" displayName="Chest hyperinflated"/>
								</observation>
							</entryRelationship>
							<entryRelationship typeCode="COMP">
								<observation classCode="OBS" moodCode="EVN">
									<id root="2.16.840.1.113883.19.1.5505"/>
									<code codeSystem="2.16.840.1.113883.6.96" codeSystemName="SNOMED CT" nullFlavor="OTH"/>
								</observation>
							</entryRelationship>
							<entryRelationship typeCode="COMP">
								<observation classCode="OBS" moodCode="EVN" negationInd="true">
									<id root="2.16.840.1.113883.19.1.6675"/>
									<code codeSystem="2.16.840.1.113883.6.96" codeSystemName="SNOMED CT" nullFlavor="OTH"/>
								</observation>
							</entryRelationship>
							<reference typeCode="SPRT">
								<externalObservation classCode="DGIMG">
									<id root="2.16.840.1.113883.19.1.14"/>
									<code code="56350004" codeSystem="2.16.840.1.113883.6.96" codeSystemName="SNOMED CT" displayName="Chest-X-ray"/>
								</externalObservation>
							</reference>
						</observation>
					</entry>
					<entry>
						<observation classCode="OBS" moodCode="EVN">
							<id root="2.16.840.1.113883.19.1.7005"/>
							<code code="313193002" codeSystem="2.16.840.1.113883.6.96" codeSystemName="SNOMED CT" displayName="Peak flow"/>
							<effectiveTime value="20000407"/>
							<value xsi:type="RTO_PQ_PQ">
								<numerator value="260" unit="l"/>
								<denominator value="1" unit="min"/>
							</value>
						</observation>
					</entry>
				</section>
			</component>
			<!-- 
********************************************************
  In-office Procedure section
********************************************************
-->
			<component>
				<section>
					<code code="29554-3" codeSystem="2.16.840.1.113883.6.1" codeSystemName="LOINC" displayName="In-office Procedures"/>
					<entry>
						<procedure classCode="PROC" moodCode="EVN">
							<code code="30549001" codeSystem="2.16.840.1.113883.6.96" codeSystemName="SNOMED CT" displayName="Suture removal"/>
							<effectiveTime value="200004071430"/>
							<targetSiteCode code="66480008" codeSystem="2.16.840.1.113883.6.96" codeSystemName="SNOMED CT" displayName="Left forearm"/>
						</procedure>
					</entry>
				</section>
			</component>
			<!-- 
********************************************************
  Assessment section
********************************************************
-->
			<component>
				<section>
					<code code="11496-7" codeSystem="2.16.840.1.113883.6.1" codeSystemName="LOINC" displayName="Assessment"/>
					<entry>
						<observation classCode="COND" moodCode="EVN">
							<code code="14657009" codeSystem="2.16.840.1.113883.6.96" codeSystemName="SNOMED CT" displayName="Established diagnosis"/>
							<effectiveTime value="200004071530"/>
							<value xsi:type="CD" code="195967001" codeSystem="2.16.840.1.113883.6.96" codeSystemName="SNOMED CT" displayName="Asthma">
							</value>
						</observation>
					</entry>
					<entry>
						<observation classCode="COND" moodCode="EVN">
							<code code="14657009" codeSystem="2.16.840.1.113883.6.96" codeSystemName="SNOMED CT" displayName="Established diagnosis"/>
							<effectiveTime value="200004071530"/>
							<value xsi:type="CD" code="59621000" codeSystem="2.16.840.1.113883.6.96" codeSystemName="SNOMED CT" displayName="Essential hypertension">
							</value>
						</observation>
					</entry>
					<entry>
						<observation classCode="COND" moodCode="EVN">
							<code code="14657009" codeSystem="2.16.840.1.113883.6.96" codeSystemName="SNOMED CT" displayName="Established diagnosis"/>
							<effectiveTime value="200004071530"/>
							<value xsi:type="CD" code="40275004" codeSystem="2.16.840.1.113883.6.96" codeSystemName="SNOMED CT" displayName="Contact dermatitis">
							</value>
							<targetSiteCode code="48856004" codeSystem="2.16.840.1.113883.6.96" codeSystemName="SNOMED CT" displayName="Skin of palmer surface of index finger">
								<qualifier>
									<name code="78615007" codeSystem="2.16.840.1.113883.6.96" codeSystemName="SNOMED CT" displayName="with laterality"/>
									<value code="7771000" codeSystem="2.16.840.1.113883.6.96" codeSystemName="SNOMED CT" displayName="left"/>
								</qualifier>
							</targetSiteCode>
						</observation>
					</entry>
				</section>
			</component>
		</structuredBody>
	</component>
</ClinicalDocument>
