<?xml version="1.0" encoding="UTF-8"?>
<?xml-stylesheet type="text/xsl" href="../xslt/eMeasure.xsl"?>
<QualityMeasureDocument xmlns:xsi="http://www.w3.org/2001/XMLSchema-instance" xmlns="urn:hl7-org:v3">
         
      <!--
         **************************************************************   
         Measure Header Section
         **************************************************************
      --><typeId root="2.16.840.1.113883.1.3" extension="POQM_HD000001"/>
   <id root="C858BFA8-E9C6-48A0-8C58-F4E87510BF2E"/>
   <code code="57024-2" codeSystem="2.16.840.1.113883.6.1" displayName="Health Quality Measure Document"/>
   <title>Hepatitis C: Hepatitis B Vaccination in Patients with HCV (NQF 0400)</title>
   <text>Percentage of patients aged 18 years and older with a diagnosis of hepatitis C who have received at least one injection of hepatitis B vaccine, or who have documented immunity to hepatitis B</text>
   <statusCode code="completed"/>
   <setId root="1CBD6A2B-1EFB-47A2-A312-617682379524"/>
   <versionNumber value="1"/>
   <author typeCode="AUT">
      <assignedPerson classCode="ASSIGNED">
         <representedOrganization classCode="ORG" determinerCode="INSTANCE">
            <id root="2.16.840.1.113883.3.526"/>
            <name>American Medical Association - Physician Consortium for Performance Improvement</name>
            <contactParty classCode="CON" nullFlavor="UNK"/>
         </representedOrganization>
      </assignedPerson>
   </author>
   <custodian>
      <assignedPerson classCode="ASSIGNED">
         <representedOrganization classCode="ORG" determinerCode="INSTANCE">
            <id root="2.16.840.1.113883.3.526"/>
            <name>American Medical Association - Physician Consortium for Performance Improvement</name>
            <contactParty classCode="CON" nullFlavor="UNK"/>
         </representedOrganization>
      </assignedPerson>
   </custodian>
   <verifier typeCode="VRF">
      <assignedPerson classCode="ASSIGNED">
         <representedOrganization classCode="ORG" determinerCode="INSTANCE">
            <id root="2.16.840.1.113883.3.560"/>
            <name>National Quality Forum</name>
            <contactParty classCode="CON" nullFlavor="UNK"/>
         </representedOrganization>
      </assignedPerson>
   </verifier>
   <subjectOf>
      <measureAttribute>
         <code code="COPY" codeSystem="2.16.840.1.113883.5.4" displayName="Copyright"/>
         <value xsi:type="ED" mediaType="text/plain">© 2010 American Medical Association. All Rights Reserved</value>
      </measureAttribute>
   </subjectOf>
   <subjectOf>
      <measureAttribute>
         <code code="MSRSCORE" codeSystem="2.16.840.1.113883.5.4" displayName="Measure scoring"/>
         <value xsi:type="CD" code="PROPOR" codeSystem="2.16.840.1.113883.5.1063" displayName="Proportion"/>
      </measureAttribute>
   </subjectOf>
   <subjectOf>
      <measureAttribute>
         <code code="MSRTYPE" codeSystem="2.16.840.1.113883.5.4" displayName="Measure type"/>
         <value xsi:type="CD" code="PROCESS" codeSystem="2.16.840.1.113883.5.1063" displayName="Process"/>
      </measureAttribute>
   </subjectOf>
   <subjectOf>
      <measureAttribute>
         <code code="STRAT" codeSystem="2.16.840.1.113883.5.4" displayName="Stratification"/>
         <value xsi:type="ED" mediaType="text/plain">None</value>
      </measureAttribute>
   </subjectOf>
   <subjectOf>
      <measureAttribute>
         <code code="MSRADJ" codeSystem="2.16.840.1.113883.5.4" displayName="Risk Adjustment"/>
         <value xsi:type="ED" mediaType="text/plain">None</value>
      </measureAttribute>
   </subjectOf>
   <subjectOf>
      <measureAttribute>
         <code code="MSRAGG" codeSystem="2.16.840.1.113883.5.4" displayName="Data Aggregation"/>
         <value xsi:type="ED" mediaType="text/plain"/>
      </measureAttribute>
   </subjectOf>
   <subjectOf>
      <measureAttribute>
         <code code="RAT" codeSystem="2.16.840.1.113883.5.4" displayName="Rationale"/>
         <value xsi:type="ED" mediaType="text/plain">Assure that hepatitis B vaccination is received except for cases of documented medical reasons. This vaccination decreases the potential for a patient acquiring hepatitis B, which would contribute to further liver damage.</value>
      </measureAttribute>
   </subjectOf>
   <subjectOf>
      <measureAttribute>
         <code code="CRS" codeSystem="2.16.840.1.113883.3.560" displayName="Clinical Recommendation Statement"/>
         <value xsi:type="ED" mediaType="text/plain">All patients with chronic hepatitis C should be vaccinated against hepatitis A, and seronegative persons with risk factors for hepatitis B virus (HBV) should be vaccinated against hepatitis B. (NIH, 2002) Persons in whom the diagnosis of hepatitis C is established are candidates for hepatitis A and hepatitis B vaccines. (AGA, 2006).</value>
      </measureAttribute>
   </subjectOf>
   <subjectOf>
      <measureAttribute>
         <code code="IDUR" codeSystem="2.16.840.1.113883.3.560" displayName="Improvement notation"/>
         <value xsi:type="ED" mediaType="text/plain">Higher score indicates better quality</value>
      </measureAttribute>
   </subjectOf>
   <subjectOf>
      <measureAttribute>
         <templateId root="2.16.840.1.113883.3.560.1.74"/>
         <id root="A8747030-C469-49E4-9798-1C099CEB6915"/>
         <code code="MSRTP" displayName="Measurement period" codeSystem="2.16.840.1.113883.3.560"/>
         <value xsi:type="EXPR_PQ" value="12" unit="m">
            <expression mediaType="text/plain">measureEndDate - measureStartDate</expression>
         </value>
      </measureAttribute>
   </subjectOf>
   <subjectOf>
      <localVariableName>measureStartDate</localVariableName>
      <measureAttribute>
         <templateId root="2.16.840.1.113883.3.560.1.75"/>
         <id root="2A9E617F-3473-4477-AC26-4A29C138B24A"/>
         <code code="MSRSD" displayName="Measurement start date" codeSystem="2.16.840.1.113883.3.560"/>
         <value xsi:type="TS" value="00000101"/>
      </measureAttribute>
   </subjectOf>
   <subjectOf>
      <localVariableName>measureEndDate</localVariableName>
      <measureAttribute>
         <templateId root="2.16.840.1.113883.3.560.1.75"/>
         <id root="BFA94058-1EC2-4CFC-A406-E1A0DEFECC9C"/>
         <code code="MSRED" displayName="Measurement end date" codeSystem="2.16.840.1.113883.3.560"/>
         <value xsi:type="TS" value="00001231"/>
      </measureAttribute>
   </subjectOf>
   <subjectOf>
      <measureAttribute>
         <code code="MSRMD" codeSystem="2.16.840.1.113883.3.560" displayName="Measurement duration"/>
         <value xsi:type="ED" mediaType="text/plain">12 month(s)</value>
      </measureAttribute>
   </subjectOf>
   <subjectOf>
      <measureAttribute>
         <code code="REF" codeSystem="2.16.840.1.113883.5.4" displayName="Reference"/>
         <value xsi:type="ED" mediaType="text/plain">National Institutes of Health (NIH). Management of hepatitis C: 2002. Rockville (MD): National Institutes of Health (NIH); 2002 Aug 26.</value>
      </measureAttribute>
   </subjectOf>
   <subjectOf>
      <measureAttribute>
         <code code="REF" codeSystem="2.16.840.1.113883.5.4" displayName="Reference"/>
         <value xsi:type="ED" mediaType="text/plain">Dienstag JL, McHutchinson JG. American Gastroenterological Association (AGA) medical position statement on the management of hepatitis C. Gastroenterology. 2006 Jan; 130 (1): 225-30.</value>
      </measureAttribute>
   </subjectOf>
   <subjectOf>
      <measureAttribute>
         <code code="DEF" codeSystem="2.16.840.1.113883.3.560" displayName="Definition"/>
         <value xsi:type="ED" mediaType="text/plain">Received:  Includes documentation that a patient received at least one injection of hepatitis B vaccine from another provider</value>
      </measureAttribute>
   </subjectOf>
   <subjectOf>
      <measureAttribute>
         <code code="GUIDE" codeSystem="2.16.840.1.113883.5.4" displayName="Guidance"/>
         <value xsi:type="ED" mediaType="text/plain"/>
      </measureAttribute>
   </subjectOf>
   <componentOf>
      <qualityMeasureSet classCode="ACT">
         <id root="B1EB421F-C28C-453C-8DEE-7C6EFE318EB1"/>
         <title>CLINICAL QUALITY MEASURE SET 2011-2012</title>
      </qualityMeasureSet>
   </componentOf>
         
      <!--
         **************************************************************   
         Population Criteria Section
         **************************************************************
      --><component typeCode="COMP">
      <section>
         <code code="57026-7" codeSystem="2.16.840.1.113883.6.1" displayName="Population criteria"/>
         <title>Population criteria</title>
         <text>
            <list>
               <item>
                  <content styleCode="Bold">Initial Patient Population =</content>
                  <list>
                     <item>AND: "Patient characteristic: birth date"  &gt;= 18 year(s) starts before start of "Measurement period"</item>
                     <item>AND: <list>
                           <item>OR: "Diagnosis active: Chronic Hepatitis C"</item>
                           <item>OR: "Diagnosis active: Acute Hepatitis C"</item>
                           <item>OR: "Diagnosis active: Unspecified Hepatitis C"</item>
                           <item> starts before or during  ("Encounter: Encounter Office &amp; Outpatient Consult" during "Measurement period")</item>
                        </list>
                     </item>
                     <item>AND:  &gt;= 2 count(s) of<list>
                           <item>AND: "Encounter: Encounter Office &amp; Outpatient Consult" during "Measurement period"</item>
                        </list>
                     </item>
                  </list>
               </item>
               <item>
                  <content styleCode="Bold">Denominator =</content>
                  <list>
                     <item>AND: "Initial Patient Population"</item>
                  </list>
               </item>
               <item>
                  <content styleCode="Bold">Numerator =</content>
                  <list>
                     <item>AND:  &gt;= 1 count(s) of<list>
                           <item>OR: "Procedure performed: Hepatitis B Vaccination"</item>
                           <item>OR: "Medication administered: Hepatitis B Vaccine"</item>
                           <item> starts before or during "Measurement period"</item>
                        </list>
                     </item>
                     <item>AND: <list>
                           <item>OR: "Laboratory test result: Anti-HBs Laboratory Test (result value: 'positive')"</item>
                           <item>OR: "Laboratory test result: Anti-HBe Laboratory Test (result value: 'positive')"</item>
                           <item>OR: "Laboratory test result: Anti-HBc(IgG) Laboratory Test (result value: 'positive')"</item>
                           <item>OR: "Laboratory test result: HBsAg Laboratory Test (result value: 'positive')"</item>
                           <item>OR: "Laboratory test result: Anti-HBc(IgM) (result value: 'positive')"</item>
                           <item>OR: "Laboratory test result: HBeAg (result value: 'positive')"</item>
                           <item>OR: "Laboratory test result: Anti-HBc Core (IgG and IgM) (result value: 'positive')"</item>
                           <item> starts before or during "Measurement period"</item>
                        </list>
                     </item>
                  </list>
               </item>
               <item>
                  <content styleCode="Bold">Exclusions =</content>
                  <list>
                     <item>OR: <list>
                           <item>OR: <list>
                                 <item>OR: <list>
                                       <item>OR: "Procedure performed not done: Medical reason" for "Hepatitis B Vaccination Code List GROUPING"</item>
                                       <item>OR: "Procedure performed not done: Patient reason" for "Hepatitis B Vaccination Code List GROUPING"</item>
                                       <item>OR: "Procedure performed not done: Medical Reason Vaccine Not Given" for "Hepatitis B Vaccination Code List GROUPING"</item>
                                       <item>OR: "Procedure performed not done: Patient Reason Vaccine Not Given" for "Hepatitis B Vaccination Code List GROUPING"</item>
                                    </list>
                                 </item>
                                 <item>OR: <list>
                                       <item>OR: "Medication administered not done: Medical reason" for "Hepatitis B Vaccine RxNorm Code List"</item>
                                       <item>OR: "Medication administered not done: Patient reason" for "Hepatitis B Vaccine RxNorm Code List"</item>
                                       <item>OR: "Medication administered not done: Medical Reason Vaccine Not Given" for "Hepatitis B Vaccine RxNorm Code List"</item>
                                       <item>OR: "Medication administered not done: Patient Reason Vaccine Not Given" for "Hepatitis B Vaccine RxNorm Code List"</item>
                                    </list>
                                 </item>
                              </list>
                           </item>
                           <item> starts before or during "Measurement period"</item>
                        </list>
                     </item>
                  </list>
               </item>
            </list>
         </text><!--
            **************************************************************   
            Population Criteria Section: population 
            **************************************************************
      -->
         <entry typeCode="DRIV">
            <observation classCode="OBS" moodCode="EVN.CRT" isCriterionInd="true">
               <id root="0F6F823F-C536-4C75-A209-D9E4A14A8598"/>
               <code code="ASSERTION" codeSystem="2.16.840.1.113883.5.4"/>
               <value xsi:type="CD" code="IPP" codeSystem="2.16.840.1.113883.5.1063" codeSystemName="HL7 Observation Value" displayName="Initial Patient Population"/><!--  top and/or -->
               <sourceOf typeCode="PRCN">
                  <conjunctionCode code="AND"/>
                  <act classCode="ACT" moodCode="EVN" isCriterionInd="true"><!-- patient characteristic pattern -->
                     <templateId root="2.16.840.1.113883.3.560.1.25"/>
                     <id root="32E93E5E-FC1F-4DF3-A2DE-C33E30397345"/>
                     <code code="45970-1" displayName="Demographics" codeSystem="2.16.840.1.113883.6.1"/>
                     <sourceOf typeCode="COMP">
                        <observation classCode="OBS" moodCode="EVN" isCriterionInd="true">
                           <code code="2.16.840.1.113883.3.526.02.8" displayName="birth date HL7 Code List"/>
                           <title>Patient characteristic: birth date</title>
                           <sourceOf typeCode="SBS">
                              <pauseQuantity xsi:type="IVL_PQ">
                                 <low value="18" unit="a" inclusive="true"/>
                              </pauseQuantity>
                              <observation classCode="OBS" moodCode="EVN">
                                 <id root="A8747030-C469-49E4-9798-1C099CEB6915"/>
                                 <title>Measurement period</title>
                              </observation>
                           </sourceOf>
                        </observation>
                     </sourceOf>
                  </act>
               </sourceOf>
               <sourceOf typeCode="PRCN">
                  <conjunctionCode code="AND"/>
                  <act classCode="ACT" moodCode="EVN" isCriterionInd="true">
                     <sourceOf typeCode="PRCN">
                        <conjunctionCode code="OR"/>
                        <act classCode="ACT" moodCode="EVN" isCriterionInd="true"><!-- diagnosis active pattern -->
                           <templateId root="2.16.840.1.113883.3.560.1.2"/>
                           <id root="8F10E4B2-1AD6-446A-9AB0-AC1EA23EF9C9"/>
                           <code code="11450-4" displayName="Problem" codeSystem="2.16.840.1.113883.6.1"/>
                           <sourceOf typeCode="COMP">
                              <observation classCode="OBS" moodCode="EVN" isCriterionInd="true">
                                 <code code="55607006" codeSystem="2.16.840.1.113883.6.96" displayName="Problem"/>
                                 <title>Diagnosis active: Chronic Hepatitis C</title>
                                 <value xsi:type="CD" code="2.16.840.1.113883.3.526.03.624" displayName="Chronic Hepatitis C Code List GROUPING"/>
                                 <sourceOf typeCode="REFR">
                                    <observation classCode="OBS" moodCode="EVN" isCriterionInd="true">
                                       <code code="33999-4" codeSystem="2.16.840.1.113883.6.1" displayName="Status"/>
                                       <value xsi:type="CD" code="55561003" displayName="active" codeSystem="2.16.840.1.113883.6.96"/>
                                    </observation>
                                 </sourceOf>
                              </observation>
                           </sourceOf>
                        </act>
                     </sourceOf>
                     <sourceOf typeCode="PRCN">
                        <conjunctionCode code="OR"/>
                        <act classCode="ACT" moodCode="EVN" isCriterionInd="true"><!-- diagnosis active pattern -->
                           <templateId root="2.16.840.1.113883.3.560.1.2"/>
                           <id root="D518B2D0-1FF1-4B15-A37C-B53E249F1C31"/>
                           <code code="11450-4" displayName="Problem" codeSystem="2.16.840.1.113883.6.1"/>
                           <sourceOf typeCode="COMP">
                              <observation classCode="OBS" moodCode="EVN" isCriterionInd="true">
                                 <code code="55607006" codeSystem="2.16.840.1.113883.6.96" displayName="Problem"/>
                                 <title>Diagnosis active: Acute Hepatitis C</title>
                                 <value xsi:type="CD" code="2.16.840.1.113883.3.526.03.630" displayName="Acute Hepatitis C Code List GROUPING"/>
                                 <sourceOf typeCode="REFR">
                                    <observation classCode="OBS" moodCode="EVN" isCriterionInd="true">
                                       <code code="33999-4" codeSystem="2.16.840.1.113883.6.1" displayName="Status"/>
                                       <value xsi:type="CD" code="55561003" displayName="active" codeSystem="2.16.840.1.113883.6.96"/>
                                    </observation>
                                 </sourceOf>
                              </observation>
                           </sourceOf>
                        </act>
                     </sourceOf>
                     <sourceOf typeCode="PRCN">
                        <conjunctionCode code="OR"/>
                        <act classCode="ACT" moodCode="EVN" isCriterionInd="true"><!-- diagnosis active pattern -->
                           <templateId root="2.16.840.1.113883.3.560.1.2"/>
                           <id root="D36B48AB-1119-4677-89EF-EB28139D88F7"/>
                           <code code="11450-4" displayName="Problem" codeSystem="2.16.840.1.113883.6.1"/>
                           <sourceOf typeCode="COMP">
                              <observation classCode="OBS" moodCode="EVN" isCriterionInd="true">
                                 <code code="55607006" codeSystem="2.16.840.1.113883.6.96" displayName="Problem"/>
                                 <title>Diagnosis active: Unspecified Hepatitis C</title>
                                 <value xsi:type="CD" code="2.16.840.1.113883.3.526.03.634" displayName="Unspecified Hepatitis C Code List GROUPING"/>
                                 <sourceOf typeCode="REFR">
                                    <observation classCode="OBS" moodCode="EVN" isCriterionInd="true">
                                       <code code="33999-4" codeSystem="2.16.840.1.113883.6.1" displayName="Status"/>
                                       <value xsi:type="CD" code="55561003" displayName="active" codeSystem="2.16.840.1.113883.6.96"/>
                                    </observation>
                                 </sourceOf>
                              </observation>
                           </sourceOf>
                        </act>
                     </sourceOf>
                     <sourceOf typeCode="EAS" inversionInd="true">
                        <act classCode="ACT" moodCode="EVN" isCriterionInd="true"><!-- encounter pattern -->
                           <templateId root="2.16.840.1.113883.3.560.1.4"/>
                           <id root="955B69D5-5F11-40AE-ADDB-FE3AF3EB863D"/>
                           <code code="46240-8" displayName="Encounter list" codeSystem="2.16.840.1.113883.6.1"/>
                           <sourceOf typeCode="COMP">
                              <encounter classCode="ENC" moodCode="EVN" isCriterionInd="true">
                                 <code code="2.16.840.1.113883.3.526.02.99" displayName="Encounter Office &amp; Outpatient Consult CPT Code List"/>
                                 <title>Encounter: Encounter Office &amp; Outpatient Consult</title>
                                 <sourceOf typeCode="DURING">
                                    <observation classCode="OBS" moodCode="EVN">
                                       <id root="A8747030-C469-49E4-9798-1C099CEB6915"/>
                                       <title>Measurement period</title>
                                    </observation>
                                 </sourceOf>
                              </encounter>
                           </sourceOf>
                        </act>
                     </sourceOf>
                  </act>
               </sourceOf>
               <sourceOf typeCode="PRCN">
                  <conjunctionCode code="AND"/>
                  <act classCode="ACT" moodCode="EVN" isCriterionInd="true">
                     <repeatNumber>
                        <low value="2" inclusive="true"/>
                     </repeatNumber>
                     <sourceOf typeCode="PRCN">
                        <conjunctionCode code="AND"/>
                        <act classCode="ACT" moodCode="EVN" isCriterionInd="true"><!-- encounter pattern -->
                           <templateId root="2.16.840.1.113883.3.560.1.4"/>
                           <id root="955B69D5-5F11-40AE-ADDB-FE3AF3EB863D"/>
                           <code code="46240-8" displayName="Encounter list" codeSystem="2.16.840.1.113883.6.1"/>
                           <sourceOf typeCode="COMP">
                              <encounter classCode="ENC" moodCode="EVN" isCriterionInd="true">
                                 <code code="2.16.840.1.113883.3.526.02.99" displayName="Encounter Office &amp; Outpatient Consult CPT Code List"/>
                                 <title>Encounter: Encounter Office &amp; Outpatient Consult</title>
                                 <sourceOf typeCode="DURING">
                                    <observation classCode="OBS" moodCode="EVN">
                                       <id root="A8747030-C469-49E4-9798-1C099CEB6915"/>
                                       <title>Measurement period</title>
                                    </observation>
                                 </sourceOf>
                              </encounter>
                           </sourceOf>
                        </act>
                     </sourceOf>
                  </act>
               </sourceOf>
            </observation>
         </entry><!--
            **************************************************************   
            Population Criteria Section: denominator 
            **************************************************************
      -->
         <entry typeCode="DRIV">
            <observation classCode="OBS" moodCode="EVN.CRT" isCriterionInd="true">
               <id root="5AD576E1-1427-48C0-9DE3-5A5B7E5EF938"/>
               <code code="ASSERTION" codeSystem="2.16.840.1.113883.5.4"/>
               <value xsi:type="CD" code="DENOM" codeSystem="2.16.840.1.113883.5.1063" codeSystemName="HL7 Observation Value" displayName="Denominator"/><!--  top and/or -->
               <sourceOf typeCode="PRCN">
                  <conjunctionCode code="AND"/>
                  <observation classCode="OBS" moodCode="EVN" isCriterionInd="true">
                     <id root="0F6F823F-C536-4C75-A209-D9E4A14A8598"/>
                     <title>Initial Patient Population</title>
                  </observation>
               </sourceOf>
            </observation>
         </entry><!--
            **************************************************************   
            Population Criteria Section: numerator 
            **************************************************************
      -->
         <entry typeCode="DRIV">
            <observation classCode="OBS" moodCode="EVN.CRT" isCriterionInd="true">
               <id root="81E91F7C-04B8-4001-8F3F-3E6E956A9E62"/>
               <code code="ASSERTION" codeSystem="2.16.840.1.113883.5.4"/>
               <value xsi:type="CD" code="NUMER" codeSystem="2.16.840.1.113883.5.1063" codeSystemName="HL7 Observation Value" displayName="Numerator"/><!--  top and/or -->
               <sourceOf typeCode="PRCN">
                  <conjunctionCode code="AND"/>
                  <act classCode="ACT" moodCode="EVN" isCriterionInd="true">
                     <repeatNumber>
                        <low value="1" inclusive="true"/>
                     </repeatNumber>
                     <sourceOf typeCode="PRCN">
                        <conjunctionCode code="OR"/>
                        <act classCode="ACT" moodCode="EVN" isCriterionInd="true"><!-- procedure performed pattern -->
                           <templateId root="2.16.840.1.113883.3.560.1.6"/>
                           <id root="35607067-3FDF-4E07-AFE9-97C93E9DD75D"/>
                           <code code="47519-4" displayName="Procedures" codeSystem="2.16.840.1.113883.6.1"/>
                           <sourceOf typeCode="COMP">
                              <procedure classCode="PROC" moodCode="EVN" isCriterionInd="true">
                                 <code code="2.16.840.1.113883.3.526.03.658" displayName="Hepatitis B Vaccination Code List GROUPING"/>
                                 <title>Procedure performed: Hepatitis B Vaccination</title>
                              </procedure>
                           </sourceOf>
                        </act>
                     </sourceOf>
                     <sourceOf typeCode="PRCN">
                        <conjunctionCode code="OR"/>
                        <act classCode="ACT" moodCode="EVN" isCriterionInd="true"><!-- medication administered pattern -->
                           <templateId root="2.16.840.1.113883.3.560.1.14"/>
                           <id root="EAD9A418-9E29-4836-8EF5-A19B4707AABE"/>
                           <code code="18610-6" displayName="Medication administered" codeSystem="2.16.840.1.113883.6.1"/>
                           <sourceOf typeCode="COMP">
                              <substanceAdministration classCode="SBADM" moodCode="EVN" isCriterionInd="true">
                                 <title>Medication administered: Hepatitis B Vaccine</title>
                                 <participant typeCode="CSM">
                                    <roleParticipant classCode="MANU">
                                       <playingMaterial classCode="MMAT" determinerCode="KIND">
                                          <code code="2.16.840.1.113883.3.526.02.659" displayName="Hepatitis B Vaccine RxNorm Code List"/>
                                       </playingMaterial>
                                    </roleParticipant>
                                 </participant>
                              </substanceAdministration>
                           </sourceOf>
                        </act>
                     </sourceOf>
                     <sourceOf typeCode="EAS" inversionInd="true">
                        <observation classCode="OBS" moodCode="EVN" isCriterionInd="true">
                           <id root="A8747030-C469-49E4-9798-1C099CEB6915"/>
                           <title>Measurement period</title>
                        </observation>
                     </sourceOf>
                  </act>
               </sourceOf>
               <sourceOf typeCode="PRCN">
                  <conjunctionCode code="AND"/>
                  <act classCode="ACT" moodCode="EVN" isCriterionInd="true">
                     <sourceOf typeCode="PRCN">
                        <conjunctionCode code="OR"/>
                        <act classCode="ACT" moodCode="EVN" isCriterionInd="true"><!-- laboratory test result pattern -->
                           <templateId root="2.16.840.1.113883.3.560.1.12"/>
                           <id root="9DFF9A80-4D03-4B97-AF87-EF1CF373A3AC"/>
                           <code code="30954-2" displayName="Results" codeSystem="2.16.840.1.113883.6.1"/>
                           <sourceOf typeCode="COMP">
                              <observation classCode="OBS" moodCode="EVN" isCriterionInd="true">
                                 <code code="2.16.840.1.113883.3.526.02.667" displayName="Anti-HBs Laboratory Test LOINC Code List"/>
                                 <title>Laboratory test result: Anti-HBs Laboratory Test (result value: 'positive')</title>
                                 <statusCode code="completed"/>
                                 <sourceOf typeCode="OUTC">
                                    <observation classCode="OBS" moodCode="EVN" isCriterionInd="true">
                                       <code code="2.16.840.1.113883.3.526.02.284" displayName="positive"/>
                                    </observation>
                                 </sourceOf>
                              </observation>
                           </sourceOf>
                        </act>
                     </sourceOf>
                     <sourceOf typeCode="PRCN">
                        <conjunctionCode code="OR"/>
                        <act classCode="ACT" moodCode="EVN" isCriterionInd="true"><!-- laboratory test result pattern -->
                           <templateId root="2.16.840.1.113883.3.560.1.12"/>
                           <id root="1C36D8B1-3ACA-4423-8C89-44A4A6E23880"/>
                           <code code="30954-2" displayName="Results" codeSystem="2.16.840.1.113883.6.1"/>
                           <sourceOf typeCode="COMP">
                              <observation classCode="OBS" moodCode="EVN" isCriterionInd="true">
                                 <code code="2.16.840.1.113883.3.526.02.668" displayName="Anti-HBe Laboratory Test LOINC Code List"/>
                                 <title>Laboratory test result: Anti-HBe Laboratory Test (result value: 'positive')</title>
                                 <statusCode code="completed"/>
                                 <sourceOf typeCode="OUTC">
                                    <observation classCode="OBS" moodCode="EVN" isCriterionInd="true">
                                       <code code="2.16.840.1.113883.3.526.02.284" displayName="positive"/>
                                    </observation>
                                 </sourceOf>
                              </observation>
                           </sourceOf>
                        </act>
                     </sourceOf>
                     <sourceOf typeCode="PRCN">
                        <conjunctionCode code="OR"/>
                        <act classCode="ACT" moodCode="EVN" isCriterionInd="true"><!-- laboratory test result pattern -->
                           <templateId root="2.16.840.1.113883.3.560.1.12"/>
                           <id root="CE75CFEA-A0B2-409A-A9F5-386223419D8A"/>
                           <code code="30954-2" displayName="Results" codeSystem="2.16.840.1.113883.6.1"/>
                           <sourceOf typeCode="COMP">
                              <observation classCode="OBS" moodCode="EVN" isCriterionInd="true">
                                 <code code="2.16.840.1.113883.3.526.02.669" displayName="Anti-HBc(IgG) Laboratory Test LOINC Code List"/>
                                 <title>Laboratory test result: Anti-HBc(IgG) Laboratory Test (result value: 'positive')</title>
                                 <statusCode code="completed"/>
                                 <sourceOf typeCode="OUTC">
                                    <observation classCode="OBS" moodCode="EVN" isCriterionInd="true">
                                       <code code="2.16.840.1.113883.3.526.02.284" displayName="positive"/>
                                    </observation>
                                 </sourceOf>
                              </observation>
                           </sourceOf>
                        </act>
                     </sourceOf>
                     <sourceOf typeCode="PRCN">
                        <conjunctionCode code="OR"/>
                        <act classCode="ACT" moodCode="EVN" isCriterionInd="true"><!-- laboratory test result pattern -->
                           <templateId root="2.16.840.1.113883.3.560.1.12"/>
                           <id root="82E27FC3-DF15-478C-B137-7E85572BA181"/>
                           <code code="30954-2" displayName="Results" codeSystem="2.16.840.1.113883.6.1"/>
                           <sourceOf typeCode="COMP">
                              <observation classCode="OBS" moodCode="EVN" isCriterionInd="true">
                                 <code code="2.16.840.1.113883.3.526.02.670" displayName="HBsAg Laboratory Test LOINC Code List"/>
                                 <title>Laboratory test result: HBsAg Laboratory Test (result value: 'positive')</title>
                                 <statusCode code="completed"/>
                                 <sourceOf typeCode="OUTC">
                                    <observation classCode="OBS" moodCode="EVN" isCriterionInd="true">
                                       <code code="2.16.840.1.113883.3.526.02.284" displayName="positive"/>
                                    </observation>
                                 </sourceOf>
                              </observation>
                           </sourceOf>
                        </act>
                     </sourceOf>
                     <sourceOf typeCode="PRCN">
                        <conjunctionCode code="OR"/>
                        <act classCode="ACT" moodCode="EVN" isCriterionInd="true"><!-- laboratory test result pattern -->
                           <templateId root="2.16.840.1.113883.3.560.1.12"/>
                           <id root="CF57DBDB-F04D-433D-828E-C58976A5803B"/>
                           <code code="30954-2" displayName="Results" codeSystem="2.16.840.1.113883.6.1"/>
                           <sourceOf typeCode="COMP">
                              <observation classCode="OBS" moodCode="EVN" isCriterionInd="true">
                                 <code code="2.16.840.1.113883.3.526.02.671" displayName="Anti-HBc(IgM) LOINC Code List"/>
                                 <title>Laboratory test result: Anti-HBc(IgM) (result value: 'positive')</title>
                                 <statusCode code="completed"/>
                                 <sourceOf typeCode="OUTC">
                                    <observation classCode="OBS" moodCode="EVN" isCriterionInd="true">
                                       <code code="2.16.840.1.113883.3.526.02.284" displayName="positive"/>
                                    </observation>
                                 </sourceOf>
                              </observation>
                           </sourceOf>
                        </act>
                     </sourceOf>
                     <sourceOf typeCode="PRCN">
                        <conjunctionCode code="OR"/>
                        <act classCode="ACT" moodCode="EVN" isCriterionInd="true"><!-- laboratory test result pattern -->
                           <templateId root="2.16.840.1.113883.3.560.1.12"/>
                           <id root="84866E1E-577B-44AC-892C-D3256583B6B5"/>
                           <code code="30954-2" displayName="Results" codeSystem="2.16.840.1.113883.6.1"/>
                           <sourceOf typeCode="COMP">
                              <observation classCode="OBS" moodCode="EVN" isCriterionInd="true">
                                 <code code="2.16.840.1.113883.3.526.02.672" displayName="HBeAg LOINC Code List"/>
                                 <title>Laboratory test result: HBeAg (result value: 'positive')</title>
                                 <statusCode code="completed"/>
                                 <sourceOf typeCode="OUTC">
                                    <observation classCode="OBS" moodCode="EVN" isCriterionInd="true">
                                       <code code="2.16.840.1.113883.3.526.02.284" displayName="positive"/>
                                    </observation>
                                 </sourceOf>
                              </observation>
                           </sourceOf>
                        </act>
                     </sourceOf>
                     <sourceOf typeCode="PRCN">
                        <conjunctionCode code="OR"/>
                        <act classCode="ACT" moodCode="EVN" isCriterionInd="true"><!-- laboratory test result pattern -->
                           <templateId root="2.16.840.1.113883.3.560.1.12"/>
                           <id root="B64443D4-331C-4013-90DA-4A107FE289A7"/>
                           <code code="30954-2" displayName="Results" codeSystem="2.16.840.1.113883.6.1"/>
                           <sourceOf typeCode="COMP">
                              <observation classCode="OBS" moodCode="EVN" isCriterionInd="true">
                                 <code code="2.16.840.1.113883.3.526.02.673" displayName="Anti-HBc Core (IgG and IgM) LOINC Code List"/>
                                 <title>Laboratory test result: Anti-HBc Core (IgG and IgM) (result value: 'positive')</title>
                                 <statusCode code="completed"/>
                                 <sourceOf typeCode="OUTC">
                                    <observation classCode="OBS" moodCode="EVN" isCriterionInd="true">
                                       <code code="2.16.840.1.113883.3.526.02.284" displayName="positive"/>
                                    </observation>
                                 </sourceOf>
                              </observation>
                           </sourceOf>
                        </act>
                     </sourceOf>
                     <sourceOf typeCode="EAS" inversionInd="true">
                        <observation classCode="OBS" moodCode="EVN" isCriterionInd="true">
                           <id root="A8747030-C469-49E4-9798-1C099CEB6915"/>
                           <title>Measurement period</title>
                        </observation>
                     </sourceOf>
                  </act>
               </sourceOf>
            </observation>
         </entry><!--
            **************************************************************   
            Population Criteria Section: exceptions 
            **************************************************************
      -->
         <entry typeCode="DRIV">
            <observation classCode="OBS" moodCode="EVN.CRT" isCriterionInd="true">
               <id root="D6EF9CC7-5BB7-4C93-9F3A-BBEDAFE4CDA1"/>
               <code code="ASSERTION" codeSystem="2.16.840.1.113883.5.4"/>
               <value xsi:type="CD" code="DENEXCEP" codeSystem="2.16.840.1.113883.5.1063" codeSystemName="HL7 Observation Value" displayName="Denominator Exception"/><!--  top and/or -->
               <sourceOf typeCode="PRCN">
                  <conjunctionCode code="OR"/>
                  <act classCode="ACT" moodCode="EVN" isCriterionInd="true">
                     <sourceOf typeCode="PRCN">
                        <conjunctionCode code="OR"/>
                        <act classCode="ACT" moodCode="EVN" isCriterionInd="true">
                           <sourceOf typeCode="PRCN">
                              <conjunctionCode code="OR"/>
                              <act classCode="ACT" moodCode="EVN" isCriterionInd="true">
                                 <sourceOf typeCode="PRCN">
                                    <conjunctionCode code="OR"/>
                                    <act classCode="ACT" moodCode="EVN" isCriterionInd="true" actionNegationInd="true"><!-- procedure performed pattern -->
                                       <templateId root="2.16.840.1.113883.3.560.1.106"/>
                                       <id root="35607067-3FDF-4E07-AFE9-97C93E9DD75D"/>
                                       <code code="47519-4" displayName="Procedures" codeSystem="2.16.840.1.113883.6.1"/>
                                       <sourceOf typeCode="COMP">
                                          <procedure classCode="PROC" moodCode="EVN" isCriterionInd="true">
                                             <code code="2.16.840.1.113883.3.526.03.658" displayName="Hepatitis B Vaccination Code List GROUPING"/>
                                             <title>Procedure performed not done: Medical reason</title>
                                             <sourceOf typeCode="RSON">
                                                <observation classCode="OBS" moodCode="EVN" isCriterionInd="true">
                                                   <code code="ASSERTION" codeSystem="2.16.840.1.113883.5.4"/>
                                                   <value xsi:type="CD" code="2.16.840.1.113883.3.526.02.313" displayName="Hepatitis B Vaccination Code List GROUPING"/>
                                                </observation>
                                             </sourceOf>
                                          </procedure>
                                       </sourceOf>
                                    </act>
                                 </sourceOf>
                                 <sourceOf typeCode="PRCN">
                                    <conjunctionCode code="OR"/>
                                    <act classCode="ACT" moodCode="EVN" isCriterionInd="true" actionNegationInd="true"><!-- procedure performed pattern -->
                                       <templateId root="2.16.840.1.113883.3.560.1.106"/>
                                       <id root="35607067-3FDF-4E07-AFE9-97C93E9DD75D"/>
                                       <code code="47519-4" displayName="Procedures" codeSystem="2.16.840.1.113883.6.1"/>
                                       <sourceOf typeCode="COMP">
                                          <procedure classCode="PROC" moodCode="EVN" isCriterionInd="true">
                                             <code code="2.16.840.1.113883.3.526.03.658" displayName="Hepatitis B Vaccination Code List GROUPING"/>
                                             <title>Procedure performed not done: Patient reason</title>
                                             <sourceOf typeCode="RSON">
                                                <observation classCode="OBS" moodCode="EVN" isCriterionInd="true">
                                                   <code code="ASSERTION" codeSystem="2.16.840.1.113883.5.4"/>
                                                   <value xsi:type="CD" code="2.16.840.1.113883.3.526.02.311" displayName="Hepatitis B Vaccination Code List GROUPING"/>
                                                </observation>
                                             </sourceOf>
                                          </procedure>
                                       </sourceOf>
                                    </act>
                                 </sourceOf>
                                 <sourceOf typeCode="PRCN">
                                    <conjunctionCode code="OR"/>
                                    <act classCode="ACT" moodCode="EVN" isCriterionInd="true" actionNegationInd="true"><!-- procedure performed pattern -->
                                       <templateId root="2.16.840.1.113883.3.560.1.106"/>
                                       <id root="35607067-3FDF-4E07-AFE9-97C93E9DD75D"/>
                                       <code code="47519-4" displayName="Procedures" codeSystem="2.16.840.1.113883.6.1"/>
                                       <sourceOf typeCode="COMP">
                                          <procedure classCode="PROC" moodCode="EVN" isCriterionInd="true">
                                             <code code="2.16.840.1.113883.3.526.03.658" displayName="Hepatitis B Vaccination Code List GROUPING"/>
                                             <title>Procedure performed not done: Medical Reason Vaccine Not Given</title>
                                             <sourceOf typeCode="RSON">
                                                <observation classCode="OBS" moodCode="EVN" isCriterionInd="true">
                                                   <code code="ASSERTION" codeSystem="2.16.840.1.113883.5.4"/>
                                                   <value xsi:type="CD" code="2.16.840.1.113883.3.526.03.665" displayName="Hepatitis B Vaccination Code List GROUPING"/>
                                                </observation>
                                             </sourceOf>
                                          </procedure>
                                       </sourceOf>
                                    </act>
                                 </sourceOf>
                                 <sourceOf typeCode="PRCN">
                                    <conjunctionCode code="OR"/>
                                    <act classCode="ACT" moodCode="EVN" isCriterionInd="true" actionNegationInd="true"><!-- procedure performed pattern -->
                                       <templateId root="2.16.840.1.113883.3.560.1.106"/>
                                       <id root="35607067-3FDF-4E07-AFE9-97C93E9DD75D"/>
                                       <code code="47519-4" displayName="Procedures" codeSystem="2.16.840.1.113883.6.1"/>
                                       <sourceOf typeCode="COMP">
                                          <procedure classCode="PROC" moodCode="EVN" isCriterionInd="true">
                                             <code code="2.16.840.1.113883.3.526.03.658" displayName="Hepatitis B Vaccination Code List GROUPING"/>
                                             <title>Procedure performed not done: Patient Reason Vaccine Not Given</title>
                                             <sourceOf typeCode="RSON">
                                                <observation classCode="OBS" moodCode="EVN" isCriterionInd="true">
                                                   <code code="ASSERTION" codeSystem="2.16.840.1.113883.5.4"/>
                                                   <value xsi:type="CD" code="2.16.840.1.113883.3.526.03.664" displayName="Hepatitis B Vaccination Code List GROUPING"/>
                                                </observation>
                                             </sourceOf>
                                          </procedure>
                                       </sourceOf>
                                    </act>
                                 </sourceOf>
                              </act>
                           </sourceOf>
                           <sourceOf typeCode="PRCN">
                              <conjunctionCode code="OR"/>
                              <act classCode="ACT" moodCode="EVN" isCriterionInd="true">
                                 <sourceOf typeCode="PRCN">
                                    <conjunctionCode code="OR"/>
                                    <act classCode="ACT" moodCode="EVN" isCriterionInd="true" actionNegationInd="true"><!-- medication administered pattern -->
                                       <templateId root="2.16.840.1.113883.3.560.1.114"/>
                                       <id root="EAD9A418-9E29-4836-8EF5-A19B4707AABE"/>
                                       <code code="18610-6" displayName="Medication administered" codeSystem="2.16.840.1.113883.6.1"/>
                                       <sourceOf typeCode="COMP">
                                          <substanceAdministration classCode="SBADM" moodCode="EVN" isCriterionInd="true">
                                             <title>Medication administered not done: Medical reason</title>
                                             <participant typeCode="CSM">
                                                <roleParticipant classCode="MANU">
                                                   <playingMaterial classCode="MMAT" determinerCode="KIND">
                                                      <code code="2.16.840.1.113883.3.526.02.659" displayName="Hepatitis B Vaccine RxNorm Code List"/>
                                                   </playingMaterial>
                                                </roleParticipant>
                                             </participant>
                                             <sourceOf typeCode="RSON">
                                                <observation classCode="OBS" moodCode="EVN" isCriterionInd="true">
                                                   <code code="ASSERTION" codeSystem="2.16.840.1.113883.5.4"/>
                                                   <value xsi:type="CD" code="2.16.840.1.113883.3.526.02.313" displayName="Hepatitis B Vaccine RxNorm Code List"/>
                                                </observation>
                                             </sourceOf>
                                          </substanceAdministration>
                                       </sourceOf>
                                    </act>
                                 </sourceOf>
                                 <sourceOf typeCode="PRCN">
                                    <conjunctionCode code="OR"/>
                                    <act classCode="ACT" moodCode="EVN" isCriterionInd="true" actionNegationInd="true"><!-- medication administered pattern -->
                                       <templateId root="2.16.840.1.113883.3.560.1.114"/>
                                       <id root="EAD9A418-9E29-4836-8EF5-A19B4707AABE"/>
                                       <code code="18610-6" displayName="Medication administered" codeSystem="2.16.840.1.113883.6.1"/>
                                       <sourceOf typeCode="COMP">
                                          <substanceAdministration classCode="SBADM" moodCode="EVN" isCriterionInd="true">
                                             <title>Medication administered not done: Patient reason</title>
                                             <participant typeCode="CSM">
                                                <roleParticipant classCode="MANU">
                                                   <playingMaterial classCode="MMAT" determinerCode="KIND">
                                                      <code code="2.16.840.1.113883.3.526.02.659" displayName="Hepatitis B Vaccine RxNorm Code List"/>
                                                   </playingMaterial>
                                                </roleParticipant>
                                             </participant>
                                             <sourceOf typeCode="RSON">
                                                <observation classCode="OBS" moodCode="EVN" isCriterionInd="true">
                                                   <code code="ASSERTION" codeSystem="2.16.840.1.113883.5.4"/>
                                                   <value xsi:type="CD" code="2.16.840.1.113883.3.526.02.311" displayName="Hepatitis B Vaccine RxNorm Code List"/>
                                                </observation>
                                             </sourceOf>
                                          </substanceAdministration>
                                       </sourceOf>
                                    </act>
                                 </sourceOf>
                                 <sourceOf typeCode="PRCN">
                                    <conjunctionCode code="OR"/>
                                    <act classCode="ACT" moodCode="EVN" isCriterionInd="true" actionNegationInd="true"><!-- medication administered pattern -->
                                       <templateId root="2.16.840.1.113883.3.560.1.114"/>
                                       <id root="EAD9A418-9E29-4836-8EF5-A19B4707AABE"/>
                                       <code code="18610-6" displayName="Medication administered" codeSystem="2.16.840.1.113883.6.1"/>
                                       <sourceOf typeCode="COMP">
                                          <substanceAdministration classCode="SBADM" moodCode="EVN" isCriterionInd="true">
                                             <title>Medication administered not done: Medical Reason Vaccine Not Given</title>
                                             <participant typeCode="CSM">
                                                <roleParticipant classCode="MANU">
                                                   <playingMaterial classCode="MMAT" determinerCode="KIND">
                                                      <code code="2.16.840.1.113883.3.526.02.659" displayName="Hepatitis B Vaccine RxNorm Code List"/>
                                                   </playingMaterial>
                                                </roleParticipant>
                                             </participant>
                                             <sourceOf typeCode="RSON">
                                                <observation classCode="OBS" moodCode="EVN" isCriterionInd="true">
                                                   <code code="ASSERTION" codeSystem="2.16.840.1.113883.5.4"/>
                                                   <value xsi:type="CD" code="2.16.840.1.113883.3.526.03.665" displayName="Hepatitis B Vaccine RxNorm Code List"/>
                                                </observation>
                                             </sourceOf>
                                          </substanceAdministration>
                                       </sourceOf>
                                    </act>
                                 </sourceOf>
                                 <sourceOf typeCode="PRCN">
                                    <conjunctionCode code="OR"/>
                                    <act classCode="ACT" moodCode="EVN" isCriterionInd="true" actionNegationInd="true"><!-- medication administered pattern -->
                                       <templateId root="2.16.840.1.113883.3.560.1.114"/>
                                       <id root="EAD9A418-9E29-4836-8EF5-A19B4707AABE"/>
                                       <code code="18610-6" displayName="Medication administered" codeSystem="2.16.840.1.113883.6.1"/>
                                       <sourceOf typeCode="COMP">
                                          <substanceAdministration classCode="SBADM" moodCode="EVN" isCriterionInd="true">
                                             <title>Medication administered not done: Patient Reason Vaccine Not Given</title>
                                             <participant typeCode="CSM">
                                                <roleParticipant classCode="MANU">
                                                   <playingMaterial classCode="MMAT" determinerCode="KIND">
                                                      <code code="2.16.840.1.113883.3.526.02.659" displayName="Hepatitis B Vaccine RxNorm Code List"/>
                                                   </playingMaterial>
                                                </roleParticipant>
                                             </participant>
                                             <sourceOf typeCode="RSON">
                                                <observation classCode="OBS" moodCode="EVN" isCriterionInd="true">
                                                   <code code="ASSERTION" codeSystem="2.16.840.1.113883.5.4"/>
                                                   <value xsi:type="CD" code="2.16.840.1.113883.3.526.03.664" displayName="Hepatitis B Vaccine RxNorm Code List"/>
                                                </observation>
                                             </sourceOf>
                                          </substanceAdministration>
                                       </sourceOf>
                                    </act>
                                 </sourceOf>
                              </act>
                           </sourceOf>
                        </act>
                     </sourceOf>
                     <sourceOf typeCode="EAS" inversionInd="true">
                        <observation classCode="OBS" moodCode="EVN" isCriterionInd="true">
                           <id root="A8747030-C469-49E4-9798-1C099CEB6915"/>
                           <title>Measurement period</title>
                        </observation>
                     </sourceOf>
                  </act>
               </sourceOf>
            </observation>
         </entry>
      </section>
   </component>
         
      <!--
         ******************************************   
         Data Criteria Section
         ******************************************
      --><component typeCode="COMP">
      <section>
         <code code="57025-9" codeSystem="2.16.840.1.113883.6.1" displayName="Data criteria (QDS Data Elements)"/>
         <title>Data criteria (QDS Data Elements)</title>
         <text>
            <list>
               <item>
                  <content>"Diagnosis active: Acute Hepatitis C"</content> using "Acute Hepatitis C Code List GROUPING (2.16.840.1.113883.3.526.03.630)"</item>
               <item>
                  <content>"Diagnosis active: Chronic Hepatitis C"</content> using "Chronic Hepatitis C Code List GROUPING (2.16.840.1.113883.3.526.03.624)"</item>
               <item>
                  <content>"Diagnosis active: Unspecified Hepatitis C"</content> using "Unspecified Hepatitis C Code List GROUPING (2.16.840.1.113883.3.526.03.634)"</item>
               <item>
                  <content>"Encounter: Encounter Office &amp; Outpatient Consult"</content> using "Encounter Office &amp; Outpatient Consult CPT Code List (2.16.840.1.113883.3.526.02.99)"</item>
               <item>
                  <content>"Laboratory test result: Anti-HBc(IgG) Laboratory Test"</content> using "Anti-HBc(IgG) Laboratory Test LOINC Code List (2.16.840.1.113883.3.526.02.669)"</item>
               <item>
                  <content>"Laboratory test result: Anti-HBc(IgM)"</content> using "Anti-HBc(IgM) LOINC Code List (2.16.840.1.113883.3.526.02.671)"</item>
               <item>
                  <content>"Laboratory test result: Anti-HBc Core (IgG and IgM)"</content> using "Anti-HBc Core (IgG and IgM) LOINC Code List (2.16.840.1.113883.3.526.02.673)"</item>
               <item>
                  <content>"Laboratory test result: Anti-HBe Laboratory Test"</content> using "Anti-HBe Laboratory Test LOINC Code List (2.16.840.1.113883.3.526.02.668)"</item>
               <item>
                  <content>"Laboratory test result: Anti-HBs Laboratory Test"</content> using "Anti-HBs Laboratory Test LOINC Code List (2.16.840.1.113883.3.526.02.667)"</item>
               <item>
                  <content>"Laboratory test result: HBeAg"</content> using "HBeAg LOINC Code List (2.16.840.1.113883.3.526.02.672)"</item>
               <item>
                  <content>"Laboratory test result: HBsAg Laboratory Test"</content> using "HBsAg Laboratory Test LOINC Code List (2.16.840.1.113883.3.526.02.670)"</item>
               <item>
                  <content>"Medication administered: Hepatitis B Vaccine"</content> using "Hepatitis B Vaccine RxNorm Code List (2.16.840.1.113883.3.526.02.659)"</item>
               <item>
                  <content>"Medication administered not done: Medical reason"</content> using "Medical reason HL7 Code List (2.16.840.1.113883.3.526.02.313)"</item>
               <item>
                  <content>"Medication administered not done: Medical Reason Vaccine Not Given"</content> using "Medical Reason Vaccine Not Given Code List GROUPING (2.16.840.1.113883.3.526.03.665)"</item>
               <item>
                  <content>"Medication administered not done: Patient reason"</content> using "Patient reason HL7 Code List (2.16.840.1.113883.3.526.02.311)"</item>
               <item>
                  <content>"Medication administered not done: Patient Reason Vaccine Not Given"</content> using "Patient Reason Vaccine Not Given Code List GROUPING (2.16.840.1.113883.3.526.03.664)"</item>
               <item>
                  <content>"Patient characteristic: birth date" (age)</content> using "birth date HL7 Code List (2.16.840.1.113883.3.526.02.8)"</item>
               <item>
                  <content>"Procedure performed: Hepatitis B Vaccination"</content> using "Hepatitis B Vaccination Code List GROUPING (2.16.840.1.113883.3.526.03.658)"</item>
               <item>
                  <content>"Procedure performed not done: Medical reason"</content> using "Medical reason HL7 Code List (2.16.840.1.113883.3.526.02.313)"</item>
               <item>
                  <content>"Procedure performed not done: Medical Reason Vaccine Not Given"</content> using "Medical Reason Vaccine Not Given Code List GROUPING (2.16.840.1.113883.3.526.03.665)"</item>
               <item>
                  <content>"Procedure performed not done: Patient reason"</content> using "Patient reason HL7 Code List (2.16.840.1.113883.3.526.02.311)"</item>
               <item>
                  <content>"Procedure performed not done: Patient Reason Vaccine Not Given"</content> using "Patient Reason Vaccine Not Given Code List GROUPING (2.16.840.1.113883.3.526.03.664)"</item>
               <item>
                  <content>Attribute: "Result value: Positive"</content> using "Positive SNOMED-CT Code List  (2.16.840.1.113883.3.526.02.284)"</item>
            </list>
         </text>
         <entry typeCode="DRIV">
            <act classCode="ACT" moodCode="EVN" isCriterionInd="true"><!-- diagnosis active pattern -->
               <templateId root="2.16.840.1.113883.3.560.1.2"/>
               <id root="D518B2D0-1FF1-4B15-A37C-B53E249F1C31"/>
               <code code="11450-4" displayName="Problem" codeSystem="2.16.840.1.113883.6.1"/>
               <sourceOf typeCode="COMP">
                  <observation classCode="OBS" moodCode="EVN" isCriterionInd="true">
                     <code code="55607006" codeSystem="2.16.840.1.113883.6.96" displayName="Problem"/>
                     <title>Diagnosis active: Acute Hepatitis C</title>
                     <value xsi:type="CD" code="2.16.840.1.113883.3.526.03.630" displayName="Acute Hepatitis C Code List GROUPING"/>
                     <sourceOf typeCode="REFR">
                        <observation classCode="OBS" moodCode="EVN" isCriterionInd="true">
                           <code code="33999-4" codeSystem="2.16.840.1.113883.6.1" displayName="Status"/>
                           <value xsi:type="CD" code="55561003" displayName="active" codeSystem="2.16.840.1.113883.6.96"/>
                        </observation>
                     </sourceOf>
                  </observation>
               </sourceOf>
            </act>
         </entry>
         <entry typeCode="DRIV">
            <act classCode="ACT" moodCode="EVN" isCriterionInd="true"><!-- laboratory test result pattern -->
               <templateId root="2.16.840.1.113883.3.560.1.12"/>
               <id root="B64443D4-331C-4013-90DA-4A107FE289A7"/>
               <code code="30954-2" displayName="Results" codeSystem="2.16.840.1.113883.6.1"/>
               <sourceOf typeCode="COMP">
                  <observation classCode="OBS" moodCode="EVN" isCriterionInd="true">
                     <code code="2.16.840.1.113883.3.526.02.673" displayName="Anti-HBc Core (IgG and IgM) LOINC Code List"/>
                     <title>Laboratory test result: Anti-HBc Core (IgG and IgM)</title>
                     <statusCode code="completed"/>
                  </observation>
               </sourceOf>
            </act>
         </entry>
         <entry typeCode="DRIV">
            <act classCode="ACT" moodCode="EVN" isCriterionInd="true"><!-- laboratory test result pattern -->
               <templateId root="2.16.840.1.113883.3.560.1.12"/>
               <id root="CE75CFEA-A0B2-409A-A9F5-386223419D8A"/>
               <code code="30954-2" displayName="Results" codeSystem="2.16.840.1.113883.6.1"/>
               <sourceOf typeCode="COMP">
                  <observation classCode="OBS" moodCode="EVN" isCriterionInd="true">
                     <code code="2.16.840.1.113883.3.526.02.669" displayName="Anti-HBc(IgG) Laboratory Test LOINC Code List"/>
                     <title>Laboratory test result: Anti-HBc(IgG) Laboratory Test</title>
                     <statusCode code="completed"/>
                  </observation>
               </sourceOf>
            </act>
         </entry>
         <entry typeCode="DRIV">
            <act classCode="ACT" moodCode="EVN" isCriterionInd="true"><!-- laboratory test result pattern -->
               <templateId root="2.16.840.1.113883.3.560.1.12"/>
               <id root="CF57DBDB-F04D-433D-828E-C58976A5803B"/>
               <code code="30954-2" displayName="Results" codeSystem="2.16.840.1.113883.6.1"/>
               <sourceOf typeCode="COMP">
                  <observation classCode="OBS" moodCode="EVN" isCriterionInd="true">
                     <code code="2.16.840.1.113883.3.526.02.671" displayName="Anti-HBc(IgM) LOINC Code List"/>
                     <title>Laboratory test result: Anti-HBc(IgM)</title>
                     <statusCode code="completed"/>
                  </observation>
               </sourceOf>
            </act>
         </entry>
         <entry typeCode="DRIV">
            <act classCode="ACT" moodCode="EVN" isCriterionInd="true"><!-- laboratory test result pattern -->
               <templateId root="2.16.840.1.113883.3.560.1.12"/>
               <id root="1C36D8B1-3ACA-4423-8C89-44A4A6E23880"/>
               <code code="30954-2" displayName="Results" codeSystem="2.16.840.1.113883.6.1"/>
               <sourceOf typeCode="COMP">
                  <observation classCode="OBS" moodCode="EVN" isCriterionInd="true">
                     <code code="2.16.840.1.113883.3.526.02.668" displayName="Anti-HBe Laboratory Test LOINC Code List"/>
                     <title>Laboratory test result: Anti-HBe Laboratory Test</title>
                     <statusCode code="completed"/>
                  </observation>
               </sourceOf>
            </act>
         </entry>
         <entry typeCode="DRIV">
            <act classCode="ACT" moodCode="EVN" isCriterionInd="true"><!-- laboratory test result pattern -->
               <templateId root="2.16.840.1.113883.3.560.1.12"/>
               <id root="9DFF9A80-4D03-4B97-AF87-EF1CF373A3AC"/>
               <code code="30954-2" displayName="Results" codeSystem="2.16.840.1.113883.6.1"/>
               <sourceOf typeCode="COMP">
                  <observation classCode="OBS" moodCode="EVN" isCriterionInd="true">
                     <code code="2.16.840.1.113883.3.526.02.667" displayName="Anti-HBs Laboratory Test LOINC Code List"/>
                     <title>Laboratory test result: Anti-HBs Laboratory Test</title>
                     <statusCode code="completed"/>
                  </observation>
               </sourceOf>
            </act>
         </entry>
         <entry typeCode="DRIV">
            <act classCode="ACT" moodCode="EVN" isCriterionInd="true"><!-- patient characteristic pattern -->
               <templateId root="2.16.840.1.113883.3.560.1.25"/>
               <id root="32E93E5E-FC1F-4DF3-A2DE-C33E30397345"/>
               <code code="45970-1" displayName="Demographics" codeSystem="2.16.840.1.113883.6.1"/>
               <sourceOf typeCode="COMP">
                  <observation classCode="OBS" moodCode="EVN" isCriterionInd="true">
                     <code code="2.16.840.1.113883.3.526.02.8" displayName="birth date HL7 Code List"/>
                     <title>Patient characteristic: birth date</title>
                  </observation>
               </sourceOf>
            </act>
         </entry>
         <entry typeCode="DRIV">
            <act classCode="ACT" moodCode="EVN" isCriterionInd="true"><!-- diagnosis active pattern -->
               <templateId root="2.16.840.1.113883.3.560.1.2"/>
               <id root="8F10E4B2-1AD6-446A-9AB0-AC1EA23EF9C9"/>
               <code code="11450-4" displayName="Problem" codeSystem="2.16.840.1.113883.6.1"/>
               <sourceOf typeCode="COMP">
                  <observation classCode="OBS" moodCode="EVN" isCriterionInd="true">
                     <code code="55607006" codeSystem="2.16.840.1.113883.6.96" displayName="Problem"/>
                     <title>Diagnosis active: Chronic Hepatitis C</title>
                     <value xsi:type="CD" code="2.16.840.1.113883.3.526.03.624" displayName="Chronic Hepatitis C Code List GROUPING"/>
                     <sourceOf typeCode="REFR">
                        <observation classCode="OBS" moodCode="EVN" isCriterionInd="true">
                           <code code="33999-4" codeSystem="2.16.840.1.113883.6.1" displayName="Status"/>
                           <value xsi:type="CD" code="55561003" displayName="active" codeSystem="2.16.840.1.113883.6.96"/>
                        </observation>
                     </sourceOf>
                  </observation>
               </sourceOf>
            </act>
         </entry>
         <entry typeCode="DRIV">
            <act classCode="ACT" moodCode="EVN" isCriterionInd="true"><!-- encounter pattern -->
               <templateId root="2.16.840.1.113883.3.560.1.4"/>
               <id root="955B69D5-5F11-40AE-ADDB-FE3AF3EB863D"/>
               <code code="46240-8" displayName="Encounter list" codeSystem="2.16.840.1.113883.6.1"/>
               <sourceOf typeCode="COMP">
                  <encounter classCode="ENC" moodCode="EVN" isCriterionInd="true">
                     <code code="2.16.840.1.113883.3.526.02.99" displayName="Encounter Office &amp; Outpatient Consult CPT Code List"/>
                     <title>Encounter: Encounter Office &amp; Outpatient Consult</title>
                  </encounter>
               </sourceOf>
            </act>
         </entry>
         <entry typeCode="DRIV">
            <act classCode="ACT" moodCode="EVN" isCriterionInd="true"><!-- laboratory test result pattern -->
               <templateId root="2.16.840.1.113883.3.560.1.12"/>
               <id root="84866E1E-577B-44AC-892C-D3256583B6B5"/>
               <code code="30954-2" displayName="Results" codeSystem="2.16.840.1.113883.6.1"/>
               <sourceOf typeCode="COMP">
                  <observation classCode="OBS" moodCode="EVN" isCriterionInd="true">
                     <code code="2.16.840.1.113883.3.526.02.672" displayName="HBeAg LOINC Code List"/>
                     <title>Laboratory test result: HBeAg</title>
                     <statusCode code="completed"/>
                  </observation>
               </sourceOf>
            </act>
         </entry>
         <entry typeCode="DRIV">
            <act classCode="ACT" moodCode="EVN" isCriterionInd="true"><!-- laboratory test result pattern -->
               <templateId root="2.16.840.1.113883.3.560.1.12"/>
               <id root="82E27FC3-DF15-478C-B137-7E85572BA181"/>
               <code code="30954-2" displayName="Results" codeSystem="2.16.840.1.113883.6.1"/>
               <sourceOf typeCode="COMP">
                  <observation classCode="OBS" moodCode="EVN" isCriterionInd="true">
                     <code code="2.16.840.1.113883.3.526.02.670" displayName="HBsAg Laboratory Test LOINC Code List"/>
                     <title>Laboratory test result: HBsAg Laboratory Test</title>
                     <statusCode code="completed"/>
                  </observation>
               </sourceOf>
            </act>
         </entry>
         <entry typeCode="DRIV">
            <act classCode="ACT" moodCode="EVN" isCriterionInd="true"><!-- procedure performed pattern -->
               <templateId root="2.16.840.1.113883.3.560.1.6"/>
               <id root="35607067-3FDF-4E07-AFE9-97C93E9DD75D"/>
               <code code="47519-4" displayName="Procedures" codeSystem="2.16.840.1.113883.6.1"/>
               <sourceOf typeCode="COMP">
                  <procedure classCode="PROC" moodCode="EVN" isCriterionInd="true">
                     <code code="2.16.840.1.113883.3.526.03.658" displayName="Hepatitis B Vaccination Code List GROUPING"/>
                     <title>Procedure performed: Hepatitis B Vaccination</title>
                  </procedure>
               </sourceOf>
            </act>
         </entry>
         <entry typeCode="DRIV">
            <act classCode="ACT" moodCode="EVN" isCriterionInd="true"><!-- medication administered pattern -->
               <templateId root="2.16.840.1.113883.3.560.1.14"/>
               <id root="EAD9A418-9E29-4836-8EF5-A19B4707AABE"/>
               <code code="18610-6" displayName="Medication administered" codeSystem="2.16.840.1.113883.6.1"/>
               <sourceOf typeCode="COMP">
                  <substanceAdministration classCode="SBADM" moodCode="EVN" isCriterionInd="true">
                     <title>Medication administered: Hepatitis B Vaccine</title>
                     <participant typeCode="CSM">
                        <roleParticipant classCode="MANU">
                           <playingMaterial classCode="MMAT" determinerCode="KIND">
                              <code code="2.16.840.1.113883.3.526.02.659" displayName="Hepatitis B Vaccine RxNorm Code List"/>
                           </playingMaterial>
                        </roleParticipant>
                     </participant>
                  </substanceAdministration>
               </sourceOf>
            </act>
         </entry>
         <entry typeCode="DRIV">
            <act classCode="ACT" moodCode="EVN" isCriterionInd="true"><!-- diagnosis active pattern -->
               <templateId root="2.16.840.1.113883.3.560.1.2"/>
               <id root="D36B48AB-1119-4677-89EF-EB28139D88F7"/>
               <code code="11450-4" displayName="Problem" codeSystem="2.16.840.1.113883.6.1"/>
               <sourceOf typeCode="COMP">
                  <observation classCode="OBS" moodCode="EVN" isCriterionInd="true">
                     <code code="55607006" codeSystem="2.16.840.1.113883.6.96" displayName="Problem"/>
                     <title>Diagnosis active: Unspecified Hepatitis C</title>
                     <value xsi:type="CD" code="2.16.840.1.113883.3.526.03.634" displayName="Unspecified Hepatitis C Code List GROUPING"/>
                     <sourceOf typeCode="REFR">
                        <observation classCode="OBS" moodCode="EVN" isCriterionInd="true">
                           <code code="33999-4" codeSystem="2.16.840.1.113883.6.1" displayName="Status"/>
                           <value xsi:type="CD" code="55561003" displayName="active" codeSystem="2.16.840.1.113883.6.96"/>
                        </observation>
                     </sourceOf>
                  </observation>
               </sourceOf>
            </act>
         </entry>
         <entry typeCode="DRIV">
            <act classCode="ACT" moodCode="EVN" isCriterionInd="true"><!-- procedure performed not done pattern -->
               <templateId root="2.16.840.1.113883.3.560.1.106"/>
               <id root="8D96398A-1C8F-4F0C-8BBA-6E46981F2FE1"/>
               <code code="47519-4" displayName="Procedures" codeSystem="2.16.840.1.113883.6.1"/>
               <sourceOf typeCode="COMP">
                  <procedure classCode="PROC" moodCode="EVN" isCriterionInd="true">
                     <code code="2.16.840.1.113883.3.526.02.313" displayName="Medical reason HL7 Code List"/>
                     <title>Procedure performed not done: Medical reason</title>
                  </procedure>
               </sourceOf>
            </act>
         </entry>
         <entry typeCode="DRIV">
            <act classCode="ACT" moodCode="EVN" isCriterionInd="true"><!-- procedure performed not done pattern -->
               <templateId root="2.16.840.1.113883.3.560.1.106"/>
               <id root="EEF73EED-7215-4698-B1DE-CB07747D1117"/>
               <code code="47519-4" displayName="Procedures" codeSystem="2.16.840.1.113883.6.1"/>
               <sourceOf typeCode="COMP">
                  <procedure classCode="PROC" moodCode="EVN" isCriterionInd="true">
                     <code code="2.16.840.1.113883.3.526.02.311" displayName="Patient reason HL7 Code List"/>
                     <title>Procedure performed not done: Patient reason</title>
                  </procedure>
               </sourceOf>
            </act>
         </entry>
         <entry typeCode="DRIV">
            <act classCode="ACT" moodCode="EVN" isCriterionInd="true"><!-- procedure performed not done pattern -->
               <templateId root="2.16.840.1.113883.3.560.1.106"/>
               <id root="69B7BCDF-BF6F-4991-AAB9-EB5F456CFC3D"/>
               <code code="47519-4" displayName="Procedures" codeSystem="2.16.840.1.113883.6.1"/>
               <sourceOf typeCode="COMP">
                  <procedure classCode="PROC" moodCode="EVN" isCriterionInd="true">
                     <code code="2.16.840.1.113883.3.526.03.665" displayName="Medical Reason Vaccine Not Given Code List GROUPING"/>
                     <title>Procedure performed not done: Medical Reason Vaccine Not Given</title>
                  </procedure>
               </sourceOf>
            </act>
         </entry>
         <entry typeCode="DRIV">
            <act classCode="ACT" moodCode="EVN" isCriterionInd="true"><!-- procedure performed not done pattern -->
               <templateId root="2.16.840.1.113883.3.560.1.106"/>
               <id root="6C474518-6A74-4699-8952-5C6A55C4E837"/>
               <code code="47519-4" displayName="Procedures" codeSystem="2.16.840.1.113883.6.1"/>
               <sourceOf typeCode="COMP">
                  <procedure classCode="PROC" moodCode="EVN" isCriterionInd="true">
                     <code code="2.16.840.1.113883.3.526.03.664" displayName="Patient Reason Vaccine Not Given Code List GROUPING"/>
                     <title>Procedure performed not done: Patient Reason Vaccine Not Given</title>
                  </procedure>
               </sourceOf>
            </act>
         </entry>
         <entry typeCode="DRIV">
            <act classCode="ACT" moodCode="EVN" isCriterionInd="true"><!-- medication administered not done pattern -->
               <templateId root="2.16.840.1.113883.3.560.1.114"/>
               <id root="6616398A-1C8F-4F0C-8BBA-6E46981F2FE1"/>
               <code code="18610-6" displayName="Medication administered" codeSystem="2.16.840.1.113883.6.1"/>
               <sourceOf typeCode="COMP">
                  <substanceAdministration classCode="SBADM" moodCode="EVN" isCriterionInd="true">
                     <title>Medication administered not done: Medical reason</title>
                     <participant typeCode="CSM">
                        <roleParticipant classCode="MANU">
                           <playingMaterial classCode="MMAT" determinerCode="KIND">
                              <code code="2.16.840.1.113883.3.526.02.313" displayName="Medical reason HL7 Code List"/>
                           </playingMaterial>
                        </roleParticipant>
                     </participant>
                  </substanceAdministration>
               </sourceOf>
            </act>
         </entry>
         <entry typeCode="DRIV">
            <act classCode="ACT" moodCode="EVN" isCriterionInd="true"><!-- medication administered not done pattern -->
               <templateId root="2.16.840.1.113883.3.560.1.114"/>
               <id root="66173EED-7215-4698-B1DE-CB07747D1117"/>
               <code code="18610-6" displayName="Medication administered" codeSystem="2.16.840.1.113883.6.1"/>
               <sourceOf typeCode="COMP">
                  <substanceAdministration classCode="SBADM" moodCode="EVN" isCriterionInd="true">
                     <title>Medication administered not done: Patient reason</title>
                     <participant typeCode="CSM">
                        <roleParticipant classCode="MANU">
                           <playingMaterial classCode="MMAT" determinerCode="KIND">
                              <code code="2.16.840.1.113883.3.526.02.311" displayName="Patient reason HL7 Code List"/>
                           </playingMaterial>
                        </roleParticipant>
                     </participant>
                  </substanceAdministration>
               </sourceOf>
            </act>
         </entry>
         <entry typeCode="DRIV">
            <act classCode="ACT" moodCode="EVN" isCriterionInd="true"><!-- medication administered not done pattern -->
               <templateId root="2.16.840.1.113883.3.560.1.114"/>
               <id root="6617BCDF-BF6F-4991-AAB9-EB5F456CFC3D"/>
               <code code="18610-6" displayName="Medication administered" codeSystem="2.16.840.1.113883.6.1"/>
               <sourceOf typeCode="COMP">
                  <substanceAdministration classCode="SBADM" moodCode="EVN" isCriterionInd="true">
                     <title>Medication administered not done: Medical Reason Vaccine Not Given</title>
                     <participant typeCode="CSM">
                        <roleParticipant classCode="MANU">
                           <playingMaterial classCode="MMAT" determinerCode="KIND">
                              <code code="2.16.840.1.113883.3.526.03.665" displayName="Medical Reason Vaccine Not Given Code List GROUPING"/>
                           </playingMaterial>
                        </roleParticipant>
                     </participant>
                  </substanceAdministration>
               </sourceOf>
            </act>
         </entry>
         <entry typeCode="DRIV">
            <act classCode="ACT" moodCode="EVN" isCriterionInd="true"><!-- medication administered not done pattern -->
               <templateId root="2.16.840.1.113883.3.560.1.114"/>
               <id root="66174518-6A74-4699-8952-5C6A55C4E837"/>
               <code code="18610-6" displayName="Medication administered" codeSystem="2.16.840.1.113883.6.1"/>
               <sourceOf typeCode="COMP">
                  <substanceAdministration classCode="SBADM" moodCode="EVN" isCriterionInd="true">
                     <title>Medication administered not done: Patient Reason Vaccine Not Given</title>
                     <participant typeCode="CSM">
                        <roleParticipant classCode="MANU">
                           <playingMaterial classCode="MMAT" determinerCode="KIND">
                              <code code="2.16.840.1.113883.3.526.03.664" displayName="Patient Reason Vaccine Not Given Code List GROUPING"/>
                           </playingMaterial>
                        </roleParticipant>
                     </participant>
                  </substanceAdministration>
               </sourceOf>
            </act>
         </entry>
      </section>
   </component>
   <component typeCode="COMP">
      <section>
         <title>Summary Calculation</title>
         <text>
            <content>Calculation is generic to all measures:</content>
            <list>
               <item>Calculate the final denominator by adding all that meet denominator criteria.</item>
               <item>Subtract from the final denominator all that do not meet numerator criteria yet also meet exclusion criteria.  Note some measures do not have exclusion criteria.</item>
               <item>The performance calculation is based on the "Measure scoring" from header information above:
					        	<list>
                     <item>For "Proportion" measures, the calculation is the number meeting numerator criteria divided by the final denominator.</item>
                     <item>For "Ratio" and "Continuous Variable" measures, follow the calculation instructions in the Data Aggregation header information above, if present.</item>
                  </list>
               </item>
               <item>For measures with multiple denominators, repeat this process for each denominator and report each result separately.</item>
               <item>For measures with multiple patient populations, repeat this process for each patient population and report each result separately.</item>
               <item>For measures with multiple numerators, calculate each numerator separately within each population using the paired exclusion.</item>
            </list>
         </text>
      </section>
   </component>
</QualityMeasureDocument>