<?xml version="1.0" encoding="UTF-8"?>
<?xml-stylesheet type="text/xsl" href="HQMFreader.xsl"?>
<QualityMeasureDocument xmlns:xsi="http://www.w3.org/2001/XMLSchema-instance" xmlns="urn:hl7-org:v3">
         
      <!--
         **************************************************************   
         Measure Header Section
         **************************************************************
      --><typeId root="2.16.840.1.113883.1.3" extension="POQM_HD000001"/>
   <id root="9BF86FD4-ADB1-49F1-B0B8-E58CC2FCC4F9"/>
   <code code="57024-2" codeSystem="2.16.840.1.113883.6.1" displayName="Health Quality Measure Document"/>
   <title>Primary Open Angle Glaucoma (POAG): Optic Nerve Evaluation (NQF 0086)</title>
   <text>Percentage of patients aged 18 years and older with a diagnosis of POAG who have been seen for at least 2 office visits, who have an optic nerve head evaluation during one or more office visits within 12 months.</text>
   <statusCode code="completed"/>
   <setId root="80D43FE9-112D-4E34-957D-71A431159DF8"/>
   <versionNumber value="1"/>
   <author typeCode="AUT">
      <assignedPerson classCode="ASSIGNED">
         <representedOrganization classCode="ORG" determinerCode="INSTANCE">
            <id root="2.16.840.1.113883.3.526"/>
            <name>American Medical Association - Physician Consortium for Performance Improvement</name>
            <contactParty classCode="CON" nullFlavor="UNK"/>
         </representedOrganization>
      </assignedPerson>
   </author>
   <custodian>
      <assignedPerson classCode="ASSIGNED">
         <representedOrganization classCode="ORG" determinerCode="INSTANCE">
            <id root="2.16.840.1.113883.3.526"/>
            <name>American Medical Association - Physician Consortium for Performance Improvement</name>
            <contactParty classCode="CON" nullFlavor="UNK"/>
         </representedOrganization>
      </assignedPerson>
   </custodian>
   <verifier typeCode="VRF">
      <assignedPerson classCode="ASSIGNED">
         <representedOrganization classCode="ORG" determinerCode="INSTANCE">
            <id root="2.16.840.1.113883.3.560"/>
            <name>National Quality Forum</name>
            <contactParty classCode="CON" nullFlavor="UNK"/>
         </representedOrganization>
      </assignedPerson>
   </verifier>
   <subjectOf>
      <measureAttribute>
         <code code="COPY" codeSystem="2.16.840.1.113883.5.4" displayName="Copyright"/>
         <value xsi:type="ED" mediaType="text/plain">© 2010 American Medical Association and/or National Committee for Quality Assurance. All Rights Reserved</value>
      </measureAttribute>
   </subjectOf>
   <subjectOf>
      <measureAttribute>
         <code code="MSRSCORE" codeSystem="2.16.840.1.113883.5.4" displayName="Measure scoring"/>
         <value xsi:type="CD" code="PROPOR" codeSystem="2.16.840.1.113883.5.1063" displayName="Proportion"/>
      </measureAttribute>
   </subjectOf>
   <subjectOf>
      <measureAttribute>
         <code code="MSRTYPE" codeSystem="2.16.840.1.113883.5.4" displayName="Measure type"/>
         <value xsi:type="CD" code="PROCESS" codeSystem="2.16.840.1.113883.5.1063" displayName="Process"/>
      </measureAttribute>
   </subjectOf>
   <subjectOf>
      <measureAttribute>
         <code code="STRAT" codeSystem="2.16.840.1.113883.5.4" displayName="Stratification"/>
         <value xsi:type="ED" mediaType="text/plain">None</value>
      </measureAttribute>
   </subjectOf>
   <subjectOf>
      <measureAttribute>
         <code code="MSRADJ" codeSystem="2.16.840.1.113883.5.4" displayName="Risk Adjustment"/>
         <value xsi:type="ED" mediaType="text/plain">None</value>
      </measureAttribute>
   </subjectOf>
   <subjectOf>
      <measureAttribute>
         <code code="MSRAGG" codeSystem="2.16.840.1.113883.5.4" displayName="Data Aggregation"/>
         <value xsi:type="ED" mediaType="text/plain"/>
      </measureAttribute>
   </subjectOf>
   <subjectOf>
      <measureAttribute>
         <code code="RAT" codeSystem="2.16.840.1.113883.5.4" displayName="Rationale"/>
         <value xsi:type="ED" mediaType="text/plain">Changes in the optic nerve are one of two characteristics which currently define progression and thus worsening of glaucoma disease status (the other characteristic is visual field). There is a significant gap in documentation patterns of the optic nerve for both initial and follow-up care (Fremont, 2003), even among specialists (Lee, 2006). Examination of the optic nerve head and retinal nerve fiber layer provides valuable structural information about glaucomatous optic nerve damage. Visible structural alterations of the optic nerve head or retinal nerve fiber layer and development of peripapillary choroidal atrophy frequently occur before visual field defects can be detected. Careful study of the optic disc neural rim for small hemorrhages is important, since these hemorrhages can precede visual field loss and further optic nerve damage.</value>
      </measureAttribute>
   </subjectOf>
   <subjectOf>
      <measureAttribute>
         <code code="CRS" codeSystem="2.16.840.1.113883.3.560" displayName="Clinical Recommendation Statement"/>
         <value xsi:type="ED" mediaType="text/plain">The physical exam focuses on nine elements: visual acuity, pupils, slit-lamp biomicroscopy of the anterior segment, measurement of intraocular pressure (IOP), determination of central corneal thickness, gonioscopy, evaluation of optic nerve head and retinal nerve fiber layer, documentation of optic nerve head appearance, evaluation of fundus (through dilated pupil), and evaluation of the visual field (Level A: II Recommendation for optic nerve head evaluation) (AAO, 2005).</value>
      </measureAttribute>
   </subjectOf>
   <subjectOf>
      <measureAttribute>
         <code code="IDUR" codeSystem="2.16.840.1.113883.3.560" displayName="Improvement notation"/>
         <value xsi:type="ED" mediaType="text/plain">Higher score indicates better quality</value>
      </measureAttribute>
   </subjectOf>
   <subjectOf>
      <measureAttribute>
         <templateId root="2.16.840.1.113883.3.560.1.74"/>
         <id root="4C16BE67-F94C-487E-BDC4-91CF3EB7760B"/>
         <code code="MSRTP" displayName="Measurement period" codeSystem="2.16.840.1.113883.3.560"/>
         <value xsi:type="EXPR_PQ" value="12" unit="m">
            <expression mediaType="text/plain">measureEndDate - measureStartDate</expression>
         </value>
      </measureAttribute>
   </subjectOf>
   <subjectOf>
      <localVariableName>measureStartDate</localVariableName>
      <measureAttribute>
         <templateId root="2.16.840.1.113883.3.560.1.75"/>
         <id root="57910934-C439-4939-97AD-AD684726435B"/>
         <code code="MSRSD" displayName="Measurement start date" codeSystem="2.16.840.1.113883.3.560"/>
         <value xsi:type="TS" value="00000101"/>
      </measureAttribute>
   </subjectOf>
   <subjectOf>
      <localVariableName>measureEndDate</localVariableName>
      <measureAttribute>
         <templateId root="2.16.840.1.113883.3.560.1.75"/>
         <id root="CDB98AC4-8CF3-4F93-84F8-9718446940A0"/>
         <code code="MSRED" displayName="Measurement end date" codeSystem="2.16.840.1.113883.3.560"/>
         <value xsi:type="TS" value="00001231"/>
      </measureAttribute>
   </subjectOf>
   <subjectOf>
      <measureAttribute>
         <code code="MSRMD" codeSystem="2.16.840.1.113883.3.560" displayName="Measurement duration"/>
         <value xsi:type="ED" mediaType="text/plain">12 month(s)</value>
      </measureAttribute>
   </subjectOf>
   <subjectOf>
      <measureAttribute>
         <code code="REF" codeSystem="2.16.840.1.113883.5.4" displayName="Reference"/>
         <value xsi:type="ED" mediaType="text/plain">American Academy of Ophthalmology. Preferred Practice Patterns Committee. Primary Open-Angle Glaucoma. Limited Revision. 2005.</value>
      </measureAttribute>
   </subjectOf>
   <subjectOf>
      <measureAttribute>
         <code code="DEF" codeSystem="2.16.840.1.113883.3.560" displayName="Definition"/>
         <value xsi:type="ED" mediaType="text/plain" nullFlavor="NI"/>
      </measureAttribute>
   </subjectOf>
   <subjectOf>
      <measureAttribute>
         <code code="GUIDE" codeSystem="2.16.840.1.113883.5.4" displayName="Guidance"/>
         <value xsi:type="ED" mediaType="text/plain"/>
      </measureAttribute>
   </subjectOf>
   <componentOf>
      <qualityMeasureSet classCode="ACT">
         <id root="B1EB421F-C28C-453C-8DEE-7C6EFE318EB1"/>
         <title>CLINICAL QUALITY MEASURE SET 2011-2012</title>
      </qualityMeasureSet>
   </componentOf>
         
      <!--
         **************************************************************   
         Population Criteria Section
         **************************************************************
      --><component typeCode="COMP">
      <section>
         <code code="57026-7" codeSystem="2.16.840.1.113883.6.1" displayName="Population criteria"/>
         <title>Population criteria</title>
         <text>
            <list>
               <item>
                  <content styleCode="Bold">Initial Patient Population =</content>
                  <list>
                     <item>AND: "Patient characteristic: birth date"  &gt;= 18 year(s) starts before start of "Measurement period"</item>
                     <item>AND: "Diagnosis active: Primary Open Angle Glaucoma (POAG)" starts before or during <list>
                           <item>OR: "Encounter: Encounter Ophthalmological Services"</item>
                           <item>OR: "Encounter: Encounter Office &amp; Outpatient Consult"</item>
                           <item>OR: "Encounter: Encounter Nursing Facility"</item>
                           <item>OR: "Encounter: Encounter Domiciliary"</item>
                           <item> during "Measurement period"</item>
                        </list>
                     </item>
                     <item>AND:  &gt;= 2 count(s) of<list>
                           <item>OR: "Encounter: Encounter Ophthalmological Services"</item>
                           <item>OR: "Encounter: Encounter Office &amp; Outpatient Consult"</item>
                           <item>OR: "Encounter: Encounter Nursing Facility"</item>
                           <item>OR: "Encounter: Encounter Domiciliary"</item>
                        </list>
                     </item>
                  </list>
               </item>
               <item>
                  <content styleCode="Bold">Denominator =</content>
                  <list>
                     <item>AND: "Initial Patient Population"</item>
                  </list>
               </item>
               <item>
                  <content styleCode="Bold">Numerator =</content>
                  <list>
                     <item>AND:  &gt;= 1 count(s) of<list>
                           <item>AND: "Procedure performed: Optic Nerve Head Evaluation" during <list>
                                 <item>OR: "Encounter: Encounter Ophthalmological Services"</item>
                                 <item>OR: "Encounter: Encounter Office &amp; Outpatient Consult"</item>
                                 <item>OR: "Encounter: Encounter Nursing Facility"</item>
                                 <item>OR: "Encounter: Encounter Domiciliary"</item>
                                 <item> during "Measurement period"</item>
                              </list>
                           </item>
                        </list>
                     </item>
                  </list>
               </item>
               <item>
                  <content styleCode="Bold">Exclusions =</content>
                  <list>
                     <item>OR: <list>
                           <item>AND: "Procedure performed not done: Medical reason" for "Optic Nerve Head Evaluation SNOMED-CT Code List"</item>
                           <item> during <list>
                                 <item>OR: "Encounter: Encounter Ophthalmological Services"</item>
                                 <item>OR: "Encounter: Encounter Office &amp; Outpatient Consult"</item>
                                 <item>OR: "Encounter: Encounter Nursing Facility"</item>
                                 <item>OR: "Encounter: Encounter Domiciliary"</item>
                                 <item> during "Measurement period"</item>
                              </list>
                           </item>
                        </list>
                     </item>
                  </list>
               </item>
            </list>
         </text><!--
            **************************************************************   
            Population Criteria Section: population 
            **************************************************************
      -->
         <entry typeCode="DRIV">
            <observation classCode="OBS" moodCode="EVN.CRT" isCriterionInd="true">
               <id root="C0E7346E-927A-4B9F-BD76-0C9EC5471990"/>
               <code code="ASSERTION" codeSystem="2.16.840.1.113883.5.4"/>
               <value xsi:type="CD" code="IPP" codeSystem="2.16.840.1.113883.5.1063" codeSystemName="HL7 Observation Value" displayName="Initial Patient Population"/><!--  top and/or -->
               <sourceOf typeCode="PRCN">
                  <conjunctionCode code="AND"/>
                  <act classCode="ACT" moodCode="EVN" isCriterionInd="true"><!-- patient characteristic pattern -->
                     <templateId root="2.16.840.1.113883.3.560.1.25"/>
                     <id root="01455B6A-83DF-4540-9EA4-404D4063C019"/>
                     <code code="45970-1" displayName="Demographics" codeSystem="2.16.840.1.113883.6.1"/>
                     <sourceOf typeCode="COMP">
                        <observation classCode="OBS" moodCode="EVN" isCriterionInd="true">
                           <code code="2.16.840.1.113883.3.526.02.8" displayName="birth date HL7 Code List"/>
                           <title>Patient characteristic: birth date</title>
                           <sourceOf typeCode="SBS">
                              <pauseQuantity xsi:type="IVL_PQ">
                                 <low value="18" unit="a" inclusive="true"/>
                              </pauseQuantity>
                              <observation classCode="OBS" moodCode="EVN">
                                 <id root="4C16BE67-F94C-487E-BDC4-91CF3EB7760B"/>
                                 <title>Measurement period</title>
                              </observation>
                           </sourceOf>
                        </observation>
                     </sourceOf>
                  </act>
               </sourceOf>
               <sourceOf typeCode="PRCN">
                  <conjunctionCode code="AND"/>
                  <act classCode="ACT" moodCode="EVN" isCriterionInd="true"><!-- diagnosis active pattern -->
                     <templateId root="2.16.840.1.113883.3.560.1.2"/>
                     <id root="5884B50D-86D9-4D64-80CC-1C6C0F4EC485"/>
                     <code code="11450-4" displayName="Problem" codeSystem="2.16.840.1.113883.6.1"/>
                     <sourceOf typeCode="COMP">
                        <observation classCode="OBS" moodCode="EVN" isCriterionInd="true">
                           <code code="55607006" codeSystem="2.16.840.1.113883.6.96" displayName="Problem"/>
                           <title>Diagnosis active: Primary Open Angle Glaucoma (POAG)</title>
                           <value xsi:type="CD" code="2.16.840.1.113883.3.526.03.326" displayName="Primary Open Angle Glaucoma (POAG) Code List GROUPING"/>
                           <sourceOf typeCode="REFR">
                              <observation classCode="OBS" moodCode="EVN" isCriterionInd="true">
                                 <code code="33999-4" codeSystem="2.16.840.1.113883.6.1" displayName="Status"/>
                                 <value xsi:type="CD" code="55561003" displayName="active" codeSystem="2.16.840.1.113883.6.96"/>
                              </observation>
                           </sourceOf>
                           <sourceOf typeCode="EAS" inversionInd="true">
                              <act classCode="ACT" moodCode="EVN" isCriterionInd="true">
                                 <sourceOf typeCode="PRCN">
                                    <conjunctionCode code="OR"/>
                                    <act classCode="ACT" moodCode="EVN" isCriterionInd="true"><!-- encounter pattern -->
                                       <templateId root="2.16.840.1.113883.3.560.1.4"/>
                                       <id root="AC06E627-5E27-4ECC-A6F6-64B3A21CDD5A"/>
                                       <code code="46240-8" displayName="Encounter list" codeSystem="2.16.840.1.113883.6.1"/>
                                       <sourceOf typeCode="COMP">
                                          <encounter classCode="ENC" moodCode="EVN" isCriterionInd="true">
                                             <code code="2.16.840.1.113883.3.526.02.111" displayName="Encounter Ophthalmological Services CPT Code List"/>
                                             <title>Encounter: Encounter Ophthalmological Services</title>
                                          </encounter>
                                       </sourceOf>
                                    </act>
                                 </sourceOf>
                                 <sourceOf typeCode="PRCN">
                                    <conjunctionCode code="OR"/>
                                    <act classCode="ACT" moodCode="EVN" isCriterionInd="true"><!-- encounter pattern -->
                                       <templateId root="2.16.840.1.113883.3.560.1.4"/>
                                       <id root="1AA2D962-4CBB-4413-AE23-FE98C7470532"/>
                                       <code code="46240-8" displayName="Encounter list" codeSystem="2.16.840.1.113883.6.1"/>
                                       <sourceOf typeCode="COMP">
                                          <encounter classCode="ENC" moodCode="EVN" isCriterionInd="true">
                                             <code code="2.16.840.1.113883.3.526.02.99" displayName="Encounter Office &amp; Outpatient Consult CPT Code List"/>
                                             <title>Encounter: Encounter Office &amp; Outpatient Consult</title>
                                          </encounter>
                                       </sourceOf>
                                    </act>
                                 </sourceOf>
                                 <sourceOf typeCode="PRCN">
                                    <conjunctionCode code="OR"/>
                                    <act classCode="ACT" moodCode="EVN" isCriterionInd="true"><!-- encounter pattern -->
                                       <templateId root="2.16.840.1.113883.3.560.1.4"/>
                                       <id root="53F412B5-0F84-43B5-9BEA-C5863FE527C0"/>
                                       <code code="46240-8" displayName="Encounter list" codeSystem="2.16.840.1.113883.6.1"/>
                                       <sourceOf typeCode="COMP">
                                          <encounter classCode="ENC" moodCode="EVN" isCriterionInd="true">
                                             <code code="2.16.840.1.113883.3.526.02.28" displayName="Encounter Nursing Facility CPT Code List"/>
                                             <title>Encounter: Encounter Nursing Facility</title>
                                          </encounter>
                                       </sourceOf>
                                    </act>
                                 </sourceOf>
                                 <sourceOf typeCode="PRCN">
                                    <conjunctionCode code="OR"/>
                                    <act classCode="ACT" moodCode="EVN" isCriterionInd="true"><!-- encounter pattern -->
                                       <templateId root="2.16.840.1.113883.3.560.1.4"/>
                                       <id root="1985DB79-1BCF-46B9-8D00-9941692BBAEA"/>
                                       <code code="46240-8" displayName="Encounter list" codeSystem="2.16.840.1.113883.6.1"/>
                                       <sourceOf typeCode="COMP">
                                          <encounter classCode="ENC" moodCode="EVN" isCriterionInd="true">
                                             <code code="2.16.840.1.113883.3.526.02.110" displayName="Encounter Domiciliary CPT Code List"/>
                                             <title>Encounter: Encounter Domiciliary</title>
                                          </encounter>
                                       </sourceOf>
                                    </act>
                                 </sourceOf>
                                 <sourceOf typeCode="DURING">
                                    <observation classCode="OBS" moodCode="EVN" isCriterionInd="true">
                                       <id root="4C16BE67-F94C-487E-BDC4-91CF3EB7760B"/>
                                       <title>Measurement period</title>
                                    </observation>
                                 </sourceOf>
                              </act>
                           </sourceOf>
                        </observation>
                     </sourceOf>
                  </act>
               </sourceOf>
               <sourceOf typeCode="PRCN">
                  <conjunctionCode code="AND"/>
                  <act classCode="ACT" moodCode="EVN" isCriterionInd="true">
                     <repeatNumber>
                        <low value="2" inclusive="true"/>
                     </repeatNumber>
                     <sourceOf typeCode="PRCN">
                        <conjunctionCode code="OR"/>
                        <act classCode="ACT" moodCode="EVN" isCriterionInd="true"><!-- encounter pattern -->
                           <templateId root="2.16.840.1.113883.3.560.1.4"/>
                           <id root="AC06E627-5E27-4ECC-A6F6-64B3A21CDD5A"/>
                           <code code="46240-8" displayName="Encounter list" codeSystem="2.16.840.1.113883.6.1"/>
                           <sourceOf typeCode="COMP">
                              <encounter classCode="ENC" moodCode="EVN" isCriterionInd="true">
                                 <code code="2.16.840.1.113883.3.526.02.111" displayName="Encounter Ophthalmological Services CPT Code List"/>
                                 <title>Encounter: Encounter Ophthalmological Services</title>
                              </encounter>
                           </sourceOf>
                        </act>
                     </sourceOf>
                     <sourceOf typeCode="PRCN">
                        <conjunctionCode code="OR"/>
                        <act classCode="ACT" moodCode="EVN" isCriterionInd="true"><!-- encounter pattern -->
                           <templateId root="2.16.840.1.113883.3.560.1.4"/>
                           <id root="1AA2D962-4CBB-4413-AE23-FE98C7470532"/>
                           <code code="46240-8" displayName="Encounter list" codeSystem="2.16.840.1.113883.6.1"/>
                           <sourceOf typeCode="COMP">
                              <encounter classCode="ENC" moodCode="EVN" isCriterionInd="true">
                                 <code code="2.16.840.1.113883.3.526.02.99" displayName="Encounter Office &amp; Outpatient Consult CPT Code List"/>
                                 <title>Encounter: Encounter Office &amp; Outpatient Consult</title>
                              </encounter>
                           </sourceOf>
                        </act>
                     </sourceOf>
                     <sourceOf typeCode="PRCN">
                        <conjunctionCode code="OR"/>
                        <act classCode="ACT" moodCode="EVN" isCriterionInd="true"><!-- encounter pattern -->
                           <templateId root="2.16.840.1.113883.3.560.1.4"/>
                           <id root="53F412B5-0F84-43B5-9BEA-C5863FE527C0"/>
                           <code code="46240-8" displayName="Encounter list" codeSystem="2.16.840.1.113883.6.1"/>
                           <sourceOf typeCode="COMP">
                              <encounter classCode="ENC" moodCode="EVN" isCriterionInd="true">
                                 <code code="2.16.840.1.113883.3.526.02.28" displayName="Encounter Nursing Facility CPT Code List"/>
                                 <title>Encounter: Encounter Nursing Facility</title>
                              </encounter>
                           </sourceOf>
                        </act>
                     </sourceOf>
                     <sourceOf typeCode="PRCN">
                        <conjunctionCode code="OR"/>
                        <act classCode="ACT" moodCode="EVN" isCriterionInd="true"><!-- encounter pattern -->
                           <templateId root="2.16.840.1.113883.3.560.1.4"/>
                           <id root="1985DB79-1BCF-46B9-8D00-9941692BBAEA"/>
                           <code code="46240-8" displayName="Encounter list" codeSystem="2.16.840.1.113883.6.1"/>
                           <sourceOf typeCode="COMP">
                              <encounter classCode="ENC" moodCode="EVN" isCriterionInd="true">
                                 <code code="2.16.840.1.113883.3.526.02.110" displayName="Encounter Domiciliary CPT Code List"/>
                                 <title>Encounter: Encounter Domiciliary</title>
                              </encounter>
                           </sourceOf>
                        </act>
                     </sourceOf>
                  </act>
               </sourceOf>
            </observation>
         </entry><!--
            **************************************************************   
            Population Criteria Section: denominator 
            **************************************************************
      -->
         <entry typeCode="DRIV">
            <observation classCode="OBS" moodCode="EVN.CRT" isCriterionInd="true">
               <id root="6D5089E3-6D65-4DC6-8A5E-9FD243A9CEB5"/>
               <code code="ASSERTION" codeSystem="2.16.840.1.113883.5.4"/>
               <value xsi:type="CD" code="DENOM" codeSystem="2.16.840.1.113883.5.1063" codeSystemName="HL7 Observation Value" displayName="Denominator"/><!--  top and/or -->
               <sourceOf typeCode="PRCN">
                  <conjunctionCode code="AND"/>
                  <observation classCode="OBS" moodCode="EVN" isCriterionInd="true">
                     <id root="C0E7346E-927A-4B9F-BD76-0C9EC5471990"/>
                     <title>Initial Patient Population</title>
                  </observation>
               </sourceOf>
            </observation>
         </entry><!--
            **************************************************************   
            Population Criteria Section: numerator 
            **************************************************************
      -->
         <entry typeCode="DRIV">
            <observation classCode="OBS" moodCode="EVN.CRT" isCriterionInd="true">
               <id root="F479D90B-2830-4AAA-952B-52A7D1B403F3"/>
               <code code="ASSERTION" codeSystem="2.16.840.1.113883.5.4"/>
               <value xsi:type="CD" code="NUMER" codeSystem="2.16.840.1.113883.5.1063" codeSystemName="HL7 Observation Value" displayName="Numerator"/><!--  top and/or -->
               <sourceOf typeCode="PRCN">
                  <conjunctionCode code="AND"/>
                  <act classCode="ACT" moodCode="EVN" isCriterionInd="true">
                     <repeatNumber>
                        <low value="1" inclusive="true"/>
                     </repeatNumber>
                     <sourceOf typeCode="PRCN">
                        <conjunctionCode code="AND"/>
                        <act classCode="ACT" moodCode="EVN" isCriterionInd="true"><!-- procedure performed pattern -->
                           <templateId root="2.16.840.1.113883.3.560.1.6"/>
                           <id root="97F3F0FF-FA43-486A-B6DA-37BC8C73FACA"/>
                           <code code="47519-4" displayName="Procedures" codeSystem="2.16.840.1.113883.6.1"/>
                           <sourceOf typeCode="COMP">
                              <procedure classCode="PROC" moodCode="EVN" isCriterionInd="true">
                                 <code code="2.16.840.1.113883.3.526.02.147" displayName="Optic Nerve Head Evaluation SNOMED-CT Code List"/>
                                 <title>Procedure performed: Optic Nerve Head Evaluation</title>
                                 <sourceOf typeCode="DURING">
                                    <act classCode="ACT" moodCode="EVN" isCriterionInd="true">
                                       <sourceOf typeCode="PRCN">
                                          <conjunctionCode code="OR"/>
                                          <act classCode="ACT" moodCode="EVN" isCriterionInd="true"><!-- encounter pattern -->
                                             <templateId root="2.16.840.1.113883.3.560.1.4"/>
                                             <id root="AC06E627-5E27-4ECC-A6F6-64B3A21CDD5A"/>
                                             <code code="46240-8" displayName="Encounter list" codeSystem="2.16.840.1.113883.6.1"/>
                                             <sourceOf typeCode="COMP">
                                                <encounter classCode="ENC" moodCode="EVN" isCriterionInd="true">
                                                   <code code="2.16.840.1.113883.3.526.02.111" displayName="Encounter Ophthalmological Services CPT Code List"/>
                                                   <title>Encounter: Encounter Ophthalmological Services</title>
                                                </encounter>
                                             </sourceOf>
                                          </act>
                                       </sourceOf>
                                       <sourceOf typeCode="PRCN">
                                          <conjunctionCode code="OR"/>
                                          <act classCode="ACT" moodCode="EVN" isCriterionInd="true"><!-- encounter pattern -->
                                             <templateId root="2.16.840.1.113883.3.560.1.4"/>
                                             <id root="1AA2D962-4CBB-4413-AE23-FE98C7470532"/>
                                             <code code="46240-8" displayName="Encounter list" codeSystem="2.16.840.1.113883.6.1"/>
                                             <sourceOf typeCode="COMP">
                                                <encounter classCode="ENC" moodCode="EVN" isCriterionInd="true">
                                                   <code code="2.16.840.1.113883.3.526.02.99" displayName="Encounter Office &amp; Outpatient Consult CPT Code List"/>
                                                   <title>Encounter: Encounter Office &amp; Outpatient Consult</title>
                                                </encounter>
                                             </sourceOf>
                                          </act>
                                       </sourceOf>
                                       <sourceOf typeCode="PRCN">
                                          <conjunctionCode code="OR"/>
                                          <act classCode="ACT" moodCode="EVN" isCriterionInd="true"><!-- encounter pattern -->
                                             <templateId root="2.16.840.1.113883.3.560.1.4"/>
                                             <id root="53F412B5-0F84-43B5-9BEA-C5863FE527C0"/>
                                             <code code="46240-8" displayName="Encounter list" codeSystem="2.16.840.1.113883.6.1"/>
                                             <sourceOf typeCode="COMP">
                                                <encounter classCode="ENC" moodCode="EVN" isCriterionInd="true">
                                                   <code code="2.16.840.1.113883.3.526.02.28" displayName="Encounter Nursing Facility CPT Code List"/>
                                                   <title>Encounter: Encounter Nursing Facility</title>
                                                </encounter>
                                             </sourceOf>
                                          </act>
                                       </sourceOf>
                                       <sourceOf typeCode="PRCN">
                                          <conjunctionCode code="OR"/>
                                          <act classCode="ACT" moodCode="EVN" isCriterionInd="true"><!-- encounter pattern -->
                                             <templateId root="2.16.840.1.113883.3.560.1.4"/>
                                             <id root="1985DB79-1BCF-46B9-8D00-9941692BBAEA"/>
                                             <code code="46240-8" displayName="Encounter list" codeSystem="2.16.840.1.113883.6.1"/>
                                             <sourceOf typeCode="COMP">
                                                <encounter classCode="ENC" moodCode="EVN" isCriterionInd="true">
                                                   <code code="2.16.840.1.113883.3.526.02.110" displayName="Encounter Domiciliary CPT Code List"/>
                                                   <title>Encounter: Encounter Domiciliary</title>
                                                </encounter>
                                             </sourceOf>
                                          </act>
                                       </sourceOf>
                                       <sourceOf typeCode="DURING">
                                          <observation classCode="OBS" moodCode="EVN" isCriterionInd="true">
                                             <id root="4C16BE67-F94C-487E-BDC4-91CF3EB7760B"/>
                                             <title>Measurement period</title>
                                          </observation>
                                       </sourceOf>
                                    </act>
                                 </sourceOf>
                              </procedure>
                           </sourceOf>
                        </act>
                     </sourceOf>
                  </act>
               </sourceOf>
            </observation>
         </entry><!--
            **************************************************************   
            Population Criteria Section: exceptions 
            **************************************************************
      -->
         <entry typeCode="DRIV">
            <observation classCode="OBS" moodCode="EVN.CRT" isCriterionInd="true">
               <id root="7FFA6549-A55E-4F90-98FB-45ED88046109"/>
               <code code="ASSERTION" codeSystem="2.16.840.1.113883.5.4"/>
               <value xsi:type="CD" code="DENEXCEP" codeSystem="2.16.840.1.113883.5.1063" codeSystemName="HL7 Observation Value" displayName="Denominator Exception"/><!--  top and/or -->
               <sourceOf typeCode="PRCN">
                  <conjunctionCode code="OR"/>
                  <act classCode="ACT" moodCode="EVN" isCriterionInd="true">
                     <sourceOf typeCode="PRCN">
                        <conjunctionCode code="AND"/>
                        <act classCode="ACT" moodCode="EVN" isCriterionInd="true" actionNegationInd="true"><!-- procedure performed pattern -->
                           <templateId root="2.16.840.1.113883.3.560.1.106"/>
                           <id root="97F3F0FF-FA43-486A-B6DA-37BC8C73FACA"/>
                           <code code="47519-4" displayName="Procedures" codeSystem="2.16.840.1.113883.6.1"/>
                           <sourceOf typeCode="COMP">
                              <procedure classCode="PROC" moodCode="EVN" isCriterionInd="true">
                                 <code code="2.16.840.1.113883.3.526.02.147" displayName="Optic Nerve Head Evaluation SNOMED-CT Code List"/>
                                 <title>Procedure performed not done: Medical reason</title>
                                 <sourceOf typeCode="RSON">
                                    <observation classCode="OBS" moodCode="EVN" isCriterionInd="true">
                                       <code code="ASSERTION" codeSystem="2.16.840.1.113883.5.4"/>
                                       <value xsi:type="CD" code="2.16.840.1.113883.3.526.02.313" displayName="Optic Nerve Head Evaluation SNOMED-CT Code List"/>
                                    </observation>
                                 </sourceOf>
                              </procedure>
                           </sourceOf>
                        </act>
                     </sourceOf>
                     <sourceOf typeCode="DURING">
                        <act classCode="ACT" moodCode="EVN" isCriterionInd="true">
                           <sourceOf typeCode="PRCN">
                              <conjunctionCode code="OR"/>
                              <act classCode="ACT" moodCode="EVN" isCriterionInd="true"><!-- encounter pattern -->
                                 <templateId root="2.16.840.1.113883.3.560.1.4"/>
                                 <id root="AC06E627-5E27-4ECC-A6F6-64B3A21CDD5A"/>
                                 <code code="46240-8" displayName="Encounter list" codeSystem="2.16.840.1.113883.6.1"/>
                                 <sourceOf typeCode="COMP">
                                    <encounter classCode="ENC" moodCode="EVN" isCriterionInd="true">
                                       <code code="2.16.840.1.113883.3.526.02.111" displayName="Encounter Ophthalmological Services CPT Code List"/>
                                       <title>Encounter: Encounter Ophthalmological Services</title>
                                    </encounter>
                                 </sourceOf>
                              </act>
                           </sourceOf>
                           <sourceOf typeCode="PRCN">
                              <conjunctionCode code="OR"/>
                              <act classCode="ACT" moodCode="EVN" isCriterionInd="true"><!-- encounter pattern -->
                                 <templateId root="2.16.840.1.113883.3.560.1.4"/>
                                 <id root="1AA2D962-4CBB-4413-AE23-FE98C7470532"/>
                                 <code code="46240-8" displayName="Encounter list" codeSystem="2.16.840.1.113883.6.1"/>
                                 <sourceOf typeCode="COMP">
                                    <encounter classCode="ENC" moodCode="EVN" isCriterionInd="true">
                                       <code code="2.16.840.1.113883.3.526.02.99" displayName="Encounter Office &amp; Outpatient Consult CPT Code List"/>
                                       <title>Encounter: Encounter Office &amp; Outpatient Consult</title>
                                    </encounter>
                                 </sourceOf>
                              </act>
                           </sourceOf>
                           <sourceOf typeCode="PRCN">
                              <conjunctionCode code="OR"/>
                              <act classCode="ACT" moodCode="EVN" isCriterionInd="true"><!-- encounter pattern -->
                                 <templateId root="2.16.840.1.113883.3.560.1.4"/>
                                 <id root="53F412B5-0F84-43B5-9BEA-C5863FE527C0"/>
                                 <code code="46240-8" displayName="Encounter list" codeSystem="2.16.840.1.113883.6.1"/>
                                 <sourceOf typeCode="COMP">
                                    <encounter classCode="ENC" moodCode="EVN" isCriterionInd="true">
                                       <code code="2.16.840.1.113883.3.526.02.28" displayName="Encounter Nursing Facility CPT Code List"/>
                                       <title>Encounter: Encounter Nursing Facility</title>
                                    </encounter>
                                 </sourceOf>
                              </act>
                           </sourceOf>
                           <sourceOf typeCode="PRCN">
                              <conjunctionCode code="OR"/>
                              <act classCode="ACT" moodCode="EVN" isCriterionInd="true"><!-- encounter pattern -->
                                 <templateId root="2.16.840.1.113883.3.560.1.4"/>
                                 <id root="1985DB79-1BCF-46B9-8D00-9941692BBAEA"/>
                                 <code code="46240-8" displayName="Encounter list" codeSystem="2.16.840.1.113883.6.1"/>
                                 <sourceOf typeCode="COMP">
                                    <encounter classCode="ENC" moodCode="EVN" isCriterionInd="true">
                                       <code code="2.16.840.1.113883.3.526.02.110" displayName="Encounter Domiciliary CPT Code List"/>
                                       <title>Encounter: Encounter Domiciliary</title>
                                    </encounter>
                                 </sourceOf>
                              </act>
                           </sourceOf>
                           <sourceOf typeCode="DURING">
                              <observation classCode="OBS" moodCode="EVN" isCriterionInd="true">
                                 <id root="4C16BE67-F94C-487E-BDC4-91CF3EB7760B"/>
                                 <title>Measurement period</title>
                              </observation>
                           </sourceOf>
                        </act>
                     </sourceOf>
                  </act>
               </sourceOf>
            </observation>
         </entry>
      </section>
   </component>
         
      <!--
         ******************************************   
         Data Criteria Section
         ******************************************
      --><component typeCode="COMP">
      <section>
         <code code="57025-9" codeSystem="2.16.840.1.113883.6.1" displayName="Data criteria (QDS Data Elements)"/>
         <title>Data criteria (QDS Data Elements)</title>
         <text>
            <list>
               <item>
                  <content>"Diagnosis active: Primary Open Angle Glaucoma (POAG)"</content> using "Primary Open Angle Glaucoma (POAG) Code List GROUPING (2.16.840.1.113883.3.526.03.326)"</item>
               <item>
                  <content>"Encounter: Encounter Domiciliary"</content> using "Encounter Domiciliary CPT Code List (2.16.840.1.113883.3.526.02.110)"</item>
               <item>
                  <content>"Encounter: Encounter Nursing Facility"</content> using "Encounter Nursing Facility CPT Code List (2.16.840.1.113883.3.526.02.28)"</item>
               <item>
                  <content>"Encounter: Encounter Office &amp; Outpatient Consult"</content> using "Encounter Office &amp; Outpatient Consult CPT Code List (2.16.840.1.113883.3.526.02.99)"</item>
               <item>
                  <content>"Encounter: Encounter Ophthalmological Services"</content> using "Encounter Ophthalmological Services CPT Code List (2.16.840.1.113883.3.526.02.111)"</item>
               <item>
                  <content>"Patient characteristic: birth date" (age)</content> using "birth date HL7 Code List (2.16.840.1.113883.3.526.02.8)"</item>
               <item>
                  <content>"Procedure performed: Optic Nerve Head Evaluation"</content> using "Optic Nerve Head Evaluation SNOMED-CT Code List (2.16.840.1.113883.3.526.02.147)"</item>
               <item>
                  <content>"Procedure performed not done: Medical reason"</content> using "Medical reason HL7 Code List (2.16.840.1.113883.3.526.02.313)"</item>
            </list>
         </text>
         <entry typeCode="DRIV">
            <act classCode="ACT" moodCode="EVN" isCriterionInd="true"><!-- patient characteristic pattern -->
               <templateId root="2.16.840.1.113883.3.560.1.25"/>
               <id root="01455B6A-83DF-4540-9EA4-404D4063C019"/>
               <code code="45970-1" displayName="Demographics" codeSystem="2.16.840.1.113883.6.1"/>
               <sourceOf typeCode="COMP">
                  <observation classCode="OBS" moodCode="EVN" isCriterionInd="true">
                     <code code="2.16.840.1.113883.3.526.02.8" displayName="birth date HL7 Code List"/>
                     <title>Patient characteristic: birth date</title>
                  </observation>
               </sourceOf>
            </act>
         </entry>
         <entry typeCode="DRIV">
            <act classCode="ACT" moodCode="EVN" isCriterionInd="true"><!-- encounter pattern -->
               <templateId root="2.16.840.1.113883.3.560.1.4"/>
               <id root="1985DB79-1BCF-46B9-8D00-9941692BBAEA"/>
               <code code="46240-8" displayName="Encounter list" codeSystem="2.16.840.1.113883.6.1"/>
               <sourceOf typeCode="COMP">
                  <encounter classCode="ENC" moodCode="EVN" isCriterionInd="true">
                     <code code="2.16.840.1.113883.3.526.02.110" displayName="Encounter Domiciliary CPT Code List"/>
                     <title>Encounter: Encounter Domiciliary</title>
                  </encounter>
               </sourceOf>
            </act>
         </entry>
         <entry typeCode="DRIV">
            <act classCode="ACT" moodCode="EVN" isCriterionInd="true"><!-- encounter pattern -->
               <templateId root="2.16.840.1.113883.3.560.1.4"/>
               <id root="53F412B5-0F84-43B5-9BEA-C5863FE527C0"/>
               <code code="46240-8" displayName="Encounter list" codeSystem="2.16.840.1.113883.6.1"/>
               <sourceOf typeCode="COMP">
                  <encounter classCode="ENC" moodCode="EVN" isCriterionInd="true">
                     <code code="2.16.840.1.113883.3.526.02.28" displayName="Encounter Nursing Facility CPT Code List"/>
                     <title>Encounter: Encounter Nursing Facility</title>
                  </encounter>
               </sourceOf>
            </act>
         </entry>
         <entry typeCode="DRIV">
            <act classCode="ACT" moodCode="EVN" isCriterionInd="true"><!-- encounter pattern -->
               <templateId root="2.16.840.1.113883.3.560.1.4"/>
               <id root="1AA2D962-4CBB-4413-AE23-FE98C7470532"/>
               <code code="46240-8" displayName="Encounter list" codeSystem="2.16.840.1.113883.6.1"/>
               <sourceOf typeCode="COMP">
                  <encounter classCode="ENC" moodCode="EVN" isCriterionInd="true">
                     <code code="2.16.840.1.113883.3.526.02.99" displayName="Encounter Office &amp; Outpatient Consult CPT Code List"/>
                     <title>Encounter: Encounter Office &amp; Outpatient Consult</title>
                  </encounter>
               </sourceOf>
            </act>
         </entry>
         <entry typeCode="DRIV">
            <act classCode="ACT" moodCode="EVN" isCriterionInd="true"><!-- encounter pattern -->
               <templateId root="2.16.840.1.113883.3.560.1.4"/>
               <id root="AC06E627-5E27-4ECC-A6F6-64B3A21CDD5A"/>
               <code code="46240-8" displayName="Encounter list" codeSystem="2.16.840.1.113883.6.1"/>
               <sourceOf typeCode="COMP">
                  <encounter classCode="ENC" moodCode="EVN" isCriterionInd="true">
                     <code code="2.16.840.1.113883.3.526.02.111" displayName="Encounter Ophthalmological Services CPT Code List"/>
                     <title>Encounter: Encounter Ophthalmological Services</title>
                  </encounter>
               </sourceOf>
            </act>
         </entry>
         <entry typeCode="DRIV">
            <act classCode="ACT" moodCode="EVN" isCriterionInd="true"><!-- procedure performed not done pattern -->
               <templateId root="2.16.840.1.113883.3.560.1.106"/>
               <id root="707379F8-41B3-40F7-9B47-A3586D7CFD03"/>
               <code code="47519-4" displayName="Procedures" codeSystem="2.16.840.1.113883.6.1"/>
               <sourceOf typeCode="COMP">
                  <procedure classCode="PROC" moodCode="EVN" isCriterionInd="true">
                     <code code="2.16.840.1.113883.3.526.02.313" displayName="Medical reason HL7 Code List"/>
                     <title>Procedure performed not done: Medical reason</title>
                  </procedure>
               </sourceOf>
            </act>
         </entry>
         <entry typeCode="DRIV">
            <act classCode="ACT" moodCode="EVN" isCriterionInd="true"><!-- procedure performed pattern -->
               <templateId root="2.16.840.1.113883.3.560.1.6"/>
               <id root="97F3F0FF-FA43-486A-B6DA-37BC8C73FACA"/>
               <code code="47519-4" displayName="Procedures" codeSystem="2.16.840.1.113883.6.1"/>
               <sourceOf typeCode="COMP">
                  <procedure classCode="PROC" moodCode="EVN" isCriterionInd="true">
                     <code code="2.16.840.1.113883.3.526.02.147" displayName="Optic Nerve Head Evaluation SNOMED-CT Code List"/>
                     <title>Procedure performed: Optic Nerve Head Evaluation</title>
                  </procedure>
               </sourceOf>
            </act>
         </entry>
         <entry typeCode="DRIV">
            <act classCode="ACT" moodCode="EVN" isCriterionInd="true"><!-- diagnosis active pattern -->
               <templateId root="2.16.840.1.113883.3.560.1.2"/>
               <id root="5884B50D-86D9-4D64-80CC-1C6C0F4EC485"/>
               <code code="11450-4" displayName="Problem" codeSystem="2.16.840.1.113883.6.1"/>
               <sourceOf typeCode="COMP">
                  <observation classCode="OBS" moodCode="EVN" isCriterionInd="true">
                     <code code="55607006" codeSystem="2.16.840.1.113883.6.96" displayName="Problem"/>
                     <title>Diagnosis active: Primary Open Angle Glaucoma (POAG)</title>
                     <value xsi:type="CD" code="2.16.840.1.113883.3.526.03.326" displayName="Primary Open Angle Glaucoma (POAG) Code List GROUPING"/>
                     <sourceOf typeCode="REFR">
                        <observation classCode="OBS" moodCode="EVN" isCriterionInd="true">
                           <code code="33999-4" codeSystem="2.16.840.1.113883.6.1" displayName="Status"/>
                           <value xsi:type="CD" code="55561003" displayName="active" codeSystem="2.16.840.1.113883.6.96"/>
                        </observation>
                     </sourceOf>
                  </observation>
               </sourceOf>
            </act>
         </entry>
      </section>
   </component>
   <component typeCode="COMP">
      <section>
         <title>Summary Calculation</title>
         <text>
            <content>Calculation is generic to all measures:</content>
            <list>
               <item>Calculate the final denominator by adding all that meet denominator criteria.</item>
               <item>Subtract from the final denominator all that do not meet numerator criteria yet also meet exclusion criteria.  Note some measures do not have exclusion criteria.</item>
               <item>The performance calculation is based on the "Measure scoring" from header information above:
					        	<list>
                     <item>For "Proportion" measures, the calculation is the number meeting numerator criteria divided by the final denominator.</item>
                     <item>For "Ratio" and "Continuous Variable" measures, follow the calculation instructions in the Data Aggregation header information above, if present.</item>
                  </list>
               </item>
               <item>For measures with multiple denominators, repeat this process for each denominator and report each result separately.</item>
               <item>For measures with multiple patient populations, repeat this process for each patient population and report each result separately.</item>
               <item>For measures with multiple numerators, calculate each numerator separately within each population using the paired exclusion.</item>
            </list>
         </text>
      </section>
   </component>
</QualityMeasureDocument>