<?xml version="1.0" encoding="UTF-8"?>
<?xml-stylesheet type="text/xsl" href="../xslt/eMeasure.xsl"?>
<QualityMeasureDocument xmlns:xsi="http://www.w3.org/2001/XMLSchema-instance" xmlns="urn:hl7-org:v3">
         
      <!--
         **************************************************************   
         Measure Header Section
         **************************************************************
      --><typeId root="2.16.840.1.113883.1.3" extension="POQM_HD000001"/>
   <id root="9ECD3B94-6328-4482-AF59-E7BF7FD8F14D"/>
   <code code="57024-2" codeSystem="2.16.840.1.113883.6.1" displayName="Health Quality Measure Document"/>
   <title>Central Line Bundle Compliance (NQF 0298)</title>
   <text>The percentage of intensive care patients in the included ICUs with central lines for who all five elements of the central line "bundle" are documented on the daily goals sheet, central line checklist, patient's medical record, or other documentation tool.</text>
   <statusCode code="completed"/>
   <setId root="D776251C-29FA-4F53-BA52-106279B05D1F"/>
   <versionNumber value="1"/>
   <author typeCode="AUT">
      <assignedPerson classCode="ASSIGNED">
         <representedOrganization classCode="ORG" determinerCode="INSTANCE">
            <id root="2.16.840.1.113883.3.67.1.101"/>
            <name>Iowa Foundation for Medical Care</name>
            <contactParty classCode="CON" nullFlavor="UNK"/>
         </representedOrganization>
      </assignedPerson>
   </author>
   <custodian>
      <assignedPerson classCode="ASSIGNED">
         <representedOrganization classCode="ORG" determinerCode="INSTANCE">
            <id root="2.16.840.1.113883.3.560.3.2"/>
            <name>Institute for Healthcare Improvement</name>
            <contactParty classCode="CON" nullFlavor="UNK"/>
         </representedOrganization>
      </assignedPerson>
   </custodian>
   <verifier typeCode="VRF">
      <assignedPerson classCode="ASSIGNED">
         <representedOrganization classCode="ORG" determinerCode="INSTANCE">
            <id root="2.16.840.1.113883.3.560"/>
            <name>National Quality Forum</name>
            <contactParty classCode="CON" nullFlavor="UNK"/>
         </representedOrganization>
      </assignedPerson>
   </verifier>
   <subjectOf>
      <measureAttribute>
         <code code="COPY" codeSystem="2.16.840.1.113883.5.4" displayName="Copyright"/>
         <value xsi:type="ED" mediaType="text/plain"/>
      </measureAttribute>
   </subjectOf>
   <subjectOf>
      <measureAttribute>
         <code code="MSRSCORE" codeSystem="2.16.840.1.113883.5.4" displayName="Measure scoring"/>
         <value xsi:type="CD" code="PROPOR" codeSystem="2.16.840.1.113883.5.1063" displayName="Proportion"/>
      </measureAttribute>
   </subjectOf>
   <subjectOf>
      <measureAttribute>
         <code code="MSRTYPE" codeSystem="2.16.840.1.113883.5.4" displayName="Measure type"/>
         <value xsi:type="CD" code="PROCESS" codeSystem="2.16.840.1.113883.5.1063" displayName="Process"/>
      </measureAttribute>
   </subjectOf>
   <subjectOf>
      <measureAttribute>
         <code code="STRAT" codeSystem="2.16.840.1.113883.5.4" displayName="Stratification"/>
         <value xsi:type="ED" mediaType="text/plain">None</value>
      </measureAttribute>
   </subjectOf>
   <subjectOf>
      <measureAttribute>
         <code code="MSRADJ" codeSystem="2.16.840.1.113883.5.4" displayName="Risk Adjustment"/>
         <value xsi:type="ED" mediaType="text/plain">None</value>
      </measureAttribute>
   </subjectOf>
   <subjectOf>
      <measureAttribute>
         <code code="MSRAGG" codeSystem="2.16.840.1.113883.5.4" displayName="Data Aggregation"/>
         <value xsi:type="ED" mediaType="text/plain"/>
      </measureAttribute>
   </subjectOf>
   <subjectOf>
      <measureAttribute>
         <code code="RAT" codeSystem="2.16.840.1.113883.5.4" displayName="Rationale"/>
         <value xsi:type="ED" mediaType="text/plain">Central venous catheters (CVCs) are being increasingly used in the inpatient and outpatient settings to provide long-term venous access.  CVCs disrupt the integrity of the skin, making infection with bacteria and/or fungi possible.  Infection may spread to the bloodstream (bacteremia) and hemodynamic changes and organ dysfunction (severe sepsis) may ensue possibly leading to death.  Approximately 90 percent of the catheter-related bloodstream infections (BSIs) occur with CVCs. 

Forty-eight percent of ICU patients have central venous catheters, accounting for 15 million central venous catheter-days per year in ICUs.  Studies of catheter-related bloodstream infections that control for the underlying severity of illness suggest that attributable mortality for these infections is between 4 and 20 percent.  Thus, it is estimated that between 500 and 4,000 US patients die annually due to bloodstream infections. 

In addition, nosocomial bloodstream infections prolong hospitalization by a mean of 7 days.  Estimates of attributable cost per bloodstream infection are estimated to be between $3,700 to $29,000. 
</value>
      </measureAttribute>
   </subjectOf>
   <subjectOf>
      <measureAttribute>
         <code code="CRS" codeSystem="2.16.840.1.113883.3.560" displayName="Clinical Recommendation Statement"/>
         <value xsi:type="ED" mediaType="text/plain">Care bundles, in general, are groupings of best practices with respect to a disease process that individually improve care, but when applied together result in substantially greater improvement.  The science supporting the bundle components is sufficiently established to be considered standard of care.

The Central Line Bundle is a group of evidence-based interventions for patients with intravascular central catheters that, when implemented together, result in better outcomes than when implemented individually.
</value>
      </measureAttribute>
   </subjectOf>
   <subjectOf>
      <measureAttribute>
         <code code="IDUR" codeSystem="2.16.840.1.113883.3.560" displayName="Improvement notation"/>
         <value xsi:type="ED" mediaType="text/plain" nullFlavor="NI"/>
      </measureAttribute>
   </subjectOf>
   <subjectOf>
      <measureAttribute>
         <templateId root="2.16.840.1.113883.3.560.1.74"/>
         <id root="A4BCC50A-BDD7-4C3F-97EB-68B792A7BC96"/>
         <code code="MSRTP" displayName="Measurement period" codeSystem="2.16.840.1.113883.3.560"/>
         <value xsi:type="EXPR_PQ" value="12" unit="m">
            <expression mediaType="text/plain">measureEndDate - measureStartDate</expression>
         </value>
      </measureAttribute>
   </subjectOf>
   <subjectOf>
      <localVariableName>measureStartDate</localVariableName>
      <measureAttribute>
         <templateId root="2.16.840.1.113883.3.560.1.75"/>
         <id root="4BC013EF-7995-4DD6-9857-C9A09EAAC6C4"/>
         <code code="MSRSD" displayName="Measurement start date" codeSystem="2.16.840.1.113883.3.560"/>
         <value xsi:type="TS" value="00000101"/>
      </measureAttribute>
   </subjectOf>
   <subjectOf>
      <localVariableName>measureEndDate</localVariableName>
      <measureAttribute>
         <templateId root="2.16.840.1.113883.3.560.1.75"/>
         <id root="41602D33-5F12-4A91-8FC9-14134B63F006"/>
         <code code="MSRED" displayName="Measurement end date" codeSystem="2.16.840.1.113883.3.560"/>
         <value xsi:type="TS" value="00001231"/>
      </measureAttribute>
   </subjectOf>
   <subjectOf>
      <measureAttribute>
         <code code="MSRMD" codeSystem="2.16.840.1.113883.3.560" displayName="Measurement duration"/>
         <value xsi:type="ED" mediaType="text/plain">12 month(s)</value>
      </measureAttribute>
   </subjectOf>
   <subjectOf>
      <measureAttribute>
         <code code="REF" codeSystem="2.16.840.1.113883.5.4" displayName="Reference"/>
         <value xsi:type="ED" mediaType="text/plain">Mermel LA. Prevention of intravascular catheter-related infections. Annals of Internal Medicine. Mar 7 2000;132(5):391-402.</value>
      </measureAttribute>
   </subjectOf>
   <subjectOf>
      <measureAttribute>
         <code code="REF" codeSystem="2.16.840.1.113883.5.4" displayName="Reference"/>
         <value xsi:type="ED" mediaType="text/plain">Soufir L, Timsit JF, Mahe C, Carlet J, Regnier B, Chevret S.  Attributable morbidity and mortality of catheter-related septicemia in critically ill patients: a matched, risk-adjusted, cohort study.  Infect Control Hosp Epidemiol. 1999 Jun;20(6):396-401.</value>
      </measureAttribute>
   </subjectOf>
   <subjectOf>
      <measureAttribute>
         <code code="DEF" codeSystem="2.16.840.1.113883.3.560" displayName="Definition"/>
         <value xsi:type="ED" mediaType="text/plain">Central Line: A vascular access device that terminates at or close to the heart or one of the great vessels, i.e., aorta, superior vena and inferior vena cava, brachiocephalic veins, internal jugular veins, and subclavian veins. An umbilical artery or vein catheter is considered a central line. Note: Neither the location of the insertion site nor the type of device may be used solely to determine whether the line qualifies as a "central" line. Only if the location of the tip of the line meets the criteria above does the device qualify as a central line.

Great Vessels: Aorta, superior vena and inferior vena cava, braciocephalic veins, internal jugular veins, and subclavian veins.
</value>
      </measureAttribute>
   </subjectOf>
   <subjectOf>
      <measureAttribute>
         <code code="GUIDE" codeSystem="2.16.840.1.113883.5.4" displayName="Guidance"/>
         <value xsi:type="ED" mediaType="text/plain">This is an "all or nothing" measure. If any of the elements are not documented, do not count the patient in the numerator. If a bundle element is contraindicated for a particular patient and this is documented appropriately in the medical record, then the bundle can still be considered compliant with regard to that element.

For central line placement, in adults, avoidance of the femoral vein is preferred as it is associated with greater risk of infection. The subclavian line site may be preferred over the jugular site for non-tunneled catheters in adult patients. This recommendation is based solely on the likelihood of reducing infectious complications.

The ICU patient with a central line will be reviewed daily, with a notation on the daily goals sheet or medical record indicating the continued need for the central line. Routine replacement should be avoided, and all lines should be removed as early as possible.
</value>
      </measureAttribute>
   </subjectOf>
   <componentOf>
      <qualityMeasureSet classCode="ACT">
         <id root="B1EB421F-C28C-453C-8DEE-7C6EFE318EB1"/>
         <title>CLINICAL QUALITY MEASURE SET 2011-2012</title>
      </qualityMeasureSet>
   </componentOf>
         
      <!--
         **************************************************************   
         Population Criteria Section
         **************************************************************
      --><component typeCode="COMP">
      <section>
         <code code="57026-7" codeSystem="2.16.840.1.113883.6.1" displayName="Population criteria"/>
         <title>Population criteria</title>
         <text>
            <list>
               <item>
                  <content styleCode="Bold">Initial Patient Population =</content>
                  <list>
                     <item>AND: "Patient characteristic: birth date"  &gt;= 18 year(s) starts before start of "Encounter: ICU"</item>
                     <item>AND: "Procedure performed: Central Line Insertion" during ("Encounter: ICU" during "Measurement period")</item>
                  </list>
               </item>
               <item>
                  <content styleCode="Bold">Denominator =</content>
                  <list>
                     <item>AND: "Initial Patient Population"</item>
                  </list>
               </item>
               <item>
                  <content styleCode="Bold">Numerator =</content>
                  <list>
                     <item>AND: <list>
                           <item>AND: "Intervention performed: Hand Hygiene" starts concurrent with ("Procedure performed: Central Line Insertion" during ("Encounter: ICU" during "Measurement period"))</item>
                           <item>AND: "Intervention performed: Barrier Precautions" starts concurrent with ("Procedure performed: Central Line Insertion" during ("Encounter: ICU" during "Measurement period"))</item>
                           <item>AND: <list>
                                 <item>OR: "Medication administered: Chlorhexidine Skin Antisepsis" starts concurrent with ("Procedure performed: Central Line Insertion" during ("Encounter: ICU" during "Measurement period"))</item>
                                 <item>OR: "Medication administered: Chlorhexidine Skin Antisepsis" during ("Encounter: ICU" during "Measurement period")</item>
                              </list>
                           </item>
                           <item>AND: <list>
                                 <item>OR: "Procedure performed: Central Line Insertion"  &lt; 1 day(s) starts before start of "Procedure performed: Central Line Removal"</item>
                                 <item>OR: <list>
                                       <item>AND: FIRST:"Intervention performed: Assessment of Central Line Necessity"  &lt;= 1 day(s) starts after start of "Procedure performed: Central Line Insertion"</item>
                                       <item>AND: CURRENT "Intervention performed: Assessment of Central Line Necessity"  &lt;= 1 day(s) starts after start of IMMEDIATE PRIOR "Intervention performed: Assessment of Central Line Necessity"</item>
                                    </list>
                                 </item>
                              </list>
                           </item>
                           <item> during  ("Encounter: ICU" during "Measurement period")</item>
                        </list>
                     </item>
                  </list>
               </item>
               <item>
                  <content styleCode="Bold">Exclusions =</content>
                  <list>
                     <item>None</item>
                  </list>
               </item>
            </list>
         </text><!--
            **************************************************************   
            Population Criteria Section: population 
            **************************************************************
      -->
         <entry typeCode="DRIV">
            <observation classCode="OBS" moodCode="EVN.CRT" isCriterionInd="true">
               <id root="D7FE2B7A-D952-414A-BBCD-35BE43457385"/>
               <code code="ASSERTION" codeSystem="2.16.840.1.113883.5.4"/>
               <value xsi:type="CD" code="IPP" codeSystem="2.16.840.1.113883.5.1063" codeSystemName="HL7 Observation Value" displayName="Initial Patient Population"/><!--  top and/or -->
               <sourceOf typeCode="PRCN">
                  <conjunctionCode code="AND"/>
                  <act classCode="ACT" moodCode="EVN" isCriterionInd="true"><!-- patient characteristic pattern -->
                     <templateId root="2.16.840.1.113883.3.560.1.25"/>
                     <id root="1C276C7A-347E-433A-B892-DF6ED4AC2351"/>
                     <code code="45970-1" displayName="Demographics" codeSystem="2.16.840.1.113883.6.1"/>
                     <sourceOf typeCode="COMP">
                        <observation classCode="OBS" moodCode="EVN" isCriterionInd="true">
                           <code code="2.16.840.1.113883.3.67.1.101.1.24" displayName="birth date HL7 Code List"/>
                           <title>Patient characteristic: birth date</title>
                           <sourceOf typeCode="SBS">
                              <pauseQuantity xsi:type="IVL_PQ">
                                 <low value="18" unit="a" inclusive="true"/>
                              </pauseQuantity>
                              <observation classCode="OBS" moodCode="EVN">
                                 <id root="CCFA7C5B-F67F-4055-A274-71A0A8E16079"/>
                                 <title>Encounter: ICU</title>
                              </observation>
                           </sourceOf>
                        </observation>
                     </sourceOf>
                  </act>
               </sourceOf>
               <sourceOf typeCode="PRCN">
                  <conjunctionCode code="AND"/>
                  <act classCode="ACT" moodCode="EVN" isCriterionInd="true"><!-- procedure performed pattern -->
                     <templateId root="2.16.840.1.113883.3.560.1.6"/>
                     <id root="CF4D178B-A0FA-4A4A-B45D-F1475CAEBCA0"/>
                     <code code="47519-4" displayName="Procedures" codeSystem="2.16.840.1.113883.6.1"/>
                     <sourceOf typeCode="COMP">
                        <procedure classCode="PROC" moodCode="EVN" isCriterionInd="true">
                           <code code="2.16.840.1.113883.3.67.1.101.1.49" displayName="Central Line Insertion Code List GROUPING"/>
                           <title>Procedure performed: Central Line Insertion</title>
                           <sourceOf typeCode="DURING">
                              <act classCode="ACT" moodCode="EVN" isCriterionInd="true"><!-- encounter pattern -->
                                 <templateId root="2.16.840.1.113883.3.560.1.4"/>
                                 <id root="CCFA7C5B-F67F-4055-A274-71A0A8E16079"/>
                                 <code code="46240-8" displayName="Encounter list" codeSystem="2.16.840.1.113883.6.1"/>
                                 <sourceOf typeCode="COMP">
                                    <encounter classCode="ENC" moodCode="EVN" isCriterionInd="true">
                                       <code code="2.16.840.1.113883.3.67.1.101.1.53" displayName="ICU SNOMED-CT Code List"/>
                                       <title>Encounter: ICU</title>
                                       <sourceOf typeCode="DURING">
                                          <observation classCode="OBS" moodCode="EVN">
                                             <id root="A4BCC50A-BDD7-4C3F-97EB-68B792A7BC96"/>
                                             <title>Measurement period</title>
                                          </observation>
                                       </sourceOf>
                                    </encounter>
                                 </sourceOf>
                              </act>
                           </sourceOf>
                        </procedure>
                     </sourceOf>
                  </act>
               </sourceOf>
            </observation>
         </entry><!--
            **************************************************************   
            Population Criteria Section: denominator 
            **************************************************************
      -->
         <entry typeCode="DRIV">
            <observation classCode="OBS" moodCode="EVN.CRT" isCriterionInd="true">
               <id root="D7FE2B7A-D952-414A-BBCD-35BE43457385"/>
               <code code="ASSERTION" codeSystem="2.16.840.1.113883.5.4"/>
               <value xsi:type="CD" code="DENOM" codeSystem="2.16.840.1.113883.5.1063" codeSystemName="HL7 Observation Value" displayName="Denominator"/><!--  top and/or -->
               <sourceOf typeCode="PRCN">
                  <conjunctionCode code="AND"/>
                  <observation classCode="OBS" moodCode="EVN" isCriterionInd="true">
                     <id root="C6CB6DEF-7B53-42C1-975C-C3283A001FC4"/>
                     <title>Initial Patient Population</title>
                  </observation>
               </sourceOf>
            </observation>
         </entry><!--
            **************************************************************   
            Population Criteria Section: numerator 
            **************************************************************
      -->
         <entry typeCode="DRIV">
            <observation classCode="OBS" moodCode="EVN.CRT" isCriterionInd="true">
               <id root="5D2CB190-CFCB-43D6-BFFC-5978A2AEC05F"/>
               <code code="ASSERTION" codeSystem="2.16.840.1.113883.5.4"/>
               <value xsi:type="CD" code="NUMER" codeSystem="2.16.840.1.113883.5.1063" codeSystemName="HL7 Observation Value" displayName="Numerator"/><!--  top and/or -->
               <sourceOf typeCode="PRCN">
                  <conjunctionCode code="AND"/>
                  <act classCode="ACT" moodCode="EVN" isCriterionInd="true">
                     <sourceOf typeCode="PRCN">
                        <conjunctionCode code="AND"/>
                        <act classCode="ACT" moodCode="EVN" isCriterionInd="true"><!-- intervention performed pattern -->
                           <templateId root="2.16.840.1.113883.3.560.1.46"/>
                           <id root="E0370222-D9FC-46E7-835F-0D560EB5A661"/>
                           <code code="47519-4" displayName="Procedures" codeSystem="2.16.840.1.113883.6.1"/>
                           <sourceOf typeCode="COMP">
                              <procedure classCode="PROC" moodCode="EVN" isCriterionInd="true">
                                 <code code="2.16.840.1.113883.3.67.1.101.1.55" displayName="Hand Hygiene SNOMED-CT Code List"/>
                                 <title>Intervention performed: Hand Hygiene</title>
                                 <statusCode code="completed"/>
                                 <sourceOf typeCode="SCW">
                                    <act classCode="ACT" moodCode="EVN" isCriterionInd="true"><!-- procedure performed pattern -->
                                       <templateId root="2.16.840.1.113883.3.560.1.6"/>
                                       <id root="CF4D178B-A0FA-4A4A-B45D-F1475CAEBCA0"/>
                                       <code code="47519-4" displayName="Procedures" codeSystem="2.16.840.1.113883.6.1"/>
                                       <sourceOf typeCode="COMP">
                                          <procedure classCode="PROC" moodCode="EVN" isCriterionInd="true">
                                             <code code="2.16.840.1.113883.3.67.1.101.1.49" displayName="Central Line Insertion Code List GROUPING"/>
                                             <title>Procedure performed: Central Line Insertion</title>
                                             <sourceOf typeCode="DURING">
                                                <act classCode="ACT" moodCode="EVN" isCriterionInd="true"><!-- encounter pattern -->
                                                   <templateId root="2.16.840.1.113883.3.560.1.4"/>
                                                   <id root="CCFA7C5B-F67F-4055-A274-71A0A8E16079"/>
                                                   <code code="46240-8" displayName="Encounter list" codeSystem="2.16.840.1.113883.6.1"/>
                                                   <sourceOf typeCode="COMP">
                                                      <encounter classCode="ENC" moodCode="EVN" isCriterionInd="true">
                                                         <code code="2.16.840.1.113883.3.67.1.101.1.53" displayName="ICU SNOMED-CT Code List"/>
                                                         <title>Encounter: ICU</title>
                                                         <sourceOf typeCode="DURING">
                                                            <observation classCode="OBS" moodCode="EVN">
                                                               <id root="A4BCC50A-BDD7-4C3F-97EB-68B792A7BC96"/>
                                                               <title>Measurement period</title>
                                                            </observation>
                                                         </sourceOf>
                                                      </encounter>
                                                   </sourceOf>
                                                </act>
                                             </sourceOf>
                                          </procedure>
                                       </sourceOf>
                                    </act>
                                 </sourceOf>
                              </procedure>
                           </sourceOf>
                        </act>
                     </sourceOf>
                     <sourceOf typeCode="PRCN">
                        <conjunctionCode code="AND"/>
                        <act classCode="ACT" moodCode="EVN" isCriterionInd="true"><!-- intervention performed pattern -->
                           <templateId root="2.16.840.1.113883.3.560.1.46"/>
                           <id root="EF3F6649-4BDA-4BB7-A563-C11F6C12EBFC"/>
                           <code code="47519-4" displayName="Procedures" codeSystem="2.16.840.1.113883.6.1"/>
                           <sourceOf typeCode="COMP">
                              <procedure classCode="PROC" moodCode="EVN" isCriterionInd="true">
                                 <code code="2.16.840.1.113883.3.67.1.101.1.56" displayName="Barrier Precautions SNOMED-CT Code List"/>
                                 <title>Intervention performed: Barrier Precautions</title>
                                 <statusCode code="completed"/>
                                 <sourceOf typeCode="SCW">
                                    <act classCode="ACT" moodCode="EVN" isCriterionInd="true"><!-- procedure performed pattern -->
                                       <templateId root="2.16.840.1.113883.3.560.1.6"/>
                                       <id root="CF4D178B-A0FA-4A4A-B45D-F1475CAEBCA0"/>
                                       <code code="47519-4" displayName="Procedures" codeSystem="2.16.840.1.113883.6.1"/>
                                       <sourceOf typeCode="COMP">
                                          <procedure classCode="PROC" moodCode="EVN" isCriterionInd="true">
                                             <code code="2.16.840.1.113883.3.67.1.101.1.49" displayName="Central Line Insertion Code List GROUPING"/>
                                             <title>Procedure performed: Central Line Insertion</title>
                                             <sourceOf typeCode="DURING">
                                                <act classCode="ACT" moodCode="EVN" isCriterionInd="true"><!-- encounter pattern -->
                                                   <templateId root="2.16.840.1.113883.3.560.1.4"/>
                                                   <id root="CCFA7C5B-F67F-4055-A274-71A0A8E16079"/>
                                                   <code code="46240-8" displayName="Encounter list" codeSystem="2.16.840.1.113883.6.1"/>
                                                   <sourceOf typeCode="COMP">
                                                      <encounter classCode="ENC" moodCode="EVN" isCriterionInd="true">
                                                         <code code="2.16.840.1.113883.3.67.1.101.1.53" displayName="ICU SNOMED-CT Code List"/>
                                                         <title>Encounter: ICU</title>
                                                         <sourceOf typeCode="DURING">
                                                            <observation classCode="OBS" moodCode="EVN">
                                                               <id root="A4BCC50A-BDD7-4C3F-97EB-68B792A7BC96"/>
                                                               <title>Measurement period</title>
                                                            </observation>
                                                         </sourceOf>
                                                      </encounter>
                                                   </sourceOf>
                                                </act>
                                             </sourceOf>
                                          </procedure>
                                       </sourceOf>
                                    </act>
                                 </sourceOf>
                              </procedure>
                           </sourceOf>
                        </act>
                     </sourceOf>
                     <sourceOf typeCode="PRCN">
                        <conjunctionCode code="AND"/>
                        <act classCode="ACT" moodCode="EVN" isCriterionInd="true">
                           <sourceOf typeCode="PRCN">
                              <conjunctionCode code="OR"/>
                              <act classCode="ACT" moodCode="EVN" isCriterionInd="true"><!-- medication administered pattern -->
                                 <templateId root="2.16.840.1.113883.3.560.1.14"/>
                                 <id root="E64FCBE8-4EB7-4D38-BA5B-E489F4440C55"/>
                                 <code code="18610-6" displayName="Medication administered" codeSystem="2.16.840.1.113883.6.1"/>
                                 <sourceOf typeCode="COMP">
                                    <substanceAdministration classCode="SBADM" moodCode="EVN" isCriterionInd="true">
                                       <title>Medication administered: Chlorhexidine Skin Antisepsis</title>
                                       <participant typeCode="CSM">
                                          <roleParticipant classCode="MANU">
                                             <playingMaterial classCode="MMAT" determinerCode="KIND">
                                                <code code="2.16.840.1.113883.3.67.1.101.1.52" displayName="Chlorhexidine Skin Antisepsis RxNorm Code List"/>
                                             </playingMaterial>
                                          </roleParticipant>
                                       </participant>
                                       <sourceOf typeCode="SCW">
                                          <act classCode="ACT" moodCode="EVN" isCriterionInd="true"><!-- procedure performed pattern -->
                                             <templateId root="2.16.840.1.113883.3.560.1.6"/>
                                             <id root="CF4D178B-A0FA-4A4A-B45D-F1475CAEBCA0"/>
                                             <code code="47519-4" displayName="Procedures" codeSystem="2.16.840.1.113883.6.1"/>
                                             <sourceOf typeCode="COMP">
                                                <procedure classCode="PROC" moodCode="EVN" isCriterionInd="true">
                                                   <code code="2.16.840.1.113883.3.67.1.101.1.49" displayName="Central Line Insertion Code List GROUPING"/>
                                                   <title>Procedure performed: Central Line Insertion</title>
                                                   <sourceOf typeCode="DURING">
                                                      <act classCode="ACT" moodCode="EVN" isCriterionInd="true"><!-- encounter pattern -->
                                                         <templateId root="2.16.840.1.113883.3.560.1.4"/>
                                                         <id root="CCFA7C5B-F67F-4055-A274-71A0A8E16079"/>
                                                         <code code="46240-8" displayName="Encounter list" codeSystem="2.16.840.1.113883.6.1"/>
                                                         <sourceOf typeCode="COMP">
                                                            <encounter classCode="ENC" moodCode="EVN" isCriterionInd="true">
                                                               <code code="2.16.840.1.113883.3.67.1.101.1.53" displayName="ICU SNOMED-CT Code List"/>
                                                               <title>Encounter: ICU</title>
                                                               <sourceOf typeCode="DURING">
                                                                  <observation classCode="OBS" moodCode="EVN">
                                                                     <id root="A4BCC50A-BDD7-4C3F-97EB-68B792A7BC96"/>
                                                                     <title>Measurement period</title>
                                                                  </observation>
                                                               </sourceOf>
                                                            </encounter>
                                                         </sourceOf>
                                                      </act>
                                                   </sourceOf>
                                                </procedure>
                                             </sourceOf>
                                          </act>
                                       </sourceOf>
                                    </substanceAdministration>
                                 </sourceOf>
                              </act>
                           </sourceOf>
                           <sourceOf typeCode="PRCN">
                              <conjunctionCode code="OR"/>
                              <act classCode="ACT" moodCode="EVN" isCriterionInd="true"><!-- medication administered pattern -->
                                 <templateId root="2.16.840.1.113883.3.560.1.14"/>
                                 <id root="E64FCBE8-4EB7-4D38-BA5B-E489F4440C55"/>
                                 <code code="18610-6" displayName="Medication administered" codeSystem="2.16.840.1.113883.6.1"/>
                                 <sourceOf typeCode="COMP">
                                    <substanceAdministration classCode="SBADM" moodCode="EVN" isCriterionInd="true">
                                       <title>Medication administered: Chlorhexidine Skin Antisepsis</title>
                                       <participant typeCode="CSM">
                                          <roleParticipant classCode="MANU">
                                             <playingMaterial classCode="MMAT" determinerCode="KIND">
                                                <code code="2.16.840.1.113883.3.67.1.101.1.52" displayName="Chlorhexidine Skin Antisepsis RxNorm Code List"/>
                                             </playingMaterial>
                                          </roleParticipant>
                                       </participant>
                                       <sourceOf typeCode="DURING">
                                          <act classCode="ACT" moodCode="EVN" isCriterionInd="true"><!-- encounter pattern -->
                                             <templateId root="2.16.840.1.113883.3.560.1.4"/>
                                             <id root="CCFA7C5B-F67F-4055-A274-71A0A8E16079"/>
                                             <code code="46240-8" displayName="Encounter list" codeSystem="2.16.840.1.113883.6.1"/>
                                             <sourceOf typeCode="COMP">
                                                <encounter classCode="ENC" moodCode="EVN" isCriterionInd="true">
                                                   <code code="2.16.840.1.113883.3.67.1.101.1.53" displayName="ICU SNOMED-CT Code List"/>
                                                   <title>Encounter: ICU</title>
                                                   <sourceOf typeCode="DURING">
                                                      <observation classCode="OBS" moodCode="EVN">
                                                         <id root="A4BCC50A-BDD7-4C3F-97EB-68B792A7BC96"/>
                                                         <title>Measurement period</title>
                                                      </observation>
                                                   </sourceOf>
                                                </encounter>
                                             </sourceOf>
                                          </act>
                                       </sourceOf>
                                    </substanceAdministration>
                                 </sourceOf>
                              </act>
                           </sourceOf>
                        </act>
                     </sourceOf>
                     <sourceOf typeCode="PRCN">
                        <conjunctionCode code="AND"/>
                        <act classCode="ACT" moodCode="EVN" isCriterionInd="true">
                           <sourceOf typeCode="PRCN">
                              <conjunctionCode code="OR"/>
                              <act classCode="ACT" moodCode="EVN" isCriterionInd="true"><!-- procedure performed pattern -->
                                 <templateId root="2.16.840.1.113883.3.560.1.6"/>
                                 <id root="CF4D178B-A0FA-4A4A-B45D-F1475CAEBCA0"/>
                                 <code code="47519-4" displayName="Procedures" codeSystem="2.16.840.1.113883.6.1"/>
                                 <sourceOf typeCode="COMP">
                                    <procedure classCode="PROC" moodCode="EVN" isCriterionInd="true">
                                       <code code="2.16.840.1.113883.3.67.1.101.1.49" displayName="Central Line Insertion Code List GROUPING"/>
                                       <title>Procedure performed: Central Line Insertion</title>
                                       <sourceOf typeCode="SBS">
                                          <pauseQuantity xsi:type="IVL_PQ">
                                             <high value="1" unit="d" inclusive="false"/>
                                          </pauseQuantity>
                                          <observation classCode="OBS" moodCode="EVN">
                                             <id root="84A49D9C-CC21-4684-AB8B-EBF6981C21AD"/>
                                             <title>Procedure performed: Central Line Removal</title>
                                          </observation>
                                       </sourceOf>
                                    </procedure>
                                 </sourceOf>
                              </act>
                           </sourceOf>
                           <sourceOf typeCode="PRCN">
                              <conjunctionCode code="OR"/>
                              <act classCode="ACT" moodCode="EVN" isCriterionInd="true">
                                 <sourceOf typeCode="PRCN">
                                    <conjunctionCode code="AND"/>
                                    <subsetCode code="FIRST"/>
                                    <act classCode="ACT" moodCode="EVN" isCriterionInd="true"><!-- intervention performed pattern -->
                                       <templateId root="2.16.840.1.113883.3.560.1.46"/>
                                       <id root="13C540B3-F409-47C9-B9BF-8FE11F341589"/>
                                       <code code="47519-4" displayName="Procedures" codeSystem="2.16.840.1.113883.6.1"/>
                                       <sourceOf typeCode="COMP">
                                          <procedure classCode="PROC" moodCode="EVN" isCriterionInd="true">
                                             <code code="2.16.840.1.113883.3.67.1.101.1.352" displayName="Assessment of Central Line Necessity SNOMED-CT Code List"/>
                                             <title>Intervention performed: Assessment of Central Line Necessity</title>
                                             <statusCode code="completed"/>
                                             <sourceOf typeCode="SAS">
                                                <pauseQuantity xsi:type="IVL_PQ">
                                                   <high value="1" unit="d" inclusive="true"/>
                                                </pauseQuantity>
                                                <observation classCode="OBS" moodCode="EVN">
                                                   <id root="CF4D178B-A0FA-4A4A-B45D-F1475CAEBCA0"/>
                                                   <title>Procedure performed: Central Line Insertion</title>
                                                </observation>
                                             </sourceOf>
                                          </procedure>
                                       </sourceOf>
                                    </act>
                                 </sourceOf>
                                 <sourceOf typeCode="PRCN">
                                    <sequenceNumber value="2"/>
                                    <conjunctionCode code="AND"/>
                                    <act classCode="ACT" moodCode="EVN" isCriterionInd="true"><!-- intervention performed pattern -->
                                       <templateId root="2.16.840.1.113883.3.560.1.46"/>
                                       <id root="13C540B3-F409-47C9-B9BF-8FE11F341589"/>
                                       <code code="47519-4" displayName="Procedures" codeSystem="2.16.840.1.113883.6.1"/>
                                       <sourceOf typeCode="COMP">
                                          <procedure classCode="PROC" moodCode="EVN" isCriterionInd="true">
                                             <code code="2.16.840.1.113883.3.67.1.101.1.352" displayName="Assessment of Central Line Necessity SNOMED-CT Code List"/>
                                             <title>Intervention performed: Assessment of Central Line Necessity</title>
                                             <statusCode code="completed"/>
                                             <sourceOf typeCode="SAS">
                                                <sequenceNumber value="1"/>
                                                <pauseQuantity xsi:type="IVL_PQ">
                                                   <high value="1" unit="d" inclusive="true"/>
                                                </pauseQuantity>
                                                <act classCode="ACT" moodCode="EVN" isCriterionInd="true"><!-- intervention performed pattern -->
                                                   <templateId root="2.16.840.1.113883.3.560.1.46"/>
                                                   <id root="13C540B3-F409-47C9-B9BF-8FE11F341589"/>
                                                   <code code="47519-4" displayName="Procedures" codeSystem="2.16.840.1.113883.6.1"/>
                                                   <sourceOf typeCode="COMP">
                                                      <procedure classCode="PROC" moodCode="EVN" isCriterionInd="true">
                                                         <code code="2.16.840.1.113883.3.67.1.101.1.352" displayName="Assessment of Central Line Necessity SNOMED-CT Code List"/>
                                                         <title>Intervention performed: Assessment of Central Line Necessity</title>
                                                         <statusCode code="completed"/>
                                                      </procedure>
                                                   </sourceOf>
                                                </act>
                                             </sourceOf>
                                          </procedure>
                                       </sourceOf>
                                    </act>
                                 </sourceOf>
                              </act>
                           </sourceOf>
                        </act>
                     </sourceOf>
                     <sourceOf typeCode="DURING">
                        <act classCode="ACT" moodCode="EVN" isCriterionInd="true"><!-- encounter pattern -->
                           <templateId root="2.16.840.1.113883.3.560.1.4"/>
                           <id root="CCFA7C5B-F67F-4055-A274-71A0A8E16079"/>
                           <code code="46240-8" displayName="Encounter list" codeSystem="2.16.840.1.113883.6.1"/>
                           <sourceOf typeCode="COMP">
                              <encounter classCode="ENC" moodCode="EVN" isCriterionInd="true">
                                 <code code="2.16.840.1.113883.3.67.1.101.1.53" displayName="ICU SNOMED-CT Code List"/>
                                 <title>Encounter: ICU</title>
                                 <sourceOf typeCode="DURING">
                                    <observation classCode="OBS" moodCode="EVN">
                                       <id root="A4BCC50A-BDD7-4C3F-97EB-68B792A7BC96"/>
                                       <title>Measurement period</title>
                                    </observation>
                                 </sourceOf>
                              </encounter>
                           </sourceOf>
                        </act>
                     </sourceOf>
                  </act>
               </sourceOf>
            </observation>
         </entry>
      </section>
   </component>
         
      <!--
         ******************************************   
         Data Criteria Section
         ******************************************
      --><component typeCode="COMP">
      <section>
         <code code="57025-9" codeSystem="2.16.840.1.113883.6.1" displayName="Data criteria (QDS Data Elements)"/>
         <title>Data criteria (QDS Data Elements)</title>
         <text>
            <list>
               <item>
                  <content>"Encounter: ICU"</content> using "ICU SNOMED-CT Code List (2.16.840.1.113883.3.67.1.101.1.53)"</item>
               <item>
                  <content>"Intervention performed: Assessment of Central Line Necessity"</content> using "Assessment of Central Line Necessity SNOMED-CT Code List (2.16.840.1.113883.3.67.1.101.1.352)"</item>
               <item>
                  <content>"Intervention performed: Barrier Precautions"</content> using "Barrier Precautions SNOMED-CT Code List (2.16.840.1.113883.3.67.1.101.1.56)"</item>
               <item>
                  <content>"Intervention performed: Hand Hygiene"</content> using "Hand Hygiene SNOMED-CT Code List (2.16.840.1.113883.3.67.1.101.1.55)"</item>
               <item>
                  <content>"Medication administered: Chlorhexidine Skin Antisepsis"</content> using "Chlorhexidine Skin Antisepsis RxNorm Code List (2.16.840.1.113883.3.67.1.101.1.52)"</item>
               <item>
                  <content>"Patient characteristic: birth date" (age)</content> using "birth date HL7 Code List (2.16.840.1.113883.3.67.1.101.1.24)"</item>
               <item>
                  <content>"Procedure performed: Central Line Insertion"</content> using "Central Line Insertion Code List GROUPING (2.16.840.1.113883.3.67.1.101.1.49)"</item>
               <item>
                  <content>"Procedure performed: Central Line Removal"</content> using "Central Line Removal Code List GROUPING (2.16.840.1.113883.3.67.1.101.1.232)"</item>
            </list>
         </text>
         <entry typeCode="DRIV">
            <act classCode="ACT" moodCode="EVN" isCriterionInd="true"><!-- intervention performed pattern -->
               <templateId root="2.16.840.1.113883.3.560.1.46"/>
               <id root="EF3F6649-4BDA-4BB7-A563-C11F6C12EBFC"/>
               <code code="47519-4" displayName="Procedures" codeSystem="2.16.840.1.113883.6.1"/>
               <sourceOf typeCode="COMP">
                  <procedure classCode="PROC" moodCode="EVN" isCriterionInd="true">
                     <code code="2.16.840.1.113883.3.67.1.101.1.56" displayName="Barrier Precautions SNOMED-CT Code List"/>
                     <title>Intervention performed: Barrier Precautions</title>
                     <statusCode code="completed"/>
                  </procedure>
               </sourceOf>
            </act>
         </entry>
         <entry typeCode="DRIV">
            <act classCode="ACT" moodCode="EVN" isCriterionInd="true"><!-- patient characteristic pattern -->
               <templateId root="2.16.840.1.113883.3.560.1.25"/>
               <id root="1C276C7A-347E-433A-B892-DF6ED4AC2351"/>
               <code code="45970-1" displayName="Demographics" codeSystem="2.16.840.1.113883.6.1"/>
               <sourceOf typeCode="COMP">
                  <observation classCode="OBS" moodCode="EVN" isCriterionInd="true">
                     <code code="2.16.840.1.113883.3.67.1.101.1.24" displayName="birth date HL7 Code List"/>
                     <title>Patient characteristic: birth date</title>
                  </observation>
               </sourceOf>
            </act>
         </entry>
         <entry typeCode="DRIV">
            <act classCode="ACT" moodCode="EVN" isCriterionInd="true"><!-- medication administered pattern -->
               <templateId root="2.16.840.1.113883.3.560.1.14"/>
               <id root="E64FCBE8-4EB7-4D38-BA5B-E489F4440C55"/>
               <code code="18610-6" displayName="Medication administered" codeSystem="2.16.840.1.113883.6.1"/>
               <sourceOf typeCode="COMP">
                  <substanceAdministration classCode="SBADM" moodCode="EVN" isCriterionInd="true">
                     <title>Medication administered: Chlorhexidine Skin Antisepsis</title>
                     <participant typeCode="CSM">
                        <roleParticipant classCode="MANU">
                           <playingMaterial classCode="MMAT" determinerCode="KIND">
                              <code code="2.16.840.1.113883.3.67.1.101.1.52" displayName="Chlorhexidine Skin Antisepsis RxNorm Code List"/>
                           </playingMaterial>
                        </roleParticipant>
                     </participant>
                  </substanceAdministration>
               </sourceOf>
            </act>
         </entry>
         <entry typeCode="DRIV">
            <act classCode="ACT" moodCode="EVN" isCriterionInd="true"><!-- encounter pattern -->
               <templateId root="2.16.840.1.113883.3.560.1.4"/>
               <id root="CCFA7C5B-F67F-4055-A274-71A0A8E16079"/>
               <code code="46240-8" displayName="Encounter list" codeSystem="2.16.840.1.113883.6.1"/>
               <sourceOf typeCode="COMP">
                  <encounter classCode="ENC" moodCode="EVN" isCriterionInd="true">
                     <code code="2.16.840.1.113883.3.67.1.101.1.53" displayName="ICU SNOMED-CT Code List"/>
                     <title>Encounter: ICU</title>
                  </encounter>
               </sourceOf>
            </act>
         </entry>
         <entry typeCode="DRIV">
            <act classCode="ACT" moodCode="EVN" isCriterionInd="true"><!-- intervention performed pattern -->
               <templateId root="2.16.840.1.113883.3.560.1.46"/>
               <id root="E0370222-D9FC-46E7-835F-0D560EB5A661"/>
               <code code="47519-4" displayName="Procedures" codeSystem="2.16.840.1.113883.6.1"/>
               <sourceOf typeCode="COMP">
                  <procedure classCode="PROC" moodCode="EVN" isCriterionInd="true">
                     <code code="2.16.840.1.113883.3.67.1.101.1.55" displayName="Hand Hygiene SNOMED-CT Code List"/>
                     <title>Intervention performed: Hand Hygiene</title>
                     <statusCode code="completed"/>
                  </procedure>
               </sourceOf>
            </act>
         </entry>
         <entry typeCode="DRIV">
            <act classCode="ACT" moodCode="EVN" isCriterionInd="true"><!-- intervention performed pattern -->
               <templateId root="2.16.840.1.113883.3.560.1.46"/>
               <id root="13C540B3-F409-47C9-B9BF-8FE11F341589"/>
               <code code="47519-4" displayName="Procedures" codeSystem="2.16.840.1.113883.6.1"/>
               <sourceOf typeCode="COMP">
                  <procedure classCode="PROC" moodCode="EVN" isCriterionInd="true">
                     <code code="2.16.840.1.113883.3.67.1.101.1.352" displayName="Assessment of Central Line Necessity SNOMED-CT Code List"/>
                     <title>Intervention performed: Assessment of Central Line Necessity</title>
                     <statusCode code="completed"/>
                  </procedure>
               </sourceOf>
            </act>
         </entry>
         <entry typeCode="DRIV">
            <act classCode="ACT" moodCode="EVN" isCriterionInd="true"><!-- procedure performed pattern -->
               <templateId root="2.16.840.1.113883.3.560.1.6"/>
               <id root="CF4D178B-A0FA-4A4A-B45D-F1475CAEBCA0"/>
               <code code="47519-4" displayName="Procedures" codeSystem="2.16.840.1.113883.6.1"/>
               <sourceOf typeCode="COMP">
                  <procedure classCode="PROC" moodCode="EVN" isCriterionInd="true">
                     <code code="2.16.840.1.113883.3.67.1.101.1.49" displayName="Central Line Insertion Code List GROUPING"/>
                     <title>Procedure performed: Central Line Insertion</title>
                  </procedure>
               </sourceOf>
            </act>
         </entry>
         <entry typeCode="DRIV">
            <act classCode="ACT" moodCode="EVN" isCriterionInd="true"><!-- procedure performed pattern -->
               <templateId root="2.16.840.1.113883.3.560.1.6"/>
               <id root="84A49D9C-CC21-4684-AB8B-EBF6981C21AD"/>
               <code code="47519-4" displayName="Procedures" codeSystem="2.16.840.1.113883.6.1"/>
               <sourceOf typeCode="COMP">
                  <procedure classCode="PROC" moodCode="EVN" isCriterionInd="true">
                     <code code="2.16.840.1.113883.3.67.1.101.1.232" displayName="Central Line Removal Code List GROUPING"/>
                     <title>Procedure performed: Central Line Removal</title>
                  </procedure>
               </sourceOf>
            </act>
         </entry>
      </section>
   </component>
   <component typeCode="COMP">
      <section>
         <title>Summary Calculation</title>
         <text>
            <content>Calculation is generic to all measures:</content>
            <list>
               <item>Calculate the final denominator by adding all that meet denominator criteria.</item>
               <item>Subtract from the final denominator all that do not meet numerator criteria yet also meet exclusion criteria.  Note some measures do not have exclusion criteria.</item>
               <item>The performance calculation is based on the "Measure scoring" from header information above:
					        	<list>
                     <item>For "Proportion" measures, the calculation is the number meeting numerator criteria divided by the final denominator.</item>
                     <item>For "Ratio" and "Continuous Variable" measures, follow the calculation instructions in the Data Aggregation header information above, if present.</item>
                  </list>
               </item>
               <item>For measures with multiple denominators, repeat this process for each denominator and report each result separately.</item>
               <item>For measures with multiple patient populations, repeat this process for each patient population and report each result separately.</item>
               <item>For measures with multiple numerators, calculate each numerator separately within each population using the paired exclusion.</item>
            </list>
         </text>
      </section>
   </component>
</QualityMeasureDocument>