<?xml version="1.0" encoding="UTF-8"?>
<?xml-stylesheet type="text/xsl" href="../xslt/eMeasure.xsl"?>
<QualityMeasureDocument xmlns:xsi="http://www.w3.org/2001/XMLSchema-instance" xmlns="urn:hl7-org:v3">
         
      <!--
         **************************************************************   
         Measure Header Section
         **************************************************************
      --><typeId root="2.16.840.1.113883.1.3" extension="POQM_HD000001"/>
   <id root="044C9BC2-F92C-42DF-82BD-4EB7FF537941"/>
   <code code="57024-2" codeSystem="2.16.840.1.113883.6.1" displayName="Health Quality Measure Document"/>
   <title>Nuclear Medicine: Correlation with Existing Imaging Studies for All Patients Undergoing Bone Scintigraphy (NQF 0511)</title>
   <text>Percentage of final reports for all patients, regardless of age, undergoing bone scintigraphy that include physician documentation of correlation with existing relevant imaging studies (eg, X-ray, MRI, CT) that were performed</text>
   <statusCode code="completed"/>
   <setId root="FA160B6C-F23C-4AF3-8FB8-3B0F11FB6216"/>
   <versionNumber value="1"/>
   <author typeCode="AUT">
      <assignedPerson classCode="ASSIGNED">
         <representedOrganization classCode="ORG" determinerCode="INSTANCE">
            <id root="2.16.840.1.113883.3.526"/>
            <name>American Medical Association - Physician Consortium for Performance Improvement</name>
            <contactParty classCode="CON" nullFlavor="UNK"/>
         </representedOrganization>
      </assignedPerson>
   </author>
   <custodian>
      <assignedPerson classCode="ASSIGNED">
         <representedOrganization classCode="ORG" determinerCode="INSTANCE">
            <id root="2.16.840.1.113883.3.526"/>
            <name>American Medical Association - Physician Consortium for Performance Improvement</name>
            <contactParty classCode="CON" nullFlavor="UNK"/>
         </representedOrganization>
      </assignedPerson>
   </custodian>
   <verifier typeCode="VRF">
      <assignedPerson classCode="ASSIGNED">
         <representedOrganization classCode="ORG" determinerCode="INSTANCE">
            <id root="2.16.840.1.113883.3.560"/>
            <name>National Quality Forum</name>
            <contactParty classCode="CON" nullFlavor="UNK"/>
         </representedOrganization>
      </assignedPerson>
   </verifier>
   <subjectOf>
      <measureAttribute>
         <code code="COPY" codeSystem="2.16.840.1.113883.5.4" displayName="Copyright"/>
         <value xsi:type="ED" mediaType="text/plain">© 2010 American Medical Association. All Rights Reserved</value>
      </measureAttribute>
   </subjectOf>
   <subjectOf>
      <measureAttribute>
         <code code="MSRSCORE" codeSystem="2.16.840.1.113883.5.4" displayName="Measure scoring"/>
         <value xsi:type="CD" code="PROPOR" codeSystem="2.16.840.1.113883.5.1063" displayName="Proportion"/>
      </measureAttribute>
   </subjectOf>
   <subjectOf>
      <measureAttribute>
         <code code="MSRTYPE" codeSystem="2.16.840.1.113883.5.4" displayName="Measure type"/>
         <value xsi:type="CD" code="PROCESS" codeSystem="2.16.840.1.113883.5.1063" displayName="Process"/>
      </measureAttribute>
   </subjectOf>
   <subjectOf>
      <measureAttribute>
         <code code="STRAT" codeSystem="2.16.840.1.113883.5.4" displayName="Stratification"/>
         <value xsi:type="ED" mediaType="text/plain">None</value>
      </measureAttribute>
   </subjectOf>
   <subjectOf>
      <measureAttribute>
         <code code="MSRADJ" codeSystem="2.16.840.1.113883.5.4" displayName="Risk Adjustment"/>
         <value xsi:type="ED" mediaType="text/plain">None</value>
      </measureAttribute>
   </subjectOf>
   <subjectOf>
      <measureAttribute>
         <code code="MSRAGG" codeSystem="2.16.840.1.113883.5.4" displayName="Data Aggregation"/>
         <value xsi:type="ED" mediaType="text/plain"/>
      </measureAttribute>
   </subjectOf>
   <subjectOf>
      <measureAttribute>
         <code code="RAT" codeSystem="2.16.840.1.113883.5.4" displayName="Rationale"/>
         <value xsi:type="ED" mediaType="text/plain">Radionuclide bone imaging plays an integral part in tumor staging and management; the majority of bone scans are performed in patients with a diagnosis of malignancy, especially carcinoma of the breast, prostate gland, and lung. This modality is extremely sensitive for detecting skeletal abnormalities, and numerous studies have confirmed that it is considerably more sensitive than conventional radiography for this purpose (American Society of Clinical Oncology, 2004). However, the specificity of bone scan abnormalities can be low since many other conditions may mimic tumor; therefore it is important that radionuclide bone scans are correlated with available, relevant imaging studies. Existing imaging studies that are available can help inform the diagnosis and treatment for the patient. Furthermore, correlation with existing radiographs is considered essential to insure that benign conditions are not interpreted as tumor. While there are no formal studies on variations in care in how often correlation with existing studies is not performed, there is significant anecdotal information from physicians practicing in the field that there is a gap in care and that correlation is not occurring frequently when images are available. Literature suggests that as many as 30% of Radiology reports contain errors, regardless of the imaging modality, Radiologist’s experience, or time spent in interpretation (Reiner et al, 2007) . Evidence has also suggested that Radiology reports are largely non-standardized and commonly incomplete, vague, untimely, and error-prone and may not serve the needs of referring physicians (Johnson et al, 2004). Therefore, it is imperative that existing imaging reports be correlated with the Nuclear Medicine bone scintigraphy procedure to ensure proper diagnosis and appropriate patient treatment.</value>
      </measureAttribute>
   </subjectOf>
   <subjectOf>
      <measureAttribute>
         <code code="CRS" codeSystem="2.16.840.1.113883.3.560" displayName="Clinical Recommendation Statement"/>
         <value xsi:type="ED" mediaType="text/plain">Bone scintigraphic abnormalities should be correlated with appropriate physical examination and imaging studies to ascertain that osseous or soft-tissue abnormalities, which might cause cord or other nerve compression or pathologic fracture in an extremity, are not present. (SNM, 2003).

Relevant radiographs and/or MR imaging of painful sites to exclude cord compression or severe lytic lesions which carry an increased risk of pathologic fracture, should be examined by the physician (SNM, 2003).</value>
      </measureAttribute>
   </subjectOf>
   <subjectOf>
      <measureAttribute>
         <code code="IDUR" codeSystem="2.16.840.1.113883.3.560" displayName="Improvement notation"/>
         <value xsi:type="ED" mediaType="text/plain">Higher score indicates better quality</value>
      </measureAttribute>
   </subjectOf>
   <subjectOf>
      <measureAttribute>
         <templateId root="2.16.840.1.113883.3.560.1.74"/>
         <id root="6A38B312-8710-4619-9999-A9479241C3A3"/>
         <code code="MSRTP" displayName="Measurement period" codeSystem="2.16.840.1.113883.3.560"/>
         <value xsi:type="EXPR_PQ" value="12" unit="m">
            <expression mediaType="text/plain">measureEndDate - measureStartDate</expression>
         </value>
      </measureAttribute>
   </subjectOf>
   <subjectOf>
      <localVariableName>measureStartDate</localVariableName>
      <measureAttribute>
         <templateId root="2.16.840.1.113883.3.560.1.75"/>
         <id root="035490B1-4426-4E79-AA5E-F1295EFDCE15"/>
         <code code="MSRSD" displayName="Measurement start date" codeSystem="2.16.840.1.113883.3.560"/>
         <value xsi:type="TS" value="00000101"/>
      </measureAttribute>
   </subjectOf>
   <subjectOf>
      <localVariableName>measureEndDate</localVariableName>
      <measureAttribute>
         <templateId root="2.16.840.1.113883.3.560.1.75"/>
         <id root="831B9B87-9F76-4BDF-BC43-27CDCAF15790"/>
         <code code="MSRED" displayName="Measurement end date" codeSystem="2.16.840.1.113883.3.560"/>
         <value xsi:type="TS" value="00001231"/>
      </measureAttribute>
   </subjectOf>
   <subjectOf>
      <measureAttribute>
         <code code="MSRMD" codeSystem="2.16.840.1.113883.3.560" displayName="Measurement duration"/>
         <value xsi:type="ED" mediaType="text/plain">12 month(s)</value>
      </measureAttribute>
   </subjectOf>
   <subjectOf>
      <measureAttribute>
         <code code="REF" codeSystem="2.16.840.1.113883.5.4" displayName="Reference"/>
         <value xsi:type="ED" mediaType="text/plain">Journal of Clinical Oncology. 22:2942-2953. 2004, American Society of Clinical Oncology.</value>
      </measureAttribute>
   </subjectOf>
   <subjectOf>
      <measureAttribute>
         <code code="REF" codeSystem="2.16.840.1.113883.5.4" displayName="Reference"/>
         <value xsi:type="ED" mediaType="text/plain">Reiner B, Knight N, Siegel E. Radiology Reporting, Past, Present, and Future: The Radiologist’s Perspective. J Am Coll Radiol 2007;4:313-319.</value>
      </measureAttribute>
   </subjectOf>
   <subjectOf>
      <measureAttribute>
         <code code="REF" codeSystem="2.16.840.1.113883.5.4" displayName="Reference"/>
         <value xsi:type="ED" mediaType="text/plain">Johnson AJ, Ying J, Swan JS, Williams LS, Applegate KE, Littenberg B. Improving the quality of radiology reporting: a physician survey to define the target. J Am Coll Radiol 2004;1:497-505.</value>
      </measureAttribute>
   </subjectOf>
   <subjectOf>
      <measureAttribute>
         <code code="REF" codeSystem="2.16.840.1.113883.5.4" displayName="Reference"/>
         <value xsi:type="ED" mediaType="text/plain">Donohoe KJ, Brown ML, Collier BD, Carretta RF, Henkin RE, Royal HD, O'Mara RE. Procedure guideline for bone scintigraphy, 3.0. Reston (VA): Society of Nuclear Medicine; 2003.</value>
      </measureAttribute>
   </subjectOf>
   <subjectOf>
      <measureAttribute>
         <code code="DEF" codeSystem="2.16.840.1.113883.3.560" displayName="Definition"/>
         <value xsi:type="ED" mediaType="text/plain">Relevant imaging studies are defined as studies that correspond to the same anatomical region in question.</value>
      </measureAttribute>
   </subjectOf>
   <subjectOf>
      <measureAttribute>
         <code code="GUIDE" codeSystem="2.16.840.1.113883.5.4" displayName="Guidance"/>
         <value xsi:type="ED" mediaType="text/plain">Eligible cases for this measure included every final report for bone scintigraphy studies performed during the measurement period.  Each final report for bone scintigraphy counts separately in the denominator.</value>
      </measureAttribute>
   </subjectOf>
   <componentOf>
      <qualityMeasureSet classCode="ACT">
         <id root="B1EB421F-C28C-453C-8DEE-7C6EFE318EB1"/>
         <title>CLINICAL QUALITY MEASURE SET 2011-2012</title>
      </qualityMeasureSet>
   </componentOf>
         
      <!--
         **************************************************************   
         Population Criteria Section
         **************************************************************
      --><component typeCode="COMP">
      <section>
         <code code="57026-7" codeSystem="2.16.840.1.113883.6.1" displayName="Population criteria"/>
         <title>Population criteria</title>
         <text>
            <list>
               <item>
                  <content styleCode="Bold">Initial Patient Population =</content>
                  <list>
                     <item>AND: "Diagnostic study result: Bone Scintigraphy (status: 'Final Report')" during "Measurement period"</item>
                  </list>
               </item>
               <item>
                  <content styleCode="Bold">Denominator =</content>
                  <list>
                     <item>AND: "Initial Patient Population"</item>
                  </list>
               </item>
               <item>
                  <content styleCode="Bold">Numerator =</content>
                  <list>
                     <item>AND: "Diagnostic study result: Bone Scintigraphy (status: 'Final Report', result value: 'Bone Scintigraphy Correlation')" during "Measurement period"</item>
                  </list>
               </item>
               <item>
                  <content styleCode="Bold">Exclusions =</content>
                  <list>
                     <item>OR: "Diagnostic study result not done: System reason" for "Bone Scintigraphy Code List GROUPING" during "Measurement period"</item>
                  </list>
               </item>
            </list>
         </text><!--
            **************************************************************   
            Population Criteria Section: population 
            **************************************************************
      -->
         <entry typeCode="DRIV">
            <observation classCode="OBS" moodCode="EVN.CRT" isCriterionInd="true">
               <id root="A172BE84-7722-4C4E-B249-7F98F7E8AB9F"/>
               <code code="ASSERTION" codeSystem="2.16.840.1.113883.5.4"/>
               <value xsi:type="CD" code="IPP" codeSystem="2.16.840.1.113883.5.1063" codeSystemName="HL7 Observation Value" displayName="Initial Patient Population"/><!--  top and/or -->
               <sourceOf typeCode="PRCN">
                  <conjunctionCode code="AND"/>
                  <act classCode="ACT" moodCode="EVN" isCriterionInd="true"><!-- diagnostic study result pattern -->
                     <templateId root="2.16.840.1.113883.3.560.1.11"/>
                     <id root="EA79E521-0640-4A9D-8BFB-D04F58CAA5D0"/>
                     <code code="30954-2" displayName="Results" codeSystem="2.16.840.1.113883.6.1"/>
                     <sourceOf typeCode="COMP">
                        <observation classCode="OBS" moodCode="EVN" isCriterionInd="true">
                           <code code="2.16.840.1.113883.3.526.03.782" displayName="Bone Scintigraphy Code List GROUPING"/>
                           <title>Diagnostic study result: Bone Scintigraphy (status: 'Final Report')</title>
                           <statusCode code="completed"/>
                           <sourceOf typeCode="REFR">
                              <observation classCode="OBS" moodCode="EVN" isCriterionInd="true">
                                 <code code="33999-4" codeSystem="2.16.840.1.113883.6.1" displayName="Status"/>
                                 <value xsi:type="CD" code="2.16.840.1.113883.3.526.02.796" displayName="Final Report"/>
                              </observation>
                           </sourceOf>
                           <sourceOf typeCode="DURING">
                              <observation classCode="OBS" moodCode="EVN">
                                 <id root="6A38B312-8710-4619-9999-A9479241C3A3"/>
                                 <title>Measurement period</title>
                              </observation>
                           </sourceOf>
                        </observation>
                     </sourceOf>
                  </act>
               </sourceOf>
            </observation>
         </entry><!--
            **************************************************************   
            Population Criteria Section: denominator 
            **************************************************************
      -->
         <entry typeCode="DRIV">
            <observation classCode="OBS" moodCode="EVN.CRT" isCriterionInd="true">
               <id root="FC55D484-4969-4C92-B8CE-ED5AF07D9486"/>
               <code code="ASSERTION" codeSystem="2.16.840.1.113883.5.4"/>
               <value xsi:type="CD" code="DENOM" codeSystem="2.16.840.1.113883.5.1063" codeSystemName="HL7 Observation Value" displayName="Denominator"/><!--  top and/or -->
               <sourceOf typeCode="PRCN">
                  <conjunctionCode code="AND"/>
                  <observation classCode="OBS" moodCode="EVN" isCriterionInd="true">
                     <id root="A172BE84-7722-4C4E-B249-7F98F7E8AB9F"/>
                     <title>Initial Patient Population</title>
                  </observation>
               </sourceOf>
            </observation>
         </entry><!--
            **************************************************************   
            Population Criteria Section: numerator 
            **************************************************************
      -->
         <entry typeCode="DRIV">
            <observation classCode="OBS" moodCode="EVN.CRT" isCriterionInd="true">
               <id root="6883E1A5-60F6-43BA-ACBE-9B9A99755372"/>
               <code code="ASSERTION" codeSystem="2.16.840.1.113883.5.4"/>
               <value xsi:type="CD" code="NUMER" codeSystem="2.16.840.1.113883.5.1063" codeSystemName="HL7 Observation Value" displayName="Numerator"/><!--  top and/or -->
               <sourceOf typeCode="PRCN">
                  <conjunctionCode code="AND"/>
                  <act classCode="ACT" moodCode="EVN" isCriterionInd="true"><!-- diagnostic study result pattern -->
                     <templateId root="2.16.840.1.113883.3.560.1.11"/>
                     <id root="EA79E521-0640-4A9D-8BFB-D04F58CAA5D0"/>
                     <code code="30954-2" displayName="Results" codeSystem="2.16.840.1.113883.6.1"/>
                     <sourceOf typeCode="COMP">
                        <observation classCode="OBS" moodCode="EVN" isCriterionInd="true">
                           <code code="2.16.840.1.113883.3.526.03.782" displayName="Bone Scintigraphy Code List GROUPING"/>
                           <title>Diagnostic study result: Bone Scintigraphy (status: 'Final Report', result value: 'Bone Scintigraphy Correlation')</title>
                           <statusCode code="completed"/>
                           <sourceOf typeCode="REFR">
                              <observation classCode="OBS" moodCode="EVN" isCriterionInd="true">
                                 <code code="33999-4" codeSystem="2.16.840.1.113883.6.1" displayName="Status"/>
                                 <value xsi:type="CD" code="2.16.840.1.113883.3.526.02.796" displayName="Final Report"/>
                              </observation>
                           </sourceOf>
                           <sourceOf typeCode="OUTC">
                              <observation classCode="OBS" moodCode="EVN" isCriterionInd="true">
                                 <code code="2.16.840.1.113883.3.526.02.790" displayName="Bone Scintigraphy Correlation"/>
                              </observation>
                           </sourceOf>
                           <sourceOf typeCode="DURING">
                              <observation classCode="OBS" moodCode="EVN">
                                 <id root="6A38B312-8710-4619-9999-A9479241C3A3"/>
                                 <title>Measurement period</title>
                              </observation>
                           </sourceOf>
                        </observation>
                     </sourceOf>
                  </act>
               </sourceOf>
            </observation>
         </entry><!--
            **************************************************************   
            Population Criteria Section: exceptions 
            **************************************************************
      -->
         <entry typeCode="DRIV">
            <observation classCode="OBS" moodCode="EVN.CRT" isCriterionInd="true">
               <id root="91635A77-0451-4A8A-AE4B-F803332A9A1B"/>
               <code code="ASSERTION" codeSystem="2.16.840.1.113883.5.4"/>
               <value xsi:type="CD" code="DENEXCEP" codeSystem="2.16.840.1.113883.5.1063" codeSystemName="HL7 Observation Value" displayName="Denominator Exception"/><!--  top and/or -->
               <sourceOf typeCode="PRCN">
                  <conjunctionCode code="OR"/>
                  <act classCode="ACT" moodCode="EVN" isCriterionInd="true" actionNegationInd="true"><!-- diagnostic study result pattern -->
                     <templateId root="2.16.840.1.113883.3.560.1.111"/>
                     <id root="EA79E521-0640-4A9D-8BFB-D04F58CAA5D0"/>
                     <code code="30954-2" displayName="Results" codeSystem="2.16.840.1.113883.6.1"/>
                     <sourceOf typeCode="COMP">
                        <observation classCode="OBS" moodCode="EVN" isCriterionInd="true">
                           <code code="2.16.840.1.113883.3.526.03.782" displayName="Bone Scintigraphy Code List GROUPING"/>
                           <title>Diagnostic study result not done: System reason</title>
                           <statusCode code="completed"/>
                           <sourceOf typeCode="RSON">
                              <observation classCode="OBS" moodCode="EVN" isCriterionInd="true">
                                 <code code="ASSERTION" codeSystem="2.16.840.1.113883.5.4"/>
                                 <value xsi:type="CD" code="2.16.840.1.113883.3.526.02.310" displayName="Bone Scintigraphy Code List GROUPING"/>
                              </observation>
                           </sourceOf>
                           <sourceOf typeCode="DURING">
                              <observation classCode="OBS" moodCode="EVN">
                                 <id root="6A38B312-8710-4619-9999-A9479241C3A3"/>
                                 <title>Measurement period</title>
                              </observation>
                           </sourceOf>
                        </observation>
                     </sourceOf>
                  </act>
               </sourceOf>
            </observation>
         </entry>
      </section>
   </component>
         
      <!--
         ******************************************   
         Data Criteria Section
         ******************************************
      --><component typeCode="COMP">
      <section>
         <code code="57025-9" codeSystem="2.16.840.1.113883.6.1" displayName="Data criteria (QDS Data Elements)"/>
         <title>Data criteria (QDS Data Elements)</title>
         <text>
            <list>
               <item>
                  <content>"Diagnostic study result: Bone Scintigraphy"</content> using "Bone Scintigraphy Code List GROUPING (2.16.840.1.113883.3.526.03.782)"</item>
               <item>
                  <content>"Diagnostic study result not done: System reason"</content> using "System reason HL7 Code List (2.16.840.1.113883.3.526.02.310)"</item>
               <item>
                  <content>Attribute: "Status: Final Report"</content> using "Final Report SNOMED-CT Code List  (2.16.840.1.113883.3.526.02.796)"</item>
               <item>
                  <content>Attribute: "Result value: Bone Scintigraphy Correlation"</content> using "Bone Scintigraphy Correlation SNOMED-CT Code List  (2.16.840.1.113883.3.526.02.790)"</item>
            </list>
         </text>
         <entry typeCode="DRIV">
            <act classCode="ACT" moodCode="EVN" isCriterionInd="true"><!-- diagnostic study result pattern -->
               <templateId root="2.16.840.1.113883.3.560.1.11"/>
               <id root="EA79E521-0640-4A9D-8BFB-D04F58CAA5D0"/>
               <code code="30954-2" displayName="Results" codeSystem="2.16.840.1.113883.6.1"/>
               <sourceOf typeCode="COMP">
                  <observation classCode="OBS" moodCode="EVN" isCriterionInd="true">
                     <code code="2.16.840.1.113883.3.526.03.782" displayName="Bone Scintigraphy Code List GROUPING"/>
                     <title>Diagnostic study result: Bone Scintigraphy</title>
                     <statusCode code="completed"/>
                  </observation>
               </sourceOf>
            </act>
         </entry>
         <entry typeCode="DRIV">
            <act classCode="ACT" moodCode="EVN" isCriterionInd="true"><!-- diagnostic study result not done pattern -->
               <templateId root="2.16.840.1.113883.3.560.1.111"/>
               <id root="1C4BBFA4-5561-46EC-B736-5AC57941E236"/>
               <code code="30954-2" displayName="Results" codeSystem="2.16.840.1.113883.6.1"/>
               <sourceOf typeCode="COMP">
                  <observation classCode="OBS" moodCode="EVN" isCriterionInd="true">
                     <code code="2.16.840.1.113883.3.526.02.310" displayName="System reason HL7 Code List"/>
                     <title>Diagnostic study result not done: System reason</title>
                     <statusCode code="completed"/>
                  </observation>
               </sourceOf>
            </act>
         </entry>
      </section>
   </component>
   <component typeCode="COMP">
      <section>
         <title>Summary Calculation</title>
         <text>
            <content>Calculation is generic to all measures:</content>
            <list>
               <item>Calculate the final denominator by adding all that meet denominator criteria.</item>
               <item>Subtract from the final denominator all that do not meet numerator criteria yet also meet exclusion criteria.  Note some measures do not have exclusion criteria.</item>
               <item>The performance calculation is based on the "Measure scoring" from header information above:
					        	<list>
                     <item>For "Proportion" measures, the calculation is the number meeting numerator criteria divided by the final denominator.</item>
                     <item>For "Ratio" and "Continuous Variable" measures, follow the calculation instructions in the Data Aggregation header information above, if present.</item>
                  </list>
               </item>
               <item>For measures with multiple denominators, repeat this process for each denominator and report each result separately.</item>
               <item>For measures with multiple patient populations, repeat this process for each patient population and report each result separately.</item>
               <item>For measures with multiple numerators, calculate each numerator separately within each population using the paired exclusion.</item>
            </list>
         </text>
      </section>
   </component>
</QualityMeasureDocument>