<?xml version="1.0" encoding="UTF-8"?>
<kmm:kmMetadataList xsi:schemaLocation="org.opencds.km.metadata.v1_0 ..\schema\OmgDssKmMetadata.xsd" xmlns:xsi="http://www.w3.org/2001/XMLSchema-instance" xmlns:kmm="org.opencds.km.metadata.v1_0">
<!-- 	As of 2012-02-23 there is a new parameter in the knowledge module-->
<!-- 	configuration named: "knowledgeModulePrimaryProcessName".  This parameter -->
<!-- 	must be set with the name of the primary process whenever a compiled knowledge -->
<!-- 	module (with a file extension of ".pkg") includes BPMN content.  It may -->
<!-- 	also be set for BPMN files that are not compiled into packages (file  -->
<!-- 	extensions of ".bpmn") if they don't use the OpenCDS default name of -->
<!-- 	"PrimaryProcess". -->
	<kmMetadata>
		<identifier scopingEntityId="org.opencds" businessId="NQF_0031_v1" version="1.0.0"/><!--org.opencds^NQF_0031_v1^1.0.0-->
		<!--<stewardOrganization>
			<id root="org.opencds" extension="" />
		</stewardOrganization>-->
		<!--<creationDate>2011-09-17T00:00:00Z</creationDate>-->
		<!--<lastReviewDate>2011-09-17T00:00:00Z</lastReviewDate>-->
		<!--<authorList>
			<author><name><part type="GIV" value="Kensaku"></part><part type="FAM" value="Kawamoto"></part></name></author>
		</authorList>-->
		<!--<freeTextKeywordList language="en">
			<freeTextKeyword>NQF</freeTextKeyword>
			<freeTextKeyword>NQF 0031</freeTextKeyword>
		</freeTextKeywordList>-->
		<!--<codedValueKeywordList language="en"/>-->
		<purpose language="en">Implementation of NQF 0031 rules version 1, for Breast Cancer Screening</purpose>
		<explanation language="en">String</explanation>
		<executionEngine>org.opencds.client.drools.DroolsDecisionEngine53DSSEvaluationAdapter</executionEngine>
		<dataModel>org.opencds.vmr^VMR^1.0</dataModel>
		<knowledgeModulePrimaryProcessName/>
		<!--<inputDataRequirements>text</inputDataRequirements>-->
		<!--<outputDataRequirements>String</outputDataRequirements>-->
		<!--<supportedLanguage>en</supportedLanguage>-->
	</kmMetadata>
	<kmMetadata>
		<identifier scopingEntityId="org.opencds" businessId="NQF_0032_v1" version="1.0.0"/><!--org.opencds^NQF_0031_v1^1.0.0-->
		<purpose language="en">Implementation of NQF 0032 rules version 1, for Cervical Cancer Screening</purpose>
		<explanation language="en">String</explanation>
		<executionEngine>org.opencds.client.drools.DroolsDecisionEngine53DSSEvaluationAdapter</executionEngine>
		<dataModel>org.opencds.vmr^VMR^1.0</dataModel>
	</kmMetadata>
	<kmMetadata>
		<identifier scopingEntityId="org.opencds" businessId="bounce" version="1.5.3"/>
		<purpose language="en">Bounces all the input back as output under Drools 5.3</purpose>
		<explanation language="en">String</explanation>
		<executionEngine>org.opencds.client.drools.DroolsDecisionEngine53DSSEvaluationAdapter</executionEngine>
		<dataModel>org.opencds.vmr^VMR^1.0</dataModel>
	</kmMetadata>
<!-- 	<kmMetadata> -->
<!-- 		<identifier scopingEntityId="org.opencds" businessId="flow" version="1.0.0"/> -->
<!-- 		<purpose language="en">Drools flow</purpose> -->
<!-- 		<explanation language="en">String</explanation> -->
<!-- 		<executionEngine>org.opencds.client.drools.DroolsDecisionEngine53DSSEvaluationAdapter</executionEngine> -->
<!-- 		<dataModel>org.opencds.vmr^VMR^1.0</dataModel> -->
<!-- 	</kmMetadata> -->
	<kmMetadata>
		<identifier scopingEntityId="org.opencds" businessId="Reportable_Disease" version="1.0.0"/>
		<purpose language="en">Evaluate lab data for reporting to the state</purpose>
		<explanation language="en">String</explanation>
		<executionEngine>org.opencds.client.drools.DroolsDecisionEngine53DSSEvaluationAdapter</executionEngine>
		<dataModel>org.opencds.vmr^VMR^1.0</dataModel>
		<knowledgeModulePrimaryProcessName>PrimaryProcess</knowledgeModulePrimaryProcessName>
	</kmMetadata>
	<kmMetadata>
		<identifier scopingEntityId="org.opencds" businessId="Reportable_Disease" version="2.0.0"/>
		<purpose language="en">Evaluate lab data for reporting to the state using custom Java inferencing engine</purpose>
		<explanation language="en">String</explanation>
		<executionEngine>org.opencds.client.java.ReportableDiseaseDSSInferencingEngine</executionEngine>
		<dataModel>org.opencds.vmr^VMR^1.0</dataModel>
	</kmMetadata>
</kmm:kmMetadataList>
