<?xml version="1.0" encoding="UTF-8"?>
<!--Sample XML file generated by XMLSpy v2011 rel. 3 sp1 (x64) (http://www.altova.com)-->
<ss:semanticSignifierList 
		xsi:schemaLocation="org.opencds.semanticsignifier.v1_0 ../schema/OmgDssSemanticSignifiers.xsd" 
		xmlns:xsi="http://www.w3.org/2001/XMLSchema-instance" 
		xmlns:ss="org.opencds.semanticsignifier.v1_0">
	<semanticSignifier>
		<dataModel>org.opencds.vmr^VMR^1.0</dataModel>
		<id businessId="VMR" version="1.0" scopingEntityId="org.opencds.vmr"/>
		<unmarshalClass>org.opencds.vmr.v1_0.mappings.in.UnmarshalVMRSchemaPayload2VMR</unmarshalClass>
		<marshalClass>org.opencds.vmr.v1_0.mappings.out.MarshalVMR2VMRSchemaPayload</marshalClass>
		<purpose language=""></purpose>
		<explanation language=""></explanation>
	</semanticSignifier>
	<semanticSignifier>
		<dataModel>org.opencds.vmr^VMR^alpha</dataModel>
		<id businessId="VMR" version="alpha" scopingEntityId="org.opencds.vmr"/>
		<unmarshalClass>org.opencds.vmr.alpha.mappings.in.UnmarshalVMRSchemaPayload2VMR</unmarshalClass>
		<marshalClass>org.opencds.vmr.alpha.mappings.out.MarshalVMR2VMRSchemaPayload</marshalClass>
		<purpose language=""></purpose>
		<explanation language=""></explanation>
	</semanticSignifier>
</ss:semanticSignifierList>
