<?xml version="1.0" encoding="UTF-8"?>
     <SupportedOpenCdsConceptsConfigFile>
          <supportedConceptsForType>
               <openCdsConceptType>conceptDeterminationMethod</openCdsConceptType>
               <supportedOpenCdsConcept>
                    <openCdsConcept code="C265" displayName="UUHC"></openCdsConcept>
               </supportedOpenCdsConcept>
               <supportedOpenCdsConcept>
                    <openCdsConcept code="C45" displayName="NQF"></openCdsConcept>
               </supportedOpenCdsConcept>
               <supportedOpenCdsConcept>
                    <openCdsConcept code="C74" displayName="Reportable Disease"></openCdsConcept>
               </supportedOpenCdsConcept>
               <supportedOpenCdsConcept>
                    <openCdsConcept code="C266" displayName="IMHC"></openCdsConcept>
               </supportedOpenCdsConcept>
               <supportedOpenCdsConcept>
                    <openCdsConcept code="C267" displayName="AHRQ"></openCdsConcept>
               </supportedOpenCdsConcept>
               <supportedOpenCdsConcept>
                    <openCdsConcept code="C36" displayName="OpenCDS"></openCdsConcept>
               </supportedOpenCdsConcept>
               <supportedOpenCdsConcept>
                    <openCdsConcept code="C263" displayName="HEDIS 2011"></openCdsConcept>
               </supportedOpenCdsConcept>
               <supportedOpenCdsConcept>
                    <openCdsConcept code="C264" displayName="HEDIS 2012"></openCdsConcept>
               </supportedOpenCdsConcept>
          </supportedConceptsForType>
          <supportedConceptsForType>
               <openCdsConceptType>gender</openCdsConceptType>
               <supportedOpenCdsConcept>
                    <openCdsConcept code="C31" displayName="Female"></openCdsConcept>
               </supportedOpenCdsConcept>
               <supportedOpenCdsConcept>
                    <openCdsConcept code="C30" displayName="Male"></openCdsConcept>
               </supportedOpenCdsConcept>
          </supportedConceptsForType>
          <supportedConceptsForType>
               <openCdsConceptType>encounterType</openCdsConceptType>
               <supportedOpenCdsConcept>
                    <openCdsConcept code="C44" displayName="Outpatient encounter"></openCdsConcept>
               </supportedOpenCdsConcept>
               <supportedOpenCdsConcept>
                    <openCdsConcept code="C238" displayName="Inpatient Encounter"></openCdsConcept>
               </supportedOpenCdsConcept>
               <supportedOpenCdsConcept>
                    <openCdsConcept code="C239" displayName="Emergency Department Encounter"></openCdsConcept>
               </supportedOpenCdsConcept>
               <supportedOpenCdsConcept>
                    <openCdsConcept code="C61" displayName="Obstetrics and gynecology encounter"></openCdsConcept>
               </supportedOpenCdsConcept>
          </supportedConceptsForType>
          <supportedConceptsForType>
               <openCdsConceptType>observationFocus</openCdsConceptType>
               <supportedOpenCdsConcept>
                    <openCdsConcept code="C76" displayName="Reportable Chlamydia Disease"></openCdsConcept>
               </supportedOpenCdsConcept>
               <supportedOpenCdsConcept>
                    <openCdsConcept code="C80" displayName="Chlamydia and Gonorrhea Test"></openCdsConcept>
               </supportedOpenCdsConcept>
               <supportedOpenCdsConcept>
                    <openCdsConcept code="C82" displayName="Strep Pneumo Test"></openCdsConcept>
               </supportedOpenCdsConcept>
               <supportedOpenCdsConcept>
                    <openCdsConcept code="C78" displayName="Reportable Disease or Condition"></openCdsConcept>
               </supportedOpenCdsConcept>
               <supportedOpenCdsConcept>
                    <openCdsConcept code="C86" displayName="Reportable Influenza Disease"></openCdsConcept>
               </supportedOpenCdsConcept>
               <supportedOpenCdsConcept>
                    <openCdsConcept code="C271" displayName="Salmonella Test for Organism"></openCdsConcept>
               </supportedOpenCdsConcept>
               <supportedOpenCdsConcept>
                    <openCdsConcept code="C64" displayName="Valid Immunizations"></openCdsConcept>
               </supportedOpenCdsConcept>
               <supportedOpenCdsConcept>
                    <openCdsConcept code="C262" displayName="Influenza Test Pos/Neg"></openCdsConcept>
               </supportedOpenCdsConcept>
               <supportedOpenCdsConcept>
                    <openCdsConcept code="C84" displayName="Reportable Salmonella Disease"></openCdsConcept>
               </supportedOpenCdsConcept>
               <supportedOpenCdsConcept>
                    <openCdsConcept code="C53" displayName="Quality measure"></openCdsConcept>
               </supportedOpenCdsConcept>
               <supportedOpenCdsConcept>
                    <openCdsConcept code="C55" displayName="Num and denom criteria met"></openCdsConcept>
               </supportedOpenCdsConcept>
               <supportedOpenCdsConcept>
                    <openCdsConcept code="C273" displayName="Strep Pneumo Test for Organism"></openCdsConcept>
               </supportedOpenCdsConcept>
               <supportedOpenCdsConcept>
                    <openCdsConcept code="C270" displayName="Chlamydia Test Pos/Neg"></openCdsConcept>
               </supportedOpenCdsConcept>
               <supportedOpenCdsConcept>
                    <openCdsConcept code="C59" displayName="Papanicolaou smear"></openCdsConcept>
               </supportedOpenCdsConcept>
               <supportedOpenCdsConcept>
                    <openCdsConcept code="C83" displayName="Influenza Test"></openCdsConcept>
               </supportedOpenCdsConcept>
               <supportedOpenCdsConcept>
                    <openCdsConcept code="C81" displayName="Salmonella Test"></openCdsConcept>
               </supportedOpenCdsConcept>
               <supportedOpenCdsConcept>
                    <openCdsConcept code="C79" displayName="Chlamydia Test"></openCdsConcept>
               </supportedOpenCdsConcept>
               <supportedOpenCdsConcept>
                    <openCdsConcept code="C269" displayName="Chlamydia Test for Organism"></openCdsConcept>
               </supportedOpenCdsConcept>
               <supportedOpenCdsConcept>
                    <openCdsConcept code="C65" displayName="Invalid Immunizations"></openCdsConcept>
               </supportedOpenCdsConcept>
               <supportedOpenCdsConcept>
                    <openCdsConcept code="C272" displayName="Salmonella Test Pos/Neg"></openCdsConcept>
               </supportedOpenCdsConcept>
               <supportedOpenCdsConcept>
                    <openCdsConcept code="C261" displayName="Influenza Test for Organism"></openCdsConcept>
               </supportedOpenCdsConcept>
               <supportedOpenCdsConcept>
                    <openCdsConcept code="C85" displayName="Reportable Strep Pneumo Disease"></openCdsConcept>
               </supportedOpenCdsConcept>
               <supportedOpenCdsConcept>
                    <openCdsConcept code="C54" displayName="Denominator criteria met"></openCdsConcept>
               </supportedOpenCdsConcept>
               <supportedOpenCdsConcept>
                    <openCdsConcept code="C241" displayName="Respiratory Sample"></openCdsConcept>
               </supportedOpenCdsConcept>
               <supportedOpenCdsConcept>
                    <openCdsConcept code="C274" displayName="Strep Pneumo Test Pos/Neg"></openCdsConcept>
               </supportedOpenCdsConcept>
               <supportedOpenCdsConcept>
                    <openCdsConcept code="C75" displayName="Microbiology Lab Result"></openCdsConcept>
               </supportedOpenCdsConcept>
               <supportedOpenCdsConcept>
                    <openCdsConcept code="C258" displayName="Chlamydia Species"></openCdsConcept>
               </supportedOpenCdsConcept>
               <supportedOpenCdsConcept>
                    <openCdsConcept code="C260" displayName="Salmonella Species"></openCdsConcept>
               </supportedOpenCdsConcept>
               <supportedOpenCdsConcept>
                    <openCdsConcept code="C257" displayName="Influenza Species"></openCdsConcept>
               </supportedOpenCdsConcept>
               <supportedOpenCdsConcept>
                    <openCdsConcept code="C259" displayName="Strep Pneumo Species"></openCdsConcept>
               </supportedOpenCdsConcept>
          </supportedConceptsForType>
          <supportedConceptsForType>
               <openCdsConceptType>observationMethod</openCdsConceptType>
               <supportedOpenCdsConcept>
                    <openCdsConcept code="C249" displayName="DFA Lab Method"></openCdsConcept>
               </supportedOpenCdsConcept>
               <supportedOpenCdsConcept>
                    <openCdsConcept code="C252" displayName="DNA present by Probe and target amplification Lab Method"></openCdsConcept>
               </supportedOpenCdsConcept>
               <supportedOpenCdsConcept>
                    <openCdsConcept code="C251" displayName="Ag identified (ord results) Lab Method"></openCdsConcept>
               </supportedOpenCdsConcept>
               <supportedOpenCdsConcept>
                    <openCdsConcept code="C244" displayName="Ag Present by IF Lab Method"></openCdsConcept>
               </supportedOpenCdsConcept>
               <supportedOpenCdsConcept>
                    <openCdsConcept code="C250" displayName="Organism Specific Culture (nom) Lab Method"></openCdsConcept>
               </supportedOpenCdsConcept>
               <supportedOpenCdsConcept>
                    <openCdsConcept code="C246" displayName="Culture (nom) Lab Method"></openCdsConcept>
               </supportedOpenCdsConcept>
               <supportedOpenCdsConcept>
                    <openCdsConcept code="C253" displayName="Organism Specific Culture (ord) Lab Method"></openCdsConcept>
               </supportedOpenCdsConcept>
               <supportedOpenCdsConcept>
                    <openCdsConcept code="C254" displayName="Ag present by EIA Lab Method"></openCdsConcept>
               </supportedOpenCdsConcept>
               <supportedOpenCdsConcept>
                    <openCdsConcept code="C248" displayName="PCR (nom) Lab Method"></openCdsConcept>
               </supportedOpenCdsConcept>
               <supportedOpenCdsConcept>
                    <openCdsConcept code="C247" displayName="PCR (ord) Lab Method"></openCdsConcept>
               </supportedOpenCdsConcept>
          </supportedConceptsForType>
          <supportedConceptsForType>
               <openCdsConceptType>observationCodedValue</openCdsConceptType>
               <supportedOpenCdsConcept>
                    <openCdsConcept code="C91" displayName="Result Value Missing"></openCdsConcept>
               </supportedOpenCdsConcept>
               <supportedOpenCdsConcept>
                    <openCdsConcept code="C258" displayName="Chlamydia Species"></openCdsConcept>
               </supportedOpenCdsConcept>
               <supportedOpenCdsConcept>
                    <openCdsConcept code="C260" displayName="Salmonella Species"></openCdsConcept>
               </supportedOpenCdsConcept>
               <supportedOpenCdsConcept>
                    <openCdsConcept code="C257" displayName="Influenza Species"></openCdsConcept>
               </supportedOpenCdsConcept>
               <supportedOpenCdsConcept>
                    <openCdsConcept code="C259" displayName="Strep Pneumo Species"></openCdsConcept>
               </supportedOpenCdsConcept>
               <supportedOpenCdsConcept>
                    <openCdsConcept code="C90" displayName="Result Error or Indeterminate"></openCdsConcept>
               </supportedOpenCdsConcept>
               <supportedOpenCdsConcept>
                    <openCdsConcept code="C87" displayName="Result Positive"></openCdsConcept>
               </supportedOpenCdsConcept>
               <supportedOpenCdsConcept>
                    <openCdsConcept code="C73" displayName="NQF - 0032, v1"></openCdsConcept>
               </supportedOpenCdsConcept>
               <supportedOpenCdsConcept>
                    <openCdsConcept code="C72" displayName="NQF - 0031, v1"></openCdsConcept>
               </supportedOpenCdsConcept>
               <supportedOpenCdsConcept>
                    <openCdsConcept code="C92" displayName="Test Missing"></openCdsConcept>
               </supportedOpenCdsConcept>
               <supportedOpenCdsConcept>
                    <openCdsConcept code="C88" displayName="Result Negative"></openCdsConcept>
               </supportedOpenCdsConcept>
          </supportedConceptsForType>
          <supportedConceptsForType>
               <openCdsConceptType>observationInterpretation</openCdsConceptType>
               <supportedOpenCdsConcept>
                    <openCdsConcept code="C242" displayName="Micro-organism Identified"></openCdsConcept>
               </supportedOpenCdsConcept>
               <supportedOpenCdsConcept>
                    <openCdsConcept code="C243" displayName="Present"></openCdsConcept>
               </supportedOpenCdsConcept>
               <supportedOpenCdsConcept>
                    <openCdsConcept code="C96" displayName="Initial"></openCdsConcept>
               </supportedOpenCdsConcept>
               <supportedOpenCdsConcept>
                    <openCdsConcept code="C94" displayName="Negative"></openCdsConcept>
               </supportedOpenCdsConcept>
               <supportedOpenCdsConcept>
                    <openCdsConcept code="C95" displayName="Final"></openCdsConcept>
               </supportedOpenCdsConcept>
               <supportedOpenCdsConcept>
                    <openCdsConcept code="C93" displayName="Positive"></openCdsConcept>
               </supportedOpenCdsConcept>
          </supportedConceptsForType>
          <supportedConceptsForType>
               <openCdsConceptType>observationTargetBodySite</openCdsConceptType>
               <supportedOpenCdsConcept>
                    <openCdsConcept code="C241" displayName="Respiratory Sample"></openCdsConcept>
               </supportedOpenCdsConcept>
               <supportedOpenCdsConcept>
                    <openCdsConcept code="C268" displayName="Serum"></openCdsConcept>
               </supportedOpenCdsConcept>
               <supportedOpenCdsConcept>
                    <openCdsConcept code="C256" displayName="Any Body Site"></openCdsConcept>
               </supportedOpenCdsConcept>
               <supportedOpenCdsConcept>
                    <openCdsConcept code="C255" displayName="Unspecified Body Site"></openCdsConcept>
               </supportedOpenCdsConcept>
          </supportedConceptsForType>
          <supportedConceptsForType>
               <openCdsConceptType>problem</openCdsConceptType>
               <supportedOpenCdsConcept>
                    <openCdsConcept code="C39" displayName="Asthma"></openCdsConcept>
               </supportedOpenCdsConcept>
               <supportedOpenCdsConcept>
                    <openCdsConcept code="C42" displayName="Chronic obstructive lung disease"></openCdsConcept>
               </supportedOpenCdsConcept>
               <supportedOpenCdsConcept>
                    <openCdsConcept code="C38" displayName="Diabetes mellitus"></openCdsConcept>
               </supportedOpenCdsConcept>
          </supportedConceptsForType>
          <supportedConceptsForType>
               <openCdsConceptType>procedure</openCdsConceptType>
               <supportedOpenCdsConcept>
                    <openCdsConcept code="C48" displayName="Breast cancer screening"></openCdsConcept>
               </supportedOpenCdsConcept>
               <supportedOpenCdsConcept>
                    <openCdsConcept code="C46" displayName="Bilateral mastectomy"></openCdsConcept>
               </supportedOpenCdsConcept>
               <supportedOpenCdsConcept>
                    <openCdsConcept code="C47" displayName="Unilateral mastectomy"></openCdsConcept>
               </supportedOpenCdsConcept>
               <supportedOpenCdsConcept>
                    <openCdsConcept code="C49" displayName="Mastectomy"></openCdsConcept>
               </supportedOpenCdsConcept>
               <supportedOpenCdsConcept>
                    <openCdsConcept code="C60" displayName="Hysterectomy"></openCdsConcept>
               </supportedOpenCdsConcept>
          </supportedConceptsForType>
          <supportedConceptsForType>
               <openCdsConceptType>immunization</openCdsConceptType>
               <supportedOpenCdsConcept>
                    <openCdsConcept code="C63" displayName="Human Papilloma Virus vaccine"></openCdsConcept>
               </supportedOpenCdsConcept>
          </supportedConceptsForType>
     </SupportedOpenCdsConceptsConfigFile>
