<?xml version="1.0" encoding="UTF-8"?>
<?xml-stylesheet type="text/xsl" href="HQMFreader.xsl"?>
<QualityMeasureDocument xmlns:xsi="http://www.w3.org/2001/XMLSchema-instance" xmlns="urn:hl7-org:v3">
         
      <!--
         **************************************************************   
         Measure Header Section
         **************************************************************
      --><typeId root="2.16.840.1.113883.1.3" extension="POQM_HD000001"/>
   <id root="7675E1C0-E7A9-4823-9BB4-BDBD4DE2D873"/>
   <code code="57024-2" codeSystem="2.16.840.1.113883.6.1" displayName="Health Quality Measure Document"/>
   <title>Asthma Pharmacologic Therapy (NQF 0047)</title>
   <text>Percentage of patients aged 5 through 40 years with a diagnosis of mild, moderate, or severe persistent asthma who were prescribed either the preferred long-term control medication (inhaled corticosteroid) or an acceptable alternative treatment
			
		</text>
   <statusCode code="completed"/>
   <setId root="37E4DA43-A450-454C-B408-E7B580830933"/>
   <versionNumber value="1"/>
   <author typeCode="AUT">
      <assignedPerson classCode="ASSIGNED">
         <representedOrganization classCode="ORG" determinerCode="INSTANCE">
            <id root="2.16.840.1.113883.3.526"/>
            <name>American Medical Association - Physician Consortium for Performance Improvement</name>
            <contactParty classCode="CON" nullFlavor="UNK"/>
         </representedOrganization>
      </assignedPerson>
   </author>
   <custodian>
      <assignedPerson classCode="ASSIGNED">
         <representedOrganization classCode="ORG" determinerCode="INSTANCE">
            <id root="2.16.840.1.113883.3.526"/>
            <name>American Medical Association - Physician Consortium for Performance Improvement</name>
            <contactParty classCode="CON" nullFlavor="UNK"/>
         </representedOrganization>
      </assignedPerson>
   </custodian>
   <verifier typeCode="VRF">
      <assignedPerson classCode="ASSIGNED">
         <representedOrganization classCode="ORG" determinerCode="INSTANCE">
            <id root="2.16.840.1.113883.3.560"/>
            <name>National Quality Forum</name>
            <contactParty classCode="CON" nullFlavor="UNK"/>
         </representedOrganization>
      </assignedPerson>
   </verifier>
   <subjectOf>
      <measureAttribute>
         <code code="COPY" codeSystem="2.16.840.1.113883.5.4" displayName="Copyright"/>
         <value xsi:type="ED" mediaType="text/plain">© 2010 American Medical Association.  All Rights Reserved</value>
      </measureAttribute>
   </subjectOf>
   <subjectOf>
      <measureAttribute>
         <code code="MSRSCORE" codeSystem="2.16.840.1.113883.5.4" displayName="Measure scoring"/>
         <value xsi:type="CD" code="PROPOR" codeSystem="2.16.840.1.113883.5.1063" displayName="Proportion"/>
      </measureAttribute>
   </subjectOf>
   <subjectOf>
      <measureAttribute>
         <code code="MSRTYPE" codeSystem="2.16.840.1.113883.5.4" displayName="Measure type"/>
         <value xsi:type="CD" code="PROCESS" codeSystem="2.16.840.1.113883.5.1063" displayName="Process"/>
      </measureAttribute>
   </subjectOf>
   <subjectOf>
      <measureAttribute>
         <code code="STRAT" codeSystem="2.16.840.1.113883.5.4" displayName="Stratification"/>
         <value xsi:type="ED" mediaType="text/plain">None</value>
      </measureAttribute>
   </subjectOf>
   <subjectOf>
      <measureAttribute>
         <code code="MSRADJ" codeSystem="2.16.840.1.113883.5.4" displayName="Risk Adjustment"/>
         <value xsi:type="ED" mediaType="text/plain">None</value>
      </measureAttribute>
   </subjectOf>
   <subjectOf>
      <measureAttribute>
         <code code="MSRAGG" codeSystem="2.16.840.1.113883.5.4" displayName="Data Aggregation"/>
         <value xsi:type="ED" mediaType="text/plain"/>
      </measureAttribute>
   </subjectOf>
   <subjectOf>
      <measureAttribute>
         <code code="RAT" codeSystem="2.16.840.1.113883.5.4" displayName="Rationale"/>
         <value xsi:type="ED" mediaType="text/plain">Although current guidelines recommend inhaled corticosteroids as the preferred pharmacological treatment for persistent asthma, other long-term control medications are acceptable alternatives. Long Acting-inhaled Beta2 Agonists (LABA) are recommended in combination with Inhaled Corticosteroids.</value>
      </measureAttribute>
   </subjectOf>
   <subjectOf>
      <measureAttribute>
         <code code="CRS" codeSystem="2.16.840.1.113883.3.560" displayName="Clinical Recommendation Statement"/>
         <value xsi:type="ED" mediaType="text/plain">A stepwise approach to therapy is recommended to maintain long-term control: 
Step 1: Mild Intermittent Asthma
• No daily medication needed
Step 2: Mild Persistent Asthma
• Preferred treatment: Low-dose inhaled corticosteroids (ICS)
• Alternative treatment: Cromolyn, leukotriene modifier, nedocromil, OR sustained-release theophylline
Step 3: Moderate Persistent Asthma
• Preferred treatment: Low-medium dose ICS + long-acting inhaled beta2-agonists (LABA)
• Alternative treatment: Increase medium-dose ICS OR low-medium dose ICS and either leukotriene modifier or theophylline
(If needed, may increase ICS within medium-dose range in either treatment)
Step 4: Severe Persistent Asthma
• Preferred treatment: High-dose ICS + LABA AND, if needed, corticosteroid tablets or syrup long-term
Studies comparing ICS to cromolyn, nedocromil, theophylline, or leukotriene receptor antagonists are limited, but available evidence shows that none of these long-term control medications appear to be as effective as ICS in improving asthma outcomes.
For quick relief for all patients, a short-acting bronchodilator is recommended as needed for symptoms. (NAEPP/NHLBI)</value>
      </measureAttribute>
   </subjectOf>
   <subjectOf>
      <measureAttribute>
         <code code="IDUR" codeSystem="2.16.840.1.113883.3.560" displayName="Improvement notation"/>
         <value xsi:type="ED" mediaType="text/plain">Higher score indicates better quality</value>
      </measureAttribute>
   </subjectOf>
   <subjectOf>
      <measureAttribute>
         <templateId root="2.16.840.1.113883.3.560.1.74"/>
         <id root="27EAD0BB-5ED4-42AB-813E-E4A1C1F27BFA"/>
         <code code="MSRTP" displayName="Measurement period" codeSystem="2.16.840.1.113883.3.560"/>
         <value xsi:type="EXPR_PQ" value="12" unit="m">
            <expression mediaType="text/plain">measureEndDate - measureStartDate</expression>
         </value>
      </measureAttribute>
   </subjectOf>
   <subjectOf>
      <localVariableName>measureStartDate</localVariableName>
      <measureAttribute>
         <templateId root="2.16.840.1.113883.3.560.1.75"/>
         <id root="B0C9A4BD-4D99-4D1B-B204-281D04BC8BF7"/>
         <code code="MSRSD" displayName="Measurement start date" codeSystem="2.16.840.1.113883.3.560"/>
         <value xsi:type="TS" value="00000101"/>
      </measureAttribute>
   </subjectOf>
   <subjectOf>
      <localVariableName>measureEndDate</localVariableName>
      <measureAttribute>
         <templateId root="2.16.840.1.113883.3.560.1.75"/>
         <id root="262C016D-63C5-48A1-A9AC-243CA500F701"/>
         <code code="MSRED" displayName="Measurement end date" codeSystem="2.16.840.1.113883.3.560"/>
         <value xsi:type="TS" value="00001231"/>
      </measureAttribute>
   </subjectOf>
   <subjectOf>
      <measureAttribute>
         <code code="MSRMD" codeSystem="2.16.840.1.113883.3.560" displayName="Measurement duration"/>
         <value xsi:type="ED" mediaType="text/plain">12 month(s)</value>
      </measureAttribute>
   </subjectOf>
   <subjectOf>
      <measureAttribute>
         <code code="REF" codeSystem="2.16.840.1.113883.5.4" displayName="Reference"/>
         <value xsi:type="ED" mediaType="text/plain">National Asthma Education and Prevention Program Expert Panel Report 2: Guidelines for the diagnosis and management of asthma. National Heart, Lung, and Blood Institute, National Institutes of Health; July 1997. NIH Publication No. 97-4051. Available at: http://www.nhlbi.nih.gov/guidelines/asthma/asthgdln.htm. Accessed August 2002.</value>
      </measureAttribute>
   </subjectOf>
   <subjectOf>
      <measureAttribute>
         <code code="REF" codeSystem="2.16.840.1.113883.5.4" displayName="Reference"/>
         <value xsi:type="ED" mediaType="text/plain">National Asthma Education and Prevention Program Expert Panel Report 2 Update: Guidelines for the diagnosis and management of asthma – update on selected topics 2002. National Heart, Lung, and Blood Institute, National Institutes of Health; August 2002. NIH Publication No. 97-4051. Available at: http://www.nhlbi.nih.gov/guidelines/asthma/asthsumm.htm. Accessed September 2002.</value>
      </measureAttribute>
   </subjectOf>
   <subjectOf>
      <measureAttribute>
         <code code="DEF" codeSystem="2.16.840.1.113883.3.560" displayName="Definition"/>
         <value xsi:type="ED" mediaType="text/plain" nullFlavor="NI"/>
      </measureAttribute>
   </subjectOf>
   <subjectOf>
      <measureAttribute>
         <code code="GUIDE" codeSystem="2.16.840.1.113883.5.4" displayName="Guidance"/>
         <value xsi:type="ED" mediaType="text/plain"/>
      </measureAttribute>
   </subjectOf>
   <componentOf>
      <qualityMeasureSet classCode="ACT">
         <id root="B1EB421F-C28C-453C-8DEE-7C6EFE318EB1"/>
         <title>CLINICAL QUALITY MEASURE SET 2011-2012</title>
      </qualityMeasureSet>
   </componentOf>
         
      <!--
         **************************************************************   
         Population Criteria Section
         **************************************************************
      --><component typeCode="COMP">
      <section>
         <code code="57026-7" codeSystem="2.16.840.1.113883.6.1" displayName="Population criteria"/>
         <title>Population criteria</title>
         <text>
            <list>
               <item>
                  <content styleCode="Bold">Initial Patient Population =</content>
                  <list>
                     <item>AND: "Patient characteristic: birth date"  &gt;= 5 year(s) and &lt;= 40 year(s) starts before start of "Measurement period"</item>
                     <item>AND: <list>
                           <item>OR: "Diagnosis active: Asthma (severity: 'persistent')"</item>
                           <item>OR: "Diagnosis active: Asthma Persistent"</item>
                           <item> starts before or during  ("Encounter: Encounter Office &amp; Outpatient Consult" during "Measurement period")</item>
                        </list>
                     </item>
                     <item>AND:  &gt;= 2 count(s) of<list>
                           <item>AND: "Encounter: Encounter Office &amp; Outpatient Consult" during "Measurement period"</item>
                        </list>
                     </item>
                  </list>
               </item>
               <item>
                  <content styleCode="Bold">Denominator =</content>
                  <list>
                     <item>AND: "Initial Patient Population"</item>
                  </list>
               </item>
               <item>
                  <content styleCode="Bold">Numerator =</content>
                  <list>
                     <item>AND: <list>
                           <item>OR: "Medication active: Corticosteroid, Inhaled or Alternative Asthma Medication"</item>
                           <item>OR: "Medication ordered: Corticosteroid, Inhaled or Alternative Asthma Medication"</item>
                           <item> during "Measurement period"</item>
                        </list>
                     </item>
                  </list>
               </item>
               <item>
                  <content styleCode="Bold">Exclusions =</content>
                  <list>
                     <item>OR: <list>
                           <item>OR: "Medication active not done: patient reason" for "Corticosteroid, Inhaled or Alternative Asthma Medication RxNorm Code List"</item>
                           <item>OR: "Medication ordered not done: patient reason" for "Corticosteroid, Inhaled or Alternative Asthma Medication RxNorm Code List"</item>
                           <item> during "Measurement period"</item>
                        </list>
                     </item>
                     <item>OR: <list>
                           <item>OR: "Medication allergy: Corticosteroid, Inhaled or Alternative Asthma Medication"</item>
                           <item>OR: "Medication adverse effects: Corticosteroid, Inhaled or Alternative Asthma Medication"</item>
                           <item>OR: "Medication intolerance: Corticosteroid, Inhaled or Alternative Asthma Medication"</item>
                           <item> starts before or during  ("Encounter: Encounter Office &amp; Outpatient Consult" during "Measurement period")</item>
                        </list>
                     </item>
                  </list>
               </item>
            </list>
         </text><!--
            **************************************************************   
            Population Criteria Section: exceptions 
            **************************************************************
      -->
         <entry typeCode="DRIV">
            <observation classCode="OBS" moodCode="EVN.CRT" isCriterionInd="true">
               <id root="4050ce89-1879-4dbf-a27f-1debfc5aafe5"/>
               <code code="ASSERTION" codeSystem="2.16.840.1.113883.5.4"/>
               <value xsi:type="CD" code="DENEXCEP" codeSystem="2.16.840.1.113883.5.1063" codeSystemName="HL7 Observation Value" displayName="Denominator Exception"/><!--  top and/or -->
               <sourceOf typeCode="PRCN">
                  <conjunctionCode code="OR"/>
                  <act classCode="ACT" moodCode="EVN" isCriterionInd="true">
                     <sourceOf typeCode="PRCN">
                        <conjunctionCode code="OR"/>
                        <act classCode="ACT" moodCode="EVN" isCriterionInd="true" actionNegationInd="true"><!-- medication active pattern -->
                           <templateId root="2.16.840.1.113883.3.560.1.113"/>
                           <id root="592E2132-1732-44FA-9D4E-EB05F55822F8"/>
                           <code code="10160-0" displayName="Medications" codeSystem="2.16.840.1.113883.6.1"/>
                           <sourceOf typeCode="COMP">
                              <substanceAdministration classCode="SBADM" moodCode="EVN" isCriterionInd="true">
                                 <title>Medication active not done: patient reason</title>
                                 <participant typeCode="CSM">
                                    <roleParticipant classCode="MANU">
                                       <playingMaterial classCode="MMAT" determinerCode="KIND">
                                          <code code="2.16.840.1.113883.3.526.02.144" displayName="Corticosteroid, Inhaled or Alternative Asthma Medication RxNorm Code List"/>
                                       </playingMaterial>
                                    </roleParticipant>
                                 </participant>
                                 <sourceOf typeCode="REFR">
                                    <observation classCode="OBS" moodCode="EVN" isCriterionInd="true">
                                       <code code="33999-4" displayName="Status" codeSystem="2.16.840.1.113883.6.1"/>
                                       <value xsi:type="CD" code="55561003" displayName="Active" codeSystem="2.16.840.1.113883.6.96"/>
                                    </observation>
                                 </sourceOf>
                                 <sourceOf typeCode="RSON">
                                    <observation classCode="OBS" moodCode="EVN" isCriterionInd="true">
                                       <code code="ASSERTION" codeSystem="2.16.840.1.113883.5.4"/>
                                       <value xsi:type="CD" code="2.16.840.1.113883.3.526.03.364" displayName="Corticosteroid, Inhaled or Alternative Asthma Medication RxNorm Code List"/>
                                    </observation>
                                 </sourceOf>
                              </substanceAdministration>
                           </sourceOf>
                        </act>
                     </sourceOf>
                     <sourceOf typeCode="PRCN">
                        <conjunctionCode code="OR"/>
                        <act classCode="ACT" moodCode="EVN" isCriterionInd="true" actionNegationInd="true"><!-- medication ordered pattern -->
                           <templateId root="2.16.840.1.113883.3.560.1.78"/>
                           <id root="C2BA2B53-7FD1-4684-89D2-B0B23CC83F1D"/>
                           <code code="10160-0" displayName="Medications" codeSystem="2.16.840.1.113883.6.1"/>
                           <sourceOf typeCode="COMP">
                              <substanceAdministration classCode="SBADM" moodCode="RQO" isCriterionInd="true">
                                 <title>Medication ordered not done: patient reason</title>
                                 <participant typeCode="CSM">
                                    <roleParticipant classCode="MANU">
                                       <playingMaterial classCode="MMAT" determinerCode="KIND">
                                          <code code="2.16.840.1.113883.3.526.02.144" displayName="Corticosteroid, Inhaled or Alternative Asthma Medication RxNorm Code List"/>
                                       </playingMaterial>
                                    </roleParticipant>
                                 </participant>
                                 <sourceOf typeCode="RSON">
                                    <observation classCode="OBS" moodCode="EVN" isCriterionInd="true">
                                       <code code="ASSERTION" codeSystem="2.16.840.1.113883.5.4"/>
                                       <value xsi:type="CD" code="2.16.840.1.113883.3.526.03.364" displayName="Corticosteroid, Inhaled or Alternative Asthma Medication RxNorm Code List"/>
                                    </observation>
                                 </sourceOf>
                              </substanceAdministration>
                           </sourceOf>
                        </act>
                     </sourceOf>
                     <sourceOf typeCode="DURING">
                        <observation classCode="OBS" moodCode="EVN" isCriterionInd="true">
                           <id root="27EAD0BB-5ED4-42AB-813E-E4A1C1F27BFA"/>
                           <title>Measurement period</title>
                        </observation>
                     </sourceOf>
                  </act>
               </sourceOf>
               <sourceOf typeCode="PRCN">
                  <conjunctionCode code="OR"/>
                  <act classCode="ACT" moodCode="EVN" isCriterionInd="true">
                     <sourceOf typeCode="PRCN">
                        <conjunctionCode code="OR"/>
                        <act classCode="ACT" moodCode="EVN" isCriterionInd="true"><!-- medication allergy pattern -->
                           <templateId root="2.16.840.1.113883.3.560.1.1"/>
                           <id root="5B2C5E34-F4B7-4C8E-BDCA-19BCBF98434C"/>
                           <code code="48765-2" displayName="Allergies, adverse reactions, alerts" codeSystem="2.16.840.1.113883.6.1"/>
                           <sourceOf typeCode="COMP">
                              <observation classCode="OBS" moodCode="EVN" isCriterionInd="true">
                                 <code code="416098002" codeSystem="2.16.840.1.113883.6.96" displayName="Drug allergy"/>
                                 <title>Medication allergy: Corticosteroid, Inhaled or Alternative Asthma Medication</title>
                                 <participant typeCode="CSM">
                                    <roleParticipant classCode="MANU">
                                       <playingMaterial classCode="MMAT" determinerCode="KIND">
                                          <code code="2.16.840.1.113883.3.526.02.144" displayName="Corticosteroid, Inhaled or Alternative Asthma Medication RxNorm Code List"/>
                                       </playingMaterial>
                                    </roleParticipant>
                                 </participant>
                              </observation>
                           </sourceOf>
                        </act>
                     </sourceOf>
                     <sourceOf typeCode="PRCN">
                        <conjunctionCode code="OR"/>
                        <act classCode="ACT" moodCode="EVN" isCriterionInd="true"><!-- medication adverse effects pattern -->
                           <templateId root="2.16.840.1.113883.3.560.1.7"/>
                           <id root="BBC9ACDC-2E8E-4517-AE08-6AC027935C84"/>
                           <code code="48765-2" displayName="Allergies, adverse reactions, alerts" codeSystem="2.16.840.1.113883.6.1"/>
                           <sourceOf typeCode="COMP">
                              <observation classCode="OBS" moodCode="EVN" isCriterionInd="true">
                                 <code code="419511003" codeSystem="2.16.840.1.113883.6.96" displayName="Drug adverse effect"/>
                                 <title>Medication adverse effects: Corticosteroid, Inhaled or Alternative Asthma Medication</title>
                                 <participant typeCode="CSM">
                                    <roleParticipant classCode="MANU">
                                       <playingMaterial classCode="MMAT" determinerCode="KIND">
                                          <code code="2.16.840.1.113883.3.526.02.144" displayName="Corticosteroid, Inhaled or Alternative Asthma Medication RxNorm Code List"/>
                                       </playingMaterial>
                                    </roleParticipant>
                                 </participant>
                              </observation>
                           </sourceOf>
                        </act>
                     </sourceOf>
                     <sourceOf typeCode="PRCN">
                        <conjunctionCode code="OR"/>
                        <act classCode="ACT" moodCode="EVN" isCriterionInd="true"><!-- medication intolerance pattern -->
                           <templateId root="2.16.840.1.113883.3.560.1.15"/>
                           <id root="35CEE847-8B2D-4FAD-ACF8-791E7A3F8C4D"/>
                           <code code="48765-2" displayName="Allergies, adverse reactions, alerts" codeSystem="2.16.840.1.113883.6.1"/>
                           <sourceOf typeCode="COMP">
                              <observation classCode="OBS" moodCode="EVN" isCriterionInd="true">
                                 <code code="59037007" codeSystem="2.16.840.1.113883.6.96" displayName="Drug intolerance"/>
                                 <title>Medication intolerance: Corticosteroid, Inhaled or Alternative Asthma Medication</title>
                                 <participant typeCode="CSM">
                                    <roleParticipant classCode="MANU">
                                       <playingMaterial classCode="MMAT" determinerCode="KIND">
                                          <code code="2.16.840.1.113883.3.526.02.144" displayName="Corticosteroid, Inhaled or Alternative Asthma Medication RxNorm Code List"/>
                                       </playingMaterial>
                                    </roleParticipant>
                                 </participant>
                              </observation>
                           </sourceOf>
                        </act>
                     </sourceOf>
                     <sourceOf typeCode="EAS" inversionInd="true">
                        <act classCode="ACT" moodCode="EVN" isCriterionInd="true"><!-- encounter pattern -->
                           <templateId root="2.16.840.1.113883.3.560.1.4"/>
                           <id root="37D9F577-8C58-4BF8-849C-55161440CD6A"/>
                           <code code="46240-8" displayName="Encounter list" codeSystem="2.16.840.1.113883.6.1"/>
                           <sourceOf typeCode="COMP">
                              <encounter classCode="ENC" moodCode="EVN" isCriterionInd="true">
                                 <code code="2.16.840.1.113883.3.526.02.99" displayName="Encounter Office &amp; Outpatient Consult CPT Code List"/>
                                 <title>Encounter: Encounter Office &amp; Outpatient Consult</title>
                                 <sourceOf typeCode="DURING">
                                    <observation classCode="OBS" moodCode="EVN">
                                       <id root="27EAD0BB-5ED4-42AB-813E-E4A1C1F27BFA"/>
                                       <title>Measurement period</title>
                                    </observation>
                                 </sourceOf>
                              </encounter>
                           </sourceOf>
                        </act>
                     </sourceOf>
                  </act>
               </sourceOf>
            </observation>
         </entry><!--
            **************************************************************   
            Population Criteria Section: numerator 
            **************************************************************
      -->
         <entry typeCode="DRIV">
            <observation classCode="OBS" moodCode="EVN.CRT" isCriterionInd="true">
               <id root="38e57463-df23-4af6-99cf-331a1d607ce8"/>
               <code code="ASSERTION" codeSystem="2.16.840.1.113883.5.4"/>
               <value xsi:type="CD" code="NUMER" codeSystem="2.16.840.1.113883.5.1063" codeSystemName="HL7 Observation Value" displayName="Numerator"/><!--  top and/or -->
               <sourceOf typeCode="PRCN">
                  <conjunctionCode code="AND"/>
                  <act classCode="ACT" moodCode="EVN" isCriterionInd="true">
                     <sourceOf typeCode="PRCN">
                        <conjunctionCode code="OR"/>
                        <act classCode="ACT" moodCode="EVN" isCriterionInd="true"><!-- medication active pattern -->
                           <templateId root="2.16.840.1.113883.3.560.1.13"/>
                           <id root="592E2132-1732-44FA-9D4E-EB05F55822F8"/>
                           <code code="10160-0" displayName="Medications" codeSystem="2.16.840.1.113883.6.1"/>
                           <sourceOf typeCode="COMP">
                              <substanceAdministration classCode="SBADM" moodCode="EVN" isCriterionInd="true">
                                 <title>Medication active: Corticosteroid, Inhaled or Alternative Asthma Medication</title>
                                 <participant typeCode="CSM">
                                    <roleParticipant classCode="MANU">
                                       <playingMaterial classCode="MMAT" determinerCode="KIND">
                                          <code code="2.16.840.1.113883.3.526.02.144" displayName="Corticosteroid, Inhaled or Alternative Asthma Medication RxNorm Code List"/>
                                       </playingMaterial>
                                    </roleParticipant>
                                 </participant>
                                 <sourceOf typeCode="REFR">
                                    <observation classCode="OBS" moodCode="EVN" isCriterionInd="true">
                                       <code code="33999-4" displayName="Status" codeSystem="2.16.840.1.113883.6.1"/>
                                       <value xsi:type="CD" code="55561003" displayName="Active" codeSystem="2.16.840.1.113883.6.96"/>
                                    </observation>
                                 </sourceOf>
                              </substanceAdministration>
                           </sourceOf>
                        </act>
                     </sourceOf>
                     <sourceOf typeCode="PRCN">
                        <conjunctionCode code="OR"/>
                        <act classCode="ACT" moodCode="EVN" isCriterionInd="true"><!-- medication ordered pattern -->
                           <templateId root="2.16.840.1.113883.3.560.1.17"/>
                           <id root="C2BA2B53-7FD1-4684-89D2-B0B23CC83F1D"/>
                           <code code="10160-0" displayName="Medications" codeSystem="2.16.840.1.113883.6.1"/>
                           <sourceOf typeCode="COMP">
                              <substanceAdministration classCode="SBADM" moodCode="RQO" isCriterionInd="true">
                                 <title>Medication ordered: Corticosteroid, Inhaled or Alternative Asthma Medication</title>
                                 <participant typeCode="CSM">
                                    <roleParticipant classCode="MANU">
                                       <playingMaterial classCode="MMAT" determinerCode="KIND">
                                          <code code="2.16.840.1.113883.3.526.02.144" displayName="Corticosteroid, Inhaled or Alternative Asthma Medication RxNorm Code List"/>
                                       </playingMaterial>
                                    </roleParticipant>
                                 </participant>
                              </substanceAdministration>
                           </sourceOf>
                        </act>
                     </sourceOf>
                     <sourceOf typeCode="DURING">
                        <observation classCode="OBS" moodCode="EVN" isCriterionInd="true">
                           <id root="27EAD0BB-5ED4-42AB-813E-E4A1C1F27BFA"/>
                           <title>Measurement period</title>
                        </observation>
                     </sourceOf>
                  </act>
               </sourceOf>
            </observation>
         </entry><!--
            **************************************************************   
            Population Criteria Section: denominator 
            **************************************************************
      -->
         <entry typeCode="DRIV">
            <observation classCode="OBS" moodCode="EVN.CRT" isCriterionInd="true">
               <id root="03F9C0E9-8F67-4022-A261-74F6A0C49000"/>
               <code code="ASSERTION" codeSystem="2.16.840.1.113883.5.4"/>
               <value xsi:type="CD" code="DENOM" codeSystem="2.16.840.1.113883.5.1063" codeSystemName="HL7 Observation Value" displayName="Denominator"/><!--  top and/or -->
               <sourceOf typeCode="PRCN">
                  <conjunctionCode code="AND"/>
                  <observation classCode="OBS" moodCode="EVN" isCriterionInd="true">
                     <id root="c8cfdfda-8409-4e04-9d31-0326ac3430cb"/>
                     <title>Initial Patient Population</title>
                  </observation>
               </sourceOf>
            </observation>
         </entry><!--
            **************************************************************   
            Population Criteria Section: population 
            **************************************************************
      -->
         <entry typeCode="DRIV">
            <observation classCode="OBS" moodCode="EVN.CRT" isCriterionInd="true">
               <id root="c8cfdfda-8409-4e04-9d31-0326ac3430cb"/>
               <code code="ASSERTION" codeSystem="2.16.840.1.113883.5.4"/>
               <value xsi:type="CD" code="IPP" codeSystem="2.16.840.1.113883.5.1063" codeSystemName="HL7 Observation Value" displayName="Initial Patient Population"/><!--  top and/or -->
               <sourceOf typeCode="PRCN">
                  <conjunctionCode code="AND"/>
                  <act classCode="ACT" moodCode="EVN" isCriterionInd="true"><!-- patient characteristic pattern -->
                     <templateId root="2.16.840.1.113883.3.560.1.25"/>
                     <id root="9A63B496-6CAD-445C-AFDC-835F27BECB48"/>
                     <code code="45970-1" displayName="Demographics" codeSystem="2.16.840.1.113883.6.1"/>
                     <sourceOf typeCode="COMP">
                        <observation classCode="OBS" moodCode="EVN" isCriterionInd="true">
                           <code code="2.16.840.1.113883.3.526.02.8" displayName="birth date HL7 Code List"/>
                           <title>Patient characteristic: birth date</title>
                           <sourceOf typeCode="SBS">
                              <pauseQuantity xsi:type="IVL_PQ">
                                 <low value="5" unit="a" inclusive="true"/>
                                 <high value="40" unit="a" inclusive="true"/>
                              </pauseQuantity>
                              <observation classCode="OBS" moodCode="EVN">
                                 <id root="27EAD0BB-5ED4-42AB-813E-E4A1C1F27BFA"/>
                                 <title>Measurement period</title>
                              </observation>
                           </sourceOf>
                        </observation>
                     </sourceOf>
                  </act>
               </sourceOf>
               <sourceOf typeCode="PRCN">
                  <conjunctionCode code="AND"/>
                  <act classCode="ACT" moodCode="EVN" isCriterionInd="true">
                     <sourceOf typeCode="PRCN">
                        <conjunctionCode code="OR"/>
                        <act classCode="ACT" moodCode="EVN" isCriterionInd="true"><!-- diagnosis active pattern -->
                           <templateId root="2.16.840.1.113883.3.560.1.2"/>
                           <id root="448627DE-C965-45D6-9C1F-E9A445E96786"/>
                           <code code="11450-4" displayName="Problem" codeSystem="2.16.840.1.113883.6.1"/>
                           <sourceOf typeCode="COMP">
                              <observation classCode="OBS" moodCode="EVN" isCriterionInd="true">
                                 <code code="55607006" codeSystem="2.16.840.1.113883.6.96" displayName="Problem"/>
                                 <title>Diagnosis active: Asthma (severity: 'persistent')</title>
                                 <value xsi:type="CD" code="2.16.840.1.113883.3.526.02.59" displayName="Asthma ICD-9-CM Code List"/>
                                 <sourceOf typeCode="REFR">
                                    <observation classCode="OBS" moodCode="EVN" isCriterionInd="true">
                                       <code code="33999-4" codeSystem="2.16.840.1.113883.6.1" displayName="Status"/>
                                       <value xsi:type="CD" code="55561003" displayName="active" codeSystem="2.16.840.1.113883.6.96"/>
                                    </observation>
                                 </sourceOf>
                                 <sourceOf typeCode="SUBJ">
                                    <observation classCode="OBS" moodCode="EVN" isCriterionInd="true">
                                       <code code="SEV" codeSystem="2.16.840.1.113883.5.4" displayName="Severity observation"/>
                                       <value xsi:type="CD" code="2.16.840.1.113883.3.526.03.8201" displayName="persistent"/>
                                    </observation>
                                 </sourceOf>
                              </observation>
                           </sourceOf>
                        </act>
                     </sourceOf>
                     <sourceOf typeCode="PRCN">
                        <conjunctionCode code="OR"/>
                        <act classCode="ACT" moodCode="EVN" isCriterionInd="true"><!-- diagnosis active pattern -->
                           <templateId root="2.16.840.1.113883.3.560.1.2"/>
                           <id root="F3E43EC6-B2A7-4960-9A01-D6151B64C52B"/>
                           <code code="11450-4" displayName="Problem" codeSystem="2.16.840.1.113883.6.1"/>
                           <sourceOf typeCode="COMP">
                              <observation classCode="OBS" moodCode="EVN" isCriterionInd="true">
                                 <code code="55607006" codeSystem="2.16.840.1.113883.6.96" displayName="Problem"/>
                                 <title>Diagnosis active: Asthma Persistent</title>
                                 <value xsi:type="CD" code="2.16.840.1.113883.3.526.03.363" displayName="Asthma Persistent Code List GROUPING"/>
                                 <sourceOf typeCode="REFR">
                                    <observation classCode="OBS" moodCode="EVN" isCriterionInd="true">
                                       <code code="33999-4" codeSystem="2.16.840.1.113883.6.1" displayName="Status"/>
                                       <value xsi:type="CD" code="55561003" displayName="active" codeSystem="2.16.840.1.113883.6.96"/>
                                    </observation>
                                 </sourceOf>
                              </observation>
                           </sourceOf>
                        </act>
                     </sourceOf>
                     <sourceOf typeCode="EAS" inversionInd="true">
                        <act classCode="ACT" moodCode="EVN" isCriterionInd="true"><!-- encounter pattern -->
                           <templateId root="2.16.840.1.113883.3.560.1.4"/>
                           <id root="37D9F577-8C58-4BF8-849C-55161440CD6A"/>
                           <code code="46240-8" displayName="Encounter list" codeSystem="2.16.840.1.113883.6.1"/>
                           <sourceOf typeCode="COMP">
                              <encounter classCode="ENC" moodCode="EVN" isCriterionInd="true">
                                 <code code="2.16.840.1.113883.3.526.02.99" displayName="Encounter Office &amp; Outpatient Consult CPT Code List"/>
                                 <title>Encounter: Encounter Office &amp; Outpatient Consult</title>
                                 <sourceOf typeCode="DURING">
                                    <observation classCode="OBS" moodCode="EVN">
                                       <id root="27EAD0BB-5ED4-42AB-813E-E4A1C1F27BFA"/>
                                       <title>Measurement period</title>
                                    </observation>
                                 </sourceOf>
                              </encounter>
                           </sourceOf>
                        </act>
                     </sourceOf>
                  </act>
               </sourceOf>
               <sourceOf typeCode="PRCN">
                  <conjunctionCode code="AND"/>
                  <act classCode="ACT" moodCode="EVN" isCriterionInd="true">
                     <repeatNumber>
                        <low value="2" inclusive="true"/>
                     </repeatNumber>
                     <sourceOf typeCode="PRCN">
                        <conjunctionCode code="AND"/>
                        <act classCode="ACT" moodCode="EVN" isCriterionInd="true"><!-- encounter pattern -->
                           <templateId root="2.16.840.1.113883.3.560.1.4"/>
                           <id root="37D9F577-8C58-4BF8-849C-55161440CD6A"/>
                           <code code="46240-8" displayName="Encounter list" codeSystem="2.16.840.1.113883.6.1"/>
                           <sourceOf typeCode="COMP">
                              <encounter classCode="ENC" moodCode="EVN" isCriterionInd="true">
                                 <code code="2.16.840.1.113883.3.526.02.99" displayName="Encounter Office &amp; Outpatient Consult CPT Code List"/>
                                 <title>Encounter: Encounter Office &amp; Outpatient Consult</title>
                                 <sourceOf typeCode="DURING">
                                    <observation classCode="OBS" moodCode="EVN">
                                       <id root="27EAD0BB-5ED4-42AB-813E-E4A1C1F27BFA"/>
                                       <title>Measurement period</title>
                                    </observation>
                                 </sourceOf>
                              </encounter>
                           </sourceOf>
                        </act>
                     </sourceOf>
                  </act>
               </sourceOf>
            </observation>
         </entry>
      </section>
   </component>
         
      <!--
         ******************************************   
         Data Criteria Section
         ******************************************
      --><component typeCode="COMP">
      <section>
         <code code="57025-9" codeSystem="2.16.840.1.113883.6.1" displayName="Data criteria (QDS Data Elements)"/>
         <title>Data criteria (QDS Data Elements)</title>
         <text>
            <list>
               <item>
                  <content>"Diagnosis active: Asthma"</content> using "Asthma ICD-9-CM Code List (2.16.840.1.113883.3.526.02.59)"</item>
               <item>
                  <content>"Diagnosis active: Asthma Persistent"</content> using "Asthma Persistent Code List GROUPING (2.16.840.1.113883.3.526.03.363)"</item>
               <item>
                  <content>"Encounter: Encounter Office &amp; Outpatient Consult"</content> using "Encounter Office &amp; Outpatient Consult CPT Code List (2.16.840.1.113883.3.526.02.99)"</item>
               <item>
                  <content>"Medication active: Corticosteroid, Inhaled or Alternative Asthma Medication"</content> using "Corticosteroid, Inhaled or Alternative Asthma Medication RxNorm Code List (2.16.840.1.113883.3.526.02.144)"</item>
               <item>
                  <content>"Medication active not done: patient reason"</content> using "patient reason Code List GROUPING (2.16.840.1.113883.3.526.03.364)"</item>
               <item>
                  <content>"Medication adverse effects: Corticosteroid, Inhaled or Alternative Asthma Medication"</content> using "Corticosteroid, Inhaled or Alternative Asthma Medication RxNorm Code List (2.16.840.1.113883.3.526.02.144)"</item>
               <item>
                  <content>"Medication allergy: Corticosteroid, Inhaled or Alternative Asthma Medication"</content> using "Corticosteroid, Inhaled or Alternative Asthma Medication RxNorm Code List (2.16.840.1.113883.3.526.02.144)"</item>
               <item>
                  <content>"Medication intolerance: Corticosteroid, Inhaled or Alternative Asthma Medication"</content> using "Corticosteroid, Inhaled or Alternative Asthma Medication RxNorm Code List (2.16.840.1.113883.3.526.02.144)"</item>
               <item>
                  <content>"Medication ordered: Corticosteroid, Inhaled or Alternative Asthma Medication"</content> using "Corticosteroid, Inhaled or Alternative Asthma Medication RxNorm Code List (2.16.840.1.113883.3.526.02.144)"</item>
               <item>
                  <content>"Medication ordered not done: patient reason"</content> using "patient reason Code List GROUPING (2.16.840.1.113883.3.526.03.364)"</item>
               <item>
                  <content>"Patient characteristic: birth date" (age)</content> using "birth date HL7 Code List (2.16.840.1.113883.3.526.02.8)"</item>
               <item>
                  <content>Attribute: "Severity: Persistent"</content> using "Persistent SNOMED-CT Code List  (2.16.840.1.113883.3.526.03.8201)"</item>
            </list>
         </text>
         <entry typeCode="DRIV">
            <act classCode="ACT" moodCode="EVN" isCriterionInd="true"><!-- diagnosis active pattern -->
               <templateId root="2.16.840.1.113883.3.560.1.2"/>
               <id root="448627DE-C965-45D6-9C1F-E9A445E96786"/>
               <code code="11450-4" displayName="Problem" codeSystem="2.16.840.1.113883.6.1"/>
               <sourceOf typeCode="COMP">
                  <observation classCode="OBS" moodCode="EVN" isCriterionInd="true">
                     <code code="55607006" codeSystem="2.16.840.1.113883.6.96" displayName="Problem"/>
                     <title>Diagnosis active: Asthma</title>
                     <value xsi:type="CD" code="2.16.840.1.113883.3.526.02.59" displayName="Asthma ICD-9-CM Code List"/>
                     <sourceOf typeCode="REFR">
                        <observation classCode="OBS" moodCode="EVN" isCriterionInd="true">
                           <code code="33999-4" codeSystem="2.16.840.1.113883.6.1" displayName="Status"/>
                           <value xsi:type="CD" code="55561003" displayName="active" codeSystem="2.16.840.1.113883.6.96"/>
                        </observation>
                     </sourceOf>
                  </observation>
               </sourceOf>
            </act>
         </entry>
         <entry typeCode="DRIV">
            <act classCode="ACT" moodCode="EVN" isCriterionInd="true"><!-- diagnosis active pattern -->
               <templateId root="2.16.840.1.113883.3.560.1.2"/>
               <id root="F3E43EC6-B2A7-4960-9A01-D6151B64C52B"/>
               <code code="11450-4" displayName="Problem" codeSystem="2.16.840.1.113883.6.1"/>
               <sourceOf typeCode="COMP">
                  <observation classCode="OBS" moodCode="EVN" isCriterionInd="true">
                     <code code="55607006" codeSystem="2.16.840.1.113883.6.96" displayName="Problem"/>
                     <title>Diagnosis active: Asthma Persistent</title>
                     <value xsi:type="CD" code="2.16.840.1.113883.3.526.03.363" displayName="Asthma Persistent Code List GROUPING"/>
                     <sourceOf typeCode="REFR">
                        <observation classCode="OBS" moodCode="EVN" isCriterionInd="true">
                           <code code="33999-4" codeSystem="2.16.840.1.113883.6.1" displayName="Status"/>
                           <value xsi:type="CD" code="55561003" displayName="active" codeSystem="2.16.840.1.113883.6.96"/>
                        </observation>
                     </sourceOf>
                  </observation>
               </sourceOf>
            </act>
         </entry>
         <entry typeCode="DRIV">
            <act classCode="ACT" moodCode="EVN" isCriterionInd="true"><!-- patient characteristic pattern -->
               <templateId root="2.16.840.1.113883.3.560.1.25"/>
               <id root="9A63B496-6CAD-445C-AFDC-835F27BECB48"/>
               <code code="45970-1" displayName="Demographics" codeSystem="2.16.840.1.113883.6.1"/>
               <sourceOf typeCode="COMP">
                  <observation classCode="OBS" moodCode="EVN" isCriterionInd="true">
                     <code code="2.16.840.1.113883.3.526.02.8" displayName="birth date HL7 Code List"/>
                     <title>Patient characteristic: birth date</title>
                  </observation>
               </sourceOf>
            </act>
         </entry>
         <entry typeCode="DRIV">
            <act classCode="ACT" moodCode="EVN" isCriterionInd="true"><!-- medication active pattern -->
               <templateId root="2.16.840.1.113883.3.560.1.13"/>
               <id root="592E2132-1732-44FA-9D4E-EB05F55822F8"/>
               <code code="10160-0" displayName="Medications" codeSystem="2.16.840.1.113883.6.1"/>
               <sourceOf typeCode="COMP">
                  <substanceAdministration classCode="SBADM" moodCode="EVN" isCriterionInd="true">
                     <title>Medication active: Corticosteroid, Inhaled or Alternative Asthma Medication</title>
                     <participant typeCode="CSM">
                        <roleParticipant classCode="MANU">
                           <playingMaterial classCode="MMAT" determinerCode="KIND">
                              <code code="2.16.840.1.113883.3.526.02.144" displayName="Corticosteroid, Inhaled or Alternative Asthma Medication RxNorm Code List"/>
                           </playingMaterial>
                        </roleParticipant>
                     </participant>
                     <sourceOf typeCode="REFR">
                        <observation classCode="OBS" moodCode="EVN" isCriterionInd="true">
                           <code code="33999-4" displayName="Status" codeSystem="2.16.840.1.113883.6.1"/>
                           <value xsi:type="CD" code="55561003" displayName="Active" codeSystem="2.16.840.1.113883.6.96"/>
                        </observation>
                     </sourceOf>
                  </substanceAdministration>
               </sourceOf>
            </act>
         </entry>
         <entry typeCode="DRIV">
            <act classCode="ACT" moodCode="EVN" isCriterionInd="true"><!-- medication adverse effects pattern -->
               <templateId root="2.16.840.1.113883.3.560.1.7"/>
               <id root="BBC9ACDC-2E8E-4517-AE08-6AC027935C84"/>
               <code code="48765-2" displayName="Allergies, adverse reactions, alerts" codeSystem="2.16.840.1.113883.6.1"/>
               <sourceOf typeCode="COMP">
                  <observation classCode="OBS" moodCode="EVN" isCriterionInd="true">
                     <code code="419511003" codeSystem="2.16.840.1.113883.6.96" displayName="Drug adverse effect"/>
                     <title>Medication adverse effects: Corticosteroid, Inhaled or Alternative Asthma Medication</title>
                     <participant typeCode="CSM">
                        <roleParticipant classCode="MANU">
                           <playingMaterial classCode="MMAT" determinerCode="KIND">
                              <code code="2.16.840.1.113883.3.526.02.144" displayName="Corticosteroid, Inhaled or Alternative Asthma Medication RxNorm Code List"/>
                           </playingMaterial>
                        </roleParticipant>
                     </participant>
                  </observation>
               </sourceOf>
            </act>
         </entry>
         <entry typeCode="DRIV">
            <act classCode="ACT" moodCode="EVN" isCriterionInd="true"><!-- medication allergy pattern -->
               <templateId root="2.16.840.1.113883.3.560.1.1"/>
               <id root="5B2C5E34-F4B7-4C8E-BDCA-19BCBF98434C"/>
               <code code="48765-2" displayName="Allergies, adverse reactions, alerts" codeSystem="2.16.840.1.113883.6.1"/>
               <sourceOf typeCode="COMP">
                  <observation classCode="OBS" moodCode="EVN" isCriterionInd="true">
                     <code code="416098002" codeSystem="2.16.840.1.113883.6.96" displayName="Drug allergy"/>
                     <title>Medication allergy: Corticosteroid, Inhaled or Alternative Asthma Medication</title>
                     <participant typeCode="CSM">
                        <roleParticipant classCode="MANU">
                           <playingMaterial classCode="MMAT" determinerCode="KIND">
                              <code code="2.16.840.1.113883.3.526.02.144" displayName="Corticosteroid, Inhaled or Alternative Asthma Medication RxNorm Code List"/>
                           </playingMaterial>
                        </roleParticipant>
                     </participant>
                  </observation>
               </sourceOf>
            </act>
         </entry>
         <entry typeCode="DRIV">
            <act classCode="ACT" moodCode="EVN" isCriterionInd="true"><!-- medication intolerance pattern -->
               <templateId root="2.16.840.1.113883.3.560.1.15"/>
               <id root="35CEE847-8B2D-4FAD-ACF8-791E7A3F8C4D"/>
               <code code="48765-2" displayName="Allergies, adverse reactions, alerts" codeSystem="2.16.840.1.113883.6.1"/>
               <sourceOf typeCode="COMP">
                  <observation classCode="OBS" moodCode="EVN" isCriterionInd="true">
                     <code code="59037007" codeSystem="2.16.840.1.113883.6.96" displayName="Drug intolerance"/>
                     <title>Medication intolerance: Corticosteroid, Inhaled or Alternative Asthma Medication</title>
                     <participant typeCode="CSM">
                        <roleParticipant classCode="MANU">
                           <playingMaterial classCode="MMAT" determinerCode="KIND">
                              <code code="2.16.840.1.113883.3.526.02.144" displayName="Corticosteroid, Inhaled or Alternative Asthma Medication RxNorm Code List"/>
                           </playingMaterial>
                        </roleParticipant>
                     </participant>
                  </observation>
               </sourceOf>
            </act>
         </entry>
         <entry typeCode="DRIV">
            <act classCode="ACT" moodCode="EVN" isCriterionInd="true"><!-- medication ordered pattern -->
               <templateId root="2.16.840.1.113883.3.560.1.17"/>
               <id root="C2BA2B53-7FD1-4684-89D2-B0B23CC83F1D"/>
               <code code="10160-0" displayName="Medications" codeSystem="2.16.840.1.113883.6.1"/>
               <sourceOf typeCode="COMP">
                  <substanceAdministration classCode="SBADM" moodCode="RQO" isCriterionInd="true">
                     <title>Medication ordered: Corticosteroid, Inhaled or Alternative Asthma Medication</title>
                     <participant typeCode="CSM">
                        <roleParticipant classCode="MANU">
                           <playingMaterial classCode="MMAT" determinerCode="KIND">
                              <code code="2.16.840.1.113883.3.526.02.144" displayName="Corticosteroid, Inhaled or Alternative Asthma Medication RxNorm Code List"/>
                           </playingMaterial>
                        </roleParticipant>
                     </participant>
                  </substanceAdministration>
               </sourceOf>
            </act>
         </entry>
         <entry typeCode="DRIV">
            <act classCode="ACT" moodCode="EVN" isCriterionInd="true"><!-- encounter pattern -->
               <templateId root="2.16.840.1.113883.3.560.1.4"/>
               <id root="37D9F577-8C58-4BF8-849C-55161440CD6A"/>
               <code code="46240-8" displayName="Encounter list" codeSystem="2.16.840.1.113883.6.1"/>
               <sourceOf typeCode="COMP">
                  <encounter classCode="ENC" moodCode="EVN" isCriterionInd="true">
                     <code code="2.16.840.1.113883.3.526.02.99" displayName="Encounter Office &amp; Outpatient Consult CPT Code List"/>
                     <title>Encounter: Encounter Office &amp; Outpatient Consult</title>
                  </encounter>
               </sourceOf>
            </act>
         </entry>
         <entry typeCode="DRIV">
            <act classCode="ACT" moodCode="EVN" isCriterionInd="true"><!-- medication active not done pattern -->
               <templateId root="2.16.840.1.113883.3.560.1.113"/>
               <id root="EB83D40B-A7FE-440B-9A3B-0B61F8DB8553"/>
               <code code="10160-0" displayName="Medications" codeSystem="2.16.840.1.113883.6.1"/>
               <sourceOf typeCode="COMP">
                  <substanceAdministration classCode="SBADM" moodCode="EVN" isCriterionInd="true">
                     <title>Medication active not done: patient reason</title>
                     <participant typeCode="CSM">
                        <roleParticipant classCode="MANU">
                           <playingMaterial classCode="MMAT" determinerCode="KIND">
                              <code code="2.16.840.1.113883.3.526.03.364" displayName="patient reason Code List GROUPING"/>
                           </playingMaterial>
                        </roleParticipant>
                     </participant>
                     <sourceOf typeCode="REFR">
                        <observation classCode="OBS" moodCode="EVN" isCriterionInd="true">
                           <code code="33999-4" displayName="Status" codeSystem="2.16.840.1.113883.6.1"/>
                           <value xsi:type="CD" code="55561003" displayName="Active" codeSystem="2.16.840.1.113883.6.96"/>
                        </observation>
                     </sourceOf>
                  </substanceAdministration>
               </sourceOf>
            </act>
         </entry>
         <entry typeCode="DRIV">
            <act classCode="ACT" moodCode="EVN" isCriterionInd="true"><!-- medication ordered not done pattern -->
               <templateId root="2.16.840.1.113883.3.560.1.78"/>
               <id root="6613D40B-A7FE-440B-9A3B-0B61F8DB8553"/>
               <code code="10160-0" displayName="Medications" codeSystem="2.16.840.1.113883.6.1"/>
               <sourceOf typeCode="COMP">
                  <substanceAdministration classCode="SBADM" moodCode="RQO" isCriterionInd="true">
                     <title>Medication ordered not done: patient reason</title>
                     <participant typeCode="CSM">
                        <roleParticipant classCode="MANU">
                           <playingMaterial classCode="MMAT" determinerCode="KIND">
                              <code code="2.16.840.1.113883.3.526.03.364" displayName="patient reason Code List GROUPING"/>
                           </playingMaterial>
                        </roleParticipant>
                     </participant>
                  </substanceAdministration>
               </sourceOf>
            </act>
         </entry>
      </section>
   </component>
   <component typeCode="COMP">
      <section>
         <title>Summary Calculation</title>
         <text>
            <content>Calculation is generic to all measures:</content>
            <list>
               <item>Calculate the final denominator by adding all that meet denominator criteria.</item>
               <item>Subtract from the final denominator all that do not meet numerator criteria yet also meet exclusion criteria.  Note some measures do not have exclusion criteria.</item>
               <item>The performance calculation is based on the "Measure scoring" from header information above:
					        	<list>
                     <item>For "Proportion" measures, the calculation is the number meeting numerator criteria divided by the final denominator.</item>
                     <item>For "Ratio" and "Continuous Variable" measures, follow the calculation instructions in the Data Aggregation header information above, if present.</item>
                  </list>
               </item>
               <item>For measures with multiple denominators, repeat this process for each denominator and report each result separately.</item>
               <item>For measures with multiple patient populations, repeat this process for each patient population and report each result separately.</item>
               <item>For measures with multiple numerators, calculate each numerator separately within each population using the paired exclusion.</item>
            </list>
         </text>
      </section>
   </component>
</QualityMeasureDocument>