<?xml version="1.0" encoding="UTF-8"?>
<?xml-stylesheet type="text/xsl" href="HQMFreader.xsl"?>
<QualityMeasureDocument xmlns:xsi="http://www.w3.org/2001/XMLSchema-instance" xmlns="urn:hl7-org:v3">
         
      <!--
         **************************************************************   
         Measure Header Section
         **************************************************************
      --><typeId root="2.16.840.1.113883.1.3" extension="POQM_HD000001"/>
   <id root="77D11C01-F4C2-4006-AFED-4EBFFAF27D55"/>
   <code code="57024-2" codeSystem="2.16.840.1.113883.6.1" displayName="Health Quality Measure Document"/>
   <title>Prostate Cancer:  Avoidance of Overuse of Bone Scan for Staging Low Risk Prostate Cancer Patients (NQF 0389)</title>
   <text>Percentage of patients, regardless of age, with a diagnosis of prostate cancer at low risk of recurrence receiving interstitial prostate brachytherapy, OR external beam radiotherapy to the prostate, OR radical prostatectomy, OR cryotherapy who did not have a bone scan performed at any time since diagnosis of prostate cancer</text>
   <statusCode code="completed"/>
   <setId root="B2E593F4-44F7-4E78-B565-DB6128A15617"/>
   <versionNumber value="1"/>
   <author typeCode="AUT">
      <assignedPerson classCode="ASSIGNED">
         <representedOrganization classCode="ORG" determinerCode="INSTANCE">
            <id root="2.16.840.1.113883.3.526"/>
            <name>American Medical Association - Physician Consortium for Performance Improvement</name>
            <contactParty classCode="CON" nullFlavor="UNK"/>
         </representedOrganization>
      </assignedPerson>
   </author>
   <custodian>
      <assignedPerson classCode="ASSIGNED">
         <representedOrganization classCode="ORG" determinerCode="INSTANCE">
            <id root="2.16.840.1.113883.3.526"/>
            <name>American Medical Association - Physician Consortium for Performance Improvement</name>
            <contactParty classCode="CON" nullFlavor="UNK"/>
         </representedOrganization>
      </assignedPerson>
   </custodian>
   <verifier typeCode="VRF">
      <assignedPerson classCode="ASSIGNED">
         <representedOrganization classCode="ORG" determinerCode="INSTANCE">
            <id root="2.16.840.1.113883.3.560"/>
            <name>National Quality Forum</name>
            <contactParty classCode="CON" nullFlavor="UNK"/>
         </representedOrganization>
      </assignedPerson>
   </verifier>
   <subjectOf>
      <measureAttribute>
         <code code="COPY" codeSystem="2.16.840.1.113883.5.4" displayName="Copyright"/>
         <value xsi:type="ED" mediaType="text/plain">© 2010 American Medical Association. All Rights Reserved</value>
      </measureAttribute>
   </subjectOf>
   <subjectOf>
      <measureAttribute>
         <code code="MSRSCORE" codeSystem="2.16.840.1.113883.5.4" displayName="Measure scoring"/>
         <value xsi:type="CD" code="PROPOR" codeSystem="2.16.840.1.113883.5.1063" displayName="Proportion"/>
      </measureAttribute>
   </subjectOf>
   <subjectOf>
      <measureAttribute>
         <code code="MSRTYPE" codeSystem="2.16.840.1.113883.5.4" displayName="Measure type"/>
         <value xsi:type="CD" code="PROCESS" codeSystem="2.16.840.1.113883.5.1063" displayName="Process"/>
      </measureAttribute>
   </subjectOf>
   <subjectOf>
      <measureAttribute>
         <code code="STRAT" codeSystem="2.16.840.1.113883.5.4" displayName="Stratification"/>
         <value xsi:type="ED" mediaType="text/plain">None</value>
      </measureAttribute>
   </subjectOf>
   <subjectOf>
      <measureAttribute>
         <code code="MSRADJ" codeSystem="2.16.840.1.113883.5.4" displayName="Risk Adjustment"/>
         <value xsi:type="ED" mediaType="text/plain">None</value>
      </measureAttribute>
   </subjectOf>
   <subjectOf>
      <measureAttribute>
         <code code="MSRAGG" codeSystem="2.16.840.1.113883.5.4" displayName="Data Aggregation"/>
         <value xsi:type="ED" mediaType="text/plain"/>
      </measureAttribute>
   </subjectOf>
   <subjectOf>
      <measureAttribute>
         <code code="RAT" codeSystem="2.16.840.1.113883.5.4" displayName="Rationale"/>
         <value xsi:type="ED" mediaType="text/plain">A bone scan is generally not required for staging prostate cancer in men with a low risk of recurrence and receiving primary therapy. This measure is written as a negative measure so that the performance goal is 100%, consistent with the other measures for this condition.</value>
      </measureAttribute>
   </subjectOf>
   <subjectOf>
      <measureAttribute>
         <code code="CRS" codeSystem="2.16.840.1.113883.3.560" displayName="Clinical Recommendation Statement"/>
         <value xsi:type="ED" mediaType="text/plain">Routine use of a bone scan is not required for staging asymptomatic men with clinically localized prostate cancer when their PSA is equal to or less than 20.0 ng/mL (AUA).
Patients with a life expectancy of greater than 5 years or symptomatic:
• A bone scan is appropriate for T1 to T2 disease in the presence of a PSA greater than 20 ng/mL, Gleason score of 8 or higher, clinical stage of T3 to T4, or symptomatic disease.  
• Patients at higher risk of metastatic disease may undergo pelvic computed tomography (CT) or magnetic resonance imaging (MRI) scanning with possible fine-needle aspiration of enlarged lymph nodes or staging lymph node dissection. Nomograms or risk tables may be used to identify patients with a higher likelihood of having metastatic disease. If the nomogram indicates a probability of lymph node involvement greater than 20% or if the patient is stage T3 or T4, this is recommended as a threshold for doing a staging CT scan or MRI evaluation.
For all other patients, no additional imaging is required for staging (NCCN) (Category 2A).
    </value>
      </measureAttribute>
   </subjectOf>
   <subjectOf>
      <measureAttribute>
         <code code="IDUR" codeSystem="2.16.840.1.113883.3.560" displayName="Improvement notation"/>
         <value xsi:type="ED" mediaType="text/plain">Higher score indicates better quality</value>
      </measureAttribute>
   </subjectOf>
   <subjectOf>
      <measureAttribute>
         <templateId root="2.16.840.1.113883.3.560.1.74"/>
         <id root="5A6D6AA4-D914-4EBF-B4E5-861937CBD7D9"/>
         <code code="MSRTP" displayName="Measurement period" codeSystem="2.16.840.1.113883.3.560"/>
         <value xsi:type="EXPR_PQ" value="12" unit="m">
            <expression mediaType="text/plain">measureEndDate - measureStartDate</expression>
         </value>
      </measureAttribute>
   </subjectOf>
   <subjectOf>
      <localVariableName>measureStartDate</localVariableName>
      <measureAttribute>
         <templateId root="2.16.840.1.113883.3.560.1.75"/>
         <id root="6773C2E6-46D1-419D-B80A-F4D51FCC79C3"/>
         <code code="MSRSD" displayName="Measurement start date" codeSystem="2.16.840.1.113883.3.560"/>
         <value xsi:type="TS" value="00000101"/>
      </measureAttribute>
   </subjectOf>
   <subjectOf>
      <localVariableName>measureEndDate</localVariableName>
      <measureAttribute>
         <templateId root="2.16.840.1.113883.3.560.1.75"/>
         <id root="1A2DF98F-E115-4379-B9DA-6DD9B833C59C"/>
         <code code="MSRED" displayName="Measurement end date" codeSystem="2.16.840.1.113883.3.560"/>
         <value xsi:type="TS" value="00001231"/>
      </measureAttribute>
   </subjectOf>
   <subjectOf>
      <measureAttribute>
         <code code="MSRMD" codeSystem="2.16.840.1.113883.3.560" displayName="Measurement duration"/>
         <value xsi:type="ED" mediaType="text/plain">12 month(s)</value>
      </measureAttribute>
   </subjectOf>
   <subjectOf>
      <measureAttribute>
         <code code="REF" codeSystem="2.16.840.1.113883.5.4" displayName="Reference"/>
         <value xsi:type="ED" mediaType="text/plain">National Comprehensive Cancer Network (NCCN). Clinical Practice Guidelines in Oncology: Prostate Cancer. Version 2.2005. Available at: www.nccn.org/professionals/physician_gls/default.asp.</value>
      </measureAttribute>
   </subjectOf>
   <subjectOf>
      <measureAttribute>
         <code code="REF" codeSystem="2.16.840.1.113883.5.4" displayName="Reference"/>
         <value xsi:type="ED" mediaType="text/plain">American Urological Association (AUA). Guidelines for the management of clinically localized prostate cancer: 2006 update. 2006. American Urological Association Education and Research, Inc. DRAFT copy.</value>
      </measureAttribute>
   </subjectOf>
   <subjectOf>
      <measureAttribute>
         <code code="DEF" codeSystem="2.16.840.1.113883.3.560" displayName="Definition"/>
         <value xsi:type="ED" mediaType="text/plain" nullFlavor="NI"/>
      </measureAttribute>
   </subjectOf>
   <subjectOf>
      <measureAttribute>
         <code code="GUIDE" codeSystem="2.16.840.1.113883.5.4" displayName="Guidance"/>
         <value xsi:type="ED" mediaType="text/plain"/>
      </measureAttribute>
   </subjectOf>
   <componentOf>
      <qualityMeasureSet classCode="ACT">
         <id root="B1EB421F-C28C-453C-8DEE-7C6EFE318EB1"/>
         <title>CLINICAL QUALITY MEASURE SET 2011-2012</title>
      </qualityMeasureSet>
   </componentOf>
         
      <!--
         **************************************************************   
         Population Criteria Section
         **************************************************************
      --><component typeCode="COMP">
      <section>
         <code code="57026-7" codeSystem="2.16.840.1.113883.6.1" displayName="Population criteria"/>
         <title>Population criteria</title>
         <text>
            <list>
               <item>
                  <content styleCode="Bold">Initial Patient Population =</content>
                  <list>
                     <item>AND: <list>
                           <item>AND: "Diagnosis active: Prostate Cancer"</item>
                           <item>AND: "Patient characteristic: Gender Male"</item>
                           <item> starts before or during "Measurement period"</item>
                        </list>
                     </item>
                  </list>
               </item>
               <item>
                  <content styleCode="Bold">Denominator=</content>
                  <list>
                     <item>AND: "Initial Patient Population"</item>
                     <item>AND: "Procedure performed: Prostate Cancer Treatment" during "Measurement period"</item>
                     <item>AND: "Procedure result: AJCC Cancer Stage Low Risk Recurrence Prostate Cancer" starts before or during ("Procedure performed: Prostate Cancer Treatment" during "Measurement period")</item>
                     <item>AND: "Laboratory test result: Prostate Specific Antigen Test" starts before or during ("Procedure performed: Prostate Cancer Treatment" during "Measurement period")</item>
                     <item>AND: <list>
                           <item>OR: "Laboratory test result: Gleason Score &lt;= 6" starts before or during ("Procedure performed: Prostate Cancer Treatment" during "Measurement period")</item>
                           <item>OR: "Laboratory test result: Gleason Score" starts before or during ("Procedure performed: Prostate Cancer Treatment" during "Measurement period")</item>
                        </list>
                     </item>
                  </list>
               </item>
               <item>
                  <content styleCode="Bold">Numerator =</content>
                  <list>
                     <item>AND:  NOT "Diagnostic study performed: Bone Scan" starts after start of ("Diagnosis active: Prostate Cancer" starts before or during "Measurement period")</item>
                  </list>
               </item>
               <item>
                  <content styleCode="Bold">Exclusions =</content>
                  <list>
                     <item>OR: <list>
                           <item>OR: "Diagnosis active: Pain Related to prostate cancer"</item>
                           <item>OR: "Procedure performed: Salvage Therapy"</item>
                           <item>OR: "Diagnostic study performed: Bone Scan (reason: 'is present')"</item>
                           <item> starts after start of  ("Diagnosis active: Prostate Cancer" starts before or during "Measurement period")</item>
                        </list>
                     </item>
                  </list>
               </item>
            </list>
         </text><!--
            **************************************************************   
            Population Criteria Section: population 
            **************************************************************
      -->
         <entry typeCode="DRIV">
            <observation classCode="OBS" moodCode="EVN.CRT" isCriterionInd="true">
               <id root="687D880B-BE10-4739-88F4-2DC407EA51F6"/>
               <code code="ASSERTION" codeSystem="2.16.840.1.113883.5.4"/>
               <value xsi:type="CD" code="IPP" codeSystem="2.16.840.1.113883.5.1063" codeSystemName="HL7 Observation Value" displayName="Initial Patient Population"/><!--  top and/or -->
               <sourceOf typeCode="PRCN">
                  <conjunctionCode code="AND"/>
                  <act classCode="ACT" moodCode="EVN" isCriterionInd="true">
                     <sourceOf typeCode="PRCN">
                        <conjunctionCode code="AND"/>
                        <act classCode="ACT" moodCode="EVN" isCriterionInd="true"><!-- diagnosis active pattern -->
                           <templateId root="2.16.840.1.113883.3.560.1.2"/>
                           <id root="AB931D1E-4ADC-4473-99B5-4C7F8090472A"/>
                           <code code="11450-4" displayName="Problem" codeSystem="2.16.840.1.113883.6.1"/>
                           <sourceOf typeCode="COMP">
                              <observation classCode="OBS" moodCode="EVN" isCriterionInd="true">
                                 <code code="55607006" codeSystem="2.16.840.1.113883.6.96" displayName="Problem"/>
                                 <title>Diagnosis active: Prostate Cancer</title>
                                 <value xsi:type="CD" code="2.16.840.1.113883.3.526.03.319" displayName="Prostate Cancer Code List GROUPING"/>
                                 <sourceOf typeCode="REFR">
                                    <observation classCode="OBS" moodCode="EVN" isCriterionInd="true">
                                       <code code="33999-4" codeSystem="2.16.840.1.113883.6.1" displayName="Status"/>
                                       <value xsi:type="CD" code="55561003" displayName="active" codeSystem="2.16.840.1.113883.6.96"/>
                                    </observation>
                                 </sourceOf>
                              </observation>
                           </sourceOf>
                        </act>
                     </sourceOf>
                     <sourceOf typeCode="PRCN">
                        <conjunctionCode code="AND"/>
                        <act classCode="ACT" moodCode="EVN" isCriterionInd="true"><!-- patient characteristic pattern -->
                           <templateId root="2.16.840.1.113883.3.560.1.1001"/>
                           <id root="5A3E6722-0B7D-4E32-A0F3-E4A2CE730052"/>
                           <code code="ASSERTION" codeSystem="2.16.840.1.113883.5.4"/>
                           <sourceOf typeCode="COMP">
                              <observation classCode="OBS" moodCode="EVN" isCriterionInd="true">
                                 <code code="ASSERTION" codeSystem="2.16.840.1.113883.5.4"/>
                                 <title>Patient characteristic: Gender Male</title>
                                 <value xsi:type="CD" code="2.16.840.1.113883.3.526.02.863" displayName="Gender Male HL7 Code List"/>
                              </observation>
                           </sourceOf>
                        </act>
                     </sourceOf>
                     <sourceOf typeCode="EAS" inversionInd="true">
                        <observation classCode="OBS" moodCode="EVN" isCriterionInd="true">
                           <id root="5A6D6AA4-D914-4EBF-B4E5-861937CBD7D9"/>
                           <title>Measurement period</title>
                        </observation>
                     </sourceOf>
                  </act>
               </sourceOf>
            </observation>
         </entry><!--
            **************************************************************   
            Population Criteria Section: denominator 
            **************************************************************
      -->
         <entry typeCode="DRIV">
            <observation classCode="OBS" moodCode="EVN.CRT" isCriterionInd="true">
               <id root="165C4215-903C-4311-8B76-7098C4FDD882"/>
               <code code="ASSERTION" codeSystem="2.16.840.1.113883.5.4"/>
               <value xsi:type="CD" code="DENOM" codeSystem="2.16.840.1.113883.5.1063" codeSystemName="HL7 Observation Value" displayName="Denominator"/><!--  top and/or -->
               <sourceOf typeCode="PRCN">
                  <conjunctionCode code="AND"/>
                  <observation classCode="OBS" moodCode="EVN" isCriterionInd="true">
                     <id root="687D880B-BE10-4739-88F4-2DC407EA51F6"/>
                     <title>Initial Patient Population</title>
                  </observation>
               </sourceOf>
               <sourceOf typeCode="PRCN">
                  <conjunctionCode code="AND"/>
                  <act classCode="ACT" moodCode="EVN" isCriterionInd="true"><!-- procedure performed pattern -->
                     <templateId root="2.16.840.1.113883.3.560.1.6"/>
                     <id root="92C89C89-74A4-426F-851C-9B4C3FD89F4A"/>
                     <code code="47519-4" displayName="Procedures" codeSystem="2.16.840.1.113883.6.1"/>
                     <sourceOf typeCode="COMP">
                        <procedure classCode="PROC" moodCode="EVN" isCriterionInd="true">
                           <code code="2.16.840.1.113883.3.526.03.398" displayName="Prostate Cancer Treatment Code List GROUPING"/>
                           <title>Procedure performed: Prostate Cancer Treatment</title>
                           <sourceOf typeCode="DURING">
                              <observation classCode="OBS" moodCode="EVN">
                                 <id root="5A6D6AA4-D914-4EBF-B4E5-861937CBD7D9"/>
                                 <title>Measurement period</title>
                              </observation>
                           </sourceOf>
                        </procedure>
                     </sourceOf>
                  </act>
               </sourceOf>
               <sourceOf typeCode="PRCN">
                  <conjunctionCode code="AND"/>
                  <act classCode="ACT" moodCode="EVN" isCriterionInd="true"><!-- procedure result pattern -->
                     <templateId root="2.16.840.1.113883.3.560.1.63"/>
                     <id root="F866F451-F7FC-47F7-B082-B00F2029397C"/>
                     <code code="47519-4" displayName="Procedures" codeSystem="2.16.840.1.113883.6.1"/>
                     <sourceOf typeCode="COMP">
                        <procedure classCode="PROC" moodCode="EVN" isCriterionInd="true">
                           <code code="2.16.840.1.113883.3.526.02.286" displayName="AJCC Cancer Stage Low Risk Recurrence Prostate Cancer SNOMED-CT Code List"/>
                           <title>Procedure result: AJCC Cancer Stage Low Risk Recurrence Prostate Cancer</title>
                           <sourceOf typeCode="EAS" inversionInd="true">
                              <act classCode="ACT" moodCode="EVN" isCriterionInd="true"><!-- procedure performed pattern -->
                                 <templateId root="2.16.840.1.113883.3.560.1.6"/>
                                 <id root="92C89C89-74A4-426F-851C-9B4C3FD89F4A"/>
                                 <code code="47519-4" displayName="Procedures" codeSystem="2.16.840.1.113883.6.1"/>
                                 <sourceOf typeCode="COMP">
                                    <procedure classCode="PROC" moodCode="EVN" isCriterionInd="true">
                                       <code code="2.16.840.1.113883.3.526.03.398" displayName="Prostate Cancer Treatment Code List GROUPING"/>
                                       <title>Procedure performed: Prostate Cancer Treatment</title>
                                       <sourceOf typeCode="DURING">
                                          <observation classCode="OBS" moodCode="EVN">
                                             <id root="5A6D6AA4-D914-4EBF-B4E5-861937CBD7D9"/>
                                             <title>Measurement period</title>
                                          </observation>
                                       </sourceOf>
                                    </procedure>
                                 </sourceOf>
                              </act>
                           </sourceOf>
                        </procedure>
                     </sourceOf>
                  </act>
               </sourceOf>
               <sourceOf typeCode="PRCN">
                  <conjunctionCode code="AND"/>
                  <act classCode="ACT" moodCode="EVN" isCriterionInd="true"><!-- laboratory test result pattern -->
                     <templateId root="2.16.840.1.113883.3.560.1.12"/>
                     <id root="69A5AD99-4B21-489A-B9DF-328226E9BE90"/>
                     <code code="30954-2" displayName="Results" codeSystem="2.16.840.1.113883.6.1"/>
                     <sourceOf typeCode="COMP">
                        <observation classCode="OBS" moodCode="EVN" isCriterionInd="true">
                           <code code="2.16.840.1.113883.3.526.03.401" displayName="Prostate Specific Antigen Test Code List GROUPING"/>
                           <title>Laboratory test result: Prostate Specific Antigen Test</title>
                           <statusCode code="completed"/>
                           <value xsi:type="IVL_PQ">
                              <high value="10" unit="mg/dL" inclusive="true"/>
                           </value>
                           <sourceOf typeCode="EAS" inversionInd="true">
                              <act classCode="ACT" moodCode="EVN" isCriterionInd="true"><!-- procedure performed pattern -->
                                 <templateId root="2.16.840.1.113883.3.560.1.6"/>
                                 <id root="92C89C89-74A4-426F-851C-9B4C3FD89F4A"/>
                                 <code code="47519-4" displayName="Procedures" codeSystem="2.16.840.1.113883.6.1"/>
                                 <sourceOf typeCode="COMP">
                                    <procedure classCode="PROC" moodCode="EVN" isCriterionInd="true">
                                       <code code="2.16.840.1.113883.3.526.03.398" displayName="Prostate Cancer Treatment Code List GROUPING"/>
                                       <title>Procedure performed: Prostate Cancer Treatment</title>
                                       <sourceOf typeCode="DURING">
                                          <observation classCode="OBS" moodCode="EVN">
                                             <id root="5A6D6AA4-D914-4EBF-B4E5-861937CBD7D9"/>
                                             <title>Measurement period</title>
                                          </observation>
                                       </sourceOf>
                                    </procedure>
                                 </sourceOf>
                              </act>
                           </sourceOf>
                        </observation>
                     </sourceOf>
                  </act>
               </sourceOf>
               <sourceOf typeCode="PRCN">
                  <conjunctionCode code="AND"/>
                  <act classCode="ACT" moodCode="EVN" isCriterionInd="true">
                     <sourceOf typeCode="PRCN">
                        <conjunctionCode code="OR"/>
                        <act classCode="ACT" moodCode="EVN" isCriterionInd="true"><!-- laboratory test result pattern -->
                           <templateId root="2.16.840.1.113883.3.560.1.12"/>
                           <id root="7EC4FDD8-E3EA-484A-8841-24FD424E44AE"/>
                           <code code="30954-2" displayName="Results" codeSystem="2.16.840.1.113883.6.1"/>
                           <sourceOf typeCode="COMP">
                              <observation classCode="OBS" moodCode="EVN" isCriterionInd="true">
                                 <code code="2.16.840.1.113883.3.526.02.280" displayName="Gleason Score &lt;= 6 SNOMED-CT Code List"/>
                                 <title>Laboratory test result: Gleason Score &lt;= 6</title>
                                 <statusCode code="completed"/>
                                 <sourceOf typeCode="EAS" inversionInd="true">
                                    <act classCode="ACT" moodCode="EVN" isCriterionInd="true"><!-- procedure performed pattern -->
                                       <templateId root="2.16.840.1.113883.3.560.1.6"/>
                                       <id root="92C89C89-74A4-426F-851C-9B4C3FD89F4A"/>
                                       <code code="47519-4" displayName="Procedures" codeSystem="2.16.840.1.113883.6.1"/>
                                       <sourceOf typeCode="COMP">
                                          <procedure classCode="PROC" moodCode="EVN" isCriterionInd="true">
                                             <code code="2.16.840.1.113883.3.526.03.398" displayName="Prostate Cancer Treatment Code List GROUPING"/>
                                             <title>Procedure performed: Prostate Cancer Treatment</title>
                                             <sourceOf typeCode="DURING">
                                                <observation classCode="OBS" moodCode="EVN">
                                                   <id root="5A6D6AA4-D914-4EBF-B4E5-861937CBD7D9"/>
                                                   <title>Measurement period</title>
                                                </observation>
                                             </sourceOf>
                                          </procedure>
                                       </sourceOf>
                                    </act>
                                 </sourceOf>
                              </observation>
                           </sourceOf>
                        </act>
                     </sourceOf>
                     <sourceOf typeCode="PRCN">
                        <conjunctionCode code="OR"/>
                        <act classCode="ACT" moodCode="EVN" isCriterionInd="true"><!-- laboratory test result pattern -->
                           <templateId root="2.16.840.1.113883.3.560.1.12"/>
                           <id root="3F60836D-BC2D-414D-A064-180AC8450CEA"/>
                           <code code="30954-2" displayName="Results" codeSystem="2.16.840.1.113883.6.1"/>
                           <sourceOf typeCode="COMP">
                              <observation classCode="OBS" moodCode="EVN" isCriterionInd="true">
                                 <code code="2.16.840.1.113883.3.526.03.397" displayName="Gleason Score Code List GROUPING"/>
                                 <title>Laboratory test result: Gleason Score</title>
                                 <statusCode code="completed"/>
                                 <value xsi:type="IVL_PQ">
                                    <high value="6" unit="mg/dL" inclusive="true"/>
                                 </value>
                                 <sourceOf typeCode="EAS" inversionInd="true">
                                    <act classCode="ACT" moodCode="EVN" isCriterionInd="true"><!-- procedure performed pattern -->
                                       <templateId root="2.16.840.1.113883.3.560.1.6"/>
                                       <id root="92C89C89-74A4-426F-851C-9B4C3FD89F4A"/>
                                       <code code="47519-4" displayName="Procedures" codeSystem="2.16.840.1.113883.6.1"/>
                                       <sourceOf typeCode="COMP">
                                          <procedure classCode="PROC" moodCode="EVN" isCriterionInd="true">
                                             <code code="2.16.840.1.113883.3.526.03.398" displayName="Prostate Cancer Treatment Code List GROUPING"/>
                                             <title>Procedure performed: Prostate Cancer Treatment</title>
                                             <sourceOf typeCode="DURING">
                                                <observation classCode="OBS" moodCode="EVN">
                                                   <id root="5A6D6AA4-D914-4EBF-B4E5-861937CBD7D9"/>
                                                   <title>Measurement period</title>
                                                </observation>
                                             </sourceOf>
                                          </procedure>
                                       </sourceOf>
                                    </act>
                                 </sourceOf>
                              </observation>
                           </sourceOf>
                        </act>
                     </sourceOf>
                  </act>
               </sourceOf>
            </observation>
         </entry><!--
            **************************************************************   
            Population Criteria Section: numerator 
            **************************************************************
      -->
         <entry typeCode="DRIV">
            <observation classCode="OBS" moodCode="EVN.CRT" isCriterionInd="true">
               <id root="E9570213-7AC8-477F-BC7D-D64635E67CD8"/>
               <code code="ASSERTION" codeSystem="2.16.840.1.113883.5.4"/>
               <value xsi:type="CD" code="NUMER" codeSystem="2.16.840.1.113883.5.1063" codeSystemName="HL7 Observation Value" displayName="Numerator"/><!--  top and/or -->
               <sourceOf typeCode="PRCN">
                  <conjunctionCode code="AND"/>
                  <act classCode="ACT" moodCode="EVN" isCriterionInd="true" actionNegationInd="true"><!-- diagnostic study performed pattern -->
                     <templateId root="2.16.840.1.113883.3.560.1.3"/>
                     <id root="38EC8E8D-8E30-424F-86DE-AE590A5783DB"/>
                     <code code="30954-2" displayName="Results" codeSystem="2.16.840.1.113883.6.1"/>
                     <sourceOf typeCode="COMP">
                        <observation classCode="OBS" moodCode="EVN" isCriterionInd="true">
                           <code code="2.16.840.1.113883.3.526.03.320" displayName="Bone Scan Code List GROUPING"/>
                           <title>Diagnostic study performed: Bone Scan</title>
                           <statusCode code="completed"/>
                           <sourceOf typeCode="SAS">
                              <act classCode="ACT" moodCode="EVN" isCriterionInd="true"><!-- diagnosis active pattern -->
                                 <templateId root="2.16.840.1.113883.3.560.1.2"/>
                                 <id root="AB931D1E-4ADC-4473-99B5-4C7F8090472A"/>
                                 <code code="11450-4" displayName="Problem" codeSystem="2.16.840.1.113883.6.1"/>
                                 <sourceOf typeCode="COMP">
                                    <observation classCode="OBS" moodCode="EVN" isCriterionInd="true">
                                       <code code="55607006" codeSystem="2.16.840.1.113883.6.96" displayName="Problem"/>
                                       <title>Diagnosis active: Prostate Cancer</title>
                                       <value xsi:type="CD" code="2.16.840.1.113883.3.526.03.319" displayName="Prostate Cancer Code List GROUPING"/>
                                       <sourceOf typeCode="REFR">
                                          <observation classCode="OBS" moodCode="EVN" isCriterionInd="true">
                                             <code code="33999-4" codeSystem="2.16.840.1.113883.6.1" displayName="Status"/>
                                             <value xsi:type="CD" code="55561003" displayName="active" codeSystem="2.16.840.1.113883.6.96"/>
                                          </observation>
                                       </sourceOf>
                                       <sourceOf typeCode="EAS" inversionInd="true">
                                          <observation classCode="OBS" moodCode="EVN">
                                             <id root="5A6D6AA4-D914-4EBF-B4E5-861937CBD7D9"/>
                                             <title>Measurement period</title>
                                          </observation>
                                       </sourceOf>
                                    </observation>
                                 </sourceOf>
                              </act>
                           </sourceOf>
                        </observation>
                     </sourceOf>
                  </act>
               </sourceOf>
            </observation>
         </entry><!--
            **************************************************************   
            Population Criteria Section: exclusions 
            **************************************************************
      -->
         <entry typeCode="DRIV">
            <observation classCode="OBS" moodCode="EVN.CRT" isCriterionInd="true" actionNegationInd="true">
               <id root="6C681659-9D83-4E75-A060-12CBE76F0D0B"/>
               <code code="ASSERTION" codeSystem="2.16.840.1.113883.5.4"/>
               <value xsi:type="CD" code="DENOM" codeSystem="2.16.840.1.113883.5.1063" codeSystemName="HL7 Observation Value" displayName="Denominator"/>
            </observation>
         </entry><!--
            **************************************************************   
            Population Criteria Section: exceptions 
            **************************************************************
      -->
         <entry typeCode="DRIV">
            <observation classCode="OBS" moodCode="EVN.CRT" isCriterionInd="true">
               <id root="6B037DCC-928C-4ED5-91CA-F71095930E32"/>
               <code code="ASSERTION" codeSystem="2.16.840.1.113883.5.4"/>
               <value xsi:type="CD" code="DENEXCEP" codeSystem="2.16.840.1.113883.5.1063" codeSystemName="HL7 Observation Value" displayName="Denominator Exception"/><!--  top and/or -->
               <sourceOf typeCode="PRCN">
                  <conjunctionCode code="OR"/>
                  <act classCode="ACT" moodCode="EVN" isCriterionInd="true">
                     <sourceOf typeCode="PRCN">
                        <conjunctionCode code="OR"/>
                        <act classCode="ACT" moodCode="EVN" isCriterionInd="true"><!-- diagnosis active pattern -->
                           <templateId root="2.16.840.1.113883.3.560.1.2"/>
                           <id root="63278846-3DC1-42BE-A42F-7B33FA17514F"/>
                           <code code="11450-4" displayName="Problem" codeSystem="2.16.840.1.113883.6.1"/>
                           <sourceOf typeCode="COMP">
                              <observation classCode="OBS" moodCode="EVN" isCriterionInd="true">
                                 <code code="55607006" codeSystem="2.16.840.1.113883.6.96" displayName="Problem"/>
                                 <title>Diagnosis active: Pain Related to prostate cancer</title>
                                 <value xsi:type="CD" code="2.16.840.1.113883.3.526.03.451" displayName="Pain Related to prostate cancer Code List GROUPING"/>
                                 <sourceOf typeCode="REFR">
                                    <observation classCode="OBS" moodCode="EVN" isCriterionInd="true">
                                       <code code="33999-4" codeSystem="2.16.840.1.113883.6.1" displayName="Status"/>
                                       <value xsi:type="CD" code="55561003" displayName="active" codeSystem="2.16.840.1.113883.6.96"/>
                                    </observation>
                                 </sourceOf>
                              </observation>
                           </sourceOf>
                        </act>
                     </sourceOf>
                     <sourceOf typeCode="PRCN">
                        <conjunctionCode code="OR"/>
                        <act classCode="ACT" moodCode="EVN" isCriterionInd="true"><!-- procedure performed pattern -->
                           <templateId root="2.16.840.1.113883.3.560.1.6"/>
                           <id root="50A719DC-899A-4B7E-A057-E02C2770880D"/>
                           <code code="47519-4" displayName="Procedures" codeSystem="2.16.840.1.113883.6.1"/>
                           <sourceOf typeCode="COMP">
                              <procedure classCode="PROC" moodCode="EVN" isCriterionInd="true">
                                 <code code="2.16.840.1.113883.3.526.03.399" displayName="Salvage Therapy Code List GROUPING"/>
                                 <title>Procedure performed: Salvage Therapy</title>
                              </procedure>
                           </sourceOf>
                        </act>
                     </sourceOf>
                     <sourceOf typeCode="PRCN">
                        <conjunctionCode code="OR"/>
                        <act classCode="ACT" moodCode="EVN" isCriterionInd="true"><!-- diagnostic study performed pattern -->
                           <templateId root="2.16.840.1.113883.3.560.1.3"/>
                           <id root="38EC8E8D-8E30-424F-86DE-AE590A5783DB"/>
                           <code code="30954-2" displayName="Results" codeSystem="2.16.840.1.113883.6.1"/>
                           <sourceOf typeCode="COMP">
                              <observation classCode="OBS" moodCode="EVN" isCriterionInd="true">
                                 <code code="2.16.840.1.113883.3.526.03.320" displayName="Bone Scan Code List GROUPING"/>
                                 <title>Diagnostic study performed: Bone Scan (reason: 'is present')</title>
                                 <statusCode code="completed"/>
                              </observation>
                           </sourceOf>
                        </act>
                     </sourceOf>
                     <sourceOf typeCode="SAS">
                        <act classCode="ACT" moodCode="EVN" isCriterionInd="true"><!-- diagnosis active pattern -->
                           <templateId root="2.16.840.1.113883.3.560.1.2"/>
                           <id root="AB931D1E-4ADC-4473-99B5-4C7F8090472A"/>
                           <code code="11450-4" displayName="Problem" codeSystem="2.16.840.1.113883.6.1"/>
                           <sourceOf typeCode="COMP">
                              <observation classCode="OBS" moodCode="EVN" isCriterionInd="true">
                                 <code code="55607006" codeSystem="2.16.840.1.113883.6.96" displayName="Problem"/>
                                 <title>Diagnosis active: Prostate Cancer</title>
                                 <value xsi:type="CD" code="2.16.840.1.113883.3.526.03.319" displayName="Prostate Cancer Code List GROUPING"/>
                                 <sourceOf typeCode="REFR">
                                    <observation classCode="OBS" moodCode="EVN" isCriterionInd="true">
                                       <code code="33999-4" codeSystem="2.16.840.1.113883.6.1" displayName="Status"/>
                                       <value xsi:type="CD" code="55561003" displayName="active" codeSystem="2.16.840.1.113883.6.96"/>
                                    </observation>
                                 </sourceOf>
                                 <sourceOf typeCode="EAS" inversionInd="true">
                                    <observation classCode="OBS" moodCode="EVN">
                                       <id root="5A6D6AA4-D914-4EBF-B4E5-861937CBD7D9"/>
                                       <title>Measurement period</title>
                                    </observation>
                                 </sourceOf>
                              </observation>
                           </sourceOf>
                        </act>
                     </sourceOf>
                  </act>
               </sourceOf>
            </observation>
         </entry>
      </section>
   </component>
         
      <!--
         ******************************************   
         Data Criteria Section
         ******************************************
      --><component typeCode="COMP">
      <section>
         <code code="57025-9" codeSystem="2.16.840.1.113883.6.1" displayName="Data criteria (QDS Data Elements)"/>
         <title>Data criteria (QDS Data Elements)</title>
         <text>
            <list>
               <item>
                  <content>"Diagnosis active: Pain Related to prostate cancer"</content> using "Pain Related to prostate cancer Code List GROUPING (2.16.840.1.113883.3.526.03.451)"</item>
               <item>
                  <content>"Diagnosis active: Prostate Cancer"</content> using "Prostate Cancer Code List GROUPING (2.16.840.1.113883.3.526.03.319)"</item>
               <item>
                  <content>"Diagnostic study performed: Bone Scan"</content> using "Bone Scan Code List GROUPING (2.16.840.1.113883.3.526.03.320)"</item>
               <item>
                  <content>"Laboratory test result: Gleason Score"</content> using "Gleason Score Code List GROUPING (2.16.840.1.113883.3.526.03.397)"</item>
               <item>
                  <content>"Laboratory test result: Gleason Score &lt;= 6"</content> using "Gleason Score &lt;= 6 SNOMED-CT Code List (2.16.840.1.113883.3.526.02.280)"</item>
               <item>
                  <content>"Laboratory test result: Prostate Specific Antigen Test"</content> using "Prostate Specific Antigen Test Code List GROUPING (2.16.840.1.113883.3.526.03.401)"</item>
               <item>
                  <content>"Patient characteristic: Gender Male"</content> using "Gender Male HL7 Code List (2.16.840.1.113883.3.526.02.863)"</item>
               <item>
                  <content>"Procedure performed: Prostate Cancer Treatment"</content> using "Prostate Cancer Treatment Code List GROUPING (2.16.840.1.113883.3.526.03.398)"</item>
               <item>
                  <content>"Procedure performed: Salvage Therapy"</content> using "Salvage Therapy Code List GROUPING (2.16.840.1.113883.3.526.03.399)"</item>
               <item>
                  <content>"Procedure result: AJCC Cancer Stage Low Risk Recurrence Prostate Cancer"</content> using "AJCC Cancer Stage Low Risk Recurrence Prostate Cancer SNOMED-CT Code List (2.16.840.1.113883.3.526.02.286)"</item>
            </list>
         </text>
         <entry typeCode="DRIV">
            <act classCode="ACT" moodCode="EVN" isCriterionInd="true"><!-- procedure result pattern -->
               <templateId root="2.16.840.1.113883.3.560.1.63"/>
               <id root="F866F451-F7FC-47F7-B082-B00F2029397C"/>
               <code code="47519-4" displayName="Procedures" codeSystem="2.16.840.1.113883.6.1"/>
               <sourceOf typeCode="COMP">
                  <procedure classCode="PROC" moodCode="EVN" isCriterionInd="true">
                     <code code="2.16.840.1.113883.3.526.02.286" displayName="AJCC Cancer Stage Low Risk Recurrence Prostate Cancer SNOMED-CT Code List"/>
                     <title>Procedure result: AJCC Cancer Stage Low Risk Recurrence Prostate Cancer</title>
                  </procedure>
               </sourceOf>
            </act>
         </entry>
         <entry typeCode="DRIV">
            <act classCode="ACT" moodCode="EVN" isCriterionInd="true"><!-- diagnostic study performed pattern -->
               <templateId root="2.16.840.1.113883.3.560.1.3"/>
               <id root="38EC8E8D-8E30-424F-86DE-AE590A5783DB"/>
               <code code="30954-2" displayName="Results" codeSystem="2.16.840.1.113883.6.1"/>
               <sourceOf typeCode="COMP">
                  <observation classCode="OBS" moodCode="EVN" isCriterionInd="true">
                     <code code="2.16.840.1.113883.3.526.03.320" displayName="Bone Scan Code List GROUPING"/>
                     <title>Diagnostic study performed: Bone Scan</title>
                     <statusCode code="completed"/>
                  </observation>
               </sourceOf>
            </act>
         </entry>
         <entry typeCode="DRIV">
            <act classCode="ACT" moodCode="EVN" isCriterionInd="true"><!-- laboratory test result pattern -->
               <templateId root="2.16.840.1.113883.3.560.1.12"/>
               <id root="3F60836D-BC2D-414D-A064-180AC8450CEA"/>
               <code code="30954-2" displayName="Results" codeSystem="2.16.840.1.113883.6.1"/>
               <sourceOf typeCode="COMP">
                  <observation classCode="OBS" moodCode="EVN" isCriterionInd="true">
                     <code code="2.16.840.1.113883.3.526.03.397" displayName="Gleason Score Code List GROUPING"/>
                     <title>Laboratory test result: Gleason Score</title>
                     <statusCode code="completed"/>
                  </observation>
               </sourceOf>
            </act>
         </entry>
         <entry typeCode="DRIV">
            <act classCode="ACT" moodCode="EVN" isCriterionInd="true"><!-- laboratory test result pattern -->
               <templateId root="2.16.840.1.113883.3.560.1.12"/>
               <id root="7EC4FDD8-E3EA-484A-8841-24FD424E44AE"/>
               <code code="30954-2" displayName="Results" codeSystem="2.16.840.1.113883.6.1"/>
               <sourceOf typeCode="COMP">
                  <observation classCode="OBS" moodCode="EVN" isCriterionInd="true">
                     <code code="2.16.840.1.113883.3.526.02.280" displayName="Gleason Score &lt;= 6 SNOMED-CT Code List"/>
                     <title>Laboratory test result: Gleason Score &lt;= 6</title>
                     <statusCode code="completed"/>
                  </observation>
               </sourceOf>
            </act>
         </entry>
         <entry typeCode="DRIV">
            <act classCode="ACT" moodCode="EVN" isCriterionInd="true"><!-- diagnosis active pattern -->
               <templateId root="2.16.840.1.113883.3.560.1.2"/>
               <id root="63278846-3DC1-42BE-A42F-7B33FA17514F"/>
               <code code="11450-4" displayName="Problem" codeSystem="2.16.840.1.113883.6.1"/>
               <sourceOf typeCode="COMP">
                  <observation classCode="OBS" moodCode="EVN" isCriterionInd="true">
                     <code code="55607006" codeSystem="2.16.840.1.113883.6.96" displayName="Problem"/>
                     <title>Diagnosis active: Pain Related to prostate cancer</title>
                     <value xsi:type="CD" code="2.16.840.1.113883.3.526.03.451" displayName="Pain Related to prostate cancer Code List GROUPING"/>
                     <sourceOf typeCode="REFR">
                        <observation classCode="OBS" moodCode="EVN" isCriterionInd="true">
                           <code code="33999-4" codeSystem="2.16.840.1.113883.6.1" displayName="Status"/>
                           <value xsi:type="CD" code="55561003" displayName="active" codeSystem="2.16.840.1.113883.6.96"/>
                        </observation>
                     </sourceOf>
                  </observation>
               </sourceOf>
            </act>
         </entry>
         <entry typeCode="DRIV">
            <act classCode="ACT" moodCode="EVN" isCriterionInd="true"><!-- diagnosis active pattern -->
               <templateId root="2.16.840.1.113883.3.560.1.2"/>
               <id root="AB931D1E-4ADC-4473-99B5-4C7F8090472A"/>
               <code code="11450-4" displayName="Problem" codeSystem="2.16.840.1.113883.6.1"/>
               <sourceOf typeCode="COMP">
                  <observation classCode="OBS" moodCode="EVN" isCriterionInd="true">
                     <code code="55607006" codeSystem="2.16.840.1.113883.6.96" displayName="Problem"/>
                     <title>Diagnosis active: Prostate Cancer</title>
                     <value xsi:type="CD" code="2.16.840.1.113883.3.526.03.319" displayName="Prostate Cancer Code List GROUPING"/>
                     <sourceOf typeCode="REFR">
                        <observation classCode="OBS" moodCode="EVN" isCriterionInd="true">
                           <code code="33999-4" codeSystem="2.16.840.1.113883.6.1" displayName="Status"/>
                           <value xsi:type="CD" code="55561003" displayName="active" codeSystem="2.16.840.1.113883.6.96"/>
                        </observation>
                     </sourceOf>
                  </observation>
               </sourceOf>
            </act>
         </entry>
         <entry typeCode="DRIV">
            <act classCode="ACT" moodCode="EVN" isCriterionInd="true"><!-- procedure performed pattern -->
               <templateId root="2.16.840.1.113883.3.560.1.6"/>
               <id root="92C89C89-74A4-426F-851C-9B4C3FD89F4A"/>
               <code code="47519-4" displayName="Procedures" codeSystem="2.16.840.1.113883.6.1"/>
               <sourceOf typeCode="COMP">
                  <procedure classCode="PROC" moodCode="EVN" isCriterionInd="true">
                     <code code="2.16.840.1.113883.3.526.03.398" displayName="Prostate Cancer Treatment Code List GROUPING"/>
                     <title>Procedure performed: Prostate Cancer Treatment</title>
                  </procedure>
               </sourceOf>
            </act>
         </entry>
         <entry typeCode="DRIV">
            <act classCode="ACT" moodCode="EVN" isCriterionInd="true"><!-- laboratory test result pattern -->
               <templateId root="2.16.840.1.113883.3.560.1.12"/>
               <id root="69A5AD99-4B21-489A-B9DF-328226E9BE90"/>
               <code code="30954-2" displayName="Results" codeSystem="2.16.840.1.113883.6.1"/>
               <sourceOf typeCode="COMP">
                  <observation classCode="OBS" moodCode="EVN" isCriterionInd="true">
                     <code code="2.16.840.1.113883.3.526.03.401" displayName="Prostate Specific Antigen Test Code List GROUPING"/>
                     <title>Laboratory test result: Prostate Specific Antigen Test</title>
                     <statusCode code="completed"/>
                  </observation>
               </sourceOf>
            </act>
         </entry>
         <entry typeCode="DRIV">
            <act classCode="ACT" moodCode="EVN" isCriterionInd="true"><!-- procedure performed pattern -->
               <templateId root="2.16.840.1.113883.3.560.1.6"/>
               <id root="50A719DC-899A-4B7E-A057-E02C2770880D"/>
               <code code="47519-4" displayName="Procedures" codeSystem="2.16.840.1.113883.6.1"/>
               <sourceOf typeCode="COMP">
                  <procedure classCode="PROC" moodCode="EVN" isCriterionInd="true">
                     <code code="2.16.840.1.113883.3.526.03.399" displayName="Salvage Therapy Code List GROUPING"/>
                     <title>Procedure performed: Salvage Therapy</title>
                  </procedure>
               </sourceOf>
            </act>
         </entry>
         <entry typeCode="DRIV">
            <act classCode="ACT" moodCode="EVN" isCriterionInd="true"><!-- patient characteristic pattern -->
               <templateId root="2.16.840.1.113883.3.560.1.1001"/>
               <id root="5A3E6722-0B7D-4E32-A0F3-E4A2CE730052"/>
               <code code="ASSERTION" codeSystem="2.16.840.1.113883.5.4"/>
               <sourceOf typeCode="COMP">
                  <observation classCode="OBS" moodCode="EVN" isCriterionInd="true">
                     <code code="ASSERTION" codeSystem="2.16.840.1.113883.5.4"/>
                     <title>Patient characteristic: Gender Male</title>
                     <value xsi:type="CD" code="2.16.840.1.113883.3.526.02.863" displayName="Gender Male HL7 Code List"/>
                  </observation>
               </sourceOf>
            </act>
         </entry>
      </section>
   </component>
   <component typeCode="COMP">
      <section>
         <title>Summary Calculation</title>
         <text>
            <content>Calculation is generic to all measures:</content>
            <list>
               <item>Calculate the final denominator by adding all that meet denominator criteria.</item>
               <item>Subtract from the final denominator all that do not meet numerator criteria yet also meet exclusion criteria.  Note some measures do not have exclusion criteria.</item>
               <item>The performance calculation is based on the "Measure scoring" from header information above:
					        	<list>
                     <item>For "Proportion" measures, the calculation is the number meeting numerator criteria divided by the final denominator.</item>
                     <item>For "Ratio" and "Continuous Variable" measures, follow the calculation instructions in the Data Aggregation header information above, if present.</item>
                  </list>
               </item>
               <item>For measures with multiple denominators, repeat this process for each denominator and report each result separately.</item>
               <item>For measures with multiple patient populations, repeat this process for each patient population and report each result separately.</item>
               <item>For measures with multiple numerators, calculate each numerator separately within each population using the paired exclusion.</item>
            </list>
         </text>
      </section>
   </component>
</QualityMeasureDocument>