<?xml version="1.0" encoding="UTF-8"?>
<?xml-stylesheet type="text/xsl" href="HQMFreader.xsl"?>
<QualityMeasureDocument xmlns:xsi="http://www.w3.org/2001/XMLSchema-instance" xmlns="urn:hl7-org:v3">
         
      <!--
         **************************************************************   
         Measure Header Section
         **************************************************************
      --><typeId root="2.16.840.1.113883.1.3" extension="POQM_HD000001"/>
   <id root="2380012F-CEAA-4A65-B059-3185B338AA11"/>
   <code code="57024-2" codeSystem="2.16.840.1.113883.6.1" displayName="Health Quality Measure Document"/>
   <title>Diabetes: Urine Screening (NQF 0062)</title>
   <text>The percentage of patients 18–75 years of age with diabetes (type 1 or type 2) who had a nephropathy screening test or evidence of nephropathy.
  </text>
   <statusCode code="completed"/>
   <setId root="DE4053A5-C898-4A11-9DE2-E88A9CB65685"/>
   <versionNumber value="1"/>
   <author typeCode="AUT">
      <assignedPerson classCode="ASSIGNED">
         <representedOrganization classCode="ORG" determinerCode="INSTANCE">
            <id root="2.16.840.1.113883.3.464"/>
            <name>National Committee for Quality Assurance</name>
            <contactParty classCode="CON" nullFlavor="UNK"/>
         </representedOrganization>
      </assignedPerson>
   </author>
   <custodian>
      <assignedPerson classCode="ASSIGNED">
         <representedOrganization classCode="ORG" determinerCode="INSTANCE">
            <id root="2.16.840.1.113883.3.464"/>
            <name>National Committee for Quality Assurance</name>
            <contactParty classCode="CON" nullFlavor="UNK"/>
         </representedOrganization>
      </assignedPerson>
   </custodian>
   <verifier typeCode="VRF">
      <assignedPerson classCode="ASSIGNED">
         <representedOrganization classCode="ORG" determinerCode="INSTANCE">
            <id root="2.16.840.1.113883.3.560"/>
            <name>National Quality Forum</name>
            <contactParty classCode="CON" nullFlavor="UNK"/>
         </representedOrganization>
      </assignedPerson>
   </verifier>
   <subjectOf>
      <measureAttribute>
         <code code="COPY" codeSystem="2.16.840.1.113883.5.4" displayName="Copyright"/>
         <value xsi:type="ED" mediaType="text/plain">© National Committee for Quality Assurance. All Rights Reserved</value>
      </measureAttribute>
   </subjectOf>
   <subjectOf>
      <measureAttribute>
         <code code="MSRSCORE" codeSystem="2.16.840.1.113883.5.4" displayName="Measure scoring"/>
         <value xsi:type="CD" code="PROPOR" codeSystem="2.16.840.1.113883.5.1063" displayName="Proportion"/>
      </measureAttribute>
   </subjectOf>
   <subjectOf>
      <measureAttribute>
         <code code="MSRTYPE" codeSystem="2.16.840.1.113883.5.4" displayName="Measure type"/>
         <value xsi:type="CD" code="PROCESS" codeSystem="2.16.840.1.113883.5.1063" displayName="Process"/>
      </measureAttribute>
   </subjectOf>
   <subjectOf>
      <measureAttribute>
         <code code="STRAT" codeSystem="2.16.840.1.113883.5.4" displayName="Stratification"/>
         <value xsi:type="ED" mediaType="text/plain">None</value>
      </measureAttribute>
   </subjectOf>
   <subjectOf>
      <measureAttribute>
         <code code="MSRADJ" codeSystem="2.16.840.1.113883.5.4" displayName="Risk Adjustment"/>
         <value xsi:type="ED" mediaType="text/plain">None</value>
      </measureAttribute>
   </subjectOf>
   <subjectOf>
      <measureAttribute>
         <code code="MSRAGG" codeSystem="2.16.840.1.113883.5.4" displayName="Data Aggregation"/>
         <value xsi:type="ED" mediaType="text/plain"/>
      </measureAttribute>
   </subjectOf>
   <subjectOf>
      <measureAttribute>
         <code code="RAT" codeSystem="2.16.840.1.113883.5.4" displayName="Rationale"/>
         <value xsi:type="ED" mediaType="text/plain">This measure assesses the percentage of patients in a specific age demographic who were diagnosed with type 1 or type 2 diabetes and who are susceptible to developing kidney disease as a comorbidity. Diabetes mellitus (diabetes) is a group of diseases characterized by high blood glucose levels caused by the body’s inability to correctly produce or utilize the hormone insulin (NIDDK 2007). It is recognized as a leading cause of death and disability in the U.S. and is highly underreported as a cause of death (NIDDK 2007). Diabetes of either type may cause life-threatening, life-ending or life-altering complications, including end-stage kidney disease. Diabetes is the primary cause of kidney failure, accounting for 44% of newly diagnosed cases in 2005 (NIDDK 2007). Clinical guidelines recommend regular testing to evaluate urine albumin excretions and serum creatinine and the estimated glomerular filtration rate derived from serum creatinine, in addition to comparing measurements when screening for chronic kidney disease (ADA 2009; ACCE 2007). This measure facilitates the prevention and long-term management of kidney disease for patients diagnosed with diabetes.</value>
      </measureAttribute>
   </subjectOf>
   <subjectOf>
      <measureAttribute>
         <code code="CRS" codeSystem="2.16.840.1.113883.3.560" displayName="Clinical Recommendation Statement"/>
         <value xsi:type="ED" mediaType="text/plain">American Diabetes Association (ADA), 2009:
• Perform an annual test to assess urine albumin excretion in type 1 diabetic patients with diabetes duration of &gt;=5 years and in all type 2 diabetic patients, starting at diagnosis. (E)
• Measure serum creatinine at least annually in all adults with diabetes regardless of the degree of urine albumin excretion. The serum creatinine should be used to estimate GFR and stage the level of chronic kidney disease (CKD), if present. (E)
• In the treatment of the nonpregnant patient with micro- or macroalbuminuria, either ACE inhibitors or ARBs should be used. (A)

American Association of Clinical Endocrinologists (AACE), 2007: Screen all patients with diabetes mellitus for chronic kidney disease annually; screening should begin 5 years after diagnosis in patients with T1DM and at the time of diagnosis in patients with T2DM. Testing includes:
- Measurement of albumin-to-creatinine ratio in a spot urine specimen and measurement of the estimated glomerular filtration rate derived from serum creatinine
- The following are diagnostic criteria for chronic kidney disease:
• Estimated glomerular filtration rate &lt;60 mL/min/1.73 m2 or albumin-to-creatinine ratio &gt;=30 mg albumin/g creatinine
• Microalbuminuria &gt;=30 mg albumin/g creatinine
• Macroalbuminuria &gt;=300 mg albumin/g creatinine (Grade A)
• Prescribe an angiotensin-converting enzyme inhibitor or an angiotensin receptor blocker in the antihypertensive regimen in the absence of contraindications. (Grade A)

American Geriatrics Society (AGS), 2003:  A test for the presence of microalbumin should be performed at diagnosis in patients with type 2 diabetes mellitus.  After the initial screening and in the absence of previously demonstrated macro- or microalbuminuria, a test for the presence of microalbumin should be performed annually. (Level III, Grade A)</value>
      </measureAttribute>
   </subjectOf>
   <subjectOf>
      <measureAttribute>
         <code code="IDUR" codeSystem="2.16.840.1.113883.3.560" displayName="Improvement notation"/>
         <value xsi:type="ED" mediaType="text/plain">Higher score indicates better quality</value>
      </measureAttribute>
   </subjectOf>
   <subjectOf>
      <measureAttribute>
         <templateId root="2.16.840.1.113883.3.560.1.74"/>
         <id root="1827EE9E-4955-4C52-BE45-A0C7276E7060"/>
         <code code="MSRTP" displayName="Measurement period" codeSystem="2.16.840.1.113883.3.560"/>
         <value xsi:type="EXPR_PQ" value="12" unit="m">
            <expression mediaType="text/plain">measureEndDate - measureStartDate</expression>
         </value>
      </measureAttribute>
   </subjectOf>
   <subjectOf>
      <localVariableName>measureStartDate</localVariableName>
      <measureAttribute>
         <templateId root="2.16.840.1.113883.3.560.1.75"/>
         <id root="8DC26A84-4971-4237-B890-BF64F7C76D2F"/>
         <code code="MSRSD" displayName="Measurement start date" codeSystem="2.16.840.1.113883.3.560"/>
         <value xsi:type="TS" value="00000101"/>
      </measureAttribute>
   </subjectOf>
   <subjectOf>
      <localVariableName>measureEndDate</localVariableName>
      <measureAttribute>
         <templateId root="2.16.840.1.113883.3.560.1.75"/>
         <id root="7E8F0537-665C-4ED5-A748-A0CBF2894080"/>
         <code code="MSRED" displayName="Measurement end date" codeSystem="2.16.840.1.113883.3.560"/>
         <value xsi:type="TS" value="00001231"/>
      </measureAttribute>
   </subjectOf>
   <subjectOf>
      <measureAttribute>
         <code code="MSRMD" codeSystem="2.16.840.1.113883.3.560" displayName="Measurement duration"/>
         <value xsi:type="ED" mediaType="text/plain">24 month(s)</value>
      </measureAttribute>
   </subjectOf>
   <subjectOf>
      <measureAttribute>
         <code code="REF" codeSystem="2.16.840.1.113883.5.4" displayName="Reference"/>
         <value xsi:type="ED" mediaType="text/plain">American Association of Clinical Endocrinologists and American College of Endocrinology. The American Association of Clinical Endocrinologists Medical Guidelines for the Management of Diabetes Mellitus: The AACE System of Intensive Diabetes Self-Management 2002.</value>
      </measureAttribute>
   </subjectOf>
   <subjectOf>
      <measureAttribute>
         <code code="REF" codeSystem="2.16.840.1.113883.5.4" displayName="Reference"/>
         <value xsi:type="ED" mediaType="text/plain">American Diabetes Association: Clinical Practice Recommendations 2004. Hypertension Management in Adults with Diabetes (Position Statement). Diabetes Care. 2004;27 (suppl 1):65-67.</value>
      </measureAttribute>
   </subjectOf>
   <subjectOf>
      <measureAttribute>
         <code code="REF" codeSystem="2.16.840.1.113883.5.4" displayName="Reference"/>
         <value xsi:type="ED" mediaType="text/plain">California Healthcare Foundation/American Geriatrics Society (AGS) Improving Care of Elders with Diabetes. Guidelines for Improving the Care of the Older Person with Diabetes Mellitus. J Am Geriatr Soc 2003;51:S265-S280. Available at http://ww.americangeriatrics.org/education/diabetes_executive_summary.shtml Accessed September 2004.</value>
      </measureAttribute>
   </subjectOf>
   <subjectOf>
      <measureAttribute>
         <code code="DEF" codeSystem="2.16.840.1.113883.3.560" displayName="Definition"/>
         <value xsi:type="ED" mediaType="text/plain" nullFlavor="NI"/>
      </measureAttribute>
   </subjectOf>
   <subjectOf>
      <measureAttribute>
         <code code="GUIDE" codeSystem="2.16.840.1.113883.5.4" displayName="Guidance"/>
         <value xsi:type="ED" mediaType="text/plain"/>
      </measureAttribute>
   </subjectOf>
   <componentOf>
      <qualityMeasureSet classCode="ACT">
         <id root="B1EB421F-C28C-453C-8DEE-7C6EFE318EB1"/>
         <title>CLINICAL QUALITY MEASURE SET 2011-2012</title>
      </qualityMeasureSet>
   </componentOf>
         
      <!--
         **************************************************************   
         Population Criteria Section
         **************************************************************
      --><component typeCode="COMP">
      <section>
         <code code="57026-7" codeSystem="2.16.840.1.113883.6.1" displayName="Population criteria"/>
         <title>Population criteria</title>
         <text>
            <list>
               <item>
                  <content styleCode="Bold">Initial Patient Population =</content>
                  <list>
                     <item>AND: "Patient characteristic: birth date"  &gt;= 17 year(s) starts before start of "Measurement period"</item>
                     <item>AND: "Patient characteristic: birth date"  &lt;= 74 year(s) starts before start of "Measurement period"</item>
                  </list>
               </item>
               <item>
                  <content styleCode="Bold">Denominator =</content>
                  <list>
                     <item>AND: "Initial Patient Population"</item>
                     <item>AND: <list>
                           <item>OR: "Medication order: Medications indicative of diabetes"</item>
                           <item>OR: "Medication dispensed: Medications indicative of diabetes"</item>
                           <item>OR: "Medication active: Medications indicative of diabetes"</item>
                           <item>OR: <list>
                                 <item>AND: "Diagnosis active: diabetes"</item>
                                 <item>AND: <list>
                                       <item>OR: "Encounter: Encounter acute inpatient or ED"</item>
                                       <item>OR: <list>
                                             <item>AND:  &gt;= 2 count(s) of<list>
                                                   <item>AND: "Encounter: encounter non-acute inpatient, outpatient, or ophthalmology"</item>
                                                </list>
                                             </item>
                                             <item>AND: FIRST:"Encounter: encounter non-acute inpatient, outpatient, or ophthalmology" starts before start of SECOND :"Encounter: encounter non-acute inpatient, outpatient, or ophthalmology"</item>
                                          </list>
                                       </item>
                                    </list>
                                 </item>
                              </list>
                           </item>
                           <item>  &lt;= 2 years starts before or during "Measurement end date"</item>
                        </list>
                     </item>
                  </list>
               </item>
               <item>
                  <content styleCode="Bold">Numerator =</content>
                  <list>
                     <item>AND: <list>
                           <item>OR: "Procedure performed: nephropathy-related procedures"</item>
                           <item>OR: "Diagnosis active: nephropathy"</item>
                           <item>OR: "Laboratory test performed: nephropathy screening"</item>
                           <item>OR: "Laboratory test performed: urine macroalbumin"</item>
                           <item>OR: "Medication order: ACE Inhibitors/ARBs"</item>
                           <item>OR: "Medication dispensed: ACE Inhibitors/ARBs"</item>
                           <item>OR: "Medication active: ACE Inhibitors/ARBs"</item>
                           <item> during "Measurement period"</item>
                        </list>
                     </item>
                  </list>
               </item>
               <item>
                  <content styleCode="Bold">Exclusions =</content>
                  <list>
                     <item>OR: <list>
                           <item>AND: <list>
                                 <item>AND NOT: "Diagnosis active: diabetes"</item>
                                 <item>AND NOT: <list>
                                       <item>OR: "Encounter: Encounter acute inpatient or ED"</item>
                                       <item>OR: "Encounter: encounter non-acute inpatient, outpatient, or ophthalmology"</item>
                                    </list>
                                 </item>
                                 <item>  &lt;= 2 year starts before or during "Measurement end date"</item>
                              </list>
                           </item>
                           <item>AND: "Diagnosis active: polycystic ovaries" starts before or during "Measurement end date"</item>
                        </list>
                     </item>
                     <item>OR: <list>
                           <item>AND: <list>
                                 <item>OR: "Diagnosis active: gestational diabetes"</item>
                                 <item>OR: "Diagnosis active: steroid induced diabetes"</item>
                              </list>
                           </item>
                           <item>AND: <list>
                                 <item>OR: "Medication order: Medications indicative of diabetes"</item>
                                 <item>OR: "Medication dispensed: Medications indicative of diabetes"</item>
                                 <item>OR: "Medication active: Medications indicative of diabetes"</item>
                              </list>
                           </item>
                           <item>AND: <list>
                                 <item>AND NOT: "Diagnosis active: diabetes"</item>
                                 <item>AND NOT: <list>
                                       <item>OR: "Encounter: Encounter acute inpatient or ED"</item>
                                       <item>OR: "Encounter: encounter non-acute inpatient, outpatient, or ophthalmology"</item>
                                    </list>
                                 </item>
                              </list>
                           </item>
                           <item>  &lt;= 2 year starts before or during "Measurement end date"</item>
                        </list>
                     </item>
                  </list>
               </item>
            </list>
         </text><!--
            **************************************************************   
            Population Criteria Section: exceptions 
            **************************************************************
      -->
         <entry typeCode="DRIV">
            <observation classCode="OBS" moodCode="EVN.CRT" isCriterionInd="true">
               <id root="A60FAF65-6116-4D75-A85B-9E9175ECFACF"/>
               <code code="ASSERTION" codeSystem="2.16.840.1.113883.5.4"/>
               <value xsi:type="CD" code="DENEXCEP" codeSystem="2.16.840.1.113883.5.1063" codeSystemName="HL7 Observation Value" displayName="Denominator Exception"/><!--  top and/or -->
               <sourceOf typeCode="PRCN">
                  <conjunctionCode code="OR"/>
                  <act classCode="ACT" moodCode="EVN" isCriterionInd="true">
                     <sourceOf typeCode="PRCN">
                        <conjunctionCode code="AND"/>
                        <act classCode="ACT" moodCode="EVN" isCriterionInd="true" actionNegationInd="true">
                           <sourceOf typeCode="PRCN">
                              <conjunctionCode code="AND"/>
                              <act classCode="ACT" moodCode="EVN" isCriterionInd="true"><!-- diagnosis active pattern -->
                                 <templateId root="2.16.840.1.113883.3.560.1.2"/>
                                 <id root="D9DD2D7E-5FAD-4B0E-B150-4E3C5B46727F"/>
                                 <code code="11450-4" displayName="Problem" codeSystem="2.16.840.1.113883.6.1"/>
                                 <sourceOf typeCode="COMP">
                                    <observation classCode="OBS" moodCode="EVN" isCriterionInd="true">
                                       <code code="55607006" codeSystem="2.16.840.1.113883.6.96" displayName="Problem"/>
                                       <title>Diagnosis active: diabetes</title>
                                       <value xsi:type="CD" code="2.16.840.1.113883.3.464.0001.37" displayName="diabetes Code List GROUPING"/>
                                       <sourceOf typeCode="REFR">
                                          <observation classCode="OBS" moodCode="EVN" isCriterionInd="true">
                                             <code code="33999-4" codeSystem="2.16.840.1.113883.6.1" displayName="Status"/>
                                             <value xsi:type="CD" code="55561003" displayName="active" codeSystem="2.16.840.1.113883.6.96"/>
                                          </observation>
                                       </sourceOf>
                                    </observation>
                                 </sourceOf>
                              </act>
                           </sourceOf>
                           <sourceOf typeCode="PRCN">
                              <conjunctionCode code="AND"/>
                              <act classCode="ACT" moodCode="EVN" isCriterionInd="true">
                                 <sourceOf typeCode="PRCN">
                                    <conjunctionCode code="OR"/>
                                    <act classCode="ACT" moodCode="EVN" isCriterionInd="true"><!-- encounter pattern -->
                                       <templateId root="2.16.840.1.113883.3.560.1.4"/>
                                       <id root="D19AAE72-468A-46FD-8F9E-488358B211D6"/>
                                       <code code="46240-8" displayName="Encounter list" codeSystem="2.16.840.1.113883.6.1"/>
                                       <sourceOf typeCode="COMP">
                                          <encounter classCode="ENC" moodCode="EVN" isCriterionInd="true">
                                             <code code="2.16.840.1.113883.3.464.0001.42" displayName="Encounter acute inpatient or ED Code List GROUPING"/>
                                             <title>Encounter: Encounter acute inpatient or ED</title>
                                          </encounter>
                                       </sourceOf>
                                    </act>
                                 </sourceOf>
                                 <sourceOf typeCode="PRCN">
                                    <conjunctionCode code="OR"/>
                                    <act classCode="ACT" moodCode="EVN" isCriterionInd="true"><!-- encounter pattern -->
                                       <templateId root="2.16.840.1.113883.3.560.1.4"/>
                                       <id root="6453CABB-ED3C-4205-BD64-6410F4E24464"/>
                                       <code code="46240-8" displayName="Encounter list" codeSystem="2.16.840.1.113883.6.1"/>
                                       <sourceOf typeCode="COMP">
                                          <encounter classCode="ENC" moodCode="EVN" isCriterionInd="true">
                                             <code code="2.16.840.1.113883.3.464.0001.47" displayName="encounter non-acute inpatient, outpatient, or ophthalmology Code List GROUPING"/>
                                             <title>Encounter: encounter non-acute inpatient, outpatient, or ophthalmology</title>
                                          </encounter>
                                       </sourceOf>
                                    </act>
                                 </sourceOf>
                              </act>
                           </sourceOf>
                           <sourceOf typeCode="EAS" inversionInd="true">
                              <pauseQuantity xsi:type="URG_PQ">
                                 <high value="2" unit="year" inclusive="true"/>
                              </pauseQuantity>
                              <observation classCode="OBS" moodCode="EVN" isCriterionInd="true">
                                 <id root="7E8F0537-665C-4ED5-A748-A0CBF2894080"/>
                                 <title>Measurement end date</title>
                              </observation>
                           </sourceOf>
                        </act>
                     </sourceOf>
                     <sourceOf typeCode="PRCN">
                        <conjunctionCode code="AND"/>
                        <act classCode="ACT" moodCode="EVN" isCriterionInd="true"><!-- diagnosis active pattern -->
                           <templateId root="2.16.840.1.113883.3.560.1.2"/>
                           <id root="3E27F9A2-3201-4156-9182-02ECF82DBEB4"/>
                           <code code="11450-4" displayName="Problem" codeSystem="2.16.840.1.113883.6.1"/>
                           <sourceOf typeCode="COMP">
                              <observation classCode="OBS" moodCode="EVN" isCriterionInd="true">
                                 <code code="55607006" codeSystem="2.16.840.1.113883.6.96" displayName="Problem"/>
                                 <title>Diagnosis active: polycystic ovaries</title>
                                 <value xsi:type="CD" code="2.16.840.1.113883.3.464.0001.98" displayName="polycystic ovaries Code List GROUPING"/>
                                 <sourceOf typeCode="REFR">
                                    <observation classCode="OBS" moodCode="EVN" isCriterionInd="true">
                                       <code code="33999-4" codeSystem="2.16.840.1.113883.6.1" displayName="Status"/>
                                       <value xsi:type="CD" code="55561003" displayName="active" codeSystem="2.16.840.1.113883.6.96"/>
                                    </observation>
                                 </sourceOf>
                                 <sourceOf typeCode="EAS" inversionInd="true">
                                    <observation classCode="OBS" moodCode="EVN">
                                       <id root="7E8F0537-665C-4ED5-A748-A0CBF2894080"/>
                                       <title>Measurement end date</title>
                                    </observation>
                                 </sourceOf>
                              </observation>
                           </sourceOf>
                        </act>
                     </sourceOf>
                  </act>
               </sourceOf>
               <sourceOf typeCode="PRCN">
                  <conjunctionCode code="OR"/>
                  <act classCode="ACT" moodCode="EVN" isCriterionInd="true">
                     <sourceOf typeCode="PRCN">
                        <conjunctionCode code="AND"/>
                        <act classCode="ACT" moodCode="EVN" isCriterionInd="true">
                           <sourceOf typeCode="PRCN">
                              <conjunctionCode code="OR"/>
                              <act classCode="ACT" moodCode="EVN" isCriterionInd="true"><!-- diagnosis active pattern -->
                                 <templateId root="2.16.840.1.113883.3.560.1.2"/>
                                 <id root="58C87525-1F9B-4277-A96E-A8ECCEF67656"/>
                                 <code code="11450-4" displayName="Problem" codeSystem="2.16.840.1.113883.6.1"/>
                                 <sourceOf typeCode="COMP">
                                    <observation classCode="OBS" moodCode="EVN" isCriterionInd="true">
                                       <code code="55607006" codeSystem="2.16.840.1.113883.6.96" displayName="Problem"/>
                                       <title>Diagnosis active: gestational diabetes</title>
                                       <value xsi:type="CD" code="2.16.840.1.113883.3.464.0001.67" displayName="gestational diabetes Code List GROUPING"/>
                                       <sourceOf typeCode="REFR">
                                          <observation classCode="OBS" moodCode="EVN" isCriterionInd="true">
                                             <code code="33999-4" codeSystem="2.16.840.1.113883.6.1" displayName="Status"/>
                                             <value xsi:type="CD" code="55561003" displayName="active" codeSystem="2.16.840.1.113883.6.96"/>
                                          </observation>
                                       </sourceOf>
                                    </observation>
                                 </sourceOf>
                              </act>
                           </sourceOf>
                           <sourceOf typeCode="PRCN">
                              <conjunctionCode code="OR"/>
                              <act classCode="ACT" moodCode="EVN" isCriterionInd="true"><!-- diagnosis active pattern -->
                                 <templateId root="2.16.840.1.113883.3.560.1.2"/>
                                 <id root="B5737324-14D7-476C-AB14-FECA9B58ABD7"/>
                                 <code code="11450-4" displayName="Problem" codeSystem="2.16.840.1.113883.6.1"/>
                                 <sourceOf typeCode="COMP">
                                    <observation classCode="OBS" moodCode="EVN" isCriterionInd="true">
                                       <code code="55607006" codeSystem="2.16.840.1.113883.6.96" displayName="Problem"/>
                                       <title>Diagnosis active: steroid induced diabetes</title>
                                       <value xsi:type="CD" code="2.16.840.1.113883.3.464.0001.113" displayName="steroid induced diabetes Code List GROUPING"/>
                                       <sourceOf typeCode="REFR">
                                          <observation classCode="OBS" moodCode="EVN" isCriterionInd="true">
                                             <code code="33999-4" codeSystem="2.16.840.1.113883.6.1" displayName="Status"/>
                                             <value xsi:type="CD" code="55561003" displayName="active" codeSystem="2.16.840.1.113883.6.96"/>
                                          </observation>
                                       </sourceOf>
                                    </observation>
                                 </sourceOf>
                              </act>
                           </sourceOf>
                        </act>
                     </sourceOf>
                     <sourceOf typeCode="PRCN">
                        <conjunctionCode code="AND"/>
                        <act classCode="ACT" moodCode="EVN" isCriterionInd="true">
                           <sourceOf typeCode="PRCN">
                              <conjunctionCode code="OR"/>
                              <act classCode="ACT" moodCode="EVN" isCriterionInd="true"><!-- medication order pattern -->
                                 <templateId root="2.16.840.1.113883.3.560.1.17"/>
                                 <id root="11462DF7-EE03-49F6-A3ED-BEB84F9DDC7E"/>
                                 <code code="10160-0" displayName="Medications" codeSystem="2.16.840.1.113883.6.1"/>
                                 <sourceOf typeCode="COMP">
                                    <substanceAdministration classCode="SBADM" moodCode="RQO" isCriterionInd="true">
                                       <title>Medication order: Medications indicative of diabetes</title>
                                       <participant typeCode="CSM">
                                          <roleParticipant classCode="MANU">
                                             <playingMaterial classCode="MMAT" determinerCode="KIND">
                                                <code code="2.16.840.1.113883.3.464.0001.94" displayName="Medications indicative of diabetes Code List GROUPING"/>
                                             </playingMaterial>
                                          </roleParticipant>
                                       </participant>
                                    </substanceAdministration>
                                 </sourceOf>
                              </act>
                           </sourceOf>
                           <sourceOf typeCode="PRCN">
                              <conjunctionCode code="OR"/>
                              <act classCode="ACT" moodCode="EVN" isCriterionInd="true"><!-- medication dispensed pattern -->
                                 <templateId root="2.16.840.1.113883.3.560.1.8"/>
                                 <id root="219EBE6C-228A-4F6D-9051-BF39918C96DF"/>
                                 <code code="10160-0" displayName="Medications" codeSystem="2.16.840.1.113883.6.1"/>
                                 <sourceOf typeCode="COMP">
                                    <supply classCode="SPLY" moodCode="EVN" isCriterionInd="true">
                                       <title>Medication dispensed: Medications indicative of diabetes</title>
                                       <participant typeCode="CSM">
                                          <roleParticipant classCode="MANU">
                                             <playingMaterial classCode="MMAT" determinerCode="KIND">
                                                <code code="2.16.840.1.113883.3.464.0001.94" displayName="Medications indicative of diabetes Code List GROUPING"/>
                                             </playingMaterial>
                                          </roleParticipant>
                                       </participant>
                                    </supply>
                                 </sourceOf>
                              </act>
                           </sourceOf>
                           <sourceOf typeCode="PRCN">
                              <conjunctionCode code="OR"/>
                              <act classCode="ACT" moodCode="EVN" isCriterionInd="true"><!-- medication active pattern -->
                                 <templateId root="2.16.840.1.113883.3.560.1.13"/>
                                 <id root="25918787-CD36-47AD-8A5C-41140D0F34CA"/>
                                 <code code="10160-0" displayName="Medications" codeSystem="2.16.840.1.113883.6.1"/>
                                 <sourceOf typeCode="COMP">
                                    <substanceAdministration classCode="SBADM" moodCode="EVN" isCriterionInd="true">
                                       <title>Medication active: Medications indicative of diabetes</title>
                                       <participant typeCode="CSM">
                                          <roleParticipant classCode="MANU">
                                             <playingMaterial classCode="MMAT" determinerCode="KIND">
                                                <code code="2.16.840.1.113883.3.464.0001.94" displayName="Medications indicative of diabetes Code List GROUPING"/>
                                             </playingMaterial>
                                          </roleParticipant>
                                       </participant>
                                       <sourceOf typeCode="REFR">
                                          <observation classCode="OBS" moodCode="EVN" isCriterionInd="true">
                                             <code code="33999-4" displayName="Status" codeSystem="2.16.840.1.113883.6.1"/>
                                             <value xsi:type="CD" code="55561003" displayName="Active" codeSystem="2.16.840.1.113883.6.96"/>
                                          </observation>
                                       </sourceOf>
                                    </substanceAdministration>
                                 </sourceOf>
                              </act>
                           </sourceOf>
                        </act>
                     </sourceOf>
                     <sourceOf typeCode="PRCN">
                        <conjunctionCode code="AND"/>
                        <act classCode="ACT" moodCode="EVN" isCriterionInd="true" actionNegationInd="true">
                           <sourceOf typeCode="PRCN">
                              <conjunctionCode code="AND"/>
                              <act classCode="ACT" moodCode="EVN" isCriterionInd="true"><!-- diagnosis active pattern -->
                                 <templateId root="2.16.840.1.113883.3.560.1.2"/>
                                 <id root="D9DD2D7E-5FAD-4B0E-B150-4E3C5B46727F"/>
                                 <code code="11450-4" displayName="Problem" codeSystem="2.16.840.1.113883.6.1"/>
                                 <sourceOf typeCode="COMP">
                                    <observation classCode="OBS" moodCode="EVN" isCriterionInd="true">
                                       <code code="55607006" codeSystem="2.16.840.1.113883.6.96" displayName="Problem"/>
                                       <title>Diagnosis active: diabetes</title>
                                       <value xsi:type="CD" code="2.16.840.1.113883.3.464.0001.37" displayName="diabetes Code List GROUPING"/>
                                       <sourceOf typeCode="REFR">
                                          <observation classCode="OBS" moodCode="EVN" isCriterionInd="true">
                                             <code code="33999-4" codeSystem="2.16.840.1.113883.6.1" displayName="Status"/>
                                             <value xsi:type="CD" code="55561003" displayName="active" codeSystem="2.16.840.1.113883.6.96"/>
                                          </observation>
                                       </sourceOf>
                                    </observation>
                                 </sourceOf>
                              </act>
                           </sourceOf>
                           <sourceOf typeCode="PRCN">
                              <conjunctionCode code="AND"/>
                              <act classCode="ACT" moodCode="EVN" isCriterionInd="true">
                                 <sourceOf typeCode="PRCN">
                                    <conjunctionCode code="OR"/>
                                    <act classCode="ACT" moodCode="EVN" isCriterionInd="true"><!-- encounter pattern -->
                                       <templateId root="2.16.840.1.113883.3.560.1.4"/>
                                       <id root="D19AAE72-468A-46FD-8F9E-488358B211D6"/>
                                       <code code="46240-8" displayName="Encounter list" codeSystem="2.16.840.1.113883.6.1"/>
                                       <sourceOf typeCode="COMP">
                                          <encounter classCode="ENC" moodCode="EVN" isCriterionInd="true">
                                             <code code="2.16.840.1.113883.3.464.0001.42" displayName="Encounter acute inpatient or ED Code List GROUPING"/>
                                             <title>Encounter: Encounter acute inpatient or ED</title>
                                          </encounter>
                                       </sourceOf>
                                    </act>
                                 </sourceOf>
                                 <sourceOf typeCode="PRCN">
                                    <conjunctionCode code="OR"/>
                                    <act classCode="ACT" moodCode="EVN" isCriterionInd="true"><!-- encounter pattern -->
                                       <templateId root="2.16.840.1.113883.3.560.1.4"/>
                                       <id root="6453CABB-ED3C-4205-BD64-6410F4E24464"/>
                                       <code code="46240-8" displayName="Encounter list" codeSystem="2.16.840.1.113883.6.1"/>
                                       <sourceOf typeCode="COMP">
                                          <encounter classCode="ENC" moodCode="EVN" isCriterionInd="true">
                                             <code code="2.16.840.1.113883.3.464.0001.47" displayName="encounter non-acute inpatient, outpatient, or ophthalmology Code List GROUPING"/>
                                             <title>Encounter: encounter non-acute inpatient, outpatient, or ophthalmology</title>
                                          </encounter>
                                       </sourceOf>
                                    </act>
                                 </sourceOf>
                              </act>
                           </sourceOf>
                        </act>
                     </sourceOf>
                     <sourceOf typeCode="EAS" inversionInd="true">
                        <pauseQuantity xsi:type="URG_PQ">
                           <high value="2" unit="year" inclusive="true"/>
                        </pauseQuantity>
                        <observation classCode="OBS" moodCode="EVN" isCriterionInd="true">
                           <id root="7E8F0537-665C-4ED5-A748-A0CBF2894080"/>
                           <title>Measurement end date</title>
                        </observation>
                     </sourceOf>
                  </act>
               </sourceOf>
            </observation>
         </entry><!--
            **************************************************************   
            Population Criteria Section: numerator 
            **************************************************************
      -->
         <entry typeCode="DRIV">
            <observation classCode="OBS" moodCode="EVN.CRT" isCriterionInd="true">
               <id root="E9BF991E-8660-48B4-944D-B0B48FB563E2"/>
               <code code="ASSERTION" codeSystem="2.16.840.1.113883.5.4"/>
               <value xsi:type="CD" code="NUMER" codeSystem="2.16.840.1.113883.5.1063" codeSystemName="HL7 Observation Value" displayName="Numerator"/><!--  top and/or -->
               <sourceOf typeCode="PRCN">
                  <conjunctionCode code="AND"/>
                  <act classCode="ACT" moodCode="EVN" isCriterionInd="true">
                     <sourceOf typeCode="PRCN">
                        <conjunctionCode code="OR"/>
                        <act classCode="ACT" moodCode="EVN" isCriterionInd="true"><!-- procedure performed pattern -->
                           <templateId root="2.16.840.1.113883.3.560.1.6"/>
                           <id root="14916242-A151-430F-9D16-A26BB414A528"/>
                           <code code="47519-4" displayName="Procedures" codeSystem="2.16.840.1.113883.6.1"/>
                           <sourceOf typeCode="COMP">
                              <procedure classCode="PROC" moodCode="EVN" isCriterionInd="true">
                                 <code code="2.16.840.1.113883.3.464.0001.352" displayName="nephropathy-related procedures Code List GROUPING"/>
                                 <title>Procedure performed: nephropathy-related procedures</title>
                              </procedure>
                           </sourceOf>
                        </act>
                     </sourceOf>
                     <sourceOf typeCode="PRCN">
                        <conjunctionCode code="OR"/>
                        <act classCode="ACT" moodCode="EVN" isCriterionInd="true"><!-- diagnosis active pattern -->
                           <templateId root="2.16.840.1.113883.3.560.1.2"/>
                           <id root="69363C92-34C7-4B1C-8B67-3AC8F0A4EF2E"/>
                           <code code="11450-4" displayName="Problem" codeSystem="2.16.840.1.113883.6.1"/>
                           <sourceOf typeCode="COMP">
                              <observation classCode="OBS" moodCode="EVN" isCriterionInd="true">
                                 <code code="55607006" codeSystem="2.16.840.1.113883.6.96" displayName="Problem"/>
                                 <title>Diagnosis active: nephropathy</title>
                                 <value xsi:type="CD" code="2.16.840.1.113883.3.464.0001.343" displayName="nephropathy Code List GROUPING"/>
                                 <sourceOf typeCode="REFR">
                                    <observation classCode="OBS" moodCode="EVN" isCriterionInd="true">
                                       <code code="33999-4" codeSystem="2.16.840.1.113883.6.1" displayName="Status"/>
                                       <value xsi:type="CD" code="55561003" displayName="active" codeSystem="2.16.840.1.113883.6.96"/>
                                    </observation>
                                 </sourceOf>
                              </observation>
                           </sourceOf>
                        </act>
                     </sourceOf>
                     <sourceOf typeCode="PRCN">
                        <conjunctionCode code="OR"/>
                        <act classCode="ACT" moodCode="EVN" isCriterionInd="true"><!-- laboratory test performed pattern -->
                           <templateId root="2.16.840.1.113883.3.560.1.5"/>
                           <id root="13AFEA50-4A95-458F-9266-B4DAAE578631"/>
                           <code code="30954-2" displayName="Results" codeSystem="2.16.840.1.113883.6.1"/>
                           <sourceOf typeCode="COMP">
                              <observation classCode="OBS" moodCode="EVN" isCriterionInd="true">
                                 <code code="2.16.840.1.113883.3.464.0001.348" displayName="nephropathy screening Code List GROUPING"/>
                                 <title>Laboratory test performed: nephropathy screening</title>
                                 <statusCode code="completed"/>
                              </observation>
                           </sourceOf>
                        </act>
                     </sourceOf>
                     <sourceOf typeCode="PRCN">
                        <conjunctionCode code="OR"/>
                        <act classCode="ACT" moodCode="EVN" isCriterionInd="true"><!-- laboratory test performed pattern -->
                           <templateId root="2.16.840.1.113883.3.560.1.5"/>
                           <id root="5E23294B-4033-4CD2-A110-9FFDEFE8AB3E"/>
                           <code code="30954-2" displayName="Results" codeSystem="2.16.840.1.113883.6.1"/>
                           <sourceOf typeCode="COMP">
                              <observation classCode="OBS" moodCode="EVN" isCriterionInd="true">
                                 <code code="2.16.840.1.113883.3.464.0001.416" displayName="urine macroalbumin Code List GROUPING"/>
                                 <title>Laboratory test performed: urine macroalbumin</title>
                                 <statusCode code="completed"/>
                              </observation>
                           </sourceOf>
                        </act>
                     </sourceOf>
                     <sourceOf typeCode="PRCN">
                        <conjunctionCode code="OR"/>
                        <act classCode="ACT" moodCode="EVN" isCriterionInd="true"><!-- medication order pattern -->
                           <templateId root="2.16.840.1.113883.3.560.1.17"/>
                           <id root="A8D9F800-7172-46DE-819D-ED819A38C16A"/>
                           <code code="10160-0" displayName="Medications" codeSystem="2.16.840.1.113883.6.1"/>
                           <sourceOf typeCode="COMP">
                              <substanceAdministration classCode="SBADM" moodCode="RQO" isCriterionInd="true">
                                 <title>Medication order: ACE Inhibitors/ARBs</title>
                                 <participant typeCode="CSM">
                                    <roleParticipant classCode="MANU">
                                       <playingMaterial classCode="MMAT" determinerCode="KIND">
                                          <code code="2.16.840.1.113883.3.464.0001.145" displayName="ACE Inhibitors/ARBs Code List GROUPING"/>
                                       </playingMaterial>
                                    </roleParticipant>
                                 </participant>
                              </substanceAdministration>
                           </sourceOf>
                        </act>
                     </sourceOf>
                     <sourceOf typeCode="PRCN">
                        <conjunctionCode code="OR"/>
                        <act classCode="ACT" moodCode="EVN" isCriterionInd="true"><!-- medication dispensed pattern -->
                           <templateId root="2.16.840.1.113883.3.560.1.8"/>
                           <id root="CADFEB6B-D5A3-4AC7-BA8A-4CF4C295340C"/>
                           <code code="10160-0" displayName="Medications" codeSystem="2.16.840.1.113883.6.1"/>
                           <sourceOf typeCode="COMP">
                              <supply classCode="SPLY" moodCode="EVN" isCriterionInd="true">
                                 <title>Medication dispensed: ACE Inhibitors/ARBs</title>
                                 <participant typeCode="CSM">
                                    <roleParticipant classCode="MANU">
                                       <playingMaterial classCode="MMAT" determinerCode="KIND">
                                          <code code="2.16.840.1.113883.3.464.0001.145" displayName="ACE Inhibitors/ARBs Code List GROUPING"/>
                                       </playingMaterial>
                                    </roleParticipant>
                                 </participant>
                              </supply>
                           </sourceOf>
                        </act>
                     </sourceOf>
                     <sourceOf typeCode="PRCN">
                        <conjunctionCode code="OR"/>
                        <act classCode="ACT" moodCode="EVN" isCriterionInd="true"><!-- medication active pattern -->
                           <templateId root="2.16.840.1.113883.3.560.1.13"/>
                           <id root="F2256FFA-1F49-468E-84CB-309CE591548F"/>
                           <code code="10160-0" displayName="Medications" codeSystem="2.16.840.1.113883.6.1"/>
                           <sourceOf typeCode="COMP">
                              <substanceAdministration classCode="SBADM" moodCode="EVN" isCriterionInd="true">
                                 <title>Medication active: ACE Inhibitors/ARBs</title>
                                 <participant typeCode="CSM">
                                    <roleParticipant classCode="MANU">
                                       <playingMaterial classCode="MMAT" determinerCode="KIND">
                                          <code code="2.16.840.1.113883.3.464.0001.145" displayName="ACE Inhibitors/ARBs Code List GROUPING"/>
                                       </playingMaterial>
                                    </roleParticipant>
                                 </participant>
                                 <sourceOf typeCode="REFR">
                                    <observation classCode="OBS" moodCode="EVN" isCriterionInd="true">
                                       <code code="33999-4" displayName="Status" codeSystem="2.16.840.1.113883.6.1"/>
                                       <value xsi:type="CD" code="55561003" displayName="Active" codeSystem="2.16.840.1.113883.6.96"/>
                                    </observation>
                                 </sourceOf>
                              </substanceAdministration>
                           </sourceOf>
                        </act>
                     </sourceOf>
                     <sourceOf typeCode="DURING">
                        <observation classCode="OBS" moodCode="EVN" isCriterionInd="true">
                           <id root="1827EE9E-4955-4C52-BE45-A0C7276E7060"/>
                           <title>Measurement period</title>
                        </observation>
                     </sourceOf>
                  </act>
               </sourceOf>
            </observation>
         </entry><!--
            **************************************************************   
            Population Criteria Section: denominator 
            **************************************************************
      -->
         <entry typeCode="DRIV">
            <observation classCode="OBS" moodCode="EVN.CRT" isCriterionInd="true">
               <id root="DD4EFA4E-6051-4A2E-BAF9-2D57B34A4FB3"/>
               <code code="ASSERTION" codeSystem="2.16.840.1.113883.5.4"/>
               <value xsi:type="CD" code="DENOM" codeSystem="2.16.840.1.113883.5.1063" codeSystemName="HL7 Observation Value" displayName="Denominator"/><!--  top and/or -->
               <sourceOf typeCode="PRCN">
                  <conjunctionCode code="AND"/>
                  <observation classCode="OBS" moodCode="EVN" isCriterionInd="true">
                     <id root="AB3FE688-77B0-41DA-ABCE-F90381E72161"/>
                     <title>Initial Patient Population</title>
                  </observation>
               </sourceOf>
               <sourceOf typeCode="PRCN">
                  <conjunctionCode code="AND"/>
                  <act classCode="ACT" moodCode="EVN" isCriterionInd="true">
                     <sourceOf typeCode="PRCN">
                        <conjunctionCode code="OR"/>
                        <act classCode="ACT" moodCode="EVN" isCriterionInd="true"><!-- medication order pattern -->
                           <templateId root="2.16.840.1.113883.3.560.1.17"/>
                           <id root="11462DF7-EE03-49F6-A3ED-BEB84F9DDC7E"/>
                           <code code="10160-0" displayName="Medications" codeSystem="2.16.840.1.113883.6.1"/>
                           <sourceOf typeCode="COMP">
                              <substanceAdministration classCode="SBADM" moodCode="RQO" isCriterionInd="true">
                                 <title>Medication order: Medications indicative of diabetes</title>
                                 <participant typeCode="CSM">
                                    <roleParticipant classCode="MANU">
                                       <playingMaterial classCode="MMAT" determinerCode="KIND">
                                          <code code="2.16.840.1.113883.3.464.0001.94" displayName="Medications indicative of diabetes Code List GROUPING"/>
                                       </playingMaterial>
                                    </roleParticipant>
                                 </participant>
                              </substanceAdministration>
                           </sourceOf>
                        </act>
                     </sourceOf>
                     <sourceOf typeCode="PRCN">
                        <conjunctionCode code="OR"/>
                        <act classCode="ACT" moodCode="EVN" isCriterionInd="true"><!-- medication dispensed pattern -->
                           <templateId root="2.16.840.1.113883.3.560.1.8"/>
                           <id root="219EBE6C-228A-4F6D-9051-BF39918C96DF"/>
                           <code code="10160-0" displayName="Medications" codeSystem="2.16.840.1.113883.6.1"/>
                           <sourceOf typeCode="COMP">
                              <supply classCode="SPLY" moodCode="EVN" isCriterionInd="true">
                                 <title>Medication dispensed: Medications indicative of diabetes</title>
                                 <participant typeCode="CSM">
                                    <roleParticipant classCode="MANU">
                                       <playingMaterial classCode="MMAT" determinerCode="KIND">
                                          <code code="2.16.840.1.113883.3.464.0001.94" displayName="Medications indicative of diabetes Code List GROUPING"/>
                                       </playingMaterial>
                                    </roleParticipant>
                                 </participant>
                              </supply>
                           </sourceOf>
                        </act>
                     </sourceOf>
                     <sourceOf typeCode="PRCN">
                        <conjunctionCode code="OR"/>
                        <act classCode="ACT" moodCode="EVN" isCriterionInd="true"><!-- medication active pattern -->
                           <templateId root="2.16.840.1.113883.3.560.1.13"/>
                           <id root="25918787-CD36-47AD-8A5C-41140D0F34CA"/>
                           <code code="10160-0" displayName="Medications" codeSystem="2.16.840.1.113883.6.1"/>
                           <sourceOf typeCode="COMP">
                              <substanceAdministration classCode="SBADM" moodCode="EVN" isCriterionInd="true">
                                 <title>Medication active: Medications indicative of diabetes</title>
                                 <participant typeCode="CSM">
                                    <roleParticipant classCode="MANU">
                                       <playingMaterial classCode="MMAT" determinerCode="KIND">
                                          <code code="2.16.840.1.113883.3.464.0001.94" displayName="Medications indicative of diabetes Code List GROUPING"/>
                                       </playingMaterial>
                                    </roleParticipant>
                                 </participant>
                                 <sourceOf typeCode="REFR">
                                    <observation classCode="OBS" moodCode="EVN" isCriterionInd="true">
                                       <code code="33999-4" displayName="Status" codeSystem="2.16.840.1.113883.6.1"/>
                                       <value xsi:type="CD" code="55561003" displayName="Active" codeSystem="2.16.840.1.113883.6.96"/>
                                    </observation>
                                 </sourceOf>
                              </substanceAdministration>
                           </sourceOf>
                        </act>
                     </sourceOf>
                     <sourceOf typeCode="PRCN">
                        <conjunctionCode code="OR"/>
                        <act classCode="ACT" moodCode="EVN" isCriterionInd="true">
                           <sourceOf typeCode="PRCN">
                              <conjunctionCode code="AND"/>
                              <act classCode="ACT" moodCode="EVN" isCriterionInd="true"><!-- diagnosis active pattern -->
                                 <templateId root="2.16.840.1.113883.3.560.1.2"/>
                                 <id root="D9DD2D7E-5FAD-4B0E-B150-4E3C5B46727F"/>
                                 <code code="11450-4" displayName="Problem" codeSystem="2.16.840.1.113883.6.1"/>
                                 <sourceOf typeCode="COMP">
                                    <observation classCode="OBS" moodCode="EVN" isCriterionInd="true">
                                       <code code="55607006" codeSystem="2.16.840.1.113883.6.96" displayName="Problem"/>
                                       <title>Diagnosis active: diabetes</title>
                                       <value xsi:type="CD" code="2.16.840.1.113883.3.464.0001.37" displayName="diabetes Code List GROUPING"/>
                                       <sourceOf typeCode="REFR">
                                          <observation classCode="OBS" moodCode="EVN" isCriterionInd="true">
                                             <code code="33999-4" codeSystem="2.16.840.1.113883.6.1" displayName="Status"/>
                                             <value xsi:type="CD" code="55561003" displayName="active" codeSystem="2.16.840.1.113883.6.96"/>
                                          </observation>
                                       </sourceOf>
                                    </observation>
                                 </sourceOf>
                              </act>
                           </sourceOf>
                           <sourceOf typeCode="PRCN">
                              <conjunctionCode code="AND"/>
                              <act classCode="ACT" moodCode="EVN" isCriterionInd="true">
                                 <sourceOf typeCode="PRCN">
                                    <conjunctionCode code="OR"/>
                                    <act classCode="ACT" moodCode="EVN" isCriterionInd="true"><!-- encounter pattern -->
                                       <templateId root="2.16.840.1.113883.3.560.1.4"/>
                                       <id root="D19AAE72-468A-46FD-8F9E-488358B211D6"/>
                                       <code code="46240-8" displayName="Encounter list" codeSystem="2.16.840.1.113883.6.1"/>
                                       <sourceOf typeCode="COMP">
                                          <encounter classCode="ENC" moodCode="EVN" isCriterionInd="true">
                                             <code code="2.16.840.1.113883.3.464.0001.42" displayName="Encounter acute inpatient or ED Code List GROUPING"/>
                                             <title>Encounter: Encounter acute inpatient or ED</title>
                                          </encounter>
                                       </sourceOf>
                                    </act>
                                 </sourceOf>
                                 <sourceOf typeCode="PRCN">
                                    <conjunctionCode code="OR"/>
                                    <act classCode="ACT" moodCode="EVN" isCriterionInd="true">
                                       <sourceOf typeCode="PRCN">
                                          <conjunctionCode code="AND"/>
                                          <act classCode="ACT" moodCode="EVN" isCriterionInd="true">
                                             <repeatNumber>
                                                <low value="2" inclusive="true"/>
                                             </repeatNumber>
                                             <sourceOf typeCode="PRCN">
                                                <conjunctionCode code="AND"/>
                                                <act classCode="ACT" moodCode="EVN" isCriterionInd="true"><!-- encounter pattern -->
                                                   <templateId root="2.16.840.1.113883.3.560.1.4"/>
                                                   <id root="6453CABB-ED3C-4205-BD64-6410F4E24464"/>
                                                   <code code="46240-8" displayName="Encounter list" codeSystem="2.16.840.1.113883.6.1"/>
                                                   <sourceOf typeCode="COMP">
                                                      <encounter classCode="ENC" moodCode="EVN" isCriterionInd="true">
                                                         <code code="2.16.840.1.113883.3.464.0001.47" displayName="encounter non-acute inpatient, outpatient, or ophthalmology Code List GROUPING"/>
                                                         <title>Encounter: encounter non-acute inpatient, outpatient, or ophthalmology</title>
                                                      </encounter>
                                                   </sourceOf>
                                                </act>
                                             </sourceOf>
                                          </act>
                                       </sourceOf>
                                       <sourceOf typeCode="PRCN">
                                          <conjunctionCode code="AND"/>
                                          <subsetCode code="FIRST"/>
                                          <act classCode="ACT" moodCode="EVN" isCriterionInd="true"><!-- encounter pattern -->
                                             <templateId root="2.16.840.1.113883.3.560.1.4"/>
                                             <id root="6453CABB-ED3C-4205-BD64-6410F4E24464"/>
                                             <code code="46240-8" displayName="Encounter list" codeSystem="2.16.840.1.113883.6.1"/>
                                             <sourceOf typeCode="COMP">
                                                <encounter classCode="ENC" moodCode="EVN" isCriterionInd="true">
                                                   <code code="2.16.840.1.113883.3.464.0001.47" displayName="encounter non-acute inpatient, outpatient, or ophthalmology Code List GROUPING"/>
                                                   <title>Encounter: encounter non-acute inpatient, outpatient, or ophthalmology</title>
                                                   <sourceOf typeCode="SBS">
                                                      <subsetCode code="SECOND"/>
                                                      <act classCode="ACT" moodCode="EVN" isCriterionInd="true"><!-- encounter pattern -->
                                                         <templateId root="2.16.840.1.113883.3.560.1.4"/>
                                                         <id root="6453CABB-ED3C-4205-BD64-6410F4E24464"/>
                                                         <code code="46240-8" displayName="Encounter list" codeSystem="2.16.840.1.113883.6.1"/>
                                                         <sourceOf typeCode="COMP">
                                                            <encounter classCode="ENC" moodCode="EVN" isCriterionInd="true">
                                                               <code code="2.16.840.1.113883.3.464.0001.47" displayName="encounter non-acute inpatient, outpatient, or ophthalmology Code List GROUPING"/>
                                                               <title>Encounter: encounter non-acute inpatient, outpatient, or ophthalmology</title>
                                                            </encounter>
                                                         </sourceOf>
                                                      </act>
                                                   </sourceOf>
                                                </encounter>
                                             </sourceOf>
                                          </act>
                                       </sourceOf>
                                    </act>
                                 </sourceOf>
                              </act>
                           </sourceOf>
                        </act>
                     </sourceOf>
                     <sourceOf typeCode="EAS" inversionInd="true">
                        <pauseQuantity xsi:type="URG_PQ">
                           <high value="2" unit="years" inclusive="true"/>
                        </pauseQuantity>
                        <observation classCode="OBS" moodCode="EVN" isCriterionInd="true">
                           <id root="7E8F0537-665C-4ED5-A748-A0CBF2894080"/>
                           <title>Measurement end date</title>
                        </observation>
                     </sourceOf>
                  </act>
               </sourceOf>
            </observation>
         </entry><!--
            **************************************************************   
            Population Criteria Section: population 
            **************************************************************
      -->
         <entry typeCode="DRIV">
            <observation classCode="OBS" moodCode="EVN.CRT" isCriterionInd="true">
               <id root="AB3FE688-77B0-41DA-ABCE-F90381E72161"/>
               <code code="ASSERTION" codeSystem="2.16.840.1.113883.5.4"/>
               <value xsi:type="CD" code="IPP" codeSystem="2.16.840.1.113883.5.1063" codeSystemName="HL7 Observation Value" displayName="Initial Patient Population"/><!--  top and/or -->
               <sourceOf typeCode="PRCN">
                  <conjunctionCode code="AND"/>
                  <act classCode="ACT" moodCode="EVN" isCriterionInd="true"><!-- patient characteristic pattern -->
                     <templateId root="2.16.840.1.113883.3.560.1.25"/>
                     <id root="50D90D89-E338-4EF0-8669-29CE0F78693B"/>
                     <code code="45970-1" displayName="Demographics" codeSystem="2.16.840.1.113883.6.1"/>
                     <sourceOf typeCode="COMP">
                        <observation classCode="OBS" moodCode="EVN" isCriterionInd="true">
                           <code code="2.16.840.1.113883.3.464.0001.14" displayName="birth date HL7 Code List"/>
                           <title>Patient characteristic: birth date</title>
                           <sourceOf typeCode="SBS">
                              <pauseQuantity xsi:type="IVL_PQ">
                                 <low value="17" unit="a" inclusive="true"/>
                              </pauseQuantity>
                              <observation classCode="OBS" moodCode="EVN">
                                 <id root="1827EE9E-4955-4C52-BE45-A0C7276E7060"/>
                                 <title>Measurement period</title>
                              </observation>
                           </sourceOf>
                        </observation>
                     </sourceOf>
                  </act>
               </sourceOf>
               <sourceOf typeCode="PRCN">
                  <conjunctionCode code="AND"/>
                  <act classCode="ACT" moodCode="EVN" isCriterionInd="true"><!-- patient characteristic pattern -->
                     <templateId root="2.16.840.1.113883.3.560.1.25"/>
                     <id root="50D90D89-E338-4EF0-8669-29CE0F78693B"/>
                     <code code="45970-1" displayName="Demographics" codeSystem="2.16.840.1.113883.6.1"/>
                     <sourceOf typeCode="COMP">
                        <observation classCode="OBS" moodCode="EVN" isCriterionInd="true">
                           <code code="2.16.840.1.113883.3.464.0001.14" displayName="birth date HL7 Code List"/>
                           <title>Patient characteristic: birth date</title>
                           <sourceOf typeCode="SBS">
                              <pauseQuantity xsi:type="IVL_PQ">
                                 <high value="74" unit="a" inclusive="true"/>
                              </pauseQuantity>
                              <observation classCode="OBS" moodCode="EVN">
                                 <id root="1827EE9E-4955-4C52-BE45-A0C7276E7060"/>
                                 <title>Measurement period</title>
                              </observation>
                           </sourceOf>
                        </observation>
                     </sourceOf>
                  </act>
               </sourceOf>
            </observation>
         </entry>
      </section>
   </component>
         
      <!--
         ******************************************   
         Data Criteria Section
         ******************************************
      --><component typeCode="COMP">
      <section>
         <code code="57025-9" codeSystem="2.16.840.1.113883.6.1" displayName="Data criteria (QDS Data Elements)"/>
         <title>Data criteria (QDS Data Elements)</title>
         <text>
            <list>
               <item>
                  <content>"Diagnosis active: diabetes"</content> using "diabetes Code List GROUPING (2.16.840.1.113883.3.464.0001.37)"</item>
               <item>
                  <content>"Diagnosis active: gestational diabetes"</content> using "gestational diabetes Code List GROUPING (2.16.840.1.113883.3.464.0001.67)"</item>
               <item>
                  <content>"Diagnosis active: nephropathy"</content> using "nephropathy Code List GROUPING (2.16.840.1.113883.3.464.0001.343)"</item>
               <item>
                  <content>"Diagnosis active: polycystic ovaries"</content> using "polycystic ovaries Code List GROUPING (2.16.840.1.113883.3.464.0001.98)"</item>
               <item>
                  <content>"Diagnosis active: steroid induced diabetes"</content> using "steroid induced diabetes Code List GROUPING (2.16.840.1.113883.3.464.0001.113)"</item>
               <item>
                  <content>"Encounter: Encounter acute inpatient or ED"</content> using "Encounter acute inpatient or ED Code List GROUPING (2.16.840.1.113883.3.464.0001.42)"</item>
               <item>
                  <content>"Encounter: encounter non-acute inpatient, outpatient, or ophthalmology"</content> using "encounter non-acute inpatient, outpatient, or ophthalmology Code List GROUPING (2.16.840.1.113883.3.464.0001.47)"</item>
               <item>
                  <content>"Laboratory test performed: nephropathy screening"</content> using "nephropathy screening Code List GROUPING (2.16.840.1.113883.3.464.0001.348)"</item>
               <item>
                  <content>"Laboratory test performed: urine macroalbumin"</content> using "urine macroalbumin Code List GROUPING (2.16.840.1.113883.3.464.0001.416)"</item>
               <item>
                  <content>"Medication active: ACE Inhibitors/ARBs"</content> using "ACE Inhibitors/ARBs Code List GROUPING (2.16.840.1.113883.3.464.0001.145)"</item>
               <item>
                  <content>"Medication active: Medications indicative of diabetes"</content> using "Medications indicative of diabetes Code List GROUPING (2.16.840.1.113883.3.464.0001.94)"</item>
               <item>
                  <content>"Medication dispensed: ACE Inhibitors/ARBs"</content> using "ACE Inhibitors/ARBs Code List GROUPING (2.16.840.1.113883.3.464.0001.145)"</item>
               <item>
                  <content>"Medication dispensed: Medications indicative of diabetes"</content> using "Medications indicative of diabetes Code List GROUPING (2.16.840.1.113883.3.464.0001.94)"</item>
               <item>
                  <content>"Medication order: ACE Inhibitors/ARBs"</content> using "ACE Inhibitors/ARBs Code List GROUPING (2.16.840.1.113883.3.464.0001.145)"</item>
               <item>
                  <content>"Medication order: Medications indicative of diabetes"</content> using "Medications indicative of diabetes Code List GROUPING (2.16.840.1.113883.3.464.0001.94)"</item>
               <item>
                  <content>"Patient characteristic: birth date" (age)</content> using "birth date HL7 Code List (2.16.840.1.113883.3.464.0001.14)"</item>
               <item>
                  <content>"Procedure performed: nephropathy-related procedures"</content> using "nephropathy-related procedures Code List GROUPING (2.16.840.1.113883.3.464.0001.352)"</item>
            </list>
         </text>
         <entry typeCode="DRIV">
            <act classCode="ACT" moodCode="EVN" isCriterionInd="true"><!-- medication active pattern -->
               <templateId root="2.16.840.1.113883.3.560.1.13"/>
               <id root="F2256FFA-1F49-468E-84CB-309CE591548F"/>
               <code code="10160-0" displayName="Medications" codeSystem="2.16.840.1.113883.6.1"/>
               <sourceOf typeCode="COMP">
                  <substanceAdministration classCode="SBADM" moodCode="EVN" isCriterionInd="true">
                     <title>Medication active: ACE Inhibitors/ARBs</title>
                     <participant typeCode="CSM">
                        <roleParticipant classCode="MANU">
                           <playingMaterial classCode="MMAT" determinerCode="KIND">
                              <code code="2.16.840.1.113883.3.464.0001.145" displayName="ACE Inhibitors/ARBs Code List GROUPING"/>
                           </playingMaterial>
                        </roleParticipant>
                     </participant>
                     <sourceOf typeCode="REFR">
                        <observation classCode="OBS" moodCode="EVN" isCriterionInd="true">
                           <code code="33999-4" displayName="Status" codeSystem="2.16.840.1.113883.6.1"/>
                           <value xsi:type="CD" code="55561003" displayName="Active" codeSystem="2.16.840.1.113883.6.96"/>
                        </observation>
                     </sourceOf>
                  </substanceAdministration>
               </sourceOf>
            </act>
         </entry>
         <entry typeCode="DRIV">
            <act classCode="ACT" moodCode="EVN" isCriterionInd="true"><!-- medication dispensed pattern -->
               <templateId root="2.16.840.1.113883.3.560.1.8"/>
               <id root="CADFEB6B-D5A3-4AC7-BA8A-4CF4C295340C"/>
               <code code="10160-0" displayName="Medications" codeSystem="2.16.840.1.113883.6.1"/>
               <sourceOf typeCode="COMP">
                  <supply classCode="SPLY" moodCode="EVN" isCriterionInd="true">
                     <title>Medication dispensed: ACE Inhibitors/ARBs</title>
                     <participant typeCode="CSM">
                        <roleParticipant classCode="MANU">
                           <playingMaterial classCode="MMAT" determinerCode="KIND">
                              <code code="2.16.840.1.113883.3.464.0001.145" displayName="ACE Inhibitors/ARBs Code List GROUPING"/>
                           </playingMaterial>
                        </roleParticipant>
                     </participant>
                  </supply>
               </sourceOf>
            </act>
         </entry>
         <entry typeCode="DRIV">
            <act classCode="ACT" moodCode="EVN" isCriterionInd="true"><!-- medication order pattern -->
               <templateId root="2.16.840.1.113883.3.560.1.17"/>
               <id root="A8D9F800-7172-46DE-819D-ED819A38C16A"/>
               <code code="10160-0" displayName="Medications" codeSystem="2.16.840.1.113883.6.1"/>
               <sourceOf typeCode="COMP">
                  <substanceAdministration classCode="SBADM" moodCode="RQO" isCriterionInd="true">
                     <title>Medication order: ACE Inhibitors/ARBs</title>
                     <participant typeCode="CSM">
                        <roleParticipant classCode="MANU">
                           <playingMaterial classCode="MMAT" determinerCode="KIND">
                              <code code="2.16.840.1.113883.3.464.0001.145" displayName="ACE Inhibitors/ARBs Code List GROUPING"/>
                           </playingMaterial>
                        </roleParticipant>
                     </participant>
                  </substanceAdministration>
               </sourceOf>
            </act>
         </entry>
         <entry typeCode="DRIV">
            <act classCode="ACT" moodCode="EVN" isCriterionInd="true"><!-- patient characteristic pattern -->
               <templateId root="2.16.840.1.113883.3.560.1.25"/>
               <id root="50D90D89-E338-4EF0-8669-29CE0F78693B"/>
               <code code="45970-1" displayName="Demographics" codeSystem="2.16.840.1.113883.6.1"/>
               <sourceOf typeCode="COMP">
                  <observation classCode="OBS" moodCode="EVN" isCriterionInd="true">
                     <code code="2.16.840.1.113883.3.464.0001.14" displayName="birth date HL7 Code List"/>
                     <title>Patient characteristic: birth date</title>
                  </observation>
               </sourceOf>
            </act>
         </entry>
         <entry typeCode="DRIV">
            <act classCode="ACT" moodCode="EVN" isCriterionInd="true"><!-- diagnosis active pattern -->
               <templateId root="2.16.840.1.113883.3.560.1.2"/>
               <id root="D9DD2D7E-5FAD-4B0E-B150-4E3C5B46727F"/>
               <code code="11450-4" displayName="Problem" codeSystem="2.16.840.1.113883.6.1"/>
               <sourceOf typeCode="COMP">
                  <observation classCode="OBS" moodCode="EVN" isCriterionInd="true">
                     <code code="55607006" codeSystem="2.16.840.1.113883.6.96" displayName="Problem"/>
                     <title>Diagnosis active: diabetes</title>
                     <value xsi:type="CD" code="2.16.840.1.113883.3.464.0001.37" displayName="diabetes Code List GROUPING"/>
                     <sourceOf typeCode="REFR">
                        <observation classCode="OBS" moodCode="EVN" isCriterionInd="true">
                           <code code="33999-4" codeSystem="2.16.840.1.113883.6.1" displayName="Status"/>
                           <value xsi:type="CD" code="55561003" displayName="active" codeSystem="2.16.840.1.113883.6.96"/>
                        </observation>
                     </sourceOf>
                  </observation>
               </sourceOf>
            </act>
         </entry>
         <entry typeCode="DRIV">
            <act classCode="ACT" moodCode="EVN" isCriterionInd="true"><!-- encounter pattern -->
               <templateId root="2.16.840.1.113883.3.560.1.4"/>
               <id root="D19AAE72-468A-46FD-8F9E-488358B211D6"/>
               <code code="46240-8" displayName="Encounter list" codeSystem="2.16.840.1.113883.6.1"/>
               <sourceOf typeCode="COMP">
                  <encounter classCode="ENC" moodCode="EVN" isCriterionInd="true">
                     <code code="2.16.840.1.113883.3.464.0001.42" displayName="Encounter acute inpatient or ED Code List GROUPING"/>
                     <title>Encounter: Encounter acute inpatient or ED</title>
                  </encounter>
               </sourceOf>
            </act>
         </entry>
         <entry typeCode="DRIV">
            <act classCode="ACT" moodCode="EVN" isCriterionInd="true"><!-- encounter pattern -->
               <templateId root="2.16.840.1.113883.3.560.1.4"/>
               <id root="6453CABB-ED3C-4205-BD64-6410F4E24464"/>
               <code code="46240-8" displayName="Encounter list" codeSystem="2.16.840.1.113883.6.1"/>
               <sourceOf typeCode="COMP">
                  <encounter classCode="ENC" moodCode="EVN" isCriterionInd="true">
                     <code code="2.16.840.1.113883.3.464.0001.47" displayName="encounter non-acute inpatient, outpatient, or ophthalmology Code List GROUPING"/>
                     <title>Encounter: encounter non-acute inpatient, outpatient, or ophthalmology</title>
                  </encounter>
               </sourceOf>
            </act>
         </entry>
         <entry typeCode="DRIV">
            <act classCode="ACT" moodCode="EVN" isCriterionInd="true"><!-- diagnosis active pattern -->
               <templateId root="2.16.840.1.113883.3.560.1.2"/>
               <id root="58C87525-1F9B-4277-A96E-A8ECCEF67656"/>
               <code code="11450-4" displayName="Problem" codeSystem="2.16.840.1.113883.6.1"/>
               <sourceOf typeCode="COMP">
                  <observation classCode="OBS" moodCode="EVN" isCriterionInd="true">
                     <code code="55607006" codeSystem="2.16.840.1.113883.6.96" displayName="Problem"/>
                     <title>Diagnosis active: gestational diabetes</title>
                     <value xsi:type="CD" code="2.16.840.1.113883.3.464.0001.67" displayName="gestational diabetes Code List GROUPING"/>
                     <sourceOf typeCode="REFR">
                        <observation classCode="OBS" moodCode="EVN" isCriterionInd="true">
                           <code code="33999-4" codeSystem="2.16.840.1.113883.6.1" displayName="Status"/>
                           <value xsi:type="CD" code="55561003" displayName="active" codeSystem="2.16.840.1.113883.6.96"/>
                        </observation>
                     </sourceOf>
                  </observation>
               </sourceOf>
            </act>
         </entry>
         <entry typeCode="DRIV">
            <act classCode="ACT" moodCode="EVN" isCriterionInd="true"><!-- medication active pattern -->
               <templateId root="2.16.840.1.113883.3.560.1.13"/>
               <id root="25918787-CD36-47AD-8A5C-41140D0F34CA"/>
               <code code="10160-0" displayName="Medications" codeSystem="2.16.840.1.113883.6.1"/>
               <sourceOf typeCode="COMP">
                  <substanceAdministration classCode="SBADM" moodCode="EVN" isCriterionInd="true">
                     <title>Medication active: Medications indicative of diabetes</title>
                     <participant typeCode="CSM">
                        <roleParticipant classCode="MANU">
                           <playingMaterial classCode="MMAT" determinerCode="KIND">
                              <code code="2.16.840.1.113883.3.464.0001.94" displayName="Medications indicative of diabetes Code List GROUPING"/>
                           </playingMaterial>
                        </roleParticipant>
                     </participant>
                     <sourceOf typeCode="REFR">
                        <observation classCode="OBS" moodCode="EVN" isCriterionInd="true">
                           <code code="33999-4" displayName="Status" codeSystem="2.16.840.1.113883.6.1"/>
                           <value xsi:type="CD" code="55561003" displayName="Active" codeSystem="2.16.840.1.113883.6.96"/>
                        </observation>
                     </sourceOf>
                  </substanceAdministration>
               </sourceOf>
            </act>
         </entry>
         <entry typeCode="DRIV">
            <act classCode="ACT" moodCode="EVN" isCriterionInd="true"><!-- medication dispensed pattern -->
               <templateId root="2.16.840.1.113883.3.560.1.8"/>
               <id root="219EBE6C-228A-4F6D-9051-BF39918C96DF"/>
               <code code="10160-0" displayName="Medications" codeSystem="2.16.840.1.113883.6.1"/>
               <sourceOf typeCode="COMP">
                  <supply classCode="SPLY" moodCode="EVN" isCriterionInd="true">
                     <title>Medication dispensed: Medications indicative of diabetes</title>
                     <participant typeCode="CSM">
                        <roleParticipant classCode="MANU">
                           <playingMaterial classCode="MMAT" determinerCode="KIND">
                              <code code="2.16.840.1.113883.3.464.0001.94" displayName="Medications indicative of diabetes Code List GROUPING"/>
                           </playingMaterial>
                        </roleParticipant>
                     </participant>
                  </supply>
               </sourceOf>
            </act>
         </entry>
         <entry typeCode="DRIV">
            <act classCode="ACT" moodCode="EVN" isCriterionInd="true"><!-- medication order pattern -->
               <templateId root="2.16.840.1.113883.3.560.1.17"/>
               <id root="11462DF7-EE03-49F6-A3ED-BEB84F9DDC7E"/>
               <code code="10160-0" displayName="Medications" codeSystem="2.16.840.1.113883.6.1"/>
               <sourceOf typeCode="COMP">
                  <substanceAdministration classCode="SBADM" moodCode="RQO" isCriterionInd="true">
                     <title>Medication order: Medications indicative of diabetes</title>
                     <participant typeCode="CSM">
                        <roleParticipant classCode="MANU">
                           <playingMaterial classCode="MMAT" determinerCode="KIND">
                              <code code="2.16.840.1.113883.3.464.0001.94" displayName="Medications indicative of diabetes Code List GROUPING"/>
                           </playingMaterial>
                        </roleParticipant>
                     </participant>
                  </substanceAdministration>
               </sourceOf>
            </act>
         </entry>
         <entry typeCode="DRIV">
            <act classCode="ACT" moodCode="EVN" isCriterionInd="true"><!-- diagnosis active pattern -->
               <templateId root="2.16.840.1.113883.3.560.1.2"/>
               <id root="69363C92-34C7-4B1C-8B67-3AC8F0A4EF2E"/>
               <code code="11450-4" displayName="Problem" codeSystem="2.16.840.1.113883.6.1"/>
               <sourceOf typeCode="COMP">
                  <observation classCode="OBS" moodCode="EVN" isCriterionInd="true">
                     <code code="55607006" codeSystem="2.16.840.1.113883.6.96" displayName="Problem"/>
                     <title>Diagnosis active: nephropathy</title>
                     <value xsi:type="CD" code="2.16.840.1.113883.3.464.0001.343" displayName="nephropathy Code List GROUPING"/>
                     <sourceOf typeCode="REFR">
                        <observation classCode="OBS" moodCode="EVN" isCriterionInd="true">
                           <code code="33999-4" codeSystem="2.16.840.1.113883.6.1" displayName="Status"/>
                           <value xsi:type="CD" code="55561003" displayName="active" codeSystem="2.16.840.1.113883.6.96"/>
                        </observation>
                     </sourceOf>
                  </observation>
               </sourceOf>
            </act>
         </entry>
         <entry typeCode="DRIV">
            <act classCode="ACT" moodCode="EVN" isCriterionInd="true"><!-- laboratory test performed pattern -->
               <templateId root="2.16.840.1.113883.3.560.1.5"/>
               <id root="13AFEA50-4A95-458F-9266-B4DAAE578631"/>
               <code code="30954-2" displayName="Results" codeSystem="2.16.840.1.113883.6.1"/>
               <sourceOf typeCode="COMP">
                  <observation classCode="OBS" moodCode="EVN" isCriterionInd="true">
                     <code code="2.16.840.1.113883.3.464.0001.348" displayName="nephropathy screening Code List GROUPING"/>
                     <title>Laboratory test performed: nephropathy screening</title>
                     <statusCode code="completed"/>
                  </observation>
               </sourceOf>
            </act>
         </entry>
         <entry typeCode="DRIV">
            <act classCode="ACT" moodCode="EVN" isCriterionInd="true"><!-- procedure performed pattern -->
               <templateId root="2.16.840.1.113883.3.560.1.6"/>
               <id root="14916242-A151-430F-9D16-A26BB414A528"/>
               <code code="47519-4" displayName="Procedures" codeSystem="2.16.840.1.113883.6.1"/>
               <sourceOf typeCode="COMP">
                  <procedure classCode="PROC" moodCode="EVN" isCriterionInd="true">
                     <code code="2.16.840.1.113883.3.464.0001.352" displayName="nephropathy-related procedures Code List GROUPING"/>
                     <title>Procedure performed: nephropathy-related procedures</title>
                  </procedure>
               </sourceOf>
            </act>
         </entry>
         <entry typeCode="DRIV">
            <act classCode="ACT" moodCode="EVN" isCriterionInd="true"><!-- diagnosis active pattern -->
               <templateId root="2.16.840.1.113883.3.560.1.2"/>
               <id root="3E27F9A2-3201-4156-9182-02ECF82DBEB4"/>
               <code code="11450-4" displayName="Problem" codeSystem="2.16.840.1.113883.6.1"/>
               <sourceOf typeCode="COMP">
                  <observation classCode="OBS" moodCode="EVN" isCriterionInd="true">
                     <code code="55607006" codeSystem="2.16.840.1.113883.6.96" displayName="Problem"/>
                     <title>Diagnosis active: polycystic ovaries</title>
                     <value xsi:type="CD" code="2.16.840.1.113883.3.464.0001.98" displayName="polycystic ovaries Code List GROUPING"/>
                     <sourceOf typeCode="REFR">
                        <observation classCode="OBS" moodCode="EVN" isCriterionInd="true">
                           <code code="33999-4" codeSystem="2.16.840.1.113883.6.1" displayName="Status"/>
                           <value xsi:type="CD" code="55561003" displayName="active" codeSystem="2.16.840.1.113883.6.96"/>
                        </observation>
                     </sourceOf>
                  </observation>
               </sourceOf>
            </act>
         </entry>
         <entry typeCode="DRIV">
            <act classCode="ACT" moodCode="EVN" isCriterionInd="true"><!-- diagnosis active pattern -->
               <templateId root="2.16.840.1.113883.3.560.1.2"/>
               <id root="B5737324-14D7-476C-AB14-FECA9B58ABD7"/>
               <code code="11450-4" displayName="Problem" codeSystem="2.16.840.1.113883.6.1"/>
               <sourceOf typeCode="COMP">
                  <observation classCode="OBS" moodCode="EVN" isCriterionInd="true">
                     <code code="55607006" codeSystem="2.16.840.1.113883.6.96" displayName="Problem"/>
                     <title>Diagnosis active: steroid induced diabetes</title>
                     <value xsi:type="CD" code="2.16.840.1.113883.3.464.0001.113" displayName="steroid induced diabetes Code List GROUPING"/>
                     <sourceOf typeCode="REFR">
                        <observation classCode="OBS" moodCode="EVN" isCriterionInd="true">
                           <code code="33999-4" codeSystem="2.16.840.1.113883.6.1" displayName="Status"/>
                           <value xsi:type="CD" code="55561003" displayName="active" codeSystem="2.16.840.1.113883.6.96"/>
                        </observation>
                     </sourceOf>
                  </observation>
               </sourceOf>
            </act>
         </entry>
         <entry typeCode="DRIV">
            <act classCode="ACT" moodCode="EVN" isCriterionInd="true"><!-- laboratory test performed pattern -->
               <templateId root="2.16.840.1.113883.3.560.1.5"/>
               <id root="5E23294B-4033-4CD2-A110-9FFDEFE8AB3E"/>
               <code code="30954-2" displayName="Results" codeSystem="2.16.840.1.113883.6.1"/>
               <sourceOf typeCode="COMP">
                  <observation classCode="OBS" moodCode="EVN" isCriterionInd="true">
                     <code code="2.16.840.1.113883.3.464.0001.416" displayName="urine macroalbumin Code List GROUPING"/>
                     <title>Laboratory test performed: urine macroalbumin</title>
                     <statusCode code="completed"/>
                  </observation>
               </sourceOf>
            </act>
         </entry>
      </section>
   </component>
   <component typeCode="COMP">
      <section>
         <title>Summary Calculation</title>
         <text>
            <content>Calculation is generic to all measures:</content>
            <list>
               <item>Calculate the final denominator by adding all that meet denominator criteria.</item>
               <item>Subtract from the final denominator all that do not meet numerator criteria yet also meet exclusion criteria.  Note some measures do not have exclusion criteria.</item>
               <item>The performance calculation is based on the "Measure scoring" from header information above:
					        	<list>
                     <item>For "Proportion" measures, the calculation is the number meeting numerator criteria divided by the final denominator.</item>
                     <item>For "Ratio" and "Continuous Variable" measures, follow the calculation instructions in the Data Aggregation header information above, if present.</item>
                  </list>
               </item>
               <item>For measures with multiple denominators, repeat this process for each denominator and report each result separately.</item>
               <item>For measures with multiple patient populations, repeat this process for each patient population and report each result separately.</item>
               <item>For measures with multiple numerators, calculate each numerator separately within each population using the paired exclusion.</item>
            </list>
         </text>
      </section>
   </component>
</QualityMeasureDocument>