<?xml version="1.0" encoding="UTF-8"?>
<?xml-stylesheet type="text/xsl" href="HQMFreader.xsl"?>
<QualityMeasureDocument xmlns:xsi="http://www.w3.org/2001/XMLSchema-instance" xmlns="urn:hl7-org:v3">
         
      <!--
         **************************************************************   
         Measure Header Section
         **************************************************************
      --><typeId root="2.16.840.1.113883.1.3" extension="POQM_HD000001"/>
   <id root="0c73160f-435c-4c10-8310-4fe1871d97d1"/>
   <code code="57024-2" codeSystem="2.16.840.1.113883.6.1" displayName="Health Quality Measure Document"/>
   <title>Preventive Care and Screening Measure Pair: a. Tobacco Use Assessment (NQF 0028a)</title>
   <text>Percentage of patients aged 18 years or older who have been seen for at least 2 office visits, who were queried about tobacco use one or more times within 24 months.</text>
   <statusCode code="completed"/>
   <setId root="8063bd27-8a5f-405a-bb1a-194ece746b51"/>
   <versionNumber value="1"/>
   <author typeCode="AUT">
      <assignedPerson classCode="ASSIGNED">
         <representedOrganization classCode="ORG" determinerCode="INSTANCE">
            <id root="2.16.840.1.113883.3.526"/>
            <name>American Medical Association - Physician Consortium for Performance Improvement</name>
            <contactParty classCode="CON" nullFlavor="UNK"/>
         </representedOrganization>
      </assignedPerson>
   </author>
   <custodian>
      <assignedPerson classCode="ASSIGNED">
         <representedOrganization classCode="ORG" determinerCode="INSTANCE">
            <id root="2.16.840.1.113883.3.526"/>
            <name>American Medical Association - Physician Consortium for Performance Improvement</name>
            <contactParty classCode="CON" nullFlavor="UNK"/>
         </representedOrganization>
      </assignedPerson>
   </custodian>
   <verifier typeCode="VRF">
      <assignedPerson classCode="ASSIGNED">
         <representedOrganization classCode="ORG" determinerCode="INSTANCE">
            <id root="2.16.840.1.113883.3.560"/>
            <name>National Quality Forum</name>
            <contactParty classCode="CON" nullFlavor="UNK"/>
         </representedOrganization>
      </assignedPerson>
   </verifier>
   <subjectOf>
      <measureAttribute>
         <code code="COPY" codeSystem="2.16.840.1.113883.5.4" displayName="Copyright"/>
         <value xsi:type="ED" mediaType="text/plain">© 2010 American Medical Association.  All Rights Reserved</value>
      </measureAttribute>
   </subjectOf>
   <subjectOf>
      <measureAttribute>
         <code code="MSRSCORE" codeSystem="2.16.840.1.113883.5.4" displayName="Measure scoring"/>
         <value xsi:type="CD" code="PROPOR" codeSystem="2.16.840.1.113883.5.1063" displayName="Proportion"/>
      </measureAttribute>
   </subjectOf>
   <subjectOf>
      <measureAttribute>
         <code code="MSRTYPE" codeSystem="2.16.840.1.113883.5.4" displayName="Measure type"/>
         <value xsi:type="CD" code="PROCESS" codeSystem="2.16.840.1.113883.5.1063" displayName="Process"/>
      </measureAttribute>
   </subjectOf>
   <subjectOf>
      <measureAttribute>
         <code code="STRAT" codeSystem="2.16.840.1.113883.5.4" displayName="Stratification"/>
         <value xsi:type="ED" mediaType="text/plain">None</value>
      </measureAttribute>
   </subjectOf>
   <subjectOf>
      <measureAttribute>
         <code code="MSRADJ" codeSystem="2.16.840.1.113883.5.4" displayName="Risk Adjustment"/>
         <value xsi:type="ED" mediaType="text/plain">None</value>
      </measureAttribute>
   </subjectOf>
   <subjectOf>
      <measureAttribute>
         <code code="MSRAGG" codeSystem="2.16.840.1.113883.5.4" displayName="Data Aggregation"/>
         <value xsi:type="ED" mediaType="text/plain"/>
      </measureAttribute>
   </subjectOf>
   <subjectOf>
      <measureAttribute>
         <code code="RAT" codeSystem="2.16.840.1.113883.5.4" displayName="Rationale"/>
         <value xsi:type="ED" mediaType="text/plain">Tobacco use is one of the leading causes of many preventable diseases, however, not all individuals are screened for tobacco use.</value>
      </measureAttribute>
   </subjectOf>
   <subjectOf>
      <measureAttribute>
         <code code="CRS" codeSystem="2.16.840.1.113883.3.560" displayName="Clinical Recommendation Statement"/>
         <value xsi:type="ED" mediaType="text/plain">The USPSTF strongly recommends that clinicians screen all adults for tobacco use and provide tobacco cessation interventions for those who use tobacco products. (A Recommendation) (USPSTF, 2003).</value>
      </measureAttribute>
   </subjectOf>
   <subjectOf>
      <measureAttribute>
         <code code="IDUR" codeSystem="2.16.840.1.113883.3.560" displayName="Improvement notation"/>
         <value xsi:type="ED" mediaType="text/plain">Higher score indicates better quality</value>
      </measureAttribute>
   </subjectOf>
   <subjectOf>
      <measureAttribute>
         <templateId root="2.16.840.1.113883.3.560.1.74"/>
         <id root="47F880C6-9F18-4CC6-B2DE-DD656FAEAF20"/>
         <code code="MSRTP" displayName="Measurement period" codeSystem="2.16.840.1.113883.3.560"/>
         <value xsi:type="EXPR_PQ" value="12" unit="m">
            <expression mediaType="text/plain">measureEndDate - measureStartDate</expression>
         </value>
      </measureAttribute>
   </subjectOf>
   <subjectOf>
      <localVariableName>measureStartDate</localVariableName>
      <measureAttribute>
         <templateId root="2.16.840.1.113883.3.560.1.75"/>
         <id root="D99A5DBC-B49B-4F3F-9042-677F6F5A41E0"/>
         <code code="MSRSD" displayName="Measurement start date" codeSystem="2.16.840.1.113883.3.560"/>
         <value xsi:type="TS" value="00000101"/>
      </measureAttribute>
   </subjectOf>
   <subjectOf>
      <localVariableName>measureEndDate</localVariableName>
      <measureAttribute>
         <templateId root="2.16.840.1.113883.3.560.1.75"/>
         <id root="F8593411-D580-4A35-A088-3F371DC562D7"/>
         <code code="MSRED" displayName="Measurement end date" codeSystem="2.16.840.1.113883.3.560"/>
         <value xsi:type="TS" value="00001231"/>
      </measureAttribute>
   </subjectOf>
   <subjectOf>
      <measureAttribute>
         <code code="MSRMD" codeSystem="2.16.840.1.113883.3.560" displayName="Measurement duration"/>
         <value xsi:type="ED" mediaType="text/plain">12 month(s)</value>
      </measureAttribute>
   </subjectOf>
   <subjectOf>
      <measureAttribute>
         <code code="REF" codeSystem="2.16.840.1.113883.5.4" displayName="Reference"/>
         <value xsi:type="ED" mediaType="text/plain">U. S. Preventive Services Task Force. Counseling to prevent tobacco use and tobacco-related diseases: Recommendation statement. November 2003. Agency for Healthcare Research and Quality. Rockville, MD. Available at: http://www.ahrq.gov/clinic/3rduspstf/tobaccounrs/htm. Accessed November 2007.</value>
      </measureAttribute>
   </subjectOf>
   <subjectOf>
      <measureAttribute>
         <code code="DEF" codeSystem="2.16.840.1.113883.3.560" displayName="Definition"/>
         <value xsi:type="ED" mediaType="text/plain" nullFlavor="NI"/>
      </measureAttribute>
   </subjectOf>
   <subjectOf>
      <measureAttribute>
         <code code="GUIDE" codeSystem="2.16.840.1.113883.5.4" displayName="Guidance"/>
         <value xsi:type="ED" mediaType="text/plain"/>
      </measureAttribute>
   </subjectOf>
   <componentOf>
      <qualityMeasureSet classCode="ACT">
         <id root="B1EB421F-C28C-453C-8DEE-7C6EFE318EB1"/>
         <title>CLINICAL QUALITY MEASURE SET 2011-2012</title>
      </qualityMeasureSet>
   </componentOf>
         
      <!--
         **************************************************************   
         Population Criteria Section
         **************************************************************
      --><component typeCode="COMP">
      <section>
         <code code="57026-7" codeSystem="2.16.840.1.113883.6.1" displayName="Population criteria"/>
         <title>Population criteria</title>
         <text>
            <list>
               <item>
                  <content styleCode="Bold">Initial Patient Population =</content>
                  <list>
                     <item>AND: "Patient characteristic: birth date"  &gt;= 18 year(s) starts before start of "Measurement period"</item>
                     <item>AND: <list>
                           <item>OR:  &gt;= 2 count(s) of<list>
                                 <item>OR: "Encounter: Encounter Health and Behavior Assessment"</item>
                                 <item>OR: "Encounter: Encounter Occupational Therapy"</item>
                                 <item>OR: "Encounter: Encounter Office Visit"</item>
                                 <item>OR: "Encounter: Encounter Psychiatric &amp; Psychologic"</item>
                                 <item> during "Measurement period"</item>
                              </list>
                           </item>
                           <item>OR:  &gt;= 1 count(s) of<list>
                                 <item>OR: "Encounter: Encounter Prev Med Group Counseling"</item>
                                 <item>OR: "Encounter: Encounter Prev Med Other Services"</item>
                                 <item>OR: "Encounter: Encounter Prev Med Services 18 and Older"</item>
                                 <item>OR: "Encounter: Encounter Prev Med-Individual counseling"</item>
                                 <item> during "Measurement period"</item>
                              </list>
                           </item>
                        </list>
                     </item>
                  </list>
               </item>
               <item>
                  <content styleCode="Bold">Denominator=</content>
                  <list>
                     <item>AND: "Initial Patient Population"</item>
                  </list>
               </item>
               <item>
                  <content styleCode="Bold">Numerator =</content>
                  <list>
                     <item>AND: <list>
                           <item>OR: "Patient characteristic: Tobacco Non-User"</item>
                           <item>OR: "Patient characteristic: Tobacco User"</item>
                           <item> starts before or during <list>
                                 <item>OR: "Encounter: Encounter Health and Behavior Assessment"</item>
                                 <item>OR: "Encounter: Encounter Occupational Therapy"</item>
                                 <item>OR: "Encounter: Encounter Office Visit"</item>
                                 <item>OR: "Encounter: Encounter Psychiatric &amp; Psychologic"</item>
                                 <item>OR: "Encounter: Encounter Prev Med Group Counseling"</item>
                                 <item>OR: "Encounter: Encounter Prev Med Other Services"</item>
                                 <item>OR: "Encounter: Encounter Prev Med Services 18 and Older"</item>
                                 <item>OR: "Encounter: Encounter Prev Med-Individual counseling"</item>
                                 <item>  &lt;= 24 month starts before or during "Measurement period"</item>
                              </list>
                           </item>
                        </list>
                     </item>
                  </list>
               </item>
               <item>
                  <content styleCode="Bold">Exclusions =</content>
                  <list>
                     <item>None</item>
                  </list>
               </item>
            </list>
         </text><!--
            **************************************************************   
            Population Criteria Section: population 
            **************************************************************
      -->
         <entry typeCode="DRIV">
            <observation classCode="OBS" moodCode="EVN.CRT" isCriterionInd="true">
               <id root="2578679A-78BB-427C-9E66-B1F4885DC381"/>
               <code code="ASSERTION" codeSystem="2.16.840.1.113883.5.4"/>
               <value xsi:type="CD" code="IPP" codeSystem="2.16.840.1.113883.5.1063" codeSystemName="HL7 Observation Value" displayName="Initial Patient Population"/><!--  top and/or -->
               <sourceOf typeCode="PRCN">
                  <conjunctionCode code="AND"/>
                  <act classCode="ACT" moodCode="EVN" isCriterionInd="true"><!-- patient characteristic pattern -->
                     <templateId root="2.16.840.1.113883.3.560.1.25"/>
                     <id root="D5FAB314-676B-49C5-93E8-6A9760220F1E"/>
                     <code code="45970-1" displayName="Demographics" codeSystem="2.16.840.1.113883.6.1"/>
                     <sourceOf typeCode="COMP">
                        <observation classCode="OBS" moodCode="EVN" isCriterionInd="true">
                           <code code="2.16.840.1.113883.3.526.02.8" displayName="birth date HL7 Code List"/>
                           <title>Patient characteristic: birth date</title>
                           <sourceOf typeCode="SBS">
                              <pauseQuantity xsi:type="IVL_PQ">
                                 <low value="18" unit="a" inclusive="true"/>
                              </pauseQuantity>
                              <observation classCode="OBS" moodCode="EVN">
                                 <id root="47F880C6-9F18-4CC6-B2DE-DD656FAEAF20"/>
                                 <title>Measurement period</title>
                              </observation>
                           </sourceOf>
                        </observation>
                     </sourceOf>
                  </act>
               </sourceOf>
               <sourceOf typeCode="PRCN">
                  <conjunctionCode code="AND"/>
                  <act classCode="ACT" moodCode="EVN" isCriterionInd="true">
                     <sourceOf typeCode="PRCN">
                        <conjunctionCode code="OR"/>
                        <act classCode="ACT" moodCode="EVN" isCriterionInd="true">
                           <repeatNumber>
                              <low value="2" inclusive="true"/>
                           </repeatNumber>
                           <sourceOf typeCode="PRCN">
                              <conjunctionCode code="OR"/>
                              <act classCode="ACT" moodCode="EVN" isCriterionInd="true"><!-- encounter pattern -->
                                 <templateId root="2.16.840.1.113883.3.560.1.4"/>
                                 <id root="8E6AAD35-01E3-486F-A338-BC76AB4D0B5D"/>
                                 <code code="46240-8" displayName="Encounter list" codeSystem="2.16.840.1.113883.6.1"/>
                                 <sourceOf typeCode="COMP">
                                    <encounter classCode="ENC" moodCode="EVN" isCriterionInd="true">
                                       <code code="2.16.840.1.113883.3.526.02.105" displayName="Encounter Health and Behavior Assessment CPT Code List"/>
                                       <title>Encounter: Encounter Health and Behavior Assessment</title>
                                    </encounter>
                                 </sourceOf>
                              </act>
                           </sourceOf>
                           <sourceOf typeCode="PRCN">
                              <conjunctionCode code="OR"/>
                              <act classCode="ACT" moodCode="EVN" isCriterionInd="true"><!-- encounter pattern -->
                                 <templateId root="2.16.840.1.113883.3.560.1.4"/>
                                 <id root="5FEB27C1-5284-4694-96C0-AFDA4F575555"/>
                                 <code code="46240-8" displayName="Encounter list" codeSystem="2.16.840.1.113883.6.1"/>
                                 <sourceOf typeCode="COMP">
                                    <encounter classCode="ENC" moodCode="EVN" isCriterionInd="true">
                                       <code code="2.16.840.1.113883.3.526.02.102" displayName="Encounter Occupational Therapy CPT Code List"/>
                                       <title>Encounter: Encounter Occupational Therapy</title>
                                    </encounter>
                                 </sourceOf>
                              </act>
                           </sourceOf>
                           <sourceOf typeCode="PRCN">
                              <conjunctionCode code="OR"/>
                              <act classCode="ACT" moodCode="EVN" isCriterionInd="true"><!-- encounter pattern -->
                                 <templateId root="2.16.840.1.113883.3.560.1.4"/>
                                 <id root="13DB33C6-D07D-49F3-8AD6-C765DEBF1072"/>
                                 <code code="46240-8" displayName="Encounter list" codeSystem="2.16.840.1.113883.6.1"/>
                                 <sourceOf typeCode="COMP">
                                    <encounter classCode="ENC" moodCode="EVN" isCriterionInd="true">
                                       <code code="2.16.840.1.113883.3.526.02.114" displayName="Encounter Office Visit CPT Code List"/>
                                       <title>Encounter: Encounter Office Visit</title>
                                    </encounter>
                                 </sourceOf>
                              </act>
                           </sourceOf>
                           <sourceOf typeCode="PRCN">
                              <conjunctionCode code="OR"/>
                              <act classCode="ACT" moodCode="EVN" isCriterionInd="true"><!-- encounter pattern -->
                                 <templateId root="2.16.840.1.113883.3.560.1.4"/>
                                 <id root="7C9BB0A9-B957-4F6F-8DEE-DC74BE14F5A0"/>
                                 <code code="46240-8" displayName="Encounter list" codeSystem="2.16.840.1.113883.6.1"/>
                                 <sourceOf typeCode="COMP">
                                    <encounter classCode="ENC" moodCode="EVN" isCriterionInd="true">
                                       <code code="2.16.840.1.113883.3.526.02.103" displayName="Encounter Psychiatric &amp; Psychologic CPT Code List"/>
                                       <title>Encounter: Encounter Psychiatric &amp; Psychologic</title>
                                    </encounter>
                                 </sourceOf>
                              </act>
                           </sourceOf>
                           <sourceOf typeCode="DURING">
                              <observation classCode="OBS" moodCode="EVN" isCriterionInd="true">
                                 <id root="47F880C6-9F18-4CC6-B2DE-DD656FAEAF20"/>
                                 <title>Measurement period</title>
                              </observation>
                           </sourceOf>
                        </act>
                     </sourceOf>
                     <sourceOf typeCode="PRCN">
                        <conjunctionCode code="OR"/>
                        <act classCode="ACT" moodCode="EVN" isCriterionInd="true">
                           <repeatNumber>
                              <low value="1" inclusive="true"/>
                           </repeatNumber>
                           <sourceOf typeCode="PRCN">
                              <conjunctionCode code="OR"/>
                              <act classCode="ACT" moodCode="EVN" isCriterionInd="true"><!-- encounter pattern -->
                                 <templateId root="2.16.840.1.113883.3.560.1.4"/>
                                 <id root="833C0468-5FD6-49F5-AFD2-F659C237227C"/>
                                 <code code="46240-8" displayName="Encounter list" codeSystem="2.16.840.1.113883.6.1"/>
                                 <sourceOf typeCode="COMP">
                                    <encounter classCode="ENC" moodCode="EVN" isCriterionInd="true">
                                       <code code="2.16.840.1.113883.3.526.02.107" displayName="Encounter Prev Med Group Counseling CPT Code List"/>
                                       <title>Encounter: Encounter Prev Med Group Counseling</title>
                                    </encounter>
                                 </sourceOf>
                              </act>
                           </sourceOf>
                           <sourceOf typeCode="PRCN">
                              <conjunctionCode code="OR"/>
                              <act classCode="ACT" moodCode="EVN" isCriterionInd="true"><!-- encounter pattern -->
                                 <templateId root="2.16.840.1.113883.3.560.1.4"/>
                                 <id root="DEF44250-4937-4278-9B4F-66EFB50D2805"/>
                                 <code code="46240-8" displayName="Encounter list" codeSystem="2.16.840.1.113883.6.1"/>
                                 <sourceOf typeCode="COMP">
                                    <encounter classCode="ENC" moodCode="EVN" isCriterionInd="true">
                                       <code code="2.16.840.1.113883.3.526.02.108" displayName="Encounter Prev Med Other Services CPT Code List"/>
                                       <title>Encounter: Encounter Prev Med Other Services</title>
                                    </encounter>
                                 </sourceOf>
                              </act>
                           </sourceOf>
                           <sourceOf typeCode="PRCN">
                              <conjunctionCode code="OR"/>
                              <act classCode="ACT" moodCode="EVN" isCriterionInd="true"><!-- encounter pattern -->
                                 <templateId root="2.16.840.1.113883.3.560.1.4"/>
                                 <id root="17436241-BDC8-4F4F-AAE1-001E69846B95"/>
                                 <code code="46240-8" displayName="Encounter list" codeSystem="2.16.840.1.113883.6.1"/>
                                 <sourceOf typeCode="COMP">
                                    <encounter classCode="ENC" moodCode="EVN" isCriterionInd="true">
                                       <code code="2.16.840.1.113883.3.526.02.104" displayName="Encounter Prev Med Services 18 and Older CPT Code List"/>
                                       <title>Encounter: Encounter Prev Med Services 18 and Older</title>
                                    </encounter>
                                 </sourceOf>
                              </act>
                           </sourceOf>
                           <sourceOf typeCode="PRCN">
                              <conjunctionCode code="OR"/>
                              <act classCode="ACT" moodCode="EVN" isCriterionInd="true"><!-- encounter pattern -->
                                 <templateId root="2.16.840.1.113883.3.560.1.4"/>
                                 <id root="F2A1D6E0-A387-420B-9B58-FF036C697CA1"/>
                                 <code code="46240-8" displayName="Encounter list" codeSystem="2.16.840.1.113883.6.1"/>
                                 <sourceOf typeCode="COMP">
                                    <encounter classCode="ENC" moodCode="EVN" isCriterionInd="true">
                                       <code code="2.16.840.1.113883.3.526.02.106" displayName="Encounter Prev Med-Individual counseling CPT Code List"/>
                                       <title>Encounter: Encounter Prev Med-Individual counseling</title>
                                    </encounter>
                                 </sourceOf>
                              </act>
                           </sourceOf>
                           <sourceOf typeCode="DURING">
                              <observation classCode="OBS" moodCode="EVN" isCriterionInd="true">
                                 <id root="47F880C6-9F18-4CC6-B2DE-DD656FAEAF20"/>
                                 <title>Measurement period</title>
                              </observation>
                           </sourceOf>
                        </act>
                     </sourceOf>
                  </act>
               </sourceOf>
            </observation>
         </entry><!--
            **************************************************************   
            Population Criteria Section: denominator 
            **************************************************************
      -->
         <entry typeCode="DRIV">
            <observation classCode="OBS" moodCode="EVN.CRT" isCriterionInd="true">
               <id root="15C21D9D-2394-4A20-8C96-29265E109234"/>
               <code code="ASSERTION" codeSystem="2.16.840.1.113883.5.4"/>
               <value xsi:type="CD" code="DENOM" codeSystem="2.16.840.1.113883.5.1063" codeSystemName="HL7 Observation Value" displayName="Denominator"/><!--  top and/or -->
               <sourceOf typeCode="PRCN">
                  <conjunctionCode code="AND"/>
                  <observation classCode="OBS" moodCode="EVN" isCriterionInd="true">
                     <id root="2578679A-78BB-427C-9E66-B1F4885DC381"/>
                     <title>Initial Patient Population</title>
                  </observation>
               </sourceOf>
            </observation>
         </entry><!--
            **************************************************************   
            Population Criteria Section: numerator 
            **************************************************************
      -->
         <entry typeCode="DRIV">
            <observation classCode="OBS" moodCode="EVN.CRT" isCriterionInd="true">
               <id root="A0B60F3D-B2BB-4558-BD08-F1B179F2DF42"/>
               <code code="ASSERTION" codeSystem="2.16.840.1.113883.5.4"/>
               <value xsi:type="CD" code="NUMER" codeSystem="2.16.840.1.113883.5.1063" codeSystemName="HL7 Observation Value" displayName="Numerator"/><!--  top and/or -->
               <sourceOf typeCode="PRCN">
                  <conjunctionCode code="AND"/>
                  <act classCode="ACT" moodCode="EVN" isCriterionInd="true">
                     <sourceOf typeCode="PRCN">
                        <conjunctionCode code="OR"/>
                        <act classCode="ACT" moodCode="EVN" isCriterionInd="true"><!-- patient characteristic pattern -->
                           <templateId root="2.16.840.1.113883.3.560.1.1001"/>
                           <id root="B0EC0A07-A41E-4B4D-BBFE-63B94345E8C3"/>
                           <code code="ASSERTION" codeSystem="2.16.840.1.113883.5.4"/>
                           <sourceOf typeCode="COMP">
                              <observation classCode="OBS" moodCode="EVN" isCriterionInd="true">
                                 <code code="ASSERTION" codeSystem="2.16.840.1.113883.5.4"/>
                                 <title>Patient characteristic: Tobacco Non-User</title>
                                 <value xsi:type="CD" code="2.16.840.1.113883.3.526.02.511" displayName="Tobacco Non-User SNOMED-CT Code List"/>
                              </observation>
                           </sourceOf>
                        </act>
                     </sourceOf>
                     <sourceOf typeCode="PRCN">
                        <conjunctionCode code="OR"/>
                        <act classCode="ACT" moodCode="EVN" isCriterionInd="true"><!-- patient characteristic pattern -->
                           <templateId root="2.16.840.1.113883.3.560.1.1001"/>
                           <id root="21741A55-0F0B-4779-8DE8-2B2AEA432329"/>
                           <code code="ASSERTION" codeSystem="2.16.840.1.113883.5.4"/>
                           <sourceOf typeCode="COMP">
                              <observation classCode="OBS" moodCode="EVN" isCriterionInd="true">
                                 <code code="ASSERTION" codeSystem="2.16.840.1.113883.5.4"/>
                                 <title>Patient characteristic: Tobacco User</title>
                                 <value xsi:type="CD" code="2.16.840.1.113883.3.526.02.422" displayName="Tobacco User SNOMED-CT Code List"/>
                              </observation>
                           </sourceOf>
                        </act>
                     </sourceOf>
                     <sourceOf typeCode="EAS" inversionInd="true">
                        <act classCode="ACT" moodCode="EVN" isCriterionInd="true">
                           <sourceOf typeCode="PRCN">
                              <conjunctionCode code="OR"/>
                              <act classCode="ACT" moodCode="EVN" isCriterionInd="true"><!-- encounter pattern -->
                                 <templateId root="2.16.840.1.113883.3.560.1.4"/>
                                 <id root="8E6AAD35-01E3-486F-A338-BC76AB4D0B5D"/>
                                 <code code="46240-8" displayName="Encounter list" codeSystem="2.16.840.1.113883.6.1"/>
                                 <sourceOf typeCode="COMP">
                                    <encounter classCode="ENC" moodCode="EVN" isCriterionInd="true">
                                       <code code="2.16.840.1.113883.3.526.02.105" displayName="Encounter Health and Behavior Assessment CPT Code List"/>
                                       <title>Encounter: Encounter Health and Behavior Assessment</title>
                                    </encounter>
                                 </sourceOf>
                              </act>
                           </sourceOf>
                           <sourceOf typeCode="PRCN">
                              <conjunctionCode code="OR"/>
                              <act classCode="ACT" moodCode="EVN" isCriterionInd="true"><!-- encounter pattern -->
                                 <templateId root="2.16.840.1.113883.3.560.1.4"/>
                                 <id root="5FEB27C1-5284-4694-96C0-AFDA4F575555"/>
                                 <code code="46240-8" displayName="Encounter list" codeSystem="2.16.840.1.113883.6.1"/>
                                 <sourceOf typeCode="COMP">
                                    <encounter classCode="ENC" moodCode="EVN" isCriterionInd="true">
                                       <code code="2.16.840.1.113883.3.526.02.102" displayName="Encounter Occupational Therapy CPT Code List"/>
                                       <title>Encounter: Encounter Occupational Therapy</title>
                                    </encounter>
                                 </sourceOf>
                              </act>
                           </sourceOf>
                           <sourceOf typeCode="PRCN">
                              <conjunctionCode code="OR"/>
                              <act classCode="ACT" moodCode="EVN" isCriterionInd="true"><!-- encounter pattern -->
                                 <templateId root="2.16.840.1.113883.3.560.1.4"/>
                                 <id root="13DB33C6-D07D-49F3-8AD6-C765DEBF1072"/>
                                 <code code="46240-8" displayName="Encounter list" codeSystem="2.16.840.1.113883.6.1"/>
                                 <sourceOf typeCode="COMP">
                                    <encounter classCode="ENC" moodCode="EVN" isCriterionInd="true">
                                       <code code="2.16.840.1.113883.3.526.02.114" displayName="Encounter Office Visit CPT Code List"/>
                                       <title>Encounter: Encounter Office Visit</title>
                                    </encounter>
                                 </sourceOf>
                              </act>
                           </sourceOf>
                           <sourceOf typeCode="PRCN">
                              <conjunctionCode code="OR"/>
                              <act classCode="ACT" moodCode="EVN" isCriterionInd="true"><!-- encounter pattern -->
                                 <templateId root="2.16.840.1.113883.3.560.1.4"/>
                                 <id root="7C9BB0A9-B957-4F6F-8DEE-DC74BE14F5A0"/>
                                 <code code="46240-8" displayName="Encounter list" codeSystem="2.16.840.1.113883.6.1"/>
                                 <sourceOf typeCode="COMP">
                                    <encounter classCode="ENC" moodCode="EVN" isCriterionInd="true">
                                       <code code="2.16.840.1.113883.3.526.02.103" displayName="Encounter Psychiatric &amp; Psychologic CPT Code List"/>
                                       <title>Encounter: Encounter Psychiatric &amp; Psychologic</title>
                                    </encounter>
                                 </sourceOf>
                              </act>
                           </sourceOf>
                           <sourceOf typeCode="PRCN">
                              <conjunctionCode code="OR"/>
                              <act classCode="ACT" moodCode="EVN" isCriterionInd="true"><!-- encounter pattern -->
                                 <templateId root="2.16.840.1.113883.3.560.1.4"/>
                                 <id root="833C0468-5FD6-49F5-AFD2-F659C237227C"/>
                                 <code code="46240-8" displayName="Encounter list" codeSystem="2.16.840.1.113883.6.1"/>
                                 <sourceOf typeCode="COMP">
                                    <encounter classCode="ENC" moodCode="EVN" isCriterionInd="true">
                                       <code code="2.16.840.1.113883.3.526.02.107" displayName="Encounter Prev Med Group Counseling CPT Code List"/>
                                       <title>Encounter: Encounter Prev Med Group Counseling</title>
                                    </encounter>
                                 </sourceOf>
                              </act>
                           </sourceOf>
                           <sourceOf typeCode="PRCN">
                              <conjunctionCode code="OR"/>
                              <act classCode="ACT" moodCode="EVN" isCriterionInd="true"><!-- encounter pattern -->
                                 <templateId root="2.16.840.1.113883.3.560.1.4"/>
                                 <id root="DEF44250-4937-4278-9B4F-66EFB50D2805"/>
                                 <code code="46240-8" displayName="Encounter list" codeSystem="2.16.840.1.113883.6.1"/>
                                 <sourceOf typeCode="COMP">
                                    <encounter classCode="ENC" moodCode="EVN" isCriterionInd="true">
                                       <code code="2.16.840.1.113883.3.526.02.108" displayName="Encounter Prev Med Other Services CPT Code List"/>
                                       <title>Encounter: Encounter Prev Med Other Services</title>
                                    </encounter>
                                 </sourceOf>
                              </act>
                           </sourceOf>
                           <sourceOf typeCode="PRCN">
                              <conjunctionCode code="OR"/>
                              <act classCode="ACT" moodCode="EVN" isCriterionInd="true"><!-- encounter pattern -->
                                 <templateId root="2.16.840.1.113883.3.560.1.4"/>
                                 <id root="17436241-BDC8-4F4F-AAE1-001E69846B95"/>
                                 <code code="46240-8" displayName="Encounter list" codeSystem="2.16.840.1.113883.6.1"/>
                                 <sourceOf typeCode="COMP">
                                    <encounter classCode="ENC" moodCode="EVN" isCriterionInd="true">
                                       <code code="2.16.840.1.113883.3.526.02.104" displayName="Encounter Prev Med Services 18 and Older CPT Code List"/>
                                       <title>Encounter: Encounter Prev Med Services 18 and Older</title>
                                    </encounter>
                                 </sourceOf>
                              </act>
                           </sourceOf>
                           <sourceOf typeCode="PRCN">
                              <conjunctionCode code="OR"/>
                              <act classCode="ACT" moodCode="EVN" isCriterionInd="true"><!-- encounter pattern -->
                                 <templateId root="2.16.840.1.113883.3.560.1.4"/>
                                 <id root="F2A1D6E0-A387-420B-9B58-FF036C697CA1"/>
                                 <code code="46240-8" displayName="Encounter list" codeSystem="2.16.840.1.113883.6.1"/>
                                 <sourceOf typeCode="COMP">
                                    <encounter classCode="ENC" moodCode="EVN" isCriterionInd="true">
                                       <code code="2.16.840.1.113883.3.526.02.106" displayName="Encounter Prev Med-Individual counseling CPT Code List"/>
                                       <title>Encounter: Encounter Prev Med-Individual counseling</title>
                                    </encounter>
                                 </sourceOf>
                              </act>
                           </sourceOf>
                           <sourceOf typeCode="EAS" inversionInd="true">
                              <pauseQuantity xsi:type="URG_PQ">
                                 <high value="24" unit="month" inclusive="true"/>
                              </pauseQuantity>
                              <observation classCode="OBS" moodCode="EVN" isCriterionInd="true">
                                 <id root="47F880C6-9F18-4CC6-B2DE-DD656FAEAF20"/>
                                 <title>Measurement period</title>
                              </observation>
                           </sourceOf>
                        </act>
                     </sourceOf>
                  </act>
               </sourceOf>
            </observation>
         </entry><!--
            **************************************************************   
            Population Criteria Section: exclusions 
            **************************************************************
      -->
         <entry typeCode="DRIV">
            <observation classCode="OBS" moodCode="EVN.CRT" isCriterionInd="true" actionNegationInd="true">
               <id root="DE09AD8E-E9D1-40AC-8337-B6C5BBA6C212"/>
               <code code="ASSERTION" codeSystem="2.16.840.1.113883.5.4"/>
               <value xsi:type="CD" code="DENOM" codeSystem="2.16.840.1.113883.5.1063" codeSystemName="HL7 Observation Value" displayName="Denominator"/>
            </observation>
         </entry>
      </section>
   </component>
         
      <!--
         ******************************************   
         Data Criteria Section
         ******************************************
      --><component typeCode="COMP">
      <section>
         <code code="57025-9" codeSystem="2.16.840.1.113883.6.1" displayName="Data criteria (QDS Data Elements)"/>
         <title>Data criteria (QDS Data Elements)</title>
         <text>
            <list>
               <item>
                  <content>"Encounter: Encounter Health and Behavior Assessment"</content> using "Encounter Health and Behavior Assessment CPT Code List (2.16.840.1.113883.3.526.02.105)"</item>
               <item>
                  <content>"Encounter: Encounter Occupational Therapy"</content> using "Encounter Occupational Therapy CPT Code List (2.16.840.1.113883.3.526.02.102)"</item>
               <item>
                  <content>"Encounter: Encounter Office Visit"</content> using "Encounter Office Visit CPT Code List (2.16.840.1.113883.3.526.02.114)"</item>
               <item>
                  <content>"Encounter: Encounter Prev Med Group Counseling"</content> using "Encounter Prev Med Group Counseling CPT Code List (2.16.840.1.113883.3.526.02.107)"</item>
               <item>
                  <content>"Encounter: Encounter Prev Med-Individual counseling"</content> using "Encounter Prev Med-Individual counseling CPT Code List (2.16.840.1.113883.3.526.02.106)"</item>
               <item>
                  <content>"Encounter: Encounter Prev Med Other Services"</content> using "Encounter Prev Med Other Services CPT Code List (2.16.840.1.113883.3.526.02.108)"</item>
               <item>
                  <content>"Encounter: Encounter Prev Med Services 18 and Older"</content> using "Encounter Prev Med Services 18 and Older CPT Code List (2.16.840.1.113883.3.526.02.104)"</item>
               <item>
                  <content>"Encounter: Encounter Psychiatric &amp; Psychologic"</content> using "Encounter Psychiatric &amp; Psychologic CPT Code List (2.16.840.1.113883.3.526.02.103)"</item>
               <item>
                  <content>"Patient characteristic: birth date" (age)</content> using "birth date HL7 Code List (2.16.840.1.113883.3.526.02.8)"</item>
               <item>
                  <content>"Patient characteristic: Tobacco Non-User"</content> using "Tobacco Non-User SNOMED-CT Code List (2.16.840.1.113883.3.526.02.511)"</item>
               <item>
                  <content>"Patient characteristic: Tobacco User"</content> using "Tobacco User SNOMED-CT Code List (2.16.840.1.113883.3.526.02.422)"</item>
            </list>
         </text>
         <entry typeCode="DRIV">
            <act classCode="ACT" moodCode="EVN" isCriterionInd="true"><!-- patient characteristic pattern -->
               <templateId root="2.16.840.1.113883.3.560.1.25"/>
               <id root="D5FAB314-676B-49C5-93E8-6A9760220F1E"/>
               <code code="45970-1" displayName="Demographics" codeSystem="2.16.840.1.113883.6.1"/>
               <sourceOf typeCode="COMP">
                  <observation classCode="OBS" moodCode="EVN" isCriterionInd="true">
                     <code code="2.16.840.1.113883.3.526.02.8" displayName="birth date HL7 Code List"/>
                     <title>Patient characteristic: birth date</title>
                  </observation>
               </sourceOf>
            </act>
         </entry>
         <entry typeCode="DRIV">
            <act classCode="ACT" moodCode="EVN" isCriterionInd="true"><!-- encounter pattern -->
               <templateId root="2.16.840.1.113883.3.560.1.4"/>
               <id root="8E6AAD35-01E3-486F-A338-BC76AB4D0B5D"/>
               <code code="46240-8" displayName="Encounter list" codeSystem="2.16.840.1.113883.6.1"/>
               <sourceOf typeCode="COMP">
                  <encounter classCode="ENC" moodCode="EVN" isCriterionInd="true">
                     <code code="2.16.840.1.113883.3.526.02.105" displayName="Encounter Health and Behavior Assessment CPT Code List"/>
                     <title>Encounter: Encounter Health and Behavior Assessment</title>
                  </encounter>
               </sourceOf>
            </act>
         </entry>
         <entry typeCode="DRIV">
            <act classCode="ACT" moodCode="EVN" isCriterionInd="true"><!-- encounter pattern -->
               <templateId root="2.16.840.1.113883.3.560.1.4"/>
               <id root="5FEB27C1-5284-4694-96C0-AFDA4F575555"/>
               <code code="46240-8" displayName="Encounter list" codeSystem="2.16.840.1.113883.6.1"/>
               <sourceOf typeCode="COMP">
                  <encounter classCode="ENC" moodCode="EVN" isCriterionInd="true">
                     <code code="2.16.840.1.113883.3.526.02.102" displayName="Encounter Occupational Therapy CPT Code List"/>
                     <title>Encounter: Encounter Occupational Therapy</title>
                  </encounter>
               </sourceOf>
            </act>
         </entry>
         <entry typeCode="DRIV">
            <act classCode="ACT" moodCode="EVN" isCriterionInd="true"><!-- encounter pattern -->
               <templateId root="2.16.840.1.113883.3.560.1.4"/>
               <id root="13DB33C6-D07D-49F3-8AD6-C765DEBF1072"/>
               <code code="46240-8" displayName="Encounter list" codeSystem="2.16.840.1.113883.6.1"/>
               <sourceOf typeCode="COMP">
                  <encounter classCode="ENC" moodCode="EVN" isCriterionInd="true">
                     <code code="2.16.840.1.113883.3.526.02.114" displayName="Encounter Office Visit CPT Code List"/>
                     <title>Encounter: Encounter Office Visit</title>
                  </encounter>
               </sourceOf>
            </act>
         </entry>
         <entry typeCode="DRIV">
            <act classCode="ACT" moodCode="EVN" isCriterionInd="true"><!-- encounter pattern -->
               <templateId root="2.16.840.1.113883.3.560.1.4"/>
               <id root="833C0468-5FD6-49F5-AFD2-F659C237227C"/>
               <code code="46240-8" displayName="Encounter list" codeSystem="2.16.840.1.113883.6.1"/>
               <sourceOf typeCode="COMP">
                  <encounter classCode="ENC" moodCode="EVN" isCriterionInd="true">
                     <code code="2.16.840.1.113883.3.526.02.107" displayName="Encounter Prev Med Group Counseling CPT Code List"/>
                     <title>Encounter: Encounter Prev Med Group Counseling</title>
                  </encounter>
               </sourceOf>
            </act>
         </entry>
         <entry typeCode="DRIV">
            <act classCode="ACT" moodCode="EVN" isCriterionInd="true"><!-- encounter pattern -->
               <templateId root="2.16.840.1.113883.3.560.1.4"/>
               <id root="DEF44250-4937-4278-9B4F-66EFB50D2805"/>
               <code code="46240-8" displayName="Encounter list" codeSystem="2.16.840.1.113883.6.1"/>
               <sourceOf typeCode="COMP">
                  <encounter classCode="ENC" moodCode="EVN" isCriterionInd="true">
                     <code code="2.16.840.1.113883.3.526.02.108" displayName="Encounter Prev Med Other Services CPT Code List"/>
                     <title>Encounter: Encounter Prev Med Other Services</title>
                  </encounter>
               </sourceOf>
            </act>
         </entry>
         <entry typeCode="DRIV">
            <act classCode="ACT" moodCode="EVN" isCriterionInd="true"><!-- encounter pattern -->
               <templateId root="2.16.840.1.113883.3.560.1.4"/>
               <id root="17436241-BDC8-4F4F-AAE1-001E69846B95"/>
               <code code="46240-8" displayName="Encounter list" codeSystem="2.16.840.1.113883.6.1"/>
               <sourceOf typeCode="COMP">
                  <encounter classCode="ENC" moodCode="EVN" isCriterionInd="true">
                     <code code="2.16.840.1.113883.3.526.02.104" displayName="Encounter Prev Med Services 18 and Older CPT Code List"/>
                     <title>Encounter: Encounter Prev Med Services 18 and Older</title>
                  </encounter>
               </sourceOf>
            </act>
         </entry>
         <entry typeCode="DRIV">
            <act classCode="ACT" moodCode="EVN" isCriterionInd="true"><!-- encounter pattern -->
               <templateId root="2.16.840.1.113883.3.560.1.4"/>
               <id root="F2A1D6E0-A387-420B-9B58-FF036C697CA1"/>
               <code code="46240-8" displayName="Encounter list" codeSystem="2.16.840.1.113883.6.1"/>
               <sourceOf typeCode="COMP">
                  <encounter classCode="ENC" moodCode="EVN" isCriterionInd="true">
                     <code code="2.16.840.1.113883.3.526.02.106" displayName="Encounter Prev Med-Individual counseling CPT Code List"/>
                     <title>Encounter: Encounter Prev Med-Individual counseling</title>
                  </encounter>
               </sourceOf>
            </act>
         </entry>
         <entry typeCode="DRIV">
            <act classCode="ACT" moodCode="EVN" isCriterionInd="true"><!-- encounter pattern -->
               <templateId root="2.16.840.1.113883.3.560.1.4"/>
               <id root="7C9BB0A9-B957-4F6F-8DEE-DC74BE14F5A0"/>
               <code code="46240-8" displayName="Encounter list" codeSystem="2.16.840.1.113883.6.1"/>
               <sourceOf typeCode="COMP">
                  <encounter classCode="ENC" moodCode="EVN" isCriterionInd="true">
                     <code code="2.16.840.1.113883.3.526.02.103" displayName="Encounter Psychiatric &amp; Psychologic CPT Code List"/>
                     <title>Encounter: Encounter Psychiatric &amp; Psychologic</title>
                  </encounter>
               </sourceOf>
            </act>
         </entry>
         <entry typeCode="DRIV">
            <act classCode="ACT" moodCode="EVN" isCriterionInd="true"><!-- patient characteristic pattern -->
               <templateId root="2.16.840.1.113883.3.560.1.1001"/>
               <id root="B0EC0A07-A41E-4B4D-BBFE-63B94345E8C3"/>
               <code code="ASSERTION" codeSystem="2.16.840.1.113883.5.4"/>
               <sourceOf typeCode="COMP">
                  <observation classCode="OBS" moodCode="EVN" isCriterionInd="true">
                     <code code="ASSERTION" codeSystem="2.16.840.1.113883.5.4"/>
                     <title>Patient characteristic: Tobacco Non-User</title>
                     <value xsi:type="CD" code="2.16.840.1.113883.3.526.02.511" displayName="Tobacco Non-User SNOMED-CT Code List"/>
                  </observation>
               </sourceOf>
            </act>
         </entry>
         <entry typeCode="DRIV">
            <act classCode="ACT" moodCode="EVN" isCriterionInd="true"><!-- patient characteristic pattern -->
               <templateId root="2.16.840.1.113883.3.560.1.1001"/>
               <id root="21741A55-0F0B-4779-8DE8-2B2AEA432329"/>
               <code code="ASSERTION" codeSystem="2.16.840.1.113883.5.4"/>
               <sourceOf typeCode="COMP">
                  <observation classCode="OBS" moodCode="EVN" isCriterionInd="true">
                     <code code="ASSERTION" codeSystem="2.16.840.1.113883.5.4"/>
                     <title>Patient characteristic: Tobacco User</title>
                     <value xsi:type="CD" code="2.16.840.1.113883.3.526.02.422" displayName="Tobacco User SNOMED-CT Code List"/>
                  </observation>
               </sourceOf>
            </act>
         </entry>
      </section>
   </component>
   <component typeCode="COMP">
      <section>
         <title>Summary Calculation</title>
         <text>
            <content>Calculation is generic to all measures:</content>
            <list>
               <item>Calculate the final denominator by adding all that meet denominator criteria.</item>
               <item>Subtract from the final denominator all that do not meet numerator criteria yet also meet exclusion criteria.  Note some measures do not have exclusion criteria.</item>
               <item>The performance calculation is based on the "Measure scoring" from header information above:
					        	<list>
                     <item>For "Proportion" measures, the calculation is the number meeting numerator criteria divided by the final denominator.</item>
                     <item>For "Ratio" and "Continuous Variable" measures, follow the calculation instructions in the Data Aggregation header information above, if present.</item>
                  </list>
               </item>
               <item>For measures with multiple denominators, repeat this process for each denominator and report each result separately.</item>
               <item>For measures with multiple patient populations, repeat this process for each patient population and report each result separately.</item>
               <item>For measures with multiple numerators, calculate each numerator separately within each population using the paired exclusion.</item>
            </list>
         </text>
      </section>
   </component>
</QualityMeasureDocument>