<?xml version="1.0" encoding="UTF-8"?>
<ClinicalStatement xmlns:xsi="http://www.w3.org/2001/XMLSchema-instance"
 xsi:schemaLocation="urn:hl7-org:vmr:r2 ../../../schemata/vmr/vmr.xsd"
 xmlns:dt="urn:hl7-org:cdsdt:r2" xmlns="urn:hl7-org:vmr:r2" xsi:type="ObservationResult">
    <templateId root="2.16.840.1.113883.3.1829.11.6.3.9" identifierName=" MicrobiologyLabResult"/>
    <templateId root="2.16.840.1.113883.3.1829.11.11.15" identifierName="ValueDatatypePQ"/>
    <templateId root="2.16.840.1.113883.3.1829.11.14.1.11" identifierName="BodySite"/>
    
    <relatedEntity>
        <targetRole codeSystem="PTS" codeSystemName="PTS" code="PTS" >
            <dt:displayName value="Specimen Source"/>
        </targetRole>
        <entity xsi:type="Entity">
            <templateId root="2.16.840.1.113883.3.1829.11.13.5.1" identifierName="Specimen"/>
            <!-- content as specified by template -->
        </entity>
    </relatedEntity>
    
    <relatedEntity>
        <targetRole codeSystem="PTS" codeSystemName="PTS" code="PTS">
            <dt:displayName value="Specimen Source"/>
        </targetRole>
        <entity xsi:type="Entity">
            <templateId root="2.16.840.1.113883.3.1829.11.13.4.2" identifierName="Identified Microorganism"/>
            <!-- content as specified by template -->
        </entity>
    </relatedEntity>
    
    <observationFocus codeSystem="PTS" codeSystemName="PTS" code="PTS">
        <dt:displayName value="PTS"/>
    </observationFocus>
    <observationMethod codeSystem="PTS" codeSystemName="PTS" code="PTS">
        <dt:displayName value="PTS"/>
    </observationMethod>
    <targetBodySite>
        <bodySiteCode codeSystem="PTS" codeSystemName="PTS" code="PTS">
            <dt:displayName value="PTS"/>
        </bodySiteCode>
        <laterality codeSystem="PTS" codeSystemName="PTS" code="PTS">
            <dt:displayName value="PTS"/>
        </laterality>
    </targetBodySite>
    <interpretation codeSystem="PTS" codeSystemName="PTS" code="PTS">
        <dt:displayName value="PTS"/>
    </interpretation>
    <observationEventTime>
        <dt:low value="20130613080500"/>
        <dt:high value="20130613080500"/>
    </observationEventTime>    
</ClinicalStatement>

<!-- PTS = per template specification -->