<?xml version="1.0" encoding="UTF-8"?>
<?xml-stylesheet type="text/xsl" href="HQMFreader.xsl"?>
<QualityMeasureDocument xmlns:xsi="http://www.w3.org/2001/XMLSchema-instance" xmlns="urn:hl7-org:v3">
         
      <!--
         **************************************************************   
         Measure Header Section
         **************************************************************
      --><typeId root="2.16.840.1.113883.1.3" extension="POQM_HD000001"/>
   <id root="b2779a23-88b3-45ff-9514-56606bf916d9"/>
   <code code="57024-2" codeSystem="2.16.840.1.113883.6.1" displayName="Health Quality Measure Document"/>
   <title>Diabetes: HbA1c Control (&lt;8%) (NQF 0575)</title>
   <text>The percentage of patients 18–75 years of age with diabetes (type 1 or type 2) who had HbA1c &lt;8.0%.</text>
   <statusCode code="completed"/>
   <setId root="6a7c5424-16bb-4bf1-89bb-7b80d2b87aab"/>
   <versionNumber value="1"/>
   <author typeCode="AUT">
      <assignedPerson classCode="ASSIGNED">
         <representedOrganization classCode="ORG" determinerCode="INSTANCE">
            <id root="2.16.840.1.113883.3.464"/>
            <name>National Committee for Quality Assurance</name>
            <contactParty classCode="CON" nullFlavor="UNK"/>
         </representedOrganization>
      </assignedPerson>
   </author>
   <custodian>
      <assignedPerson classCode="ASSIGNED">
         <representedOrganization classCode="ORG" determinerCode="INSTANCE">
            <id root="2.16.840.1.113883.3.464"/>
            <name>National Committee for Quality Assurance</name>
            <contactParty classCode="CON" nullFlavor="UNK"/>
         </representedOrganization>
      </assignedPerson>
   </custodian>
   <verifier typeCode="VRF">
      <assignedPerson classCode="ASSIGNED">
         <representedOrganization classCode="ORG" determinerCode="INSTANCE">
            <id root="2.16.840.1.113883.3.560"/>
            <name>National Quality Forum</name>
            <contactParty classCode="CON" nullFlavor="UNK"/>
         </representedOrganization>
      </assignedPerson>
   </verifier>
   <subjectOf>
      <measureAttribute>
         <code code="COPY" codeSystem="2.16.840.1.113883.5.4" displayName="Copyright"/>
         <value xsi:type="ED" mediaType="text/plain">© National Committee for Quality Assurance. All Rights Reserved</value>
      </measureAttribute>
   </subjectOf>
   <subjectOf>
      <measureAttribute>
         <code code="MSRSCORE" codeSystem="2.16.840.1.113883.5.4" displayName="Measure scoring"/>
         <value xsi:type="CD" code="PROPOR" codeSystem="2.16.840.1.113883.5.1063" displayName="Proportion"/>
      </measureAttribute>
   </subjectOf>
   <subjectOf>
      <measureAttribute>
         <code code="MSRTYPE" codeSystem="2.16.840.1.113883.5.4" displayName="Measure type"/>
         <value xsi:type="CD" code="PROCESS" codeSystem="2.16.840.1.113883.5.1063" displayName="Process"/>
      </measureAttribute>
   </subjectOf>
   <subjectOf>
      <measureAttribute>
         <code code="STRAT" codeSystem="2.16.840.1.113883.5.4" displayName="Stratification"/>
         <value xsi:type="ED" mediaType="text/plain">None</value>
      </measureAttribute>
   </subjectOf>
   <subjectOf>
      <measureAttribute>
         <code code="MSRADJ" codeSystem="2.16.840.1.113883.5.4" displayName="Risk Adjustment"/>
         <value xsi:type="ED" mediaType="text/plain">None</value>
      </measureAttribute>
   </subjectOf>
   <subjectOf>
      <measureAttribute>
         <code code="MSRAGG" codeSystem="2.16.840.1.113883.5.4" displayName="Data Aggregation"/>
         <value xsi:type="ED" mediaType="text/plain"/>
      </measureAttribute>
   </subjectOf>
   <subjectOf>
      <measureAttribute>
         <code code="RAT" codeSystem="2.16.840.1.113883.5.4" displayName="Rationale"/>
         <value xsi:type="ED" mediaType="text/plain">This measure evaluates the percentage of patients in a specific age demographic who were diagnosed with type 1 or type 2 diabetes and who demonstrate adequate blood sugar control with an HbA1c level lower than 8 percent. Diabetes mellitus (diabetes) is a group of diseases characterized by high blood glucose levels caused by the body's inability to correctly produce or utilize the hormone insulin. It is recognized as a leading cause of death and disability in the U.S. and is highly underreported as a cause of death. Diabetes of either type may cause life-threatening, life-ending or life-altering complications, including poor blood sugar control. Studies have shown that improved glycemic control is correlated with a 40% decline in the development of associated microvascular complications (i.e., eye, kidney and nerve diseases)( ADA 2009). Clinical guidelines recommend regular HbA1c testing to facilitate patients ability to improve and sustain acceptable levels (ADA 2009). This measure facilitates the maintenance and long-term management of adequate blood sugar levels for patients diagnosed with diabetes.</value>
      </measureAttribute>
   </subjectOf>
   <subjectOf>
      <measureAttribute>
         <code code="CRS" codeSystem="2.16.840.1.113883.3.560" displayName="Clinical Recommendation Statement"/>
         <value xsi:type="ED" mediaType="text/plain">American Geriatric Society:
                
[1]For frail older adults, persons with life expectancy of less than 5 years, and others in whom the risks of intensive glycemic control appear to outweigh the benefits, a less stringent target such as 8% is appropriate. (Level III, Grade B)

[2]For older persons, target hemoglobin A1C should be individualized. A reasonable goal for A1C in relatively healthy adults with good functional status is 7% or lower. (Level III, Grade B)

American Diabetes Association:

[1]Lowering A1C to below or around 7% has been shown to reduce microvascular and neuropathic complications of type 1 and type 2 diabetes. Therefore, for microvascular disease prevention, the A1C goal for nonpregnant adults in general is &lt;7%. (A)

[2]In type 1 and type 2 diabetes, randomized controlled trials of intensive versus standard glycemic control have not shown a significant reduction in CVD outcomes during the randomized portion of the trials. Long-term follow-up of the Diabetes Control and Complications Trial (DCCT) and UK Prospective Diabetes Study (UKPDS) cohorts suggests that treatment to A1C targets below or around 7% in the years soon after the diagnosis of diabetes is associated with long-term reduction in risk of macrovascular disease. Until more evidence becomes available, the general goal of &lt;7% appears reasonable for many adults for macrovascular risk reduction. (B)

[3]Subgroup analyses of clinical trials such as the DCCT and UKPDS and the microvascular evidence from the ADVANCE (Action in Diabetes and Vascular Disease: Preterax and Diamicron MR Controlled Evaluation) trial suggest a small but incremental benefit in microvascular outcomes with A1C values closer to normal. Therefore, for selected individual patients, providers might reasonably suggest even lower A1C goals than the general goal of &lt;7%, if this can be achieved without significant hypoglycemia or other adverse effects of treatment. Such patients might include those with short duration of diabetes, long life expectancy, and no significant CVD. (B)

[4]Conversely, less stringent A1C goals than the general goal of &lt;7% may be appropriate for patients with a history of severe hypoglycemia, limited life expectancy, advanced microvascular or macrovascular complications, and extensive comorbid conditions and those with longstanding diabetes in whom the general goal is difficult to attain despite diabetes self-management education, appropriate glucose monitoring, and effective doses of multiple glucose lowering agents including insulin. (C )            </value>
      </measureAttribute>
   </subjectOf>
   <subjectOf>
      <measureAttribute>
         <code code="IDUR" codeSystem="2.16.840.1.113883.3.560" displayName="Improvement notation"/>
         <value xsi:type="ED" mediaType="text/plain">Higher score indicates better quality</value>
      </measureAttribute>
   </subjectOf>
   <subjectOf>
      <measureAttribute>
         <templateId root="2.16.840.1.113883.3.560.1.74"/>
         <id root="EE33C19E-6EFA-441E-9E51-7861E5CF5680"/>
         <code code="MSRTP" displayName="Measurement period" codeSystem="2.16.840.1.113883.3.560"/>
         <value xsi:type="EXPR_PQ" value="12" unit="m">
            <expression mediaType="text/plain">measureEndDate - measureStartDate</expression>
         </value>
      </measureAttribute>
   </subjectOf>
   <subjectOf>
      <localVariableName>measureStartDate</localVariableName>
      <measureAttribute>
         <templateId root="2.16.840.1.113883.3.560.1.75"/>
         <id root=""/>
         <code code="MSRSD" displayName="Measurement start date" codeSystem="2.16.840.1.113883.3.560"/>
         <value xsi:type="TS" value="82017BC6-137F-4257-AB9E-CDF64A29D950"/>
      </measureAttribute>
   </subjectOf>
   <subjectOf>
      <localVariableName>measureEndDate</localVariableName>
      <measureAttribute>
         <templateId root="2.16.840.1.113883.3.560.1.75"/>
         <id root=""/>
         <code code="MSRED" displayName="Measurement end date" codeSystem="2.16.840.1.113883.3.560"/>
         <value xsi:type="TS" value="5248ABA8-BDA8-4A9D-AAC5-692F6693F2F8"/>
      </measureAttribute>
   </subjectOf>
   <subjectOf>
      <measureAttribute>
         <code code="MSRMD" codeSystem="2.16.840.1.113883.3.560" displayName="Measurement duration"/>
         <value xsi:type="ED" mediaType="text/plain">12 month(s)</value>
      </measureAttribute>
   </subjectOf>
   <subjectOf>
      <measureAttribute>
         <code code="REF" codeSystem="2.16.840.1.113883.5.4" displayName="Reference"/>
         <value xsi:type="ED" mediaType="text/plain">Guidelines for Improving the Care of the Older Person with Diabetes Mellitus. California Healthcare Foundation/American Geriatrics Society Panel on Improving Care for Elders with Diabetes. American Geriatrics Society. May 2003 - Vol. 51, No. 5 Supplement, JAGS. </value>
      </measureAttribute>
   </subjectOf>
   <subjectOf>
      <measureAttribute>
         <code code="REF" codeSystem="2.16.840.1.113883.5.4" displayName="Reference"/>
         <value xsi:type="ED" mediaType="text/plain">Standards of Medical Care in Diabetes - 2009. Diabetes Care January 2009 32:S6-S12; doi: 10.2337/dc09-S006</value>
      </measureAttribute>
   </subjectOf>
   <subjectOf>
      <measureAttribute>
         <code code="DEF" codeSystem="2.16.840.1.113883.3.560" displayName="Definition"/>
         <value xsi:type="ED" mediaType="text/plain" nullFlavor="NI"/>
      </measureAttribute>
   </subjectOf>
   <subjectOf>
      <measureAttribute>
         <code code="GUIDE" codeSystem="2.16.840.1.113883.5.4" displayName="Guidance"/>
         <value xsi:type="ED" mediaType="text/plain"/>
      </measureAttribute>
   </subjectOf>
   <componentOf>
      <qualityMeasureSet classCode="ACT">
         <id root="B1EB421F-C28C-453C-8DEE-7C6EFE318EB1"/>
         <title>CLINICAL QUALITY MEASURE SET 2011-2012</title>
      </qualityMeasureSet>
   </componentOf>
         
      <!--
         **************************************************************   
         Population Criteria Section
         **************************************************************
      --><component typeCode="COMP">
      <section>
         <code code="57026-7" codeSystem="2.16.840.1.113883.6.1" displayName="Population criteria"/>
         <title>Population criteria</title>
         <text>
            <list>
               <item>
                  <content styleCode="Bold">Initial Patient Population =</content>
                  <list>
                     <item>AND: "Patient characteristic: birth date"  &gt;= 17 year(s) and &lt;= 74 year(s) starts before start of "Measurement period"</item>
                  </list>
               </item>
               <item>
                  <content styleCode="Bold">Denominator=</content>
                  <list>
                     <item>AND: "Initial Patient Population"</item>
                     <item>AND: <list>
                           <item>OR: <list>
                                 <item>AND: <list>
                                       <item>OR: "Encounter: Encounter acute inpatient or ED"</item>
                                       <item>OR: <list>
                                             <item>AND:  &gt;= 2 count(s) of<list>
                                                   <item>AND: "Encounter: Encounter non-acute inpatient and outpatient"</item>
                                                </list>
                                             </item>
                                             <item>AND: FIRST:"Encounter: Encounter non-acute inpatient and outpatient" starts before start of SECOND :"Encounter: Encounter non-acute inpatient and outpatient"</item>
                                          </list>
                                       </item>
                                    </list>
                                 </item>
                                 <item>AND: "Diagnosis active: diabetes"</item>
                              </list>
                           </item>
                           <item>OR: <list>
                                 <item>OR: "Medication order: Medications indicative of diabetes"</item>
                                 <item>OR: "Medication dispensed: Medications indicative of diabetes"</item>
                                 <item>OR: "Medication active: Medications indicative of diabetes"</item>
                              </list>
                           </item>
                           <item>  &lt;= 2 year starts before or during "Measurement end date"</item>
                        </list>
                     </item>
                  </list>
               </item>
               <item>
                  <content styleCode="Bold">Numerator =</content>
                  <list>
                     <item>AND:  MOST RECENT:"Laboratory test result: HbA1c test (result value &lt; 8 %)" during "Measurement period"</item>
                  </list>
               </item>
               <item>
                  <content styleCode="Bold">Exclusions =</content>
                  <list>
                     <item>OR: <list>
                           <item>AND: "Diagnosis active: polycystic ovaries" starts before or during "Measurement end date"</item>
                           <item>AND: <list>
                                 <item>AND NOT: <list>
                                       <item>AND: "Diagnosis active: diabetes"</item>
                                       <item>AND: <list>
                                             <item>OR: "Encounter: Encounter acute inpatient or ED"</item>
                                             <item>OR: "Encounter: Encounter non-acute inpatient and outpatient"</item>
                                          </list>
                                       </item>
                                       <item>  &lt;= 2 year starts before or during "Measurement end date"</item>
                                    </list>
                                 </item>
                              </list>
                           </item>
                        </list>
                     </item>
                     <item>OR: <list>
                           <item>AND: <list>
                                 <item>OR: "Diagnosis active: gestational diabetes"</item>
                                 <item>OR: "Diagnosis active: steroid induced diabetes"</item>
                              </list>
                           </item>
                           <item>AND: <list>
                                 <item>OR: "Medication order: Medications indicative of diabetes"</item>
                                 <item>OR: "Medication dispensed: Medications indicative of diabetes"</item>
                                 <item>OR: "Medication active: Medications indicative of diabetes"</item>
                              </list>
                           </item>
                           <item>AND: <list>
                                 <item>AND NOT: <list>
                                       <item>AND: "Diagnosis active: diabetes"</item>
                                       <item>AND: <list>
                                             <item>OR: "Encounter: Encounter acute inpatient or ED"</item>
                                             <item>OR: "Encounter: Encounter non-acute inpatient and outpatient"</item>
                                          </list>
                                       </item>
                                    </list>
                                 </item>
                              </list>
                           </item>
                           <item>  &lt;= 2 year starts before or during "Measurement end date"</item>
                        </list>
                     </item>
                  </list>
               </item>
            </list>
         </text><!--
            **************************************************************   
            Population Criteria Section: population 
            **************************************************************
      -->
         <entry typeCode="DRIV">
            <observation classCode="OBS" moodCode="EVN.CRT" isCriterionInd="true">
               <id root="AB5C9CB1-7325-437D-BC42-8411A8CB0127"/>
               <code code="ASSERTION" codeSystem="2.16.840.1.113883.5.4"/>
               <value xsi:type="CD" code="IPP" codeSystem="2.16.840.1.113883.5.1063" codeSystemName="HL7 Observation Value" displayName="Initial Patient Population"/><!--  top and/or -->
               <sourceOf typeCode="PRCN">
                  <conjunctionCode code="AND"/>
                  <act classCode="ACT" moodCode="EVN" isCriterionInd="true"><!-- patient characteristic pattern -->
                     <templateId root="2.16.840.1.113883.3.560.1.25"/>
                     <id root="AB470CDF-CC5F-4D87-8D7B-3B14A28E39BE"/>
                     <code code="45970-1" displayName="Demographics" codeSystem="2.16.840.1.113883.6.1"/>
                     <sourceOf typeCode="COMP">
                        <observation classCode="OBS" moodCode="EVN" isCriterionInd="true">
                           <code code="2.16.840.1.113883.3.464.0001.14" displayName="birth date HL7 Code List"/>
                           <title>Patient characteristic: birth date</title>
                           <sourceOf typeCode="SBS">
                              <pauseQuantity xsi:type="IVL_PQ">
                                 <low value="17" unit="a" inclusive="true"/>
                                 <high value="74" unit="a" inclusive="true"/>
                              </pauseQuantity>
                              <observation classCode="OBS" moodCode="EVN">
                                 <id root="FA53DA92-1ABD-4051-837D-457AF37736ED"/>
                                 <title>Measurement period</title>
                              </observation>
                           </sourceOf>
                        </observation>
                     </sourceOf>
                  </act>
               </sourceOf>
            </observation>
         </entry><!--
            **************************************************************   
            Population Criteria Section: denominator 
            **************************************************************
      -->
         <entry typeCode="DRIV">
            <observation classCode="OBS" moodCode="EVN.CRT" isCriterionInd="true">
               <id root="4EF86B8C-A051-4EB1-949C-701DB5AB4611"/>
               <code code="ASSERTION" codeSystem="2.16.840.1.113883.5.4"/>
               <value xsi:type="CD" code="DENOM" codeSystem="2.16.840.1.113883.5.1063" codeSystemName="HL7 Observation Value" displayName="Denominator"/><!--  top and/or -->
               <sourceOf typeCode="PRCN">
                  <conjunctionCode code="AND"/>
                  <observation classCode="OBS" moodCode="EVN" isCriterionInd="true">
                     <id root="AB5C9CB1-7325-437D-BC42-8411A8CB0127"/>
                     <title>Initial Patient Population</title>
                  </observation>
               </sourceOf>
               <sourceOf typeCode="PRCN">
                  <conjunctionCode code="AND"/>
                  <act classCode="ACT" moodCode="EVN" isCriterionInd="true">
                     <sourceOf typeCode="PRCN">
                        <conjunctionCode code="OR"/>
                        <act classCode="ACT" moodCode="EVN" isCriterionInd="true">
                           <sourceOf typeCode="PRCN">
                              <conjunctionCode code="AND"/>
                              <act classCode="ACT" moodCode="EVN" isCriterionInd="true">
                                 <sourceOf typeCode="PRCN">
                                    <conjunctionCode code="OR"/>
                                    <act classCode="ACT" moodCode="EVN" isCriterionInd="true"><!-- encounter pattern -->
                                       <templateId root="2.16.840.1.113883.3.560.1.4"/>
                                       <id root="673A2145-D199-4601-9F90-765EC420166A"/>
                                       <code code="46240-8" displayName="Encounter list" codeSystem="2.16.840.1.113883.6.1"/>
                                       <sourceOf typeCode="COMP">
                                          <encounter classCode="ENC" moodCode="EVN" isCriterionInd="true">
                                             <code code="2.16.840.1.113883.3.464.0001.42" displayName="Encounter acute inpatient or ED Code List GROUPING"/>
                                             <title>Encounter: Encounter acute inpatient or ED</title>
                                          </encounter>
                                       </sourceOf>
                                    </act>
                                 </sourceOf>
                                 <sourceOf typeCode="PRCN">
                                    <conjunctionCode code="OR"/>
                                    <act classCode="ACT" moodCode="EVN" isCriterionInd="true">
                                       <sourceOf typeCode="PRCN">
                                          <conjunctionCode code="AND"/>
                                          <act classCode="ACT" moodCode="EVN" isCriterionInd="true">
                                             <repeatNumber>
                                                <low value="2" inclusive="true"/>
                                             </repeatNumber>
                                             <sourceOf typeCode="PRCN">
                                                <conjunctionCode code="AND"/>
                                                <act classCode="ACT" moodCode="EVN" isCriterionInd="true"><!-- encounter pattern -->
                                                   <templateId root="2.16.840.1.113883.3.560.1.4"/>
                                                   <id root="B032B744-0FC7-42BE-88FC-BDB035760E4F"/>
                                                   <code code="46240-8" displayName="Encounter list" codeSystem="2.16.840.1.113883.6.1"/>
                                                   <sourceOf typeCode="COMP">
                                                      <encounter classCode="ENC" moodCode="EVN" isCriterionInd="true">
                                                         <code code="2.16.840.1.113883.3.464.0003.1142" displayName="Encounter non-acute inpatient and outpatient Code List GROUPING"/>
                                                         <title>Encounter: Encounter non-acute inpatient and outpatient</title>
                                                      </encounter>
                                                   </sourceOf>
                                                </act>
                                             </sourceOf>
                                          </act>
                                       </sourceOf>
                                       <sourceOf typeCode="PRCN">
                                          <conjunctionCode code="AND"/>
                                          <subsetCode code="FIRST"/>
                                          <act classCode="ACT" moodCode="EVN" isCriterionInd="true"><!-- encounter pattern -->
                                             <templateId root="2.16.840.1.113883.3.560.1.4"/>
                                             <id root="B032B744-0FC7-42BE-88FC-BDB035760E4F"/>
                                             <code code="46240-8" displayName="Encounter list" codeSystem="2.16.840.1.113883.6.1"/>
                                             <sourceOf typeCode="COMP">
                                                <encounter classCode="ENC" moodCode="EVN" isCriterionInd="true">
                                                   <code code="2.16.840.1.113883.3.464.0003.1142" displayName="Encounter non-acute inpatient and outpatient Code List GROUPING"/>
                                                   <title>Encounter: Encounter non-acute inpatient and outpatient</title>
                                                   <sourceOf typeCode="SBS">
                                                      <subsetCode code="SECOND"/>
                                                      <act classCode="ACT" moodCode="EVN" isCriterionInd="true"><!-- encounter pattern -->
                                                         <templateId root="2.16.840.1.113883.3.560.1.4"/>
                                                         <id root="B032B744-0FC7-42BE-88FC-BDB035760E4F"/>
                                                         <code code="46240-8" displayName="Encounter list" codeSystem="2.16.840.1.113883.6.1"/>
                                                         <sourceOf typeCode="COMP">
                                                            <encounter classCode="ENC" moodCode="EVN" isCriterionInd="true">
                                                               <code code="2.16.840.1.113883.3.464.0003.1142" displayName="Encounter non-acute inpatient and outpatient Code List GROUPING"/>
                                                               <title>Encounter: Encounter non-acute inpatient and outpatient</title>
                                                            </encounter>
                                                         </sourceOf>
                                                      </act>
                                                   </sourceOf>
                                                </encounter>
                                             </sourceOf>
                                          </act>
                                       </sourceOf>
                                    </act>
                                 </sourceOf>
                              </act>
                           </sourceOf>
                           <sourceOf typeCode="PRCN">
                              <conjunctionCode code="AND"/>
                              <act classCode="ACT" moodCode="EVN" isCriterionInd="true"><!-- diagnosis active pattern -->
                                 <templateId root="2.16.840.1.113883.3.560.1.2"/>
                                 <id root="FB251A73-94F8-433B-B544-13961A24165C"/>
                                 <code code="11450-4" displayName="Problem" codeSystem="2.16.840.1.113883.6.1"/>
                                 <sourceOf typeCode="COMP">
                                    <observation classCode="OBS" moodCode="EVN" isCriterionInd="true">
                                       <code code="55607006" codeSystem="2.16.840.1.113883.6.96" displayName="Problem"/>
                                       <title>Diagnosis active: diabetes</title>
                                       <value xsi:type="CD" code="2.16.840.1.113883.3.464.0001.37" displayName="diabetes Code List GROUPING"/>
                                       <sourceOf typeCode="REFR">
                                          <observation classCode="OBS" moodCode="EVN" isCriterionInd="true">
                                             <code code="33999-4" codeSystem="2.16.840.1.113883.6.1" displayName="Status"/>
                                             <value xsi:type="CD" code="55561003" displayName="active" codeSystem="2.16.840.1.113883.6.96"/>
                                          </observation>
                                       </sourceOf>
                                    </observation>
                                 </sourceOf>
                              </act>
                           </sourceOf>
                        </act>
                     </sourceOf>
                     <sourceOf typeCode="PRCN">
                        <conjunctionCode code="OR"/>
                        <act classCode="ACT" moodCode="EVN" isCriterionInd="true">
                           <sourceOf typeCode="PRCN">
                              <conjunctionCode code="OR"/>
                              <act classCode="ACT" moodCode="EVN" isCriterionInd="true"><!-- medication order pattern -->
                                 <templateId root="2.16.840.1.113883.3.560.1.17"/>
                                 <id root="BEFB1367-6E78-4646-8235-47530F782CA9"/>
                                 <code code="10160-0" displayName="Medications" codeSystem="2.16.840.1.113883.6.1"/>
                                 <sourceOf typeCode="COMP">
                                    <substanceAdministration classCode="SBADM" moodCode="RQO" isCriterionInd="true">
                                       <title>Medication order: Medications indicative of diabetes</title>
                                       <participant typeCode="CSM">
                                          <roleParticipant classCode="MANU">
                                             <playingMaterial classCode="MMAT" determinerCode="KIND">
                                                <code code="2.16.840.1.113883.3.464.0001.94" displayName="Medications indicative of diabetes Code List GROUPING"/>
                                             </playingMaterial>
                                          </roleParticipant>
                                       </participant>
                                    </substanceAdministration>
                                 </sourceOf>
                              </act>
                           </sourceOf>
                           <sourceOf typeCode="PRCN">
                              <conjunctionCode code="OR"/>
                              <act classCode="ACT" moodCode="EVN" isCriterionInd="true"><!-- medication dispensed pattern -->
                                 <templateId root="2.16.840.1.113883.3.560.1.8"/>
                                 <id root="BF3D467E-7514-4151-8F5D-0231ABE5EDC2"/>
                                 <code code="10160-0" displayName="Medications" codeSystem="2.16.840.1.113883.6.1"/>
                                 <sourceOf typeCode="COMP">
                                    <supply classCode="SPLY" moodCode="EVN" isCriterionInd="true">
                                       <title>Medication dispensed: Medications indicative of diabetes</title>
                                       <participant typeCode="CSM">
                                          <roleParticipant classCode="MANU">
                                             <playingMaterial classCode="MMAT" determinerCode="KIND">
                                                <code code="2.16.840.1.113883.3.464.0001.94" displayName="Medications indicative of diabetes Code List GROUPING"/>
                                             </playingMaterial>
                                          </roleParticipant>
                                       </participant>
                                    </supply>
                                 </sourceOf>
                              </act>
                           </sourceOf>
                           <sourceOf typeCode="PRCN">
                              <conjunctionCode code="OR"/>
                              <act classCode="ACT" moodCode="EVN" isCriterionInd="true"><!-- medication active pattern -->
                                 <templateId root="2.16.840.1.113883.3.560.1.13"/>
                                 <id root="C991309C-C2C1-4714-810D-CA732FFB4989"/>
                                 <code code="10160-0" displayName="Medications" codeSystem="2.16.840.1.113883.6.1"/>
                                 <sourceOf typeCode="COMP">
                                    <substanceAdministration classCode="SBADM" moodCode="EVN" isCriterionInd="true">
                                       <title>Medication active: Medications indicative of diabetes</title>
                                       <participant typeCode="CSM">
                                          <roleParticipant classCode="MANU">
                                             <playingMaterial classCode="MMAT" determinerCode="KIND">
                                                <code code="2.16.840.1.113883.3.464.0001.94" displayName="Medications indicative of diabetes Code List GROUPING"/>
                                             </playingMaterial>
                                          </roleParticipant>
                                       </participant>
                                       <sourceOf typeCode="REFR">
                                          <observation classCode="OBS" moodCode="EVN" isCriterionInd="true">
                                             <code code="33999-4" displayName="Status" codeSystem="2.16.840.1.113883.6.1"/>
                                             <value xsi:type="CD" code="55561003" displayName="Active" codeSystem="2.16.840.1.113883.6.96"/>
                                          </observation>
                                       </sourceOf>
                                    </substanceAdministration>
                                 </sourceOf>
                              </act>
                           </sourceOf>
                        </act>
                     </sourceOf>
                     <sourceOf typeCode="EAS" inversionInd="true">
                        <pauseQuantity xsi:type="URG_PQ">
                           <high value="2" unit="year" inclusive="true"/>
                        </pauseQuantity>
                        <observation classCode="OBS" moodCode="EVN" isCriterionInd="true">
                           <id root="5313BF27-317F-4381-BC2E-2BF06D16011D"/>
                           <title>Measurement end date</title>
                        </observation>
                     </sourceOf>
                  </act>
               </sourceOf>
            </observation>
         </entry><!--
            **************************************************************   
            Population Criteria Section: numerator 
            **************************************************************
      -->
         <entry typeCode="DRIV">
            <observation classCode="OBS" moodCode="EVN.CRT" isCriterionInd="true">
               <id root="45BAE3F0-1E63-4CA5-9184-D251ADF19DDD"/>
               <code code="ASSERTION" codeSystem="2.16.840.1.113883.5.4"/>
               <value xsi:type="CD" code="NUMER" codeSystem="2.16.840.1.113883.5.1063" codeSystemName="HL7 Observation Value" displayName="Numerator"/><!--  top and/or -->
               <sourceOf typeCode="PRCN">
                  <conjunctionCode code="AND"/>
                  <subsetCode code="RECENT"/>
                  <act classCode="ACT" moodCode="EVN" isCriterionInd="true"><!-- laboratory test result pattern -->
                     <templateId root="2.16.840.1.113883.3.560.1.12"/>
                     <id root="FDA9CFB8-5807-4BDB-9D54-249DD5540436"/>
                     <code code="30954-2" displayName="Results" codeSystem="2.16.840.1.113883.6.1"/>
                     <sourceOf typeCode="COMP">
                        <observation classCode="OBS" moodCode="EVN" isCriterionInd="true">
                           <code code="2.16.840.1.113883.3.464.0001.72" displayName="HbA1c test Code List GROUPING"/>
                           <title>Laboratory test result: HbA1c test (result value &lt; 8  %)</title>
                           <statusCode code="completed"/>
                           <value xsi:type="IVL_PQ">
                              <high value="8" unit="%" inclusive="false"/>
                           </value>
                           <sourceOf typeCode="DURING">
                              <observation classCode="OBS" moodCode="EVN">
                                 <id root="FA53DA92-1ABD-4051-837D-457AF37736ED"/>
                                 <title>Measurement period</title>
                              </observation>
                           </sourceOf>
                        </observation>
                     </sourceOf>
                  </act>
               </sourceOf>
            </observation>
         </entry><!--
            **************************************************************   
            Population Criteria Section: exclusions 
            **************************************************************
      -->
         <entry typeCode="DRIV">
            <observation classCode="OBS" moodCode="EVN.CRT" isCriterionInd="true" actionNegationInd="true">
               <id root="5DADE44E-4945-4E53-A51D-0DF4B532B785"/>
               <code code="ASSERTION" codeSystem="2.16.840.1.113883.5.4"/>
               <value xsi:type="CD" code="DENOM" codeSystem="2.16.840.1.113883.5.1063" codeSystemName="HL7 Observation Value" displayName="Denominator"/>
            </observation>
         </entry><!--
            **************************************************************   
            Population Criteria Section: exceptions 
            **************************************************************
      -->
         <entry typeCode="DRIV">
            <observation classCode="OBS" moodCode="EVN.CRT" isCriterionInd="true">
               <id root="39E9F9FB-61C3-4192-BC08-E5317559B32F"/>
               <code code="ASSERTION" codeSystem="2.16.840.1.113883.5.4"/>
               <value xsi:type="CD" code="DENEXCEP" codeSystem="2.16.840.1.113883.5.1063" codeSystemName="HL7 Observation Value" displayName="Denominator Exception"/><!--  top and/or -->
               <sourceOf typeCode="PRCN">
                  <conjunctionCode code="OR"/>
                  <act classCode="ACT" moodCode="EVN" isCriterionInd="true">
                     <sourceOf typeCode="PRCN">
                        <conjunctionCode code="AND"/>
                        <act classCode="ACT" moodCode="EVN" isCriterionInd="true"><!-- diagnosis active pattern -->
                           <templateId root="2.16.840.1.113883.3.560.1.2"/>
                           <id root="06EE1B39-D6DE-4937-932E-28B973BCF886"/>
                           <code code="11450-4" displayName="Problem" codeSystem="2.16.840.1.113883.6.1"/>
                           <sourceOf typeCode="COMP">
                              <observation classCode="OBS" moodCode="EVN" isCriterionInd="true">
                                 <code code="55607006" codeSystem="2.16.840.1.113883.6.96" displayName="Problem"/>
                                 <title>Diagnosis active: polycystic ovaries</title>
                                 <value xsi:type="CD" code="2.16.840.1.113883.3.464.0001.98" displayName="polycystic ovaries Code List GROUPING"/>
                                 <sourceOf typeCode="REFR">
                                    <observation classCode="OBS" moodCode="EVN" isCriterionInd="true">
                                       <code code="33999-4" codeSystem="2.16.840.1.113883.6.1" displayName="Status"/>
                                       <value xsi:type="CD" code="55561003" displayName="active" codeSystem="2.16.840.1.113883.6.96"/>
                                    </observation>
                                 </sourceOf>
                                 <sourceOf typeCode="EAS" inversionInd="true">
                                    <observation classCode="OBS" moodCode="EVN">
                                       <id root="5313BF27-317F-4381-BC2E-2BF06D16011D"/>
                                       <title>Measurement end date</title>
                                    </observation>
                                 </sourceOf>
                              </observation>
                           </sourceOf>
                        </act>
                     </sourceOf>
                     <sourceOf typeCode="PRCN">
                        <conjunctionCode code="AND"/>
                        <act classCode="ACT" moodCode="EVN" isCriterionInd="true" actionNegationInd="true">
                           <sourceOf typeCode="PRCN">
                              <conjunctionCode code="AND"/>
                              <act classCode="ACT" moodCode="EVN" isCriterionInd="true">
                                 <sourceOf typeCode="PRCN">
                                    <conjunctionCode code="AND"/>
                                    <act classCode="ACT" moodCode="EVN" isCriterionInd="true"><!-- diagnosis active pattern -->
                                       <templateId root="2.16.840.1.113883.3.560.1.2"/>
                                       <id root="FB251A73-94F8-433B-B544-13961A24165C"/>
                                       <code code="11450-4" displayName="Problem" codeSystem="2.16.840.1.113883.6.1"/>
                                       <sourceOf typeCode="COMP">
                                          <observation classCode="OBS" moodCode="EVN" isCriterionInd="true">
                                             <code code="55607006" codeSystem="2.16.840.1.113883.6.96" displayName="Problem"/>
                                             <title>Diagnosis active: diabetes</title>
                                             <value xsi:type="CD" code="2.16.840.1.113883.3.464.0001.37" displayName="diabetes Code List GROUPING"/>
                                             <sourceOf typeCode="REFR">
                                                <observation classCode="OBS" moodCode="EVN" isCriterionInd="true">
                                                   <code code="33999-4" codeSystem="2.16.840.1.113883.6.1" displayName="Status"/>
                                                   <value xsi:type="CD" code="55561003" displayName="active" codeSystem="2.16.840.1.113883.6.96"/>
                                                </observation>
                                             </sourceOf>
                                          </observation>
                                       </sourceOf>
                                    </act>
                                 </sourceOf>
                                 <sourceOf typeCode="PRCN">
                                    <conjunctionCode code="AND"/>
                                    <act classCode="ACT" moodCode="EVN" isCriterionInd="true">
                                       <sourceOf typeCode="PRCN">
                                          <conjunctionCode code="OR"/>
                                          <act classCode="ACT" moodCode="EVN" isCriterionInd="true"><!-- encounter pattern -->
                                             <templateId root="2.16.840.1.113883.3.560.1.4"/>
                                             <id root="673A2145-D199-4601-9F90-765EC420166A"/>
                                             <code code="46240-8" displayName="Encounter list" codeSystem="2.16.840.1.113883.6.1"/>
                                             <sourceOf typeCode="COMP">
                                                <encounter classCode="ENC" moodCode="EVN" isCriterionInd="true">
                                                   <code code="2.16.840.1.113883.3.464.0001.42" displayName="Encounter acute inpatient or ED Code List GROUPING"/>
                                                   <title>Encounter: Encounter acute inpatient or ED</title>
                                                </encounter>
                                             </sourceOf>
                                          </act>
                                       </sourceOf>
                                       <sourceOf typeCode="PRCN">
                                          <conjunctionCode code="OR"/>
                                          <act classCode="ACT" moodCode="EVN" isCriterionInd="true"><!-- encounter pattern -->
                                             <templateId root="2.16.840.1.113883.3.560.1.4"/>
                                             <id root="B032B744-0FC7-42BE-88FC-BDB035760E4F"/>
                                             <code code="46240-8" displayName="Encounter list" codeSystem="2.16.840.1.113883.6.1"/>
                                             <sourceOf typeCode="COMP">
                                                <encounter classCode="ENC" moodCode="EVN" isCriterionInd="true">
                                                   <code code="2.16.840.1.113883.3.464.0003.1142" displayName="Encounter non-acute inpatient and outpatient Code List GROUPING"/>
                                                   <title>Encounter: Encounter non-acute inpatient and outpatient</title>
                                                </encounter>
                                             </sourceOf>
                                          </act>
                                       </sourceOf>
                                    </act>
                                 </sourceOf>
                                 <sourceOf typeCode="EAS" inversionInd="true">
                                    <pauseQuantity xsi:type="URG_PQ">
                                       <high value="2" unit="year" inclusive="true"/>
                                    </pauseQuantity>
                                    <observation classCode="OBS" moodCode="EVN" isCriterionInd="true">
                                       <id root="5313BF27-317F-4381-BC2E-2BF06D16011D"/>
                                       <title>Measurement end date</title>
                                    </observation>
                                 </sourceOf>
                              </act>
                           </sourceOf>
                        </act>
                     </sourceOf>
                  </act>
               </sourceOf>
               <sourceOf typeCode="PRCN">
                  <conjunctionCode code="OR"/>
                  <act classCode="ACT" moodCode="EVN" isCriterionInd="true">
                     <sourceOf typeCode="PRCN">
                        <conjunctionCode code="AND"/>
                        <act classCode="ACT" moodCode="EVN" isCriterionInd="true">
                           <sourceOf typeCode="PRCN">
                              <conjunctionCode code="OR"/>
                              <act classCode="ACT" moodCode="EVN" isCriterionInd="true"><!-- diagnosis active pattern -->
                                 <templateId root="2.16.840.1.113883.3.560.1.2"/>
                                 <id root="76BF1239-DC93-4309-9E98-A19FD55F13FA"/>
                                 <code code="11450-4" displayName="Problem" codeSystem="2.16.840.1.113883.6.1"/>
                                 <sourceOf typeCode="COMP">
                                    <observation classCode="OBS" moodCode="EVN" isCriterionInd="true">
                                       <code code="55607006" codeSystem="2.16.840.1.113883.6.96" displayName="Problem"/>
                                       <title>Diagnosis active: gestational diabetes</title>
                                       <value xsi:type="CD" code="2.16.840.1.113883.3.464.0001.67" displayName="gestational diabetes Code List GROUPING"/>
                                       <sourceOf typeCode="REFR">
                                          <observation classCode="OBS" moodCode="EVN" isCriterionInd="true">
                                             <code code="33999-4" codeSystem="2.16.840.1.113883.6.1" displayName="Status"/>
                                             <value xsi:type="CD" code="55561003" displayName="active" codeSystem="2.16.840.1.113883.6.96"/>
                                          </observation>
                                       </sourceOf>
                                    </observation>
                                 </sourceOf>
                              </act>
                           </sourceOf>
                           <sourceOf typeCode="PRCN">
                              <conjunctionCode code="OR"/>
                              <act classCode="ACT" moodCode="EVN" isCriterionInd="true"><!-- diagnosis active pattern -->
                                 <templateId root="2.16.840.1.113883.3.560.1.2"/>
                                 <id root="2254080C-EDB6-4CDA-B0AF-41A278967129"/>
                                 <code code="11450-4" displayName="Problem" codeSystem="2.16.840.1.113883.6.1"/>
                                 <sourceOf typeCode="COMP">
                                    <observation classCode="OBS" moodCode="EVN" isCriterionInd="true">
                                       <code code="55607006" codeSystem="2.16.840.1.113883.6.96" displayName="Problem"/>
                                       <title>Diagnosis active: steroid induced diabetes</title>
                                       <value xsi:type="CD" code="2.16.840.1.113883.3.464.0001.113" displayName="steroid induced diabetes Code List GROUPING"/>
                                       <sourceOf typeCode="REFR">
                                          <observation classCode="OBS" moodCode="EVN" isCriterionInd="true">
                                             <code code="33999-4" codeSystem="2.16.840.1.113883.6.1" displayName="Status"/>
                                             <value xsi:type="CD" code="55561003" displayName="active" codeSystem="2.16.840.1.113883.6.96"/>
                                          </observation>
                                       </sourceOf>
                                    </observation>
                                 </sourceOf>
                              </act>
                           </sourceOf>
                        </act>
                     </sourceOf>
                     <sourceOf typeCode="PRCN">
                        <conjunctionCode code="AND"/>
                        <act classCode="ACT" moodCode="EVN" isCriterionInd="true">
                           <sourceOf typeCode="PRCN">
                              <conjunctionCode code="OR"/>
                              <act classCode="ACT" moodCode="EVN" isCriterionInd="true"><!-- medication order pattern -->
                                 <templateId root="2.16.840.1.113883.3.560.1.17"/>
                                 <id root="BEFB1367-6E78-4646-8235-47530F782CA9"/>
                                 <code code="10160-0" displayName="Medications" codeSystem="2.16.840.1.113883.6.1"/>
                                 <sourceOf typeCode="COMP">
                                    <substanceAdministration classCode="SBADM" moodCode="RQO" isCriterionInd="true">
                                       <title>Medication order: Medications indicative of diabetes</title>
                                       <participant typeCode="CSM">
                                          <roleParticipant classCode="MANU">
                                             <playingMaterial classCode="MMAT" determinerCode="KIND">
                                                <code code="2.16.840.1.113883.3.464.0001.94" displayName="Medications indicative of diabetes Code List GROUPING"/>
                                             </playingMaterial>
                                          </roleParticipant>
                                       </participant>
                                    </substanceAdministration>
                                 </sourceOf>
                              </act>
                           </sourceOf>
                           <sourceOf typeCode="PRCN">
                              <conjunctionCode code="OR"/>
                              <act classCode="ACT" moodCode="EVN" isCriterionInd="true"><!-- medication dispensed pattern -->
                                 <templateId root="2.16.840.1.113883.3.560.1.8"/>
                                 <id root="BF3D467E-7514-4151-8F5D-0231ABE5EDC2"/>
                                 <code code="10160-0" displayName="Medications" codeSystem="2.16.840.1.113883.6.1"/>
                                 <sourceOf typeCode="COMP">
                                    <supply classCode="SPLY" moodCode="EVN" isCriterionInd="true">
                                       <title>Medication dispensed: Medications indicative of diabetes</title>
                                       <participant typeCode="CSM">
                                          <roleParticipant classCode="MANU">
                                             <playingMaterial classCode="MMAT" determinerCode="KIND">
                                                <code code="2.16.840.1.113883.3.464.0001.94" displayName="Medications indicative of diabetes Code List GROUPING"/>
                                             </playingMaterial>
                                          </roleParticipant>
                                       </participant>
                                    </supply>
                                 </sourceOf>
                              </act>
                           </sourceOf>
                           <sourceOf typeCode="PRCN">
                              <conjunctionCode code="OR"/>
                              <act classCode="ACT" moodCode="EVN" isCriterionInd="true"><!-- medication active pattern -->
                                 <templateId root="2.16.840.1.113883.3.560.1.13"/>
                                 <id root="C991309C-C2C1-4714-810D-CA732FFB4989"/>
                                 <code code="10160-0" displayName="Medications" codeSystem="2.16.840.1.113883.6.1"/>
                                 <sourceOf typeCode="COMP">
                                    <substanceAdministration classCode="SBADM" moodCode="EVN" isCriterionInd="true">
                                       <title>Medication active: Medications indicative of diabetes</title>
                                       <participant typeCode="CSM">
                                          <roleParticipant classCode="MANU">
                                             <playingMaterial classCode="MMAT" determinerCode="KIND">
                                                <code code="2.16.840.1.113883.3.464.0001.94" displayName="Medications indicative of diabetes Code List GROUPING"/>
                                             </playingMaterial>
                                          </roleParticipant>
                                       </participant>
                                       <sourceOf typeCode="REFR">
                                          <observation classCode="OBS" moodCode="EVN" isCriterionInd="true">
                                             <code code="33999-4" displayName="Status" codeSystem="2.16.840.1.113883.6.1"/>
                                             <value xsi:type="CD" code="55561003" displayName="Active" codeSystem="2.16.840.1.113883.6.96"/>
                                          </observation>
                                       </sourceOf>
                                    </substanceAdministration>
                                 </sourceOf>
                              </act>
                           </sourceOf>
                        </act>
                     </sourceOf>
                     <sourceOf typeCode="PRCN">
                        <conjunctionCode code="AND"/>
                        <act classCode="ACT" moodCode="EVN" isCriterionInd="true" actionNegationInd="true">
                           <sourceOf typeCode="PRCN">
                              <conjunctionCode code="AND"/>
                              <act classCode="ACT" moodCode="EVN" isCriterionInd="true">
                                 <sourceOf typeCode="PRCN">
                                    <conjunctionCode code="AND"/>
                                    <act classCode="ACT" moodCode="EVN" isCriterionInd="true"><!-- diagnosis active pattern -->
                                       <templateId root="2.16.840.1.113883.3.560.1.2"/>
                                       <id root="FB251A73-94F8-433B-B544-13961A24165C"/>
                                       <code code="11450-4" displayName="Problem" codeSystem="2.16.840.1.113883.6.1"/>
                                       <sourceOf typeCode="COMP">
                                          <observation classCode="OBS" moodCode="EVN" isCriterionInd="true">
                                             <code code="55607006" codeSystem="2.16.840.1.113883.6.96" displayName="Problem"/>
                                             <title>Diagnosis active: diabetes</title>
                                             <value xsi:type="CD" code="2.16.840.1.113883.3.464.0001.37" displayName="diabetes Code List GROUPING"/>
                                             <sourceOf typeCode="REFR">
                                                <observation classCode="OBS" moodCode="EVN" isCriterionInd="true">
                                                   <code code="33999-4" codeSystem="2.16.840.1.113883.6.1" displayName="Status"/>
                                                   <value xsi:type="CD" code="55561003" displayName="active" codeSystem="2.16.840.1.113883.6.96"/>
                                                </observation>
                                             </sourceOf>
                                          </observation>
                                       </sourceOf>
                                    </act>
                                 </sourceOf>
                                 <sourceOf typeCode="PRCN">
                                    <conjunctionCode code="AND"/>
                                    <act classCode="ACT" moodCode="EVN" isCriterionInd="true">
                                       <sourceOf typeCode="PRCN">
                                          <conjunctionCode code="OR"/>
                                          <act classCode="ACT" moodCode="EVN" isCriterionInd="true"><!-- encounter pattern -->
                                             <templateId root="2.16.840.1.113883.3.560.1.4"/>
                                             <id root="673A2145-D199-4601-9F90-765EC420166A"/>
                                             <code code="46240-8" displayName="Encounter list" codeSystem="2.16.840.1.113883.6.1"/>
                                             <sourceOf typeCode="COMP">
                                                <encounter classCode="ENC" moodCode="EVN" isCriterionInd="true">
                                                   <code code="2.16.840.1.113883.3.464.0001.42" displayName="Encounter acute inpatient or ED Code List GROUPING"/>
                                                   <title>Encounter: Encounter acute inpatient or ED</title>
                                                </encounter>
                                             </sourceOf>
                                          </act>
                                       </sourceOf>
                                       <sourceOf typeCode="PRCN">
                                          <conjunctionCode code="OR"/>
                                          <act classCode="ACT" moodCode="EVN" isCriterionInd="true"><!-- encounter pattern -->
                                             <templateId root="2.16.840.1.113883.3.560.1.4"/>
                                             <id root="B032B744-0FC7-42BE-88FC-BDB035760E4F"/>
                                             <code code="46240-8" displayName="Encounter list" codeSystem="2.16.840.1.113883.6.1"/>
                                             <sourceOf typeCode="COMP">
                                                <encounter classCode="ENC" moodCode="EVN" isCriterionInd="true">
                                                   <code code="2.16.840.1.113883.3.464.0003.1142" displayName="Encounter non-acute inpatient and outpatient Code List GROUPING"/>
                                                   <title>Encounter: Encounter non-acute inpatient and outpatient</title>
                                                </encounter>
                                             </sourceOf>
                                          </act>
                                       </sourceOf>
                                    </act>
                                 </sourceOf>
                              </act>
                           </sourceOf>
                        </act>
                     </sourceOf>
                     <sourceOf typeCode="EAS" inversionInd="true">
                        <pauseQuantity xsi:type="URG_PQ">
                           <high value="2" unit="year" inclusive="true"/>
                        </pauseQuantity>
                        <observation classCode="OBS" moodCode="EVN" isCriterionInd="true">
                           <id root="5313BF27-317F-4381-BC2E-2BF06D16011D"/>
                           <title>Measurement end date</title>
                        </observation>
                     </sourceOf>
                  </act>
               </sourceOf>
            </observation>
         </entry>
      </section>
   </component>
         
      <!--
         ******************************************   
         Data Criteria Section
         ******************************************
      --><component typeCode="COMP">
      <section>
         <code code="57025-9" codeSystem="2.16.840.1.113883.6.1" displayName="Data criteria (QDS Data Elements)"/>
         <title>Data criteria (QDS Data Elements)</title>
         <text>
            <list>
               <item>
                  <content>"Diagnosis active: diabetes"</content> using "diabetes Code List GROUPING (2.16.840.1.113883.3.464.0001.37)"</item>
               <item>
                  <content>"Diagnosis active: gestational diabetes"</content> using "gestational diabetes Code List GROUPING (2.16.840.1.113883.3.464.0001.67)"</item>
               <item>
                  <content>"Diagnosis active: polycystic ovaries"</content> using "polycystic ovaries Code List GROUPING (2.16.840.1.113883.3.464.0001.98)"</item>
               <item>
                  <content>"Diagnosis active: steroid induced diabetes"</content> using "steroid induced diabetes Code List GROUPING (2.16.840.1.113883.3.464.0001.113)"</item>
               <item>
                  <content>"Encounter: Encounter acute inpatient or ED"</content> using "Encounter acute inpatient or ED Code List GROUPING (2.16.840.1.113883.3.464.0001.42)"</item>
               <item>
                  <content>"Encounter: Encounter non-acute inpatient and outpatient"</content> using "Encounter non-acute inpatient and outpatient Code List GROUPING (2.16.840.1.113883.3.464.0003.1142)"</item>
               <item>
                  <content>"Laboratory test result: HbA1c test"</content> using "HbA1c test Code List GROUPING (2.16.840.1.113883.3.464.0001.72)"</item>
               <item>
                  <content>"Medication active: Medications indicative of diabetes"</content> using "Medications indicative of diabetes Code List GROUPING (2.16.840.1.113883.3.464.0001.94)"</item>
               <item>
                  <content>"Medication dispensed: Medications indicative of diabetes"</content> using "Medications indicative of diabetes Code List GROUPING (2.16.840.1.113883.3.464.0001.94)"</item>
               <item>
                  <content>"Medication order: Medications indicative of diabetes"</content> using "Medications indicative of diabetes Code List GROUPING (2.16.840.1.113883.3.464.0001.94)"</item>
               <item>
                  <content>"Patient characteristic: birth date" (age)</content> using "birth date HL7 Code List (2.16.840.1.113883.3.464.0001.14)"</item>
            </list>
         </text>
         <entry typeCode="DRIV">
            <act classCode="ACT" moodCode="EVN" isCriterionInd="true"><!-- patient characteristic pattern -->
               <templateId root="2.16.840.1.113883.3.560.1.25"/>
               <id root="AB470CDF-CC5F-4D87-8D7B-3B14A28E39BE"/>
               <code code="45970-1" displayName="Demographics" codeSystem="2.16.840.1.113883.6.1"/>
               <sourceOf typeCode="COMP">
                  <observation classCode="OBS" moodCode="EVN" isCriterionInd="true">
                     <code code="2.16.840.1.113883.3.464.0001.14" displayName="birth date HL7 Code List"/>
                     <title>Patient characteristic: birth date</title>
                  </observation>
               </sourceOf>
            </act>
         </entry>
         <entry typeCode="DRIV">
            <act classCode="ACT" moodCode="EVN" isCriterionInd="true"><!-- diagnosis active pattern -->
               <templateId root="2.16.840.1.113883.3.560.1.2"/>
               <id root="FB251A73-94F8-433B-B544-13961A24165C"/>
               <code code="11450-4" displayName="Problem" codeSystem="2.16.840.1.113883.6.1"/>
               <sourceOf typeCode="COMP">
                  <observation classCode="OBS" moodCode="EVN" isCriterionInd="true">
                     <code code="55607006" codeSystem="2.16.840.1.113883.6.96" displayName="Problem"/>
                     <title>Diagnosis active: diabetes</title>
                     <value xsi:type="CD" code="2.16.840.1.113883.3.464.0001.37" displayName="diabetes Code List GROUPING"/>
                     <sourceOf typeCode="REFR">
                        <observation classCode="OBS" moodCode="EVN" isCriterionInd="true">
                           <code code="33999-4" codeSystem="2.16.840.1.113883.6.1" displayName="Status"/>
                           <value xsi:type="CD" code="55561003" displayName="active" codeSystem="2.16.840.1.113883.6.96"/>
                        </observation>
                     </sourceOf>
                  </observation>
               </sourceOf>
            </act>
         </entry>
         <entry typeCode="DRIV">
            <act classCode="ACT" moodCode="EVN" isCriterionInd="true"><!-- encounter pattern -->
               <templateId root="2.16.840.1.113883.3.560.1.4"/>
               <id root="673A2145-D199-4601-9F90-765EC420166A"/>
               <code code="46240-8" displayName="Encounter list" codeSystem="2.16.840.1.113883.6.1"/>
               <sourceOf typeCode="COMP">
                  <encounter classCode="ENC" moodCode="EVN" isCriterionInd="true">
                     <code code="2.16.840.1.113883.3.464.0001.42" displayName="Encounter acute inpatient or ED Code List GROUPING"/>
                     <title>Encounter: Encounter acute inpatient or ED</title>
                  </encounter>
               </sourceOf>
            </act>
         </entry>
         <entry typeCode="DRIV">
            <act classCode="ACT" moodCode="EVN" isCriterionInd="true"><!-- encounter pattern -->
               <templateId root="2.16.840.1.113883.3.560.1.4"/>
               <id root="B032B744-0FC7-42BE-88FC-BDB035760E4F"/>
               <code code="46240-8" displayName="Encounter list" codeSystem="2.16.840.1.113883.6.1"/>
               <sourceOf typeCode="COMP">
                  <encounter classCode="ENC" moodCode="EVN" isCriterionInd="true">
                     <code code="2.16.840.1.113883.3.464.0003.1142" displayName="Encounter non-acute inpatient and outpatient Code List GROUPING"/>
                     <title>Encounter: Encounter non-acute inpatient and outpatient</title>
                  </encounter>
               </sourceOf>
            </act>
         </entry>
         <entry typeCode="DRIV">
            <act classCode="ACT" moodCode="EVN" isCriterionInd="true"><!-- diagnosis active pattern -->
               <templateId root="2.16.840.1.113883.3.560.1.2"/>
               <id root="76BF1239-DC93-4309-9E98-A19FD55F13FA"/>
               <code code="11450-4" displayName="Problem" codeSystem="2.16.840.1.113883.6.1"/>
               <sourceOf typeCode="COMP">
                  <observation classCode="OBS" moodCode="EVN" isCriterionInd="true">
                     <code code="55607006" codeSystem="2.16.840.1.113883.6.96" displayName="Problem"/>
                     <title>Diagnosis active: gestational diabetes</title>
                     <value xsi:type="CD" code="2.16.840.1.113883.3.464.0001.67" displayName="gestational diabetes Code List GROUPING"/>
                     <sourceOf typeCode="REFR">
                        <observation classCode="OBS" moodCode="EVN" isCriterionInd="true">
                           <code code="33999-4" codeSystem="2.16.840.1.113883.6.1" displayName="Status"/>
                           <value xsi:type="CD" code="55561003" displayName="active" codeSystem="2.16.840.1.113883.6.96"/>
                        </observation>
                     </sourceOf>
                  </observation>
               </sourceOf>
            </act>
         </entry>
         <entry typeCode="DRIV">
            <act classCode="ACT" moodCode="EVN" isCriterionInd="true"><!-- medication active pattern -->
               <templateId root="2.16.840.1.113883.3.560.1.13"/>
               <id root="C991309C-C2C1-4714-810D-CA732FFB4989"/>
               <code code="10160-0" displayName="Medications" codeSystem="2.16.840.1.113883.6.1"/>
               <sourceOf typeCode="COMP">
                  <substanceAdministration classCode="SBADM" moodCode="EVN" isCriterionInd="true">
                     <title>Medication active: Medications indicative of diabetes</title>
                     <participant typeCode="CSM">
                        <roleParticipant classCode="MANU">
                           <playingMaterial classCode="MMAT" determinerCode="KIND">
                              <code code="2.16.840.1.113883.3.464.0001.94" displayName="Medications indicative of diabetes Code List GROUPING"/>
                           </playingMaterial>
                        </roleParticipant>
                     </participant>
                     <sourceOf typeCode="REFR">
                        <observation classCode="OBS" moodCode="EVN" isCriterionInd="true">
                           <code code="33999-4" displayName="Status" codeSystem="2.16.840.1.113883.6.1"/>
                           <value xsi:type="CD" code="55561003" displayName="Active" codeSystem="2.16.840.1.113883.6.96"/>
                        </observation>
                     </sourceOf>
                  </substanceAdministration>
               </sourceOf>
            </act>
         </entry>
         <entry typeCode="DRIV">
            <act classCode="ACT" moodCode="EVN" isCriterionInd="true"><!-- medication dispensed pattern -->
               <templateId root="2.16.840.1.113883.3.560.1.8"/>
               <id root="BF3D467E-7514-4151-8F5D-0231ABE5EDC2"/>
               <code code="10160-0" displayName="Medications" codeSystem="2.16.840.1.113883.6.1"/>
               <sourceOf typeCode="COMP">
                  <supply classCode="SPLY" moodCode="EVN" isCriterionInd="true">
                     <title>Medication dispensed: Medications indicative of diabetes</title>
                     <participant typeCode="CSM">
                        <roleParticipant classCode="MANU">
                           <playingMaterial classCode="MMAT" determinerCode="KIND">
                              <code code="2.16.840.1.113883.3.464.0001.94" displayName="Medications indicative of diabetes Code List GROUPING"/>
                           </playingMaterial>
                        </roleParticipant>
                     </participant>
                  </supply>
               </sourceOf>
            </act>
         </entry>
         <entry typeCode="DRIV">
            <act classCode="ACT" moodCode="EVN" isCriterionInd="true"><!-- medication order pattern -->
               <templateId root="2.16.840.1.113883.3.560.1.17"/>
               <id root="BEFB1367-6E78-4646-8235-47530F782CA9"/>
               <code code="10160-0" displayName="Medications" codeSystem="2.16.840.1.113883.6.1"/>
               <sourceOf typeCode="COMP">
                  <substanceAdministration classCode="SBADM" moodCode="RQO" isCriterionInd="true">
                     <title>Medication order: Medications indicative of diabetes</title>
                     <participant typeCode="CSM">
                        <roleParticipant classCode="MANU">
                           <playingMaterial classCode="MMAT" determinerCode="KIND">
                              <code code="2.16.840.1.113883.3.464.0001.94" displayName="Medications indicative of diabetes Code List GROUPING"/>
                           </playingMaterial>
                        </roleParticipant>
                     </participant>
                  </substanceAdministration>
               </sourceOf>
            </act>
         </entry>
         <entry typeCode="DRIV">
            <act classCode="ACT" moodCode="EVN" isCriterionInd="true"><!-- diagnosis active pattern -->
               <templateId root="2.16.840.1.113883.3.560.1.2"/>
               <id root="06EE1B39-D6DE-4937-932E-28B973BCF886"/>
               <code code="11450-4" displayName="Problem" codeSystem="2.16.840.1.113883.6.1"/>
               <sourceOf typeCode="COMP">
                  <observation classCode="OBS" moodCode="EVN" isCriterionInd="true">
                     <code code="55607006" codeSystem="2.16.840.1.113883.6.96" displayName="Problem"/>
                     <title>Diagnosis active: polycystic ovaries</title>
                     <value xsi:type="CD" code="2.16.840.1.113883.3.464.0001.98" displayName="polycystic ovaries Code List GROUPING"/>
                     <sourceOf typeCode="REFR">
                        <observation classCode="OBS" moodCode="EVN" isCriterionInd="true">
                           <code code="33999-4" codeSystem="2.16.840.1.113883.6.1" displayName="Status"/>
                           <value xsi:type="CD" code="55561003" displayName="active" codeSystem="2.16.840.1.113883.6.96"/>
                        </observation>
                     </sourceOf>
                  </observation>
               </sourceOf>
            </act>
         </entry>
         <entry typeCode="DRIV">
            <act classCode="ACT" moodCode="EVN" isCriterionInd="true"><!-- diagnosis active pattern -->
               <templateId root="2.16.840.1.113883.3.560.1.2"/>
               <id root="2254080C-EDB6-4CDA-B0AF-41A278967129"/>
               <code code="11450-4" displayName="Problem" codeSystem="2.16.840.1.113883.6.1"/>
               <sourceOf typeCode="COMP">
                  <observation classCode="OBS" moodCode="EVN" isCriterionInd="true">
                     <code code="55607006" codeSystem="2.16.840.1.113883.6.96" displayName="Problem"/>
                     <title>Diagnosis active: steroid induced diabetes</title>
                     <value xsi:type="CD" code="2.16.840.1.113883.3.464.0001.113" displayName="steroid induced diabetes Code List GROUPING"/>
                     <sourceOf typeCode="REFR">
                        <observation classCode="OBS" moodCode="EVN" isCriterionInd="true">
                           <code code="33999-4" codeSystem="2.16.840.1.113883.6.1" displayName="Status"/>
                           <value xsi:type="CD" code="55561003" displayName="active" codeSystem="2.16.840.1.113883.6.96"/>
                        </observation>
                     </sourceOf>
                  </observation>
               </sourceOf>
            </act>
         </entry>
         <entry typeCode="DRIV">
            <act classCode="ACT" moodCode="EVN" isCriterionInd="true"><!-- laboratory test result pattern -->
               <templateId root="2.16.840.1.113883.3.560.1.12"/>
               <id root="FDA9CFB8-5807-4BDB-9D54-249DD5540436"/>
               <code code="30954-2" displayName="Results" codeSystem="2.16.840.1.113883.6.1"/>
               <sourceOf typeCode="COMP">
                  <observation classCode="OBS" moodCode="EVN" isCriterionInd="true">
                     <code code="2.16.840.1.113883.3.464.0001.72" displayName="HbA1c test Code List GROUPING"/>
                     <title>Laboratory test result: HbA1c test</title>
                     <statusCode code="completed"/>
                  </observation>
               </sourceOf>
            </act>
         </entry>
      </section>
   </component>
   <component typeCode="COMP">
      <section>
         <title>Summary Calculation</title>
         <text>
            <content>Calculation is generic to all measures:</content>
            <list>
               <item>Calculate the final denominator by adding all that meet denominator criteria.</item>
               <item>Subtract from the final denominator all that do not meet numerator criteria yet also meet exclusion criteria.  Note some measures do not have exclusion criteria.</item>
               <item>The performance calculation is based on the "Measure scoring" from header information above:
					        	<list>
                     <item>For "Proportion" measures, the calculation is the number meeting numerator criteria divided by the final denominator.</item>
                     <item>For "Ratio" and "Continuous Variable" measures, follow the calculation instructions in the Data Aggregation header information above, if present.</item>
                  </list>
               </item>
               <item>For measures with multiple denominators, repeat this process for each denominator and report each result separately.</item>
               <item>For measures with multiple patient populations, repeat this process for each patient population and report each result separately.</item>
               <item>For measures with multiple numerators, calculate each numerator separately within each population using the paired exclusion.</item>
            </list>
         </text>
      </section>
   </component>
</QualityMeasureDocument>